circuit,path,n_qubits,n_ops_submitted,n_instructions_prepared,status,build_ms,edges_data,edges_control,edges_entanglement,causal_slice_ms,peak_rss_mb
qft_2,veriqbench/combinational/qft/qft_2.qasm,2,2,3,completed,0.193,2,0,1,0.72,71.0
dqc_qft_2,veriqbench/dynamic/qft/dqc_qft_2.qasm,2,2,4,completed,0.224,2,1,0,0.737,71.2
dqc_state_injection_S,veriqbench/dynamic/dqc_state_injection_S.qasm,2,3,5,completed,0.369,4,1,3,0.969,71.6
dqc_state_injection_T,veriqbench/dynamic/dqc_state_injection_T.qasm,2,3,5,completed,0.277,4,1,3,0.817,71.1
deutsch_n2,qasmbench/small/deutsch_n2.qasm,2,5,5,completed,0.169,4,0,5,0.565,70.8
bv_2,veriqbench/combinational/bv/bv_2.qasm,2,6,6,completed,0.297,5,0,7,0.738,70.4
deutsch_n2_transpiled,QASMBench-master/QASMBench-master/small/deutsch_n2/deutsch_n2_transpiled.qasm,2,7,10,completed,0.244,9,0,24,1.189,71.6
ipea_n2,qasmbench/small/ipea_n2.qasm,2,8,40,completed,2.037,42,28,458,7.152,72.2
iswap_n2,qasmbench/small/iswap_n2.qasm,2,9,9,completed,0.378,9,0,18,1.165,71.4
rand_cliff_2_GD,veriqbench/combinational/rand_cliff/rand_cliff_2_GD.qasm,2,9,9,completed,0.441,9,0,21,1.202,71.1
iswap_n2_transpiled,QASMBench-master/QASMBench-master/small/iswap_n2/iswap_n2_transpiled.qasm,2,10,14,completed,0.539,14,0,50,1.815,71.7
quantumwalks_n2,qasmbench/small/quantumwalks_n2.qasm,2,11,11,completed,0.451,12,0,31,1.376,71.4
grover_n2_transpiled,QASMBench-master/QASMBench-master/small/grover_n2/grover_n2_transpiled.qasm,2,11,15,completed,0.454,15,0,56,1.962,71.5
rand_cliff_2_AG,veriqbench/combinational/rand_cliff/rand_cliff_2_AG.qasm,2,11,11,completed,0.463,11,0,32,0.941,71.1
grover_n2,qasmbench/small/grover_n2.qasm,2,16,16,completed,0.375,16,0,66,1.154,70.9
quantumwalks_n2_transpiled,QASMBench-master/QASMBench-master/small/quantumwalks_n2/quantumwalks_n2_transpiled.qasm,2,23,38,completed,1.13,39,0,402,3.295,71.2
quantum_volume_n2_d5_i0,veriqbench/combinational/qv/quantum_volume_n2_d5_i0.qasm,2,50,50,completed,2.024,63,0,879,6.669,72.1
ipea_n2_transpiled,QASMBench-master/QASMBench-master/small/ipea_n2/ipea_n2_transpiled.qasm,2,76,101,completed,7.698,129,28,3702,25.129,74.0
dnn_n2_transpiled,QASMBench-master/QASMBench-master/small/dnn_n2/dnn_n2_transpiled.qasm,2,206,306,completed,50.905,346,0,29218,268.312,93.8
dnn_n2,qasmbench/small/dnn_n2.qasm,2,226,226,completed,30.844,266,0,16895,160.503,83.8
ghz_n3,mqtbench/ghz_n3.qasm,3,3,3,completed,0.183,2,0,1,0.765,70.9
grover_n3,mqtbench/grover_n3.qasm,3,3,4,completed,0.181,3,0,0,1.404,70.9
qftentangled_n3,mqtbench/qftentangled_n3.qasm,3,3,4,completed,0.163,4,0,2,0.787,70.6
qft_3,veriqbench/combinational/qft/qft_3.qasm,3,3,6,completed,0.348,6,0,9,0.678,71.4
dqc_qft_3,veriqbench/dynamic/qft/dqc_qft_3.qasm,3,3,8,completed,0.329,5,3,0,0.912,71.4
pe_2,veriqbench/combinational/pe/pe_2.qasm,3,4,7,completed,0.349,7,0,12,1.064,71.8
nth_prime3_inc,veriqbench/combinational/rev_circuit/nth_prime3_inc.qasm,3,4,4,completed,0.17,4,0,2,0.522,71.1
dqc_teleportation,veriqbench/dynamic/dqc_teleportation.qasm,3,4,8,completed,0.296,7,2,17,0.693,71.0
dqc_pe_2,veriqbench/dynamic/pe/dqc_pe_2.qasm,3,4,8,completed,0.382,7,1,16,1.064,71.2
ham3tc,veriqbench/combinational/rev_circuit/ham3tc.qasm,3,5,5,completed,0.254,6,0,4,0.918,71.5
wstate_n3,qasmbench/small/wstate_n3.qasm,3,6,6,completed,0.214,6,0,8,0.864,70.5
bv_n3,mqtbench/bv_n3.qasm,3,6,6,completed,0.279,4,0,2,0.908,71.1
dj_n3,mqtbench/dj_n3.qasm,3,6,7,completed,0.249,6,0,0,1.302,71.0
graphstate_n3,mqtbench/graphstate_n3.qasm,3,6,6,completed,0.341,6,0,9,0.872,70.8
3_17tc,veriqbench/combinational/rev_circuit/3_17tc.qasm,3,6,6,completed,0.209,6,0,9,0.601,70.6
ham3_fc,veriqbench/combinational/rev_circuit/ham3_fc.qasm,3,6,6,completed,0.204,7,0,8,0.812,71.0
teleportation_n3,qasmbench/small/teleportation_n3.qasm,3,8,8,completed,0.321,7,0,14,1.011,71.1
teleportation_n3_transpiled,QASMBench-master/QASMBench-master/small/teleportation_n3/teleportation_n3_transpiled.qasm,3,8,12,completed,0.521,11,0,38,1.52,71.2
wstate_n3,mqtbench/wstate_n3.qasm,3,9,9,completed,0.257,10,0,24,0.756,71.7
bv_3,veriqbench/combinational/bv/bv_3.qasm,3,9,9,completed,0.383,8,0,24,1.226,70.8
rand_cliff_3_GD,veriqbench/combinational/rand_cliff/rand_cliff_3_GD.qasm,3,11,11,completed,0.414,11,0,41,1.449,71.2
qaoa_n3,qasmbench/small/qaoa_n3.qasm,3,15,15,completed,0.697,18,0,78,2.064,71.9
grover_3,veriqbench/combinational/grover/grover_3.qasm,3,16,16,completed,0.376,16,0,52,1.199,70.6
linearsolver_n3_transpiled,QASMBench-master/QASMBench-master/small/linearsolver_n3/linearsolver_n3_transpiled.qasm,3,17,26,completed,1.078,27,0,238,3.523,71.5
rand_cliff_3_AG,veriqbench/combinational/rand_cliff/rand_cliff_3_AG.qasm,3,17,17,completed,0.615,20,0,106,2.208,71.6
toffoli_n3,qasmbench/small/toffoli_n3.qasm,3,18,18,completed,0.738,21,0,111,1.959,70.9
fredkin_n3,qasmbench/small/fredkin_n3.qasm,3,19,19,completed,0.604,24,0,131,1.494,71.2
linearsolver_n3,qasmbench/small/linearsolver_n3.qasm,3,19,19,completed,0.958,20,0,124,2.402,71.6
toffoli_n3_transpiled,QASMBench-master/QASMBench-master/small/toffoli_n3/toffoli_n3_transpiled.qasm,3,19,21,completed,0.986,24,0,147,2.2,71.6
fredkin_n3_transpiled,QASMBench-master/QASMBench-master/small/fredkin_n3/fredkin_n3_transpiled.qasm,3,20,22,completed,0.972,27,0,176,2.423,71.6
qaoa_n3_transpiled,QASMBench-master/QASMBench-master/small/qaoa_n3/qaoa_n3_transpiled.qasm,3,23,32,completed,1.085,35,0,378,3.542,70.7
wstate_n3_transpiled,QASMBench-master/QASMBench-master/small/wstate_n3/wstate_n3_transpiled.qasm,3,28,35,completed,1.686,41,0,463,4.527,71.8
basis_change_n3,qasmbench/small/basis_change_n3.qasm,3,33,33,completed,1.108,40,0,402,3.602,71.3
quantum_volume_n3_d5_i0,veriqbench/combinational/qv/quantum_volume_n3_d5_i0.qasm,3,50,50,completed,2.469,62,0,967,7.248,71.7
basis_change_n3_transpiled,QASMBench-master/QASMBench-master/small/basis_change_n3/basis_change_n3_transpiled.qasm,3,55,85,completed,5.066,92,0,2503,16.999,73.5
cat_state_n4,qasmbench/small/cat_state_n4.qasm,4,4,4,completed,0.265,3,0,3,0.871,71.3
inverseqft_n4,qasmbench/small/inverseqft_n4.qasm,4,4,17,completed,0.573,13,6,0,1.359,71.0
qrng_n4,qasmbench/small/qrng_n4.qasm,4,4,4,completed,0.162,0,0,0,0.733,71.2
ghz_n4,mqtbench/ghz_n4.qasm,4,4,4,completed,0.161,3,0,3,0.541,71.1
grover_n4,mqtbench/grover_n4.qasm,4,4,6,completed,0.252,5,0,0,2.209,71.4
qftentangled_n4,mqtbench/qftentangled_n4.qasm,4,4,5,completed,0.368,6,0,4,1.36,71.4
adder_n4,veriqbench/combinational/adder/adder_n4.qasm,4,4,4,completed,0.233,4,0,2,0.767,71.1
qft_4,veriqbench/combinational/qft/qft_4.qasm,4,4,10,completed,0.508,12,0,33,1.037,71.4
rd32,veriqbench/combinational/rev_circuit/rd32.qasm,4,4,4,completed,1.104,4,0,2,1.376,71.1
dqc_qft_4,veriqbench/dynamic/qft/dqc_qft_4.qasm,4,4,13,completed,0.502,9,6,0,1.178,71.1
cat_state_n4_transpiled,QASMBench-master/QASMBench-master/small/cat_state_n4/cat_state_n4_transpiled.qasm,4,5,6,completed,0.443,5,0,9,1.007,71.0
qft_n4,qasmbench/small/qft_n4.qasm,4,6,12,completed,0.349,14,0,51,1.183,70.9
pe_3,veriqbench/combinational/pe/pe_3.qasm,4,6,12,completed,0.646,14,0,49,2.001,71.5
dqc_pe_3,veriqbench/dynamic/pe/dqc_pe_3.qasm,4,6,14,completed,0.475,13,3,65,1.739,70.6
qrng_n4_transpiled,QASMBench-master/QASMBench-master/small/qrng_n4/qrng_n4_transpiled.qasm,4,8,12,completed,0.314,8,0,0,0.85,71.1
bv_n4,mqtbench/bv_n4.qasm,4,8,8,completed,0.192,5,0,2,0.615,71.4
dj_n4,mqtbench/dj_n4.qasm,4,8,9,completed,0.293,8,0,0,1.242,71.5
graphstate_n4,mqtbench/graphstate_n4.qasm,4,8,8,completed,0.353,8,0,20,0.914,71.2
mspk_nth_primes4_11,veriqbench/combinational/rev_circuit/mspk_nth_primes4_11.qasm,4,9,11,completed,0.607,16,0,39,2.232,71.3
nth_prime4_inc_d2,veriqbench/combinational/rev_circuit/nth_prime4_inc_d2.qasm,4,9,11,completed,0.382,17,0,38,1.68,71.4
nth_prime4_inc_d1,veriqbench/combinational/rev_circuit/nth_prime4_inc_d1.qasm,4,10,12,completed,0.415,16,0,50,1.538,70.9
hwb4-11-21,veriqbench/combinational/rev_circuit/hwb4-11-21.qasm,4,11,11,completed,0.592,18,0,37,1.431,71.1
bv_4,veriqbench/combinational/bv/bv_4.qasm,4,12,12,completed,0.458,11,0,50,1.471,70.9
mspk_4_49_12,veriqbench/combinational/rev_circuit/mspk_4_49_12.qasm,4,12,12,completed,0.382,17,0,48,0.997,70.3
mspk_hwb4_12,veriqbench/combinational/rev_circuit/mspk_hwb4_12.qasm,4,12,12,completed,1.656,19,0,47,1.733,71.5
mspk_nth_primes4_12,veriqbench/combinational/rev_circuit/mspk_nth_primes4_12.qasm,4,12,12,completed,0.543,20,0,46,1.424,71.6
wstate_n4,mqtbench/wstate_n4.qasm,4,13,13,completed,0.542,15,0,60,1.583,71.4
4b15g_2,veriqbench/combinational/rev_circuit/4b15g_2.qasm,4,13,15,completed,0.642,21,0,84,1.656,70.8
4b15g_3,veriqbench/combinational/rev_circuit/4b15g_3.qasm,4,13,15,completed,0.813,21,0,83,2.941,71.3
mspk_4_49_13,veriqbench/combinational/rev_circuit/mspk_4_49_13.qasm,4,13,13,completed,0.605,20,0,58,1.377,71.3
mspk_hwb4_13,veriqbench/combinational/rev_circuit/mspk_hwb4_13.qasm,4,13,13,completed,0.545,20,0,58,1.482,71.0
mspk_nth_primes4_13,veriqbench/combinational/rev_circuit/mspk_nth_primes4_13.qasm,4,13,13,completed,0.473,22,0,56,1.381,70.6
nth_prime4_inc_15_51,veriqbench/combinational/rev_circuit/nth_prime4_inc_15_51.qasm,4,13,15,completed,0.872,23,0,82,3.638,71.3
4_49tc1,veriqbench/combinational/rev_circuit/4_49tc1.qasm,4,14,16,completed,0.69,25,0,95,2.179,71.3
4b15g_1,veriqbench/combinational/rev_circuit/4b15g_1.qasm,4,14,15,completed,0.563,23,0,81,1.785,71.8
4b15g_4,veriqbench/combinational/rev_circuit/4b15g_4.qasm,4,14,15,completed,0.871,19,0,86,1.9,70.4
mspk_4_49_14,veriqbench/combinational/rev_circuit/mspk_4_49_14.qasm,4,14,14,completed,0.564,22,0,69,1.218,71.5
mspk_4b15g_1,veriqbench/combinational/rev_circuit/mspk_4b15g_1.qasm,4,14,15,completed,0.817,26,0,79,2.071,71.2
mspk_4b15g_4,veriqbench/combinational/rev_circuit/mspk_4b15g_4.qasm,4,14,15,completed,0.855,25,0,80,2.187,71.7
mspk_nth_primes4_14,veriqbench/combinational/rev_circuit/mspk_nth_primes4_14.qasm,4,14,14,completed,0.504,23,0,68,1.258,70.6
4b15g_5,veriqbench/combinational/rev_circuit/4b15g_5.qasm,4,15,15,completed,1.057,24,0,81,2.511,71.3
hwb4tc,veriqbench/combinational/rev_circuit/hwb4tc.qasm,4,15,17,completed,0.74,22,0,114,3.046,71.3
mspk_4b15g_2,veriqbench/combinational/rev_circuit/mspk_4b15g_2.qasm,4,15,15,completed,0.802,25,0,80,1.921,71.2
mspk_4b15g_3,veriqbench/combinational/rev_circuit/mspk_4b15g_3.qasm,4,15,15,completed,0.589,22,0,83,1.386,70.6
mspk_4b15g_5,veriqbench/combinational/rev_circuit/mspk_4b15g_5.qasm,4,15,15,completed,0.501,22,0,83,1.731,71.1
inverseqft_n4_transpiled,QASMBench-master/QASMBench-master/small/inverseqft_n4/inverseqft_n4_transpiled.qasm,4,16,33,completed,1.019,29,6,0,2.158,71.5
4_49_fc,veriqbench/combinational/rev_circuit/4_49_fc.qasm,4,19,23,completed,1.893,28,0,225,5.04,71.7
eff_1_4,veriqbench/variational/EfficientSU2/eff_1_4.qasm,4,19,19,completed,0.957,18,0,137,2.899,71.4
eff_2_4,veriqbench/variational/EfficientSU2/eff_2_4.qasm,4,19,19,completed,0.96,18,0,137,2.728,71.4
eff_3_4,veriqbench/variational/EfficientSU2/eff_3_4.qasm,4,19,19,completed,0.616,18,0,137,2.275,72.2
eff_4_4,veriqbench/variational/EfficientSU2/eff_4_4.qasm,4,19,19,completed,0.723,18,0,137,2.574,71.5
eff_5_4,veriqbench/variational/EfficientSU2/eff_5_4.qasm,4,19,19,completed,0.64,18,0,137,1.745,71.5
hs4_n4_transpiled,QASMBench-master/QASMBench-master/small/hs4_n4/hs4_n4_transpiled.qasm,4,20,28,completed,1.077,28,0,92,2.851,71.4
adder_n4,qasmbench/small/adder_n4.qasm,4,23,23,completed,1.386,29,0,209,2.644,72.1
rand_cliff_4_GD,veriqbench/combinational/rand_cliff/rand_cliff_4_GD.qasm,4,23,23,completed,1.452,26,0,202,2.082,71.8
adder_n4_transpiled,QASMBench-master/QASMBench-master/small/adder_n4/adder_n4_transpiled.qasm,4,25,27,completed,1.422,33,0,281,4.396,71.4
rand_cliff_4_AG,veriqbench/combinational/rand_cliff/rand_cliff_4_AG.qasm,4,25,25,completed,1.548,29,0,254,4.906,71.4
hs4_n4,qasmbench/small/hs4_n4.qasm,4,28,28,completed,0.827,28,0,104,1.517,70.9
bell_n4,qasmbench/small/bell_n4.qasm,4,33,33,completed,1.279,36,0,426,3.552,72.0
bell_n4_transpiled,QASMBench-master/QASMBench-master/small/bell_n4/bell_n4_transpiled.qasm,4,36,53,completed,3.144,56,0,1109,7.86,72.2
qft_n4_transpiled,QASMBench-master/QASMBench-master/small/qft_n4/qft_n4_transpiled.qasm,4,40,44,completed,3.147,52,0,788,8.347,71.5
vqe_n4_transpiled,QASMBench-master/QASMBench-master/small/vqe_n4/vqe_n4_transpiled.qasm,4,41,73,completed,4.468,78,0,2118,15.004,73.2
variational_n4_transpiled,QASMBench-master/QASMBench-master/small/variational_n4/variational_n4_transpiled.qasm,4,50,58,completed,4.86,70,0,1329,10.722,73.0
variational_n4,qasmbench/small/variational_n4.qasm,4,54,54,completed,3.465,66,0,1169,7.283,72.4
vqe_n4,qasmbench/small/vqe_n4.qasm,4,57,89,completed,12.679,94,0,3126,38.794,73.4
qcnn_4,veriqbench/variational/QCNN/qcnn_4.qasm,4,66,66,completed,4.063,86,0,1824,12.311,72.3
basis_test_n4,qasmbench/small/basis_test_n4.qasm,4,98,98,completed,10.904,128,0,4078,26.6,74.8
basis_test_n4_transpiled,QASMBench-master/QASMBench-master/small/basis_trotter_n4/basis_test_n4_transpiled.qasm,4,99,113,completed,13.483,143,0,5533,36.067,75.5
quantum_volume_n4_d5_i0,veriqbench/combinational/qv/quantum_volume_n4_d5_i0.qasm,4,100,100,completed,12.454,126,0,4260,36.177,74.1
vqe_uccsd_n4_transpiled,QASMBench-master/QASMBench-master/small/vqe_uccsd_n4/vqe_uccsd_n4_transpiled.qasm,4,200,,error (exit 1),,,,,,
vqe_uccsd_n4,qasmbench/small/vqe_uccsd_n4.qasm,4,220,,error (exit 1),,,,,,
basis_trotter_n4,qasmbench/small/basis_trotter_n4.qasm,4,1506,1506,completed,3073.336,1964,0,976336,9484.342,802.7
basis_trotter_n4_transpiled,QASMBench-master/QASMBench-master/small/basis_trotter_n4/basis_trotter_n4_transpiled.qasm,4,1801,2353,completed,7284.445,2811,0,2317267,25336.843,1763.4
qec_sm_n5,qasmbench/small/qec_sm_n5.qasm,5,1,7,completed,0.287,6,6,0,0.955,71.0
5QBT_4CYC_4GN_1.0P2_0,veriqbench/combinational/qubit_mapping/Ourense/5QBT_4CYC_4GN_1.0P2_0.qasm,5,4,4,completed,0.175,3,0,3,0.547,71.3
mod_4mod5-n5-gc4-qc13,veriqbench/combinational/rev_circuit/mod_4mod5-n5-gc4-qc13.qasm,5,4,4,completed,0.179,4,0,2,0.576,70.6
qec_sm_n5_transpiled,QASMBench-master/QASMBench-master/small/qec_sm_n5/qec_sm_n5_transpiled.qasm,5,5,10,completed,0.396,9,6,29,1.006,71.6
ghz_n5,mqtbench/ghz_n5.qasm,5,5,5,completed,0.21,4,0,6,0.686,70.7
grover_n5,mqtbench/grover_n5.qasm,5,5,8,completed,0.204,7,0,0,4.557,70.7
qftentangled_n5,mqtbench/qftentangled_n5.qasm,5,5,6,completed,0.489,8,0,7,1.313,71.0
qft_5,veriqbench/combinational/qft/qft_5.qasm,5,5,15,completed,0.488,20,0,85,1.672,71.4
mod5d4,veriqbench/combinational/rev_circuit/mod5d4.qasm,5,5,5,completed,0.197,5,0,5,0.54,71.3
dqc_qft_5,veriqbench/dynamic/qft/dqc_qft_5.qasm,5,5,19,completed,0.486,14,10,0,1.157,70.7
pea_n5,qasmbench/small/pea_n5.qasm,5,8,29,completed,1.713,34,0,368,7.426,71.9
pe_4,veriqbench/combinational/pe/pe_4.qasm,5,8,18,completed,0.912,23,0,126,2.113,71.3
5QBT_8CYC_8GN_1.0P2_0,veriqbench/combinational/qubit_mapping/Ourense/5QBT_8CYC_8GN_1.0P2_0.qasm,5,8,8,completed,0.48,7,0,21,0.983,71.8
mod5d1,veriqbench/combinational/rev_circuit/mod5d1.qasm,5,8,8,completed,0.299,11,0,17,0.721,71.7
dqc_pe_4,veriqbench/dynamic/pe/dqc_pe_4.qasm,5,8,21,completed,0.985,20,6,164,1.771,71.5
mod5d2,veriqbench/combinational/rev_circuit/mod5d2.qasm,5,9,9,completed,0.285,11,0,25,0.745,71.4
dj_n5,mqtbench/dj_n5.qasm,5,10,11,completed,0.24,10,0,0,0.995,71.0
graphstate_n5,mqtbench/graphstate_n5.qasm,5,10,10,completed,0.406,10,0,35,1.145,71.1
lpn_n5,qasmbench/small/lpn_n5.qasm,5,11,11,completed,0.831,8,0,13,2.132,70.8
bv_n5,mqtbench/bv_n5.qasm,5,11,11,completed,0.424,8,0,13,1.196,71.1
lpn_n5_transpiled,QASMBench-master/QASMBench-master/small/lpn_n5/lpn_n5_transpiled.qasm,5,12,17,completed,0.431,16,0,97,1.367,71.3
shor_n5,qasmbench/small/shor_n5.qasm,5,13,24,completed,0.886,28,7,168,2.095,71.6
bv_5,veriqbench/combinational/bv/bv_5.qasm,5,15,15,completed,0.649,14,0,85,2.89,71.2
5QBT_16CYC_16GN_1.0P2_0,veriqbench/combinational/qubit_mapping/Ourense/5QBT_16CYC_16GN_1.0P2_0.qasm,5,16,16,completed,1.203,16,0,104,2.449,71.7
wstate_n5,mqtbench/wstate_n5.qasm,5,17,17,completed,0.575,20,0,112,1.6,71.6
hwb5-24-102,veriqbench/combinational/rev_circuit/hwb5-24-102.qasm,5,19,24,completed,1.355,42,0,233,4.177,72.0
nth_prime5_inc_25_103,veriqbench/combinational/rev_circuit/nth_prime5_inc_25_103.qasm,5,21,25,completed,2.234,43,0,256,5.923,72.1
grover_5,veriqbench/combinational/grover/grover_5.qasm,5,23,23,completed,0.56,25,0,0,1.455,71.5
qec_en_n5,qasmbench/small/qec_en_n5.qasm,5,25,25,completed,1.142,30,0,248,3.413,71.8
nth_prime5_inc-28-96,veriqbench/combinational/rev_circuit/nth_prime5_inc-28-96.qasm,5,27,28,completed,2.236,55,0,322,4.913,71.7
nth_prime5_inc_29_91,veriqbench/combinational/rev_circuit/nth_prime5_inc_29_91.qasm,5,28,29,completed,1.726,55,0,350,3.916,71.0
hwb5_31_91,veriqbench/combinational/rev_circuit/hwb5_31_91.qasm,5,29,31,completed,1.666,53,0,411,5.3,72.0
5QBT_32CYC_32GN_1.0P2_0,veriqbench/combinational/qubit_mapping/Ourense/5QBT_32CYC_32GN_1.0P2_0.qasm,5,32,32,completed,2.379,34,0,462,5.03,71.9
hwb5-33-71,veriqbench/combinational/rev_circuit/hwb5-33-71.qasm,5,33,33,completed,8.053,60,0,467,57.465,71.5
qec_en_n5_transpiled,QASMBench-master/QASMBench-master/small/qec_en_n5/qec_en_n5_transpiled.qasm,5,34,46,completed,3.209,51,0,882,13.543,71.9
mspk_nth_prime5_inc_29_91_opt_36_80,veriqbench/combinational/rev_circuit/mspk_nth_prime5_inc_29_91_opt_36_80.qasm,5,35,36,completed,3.28,62,0,567,8.833,72.4
rand_cliff_5_GD,veriqbench/combinational/rand_cliff/rand_cliff_5_GD.qasm,5,36,36,completed,1.889,43,0,536,5.171,72.0
mspk_hwb5_31_91_opt_38_80,veriqbench/combinational/rev_circuit/mspk_hwb5_31_91_opt_38_80.qasm,5,36,38,completed,3.779,65,0,637,9.038,71.8
quantum_volume_n5_d2_i0,veriqbench/combinational/qv/quantum_volume_n5_d2_i0.qasm,5,40,40,completed,2.107,47,0,663,5.711,71.8
rand_cliff_5_AG,veriqbench/combinational/rand_cliff/rand_cliff_5_AG.qasm,5,42,42,completed,3.553,58,0,778,8.956,71.6
hwb5tc,veriqbench/combinational/rev_circuit/hwb5tc.qasm,5,42,,error (exit 1),,,,,,
quantum_volume_n5_d3_i0,veriqbench/combinational/qv/quantum_volume_n5_d3_i0.qasm,5,60,60,completed,4.295,73,0,1528,14.783,73.0
5QBT_64CYC_64GN_1.0P2_0,veriqbench/combinational/qubit_mapping/Ourense/5QBT_64CYC_64GN_1.0P2_0.qasm,5,64,64,completed,4.681,87,0,1929,13.025,72.8
shor_n5_transpiled,QASMBench-master/QASMBench-master/small/shor_n5/shor_n5_transpiled.qasm,5,69,87,completed,7.759,112,7,3249,20.545,73.9
quantum_volume_n5_d4_i0,veriqbench/combinational/qv/quantum_volume_n5_d4_i0.qasm,5,80,80,completed,8.097,99,0,2767,27.116,73.5
pea_n5_transpiled,QASMBench-master/QASMBench-master/small/pea_n5/pea_n5_transpiled.qasm,5,100,108,completed,17.724,145,0,5067,60.827,75.2
quantum_volume_n5_d5_i0,veriqbench/combinational/qv/quantum_volume_n5_d5_i0.qasm,5,100,100,completed,17.27,125,0,4360,51.349,74.6
error_correctiond3_n5,qasmbench/small/error_correctiond3_n5.qasm,5,114,114,completed,16.318,158,0,5714,71.783,75.8
error_correctiond3_n5_transpiled,QASMBench-master/QASMBench-master/small/error_correctiond3_n5/error_correctiond3_n5_transpiled.qasm,5,175,237,completed,76.887,281,0,22886,260.031,89.6
permanent2x2-gc3-qc39,veriqbench/combinational/rev_circuit/permanent2x2-gc3-qc39.qasm,6,2,,error (exit 1),,,,,,
2of5d6-n6-gc10-qc118,veriqbench/combinational/rev_circuit/2of5d6-n6-gc10-qc118.qasm,6,4,,error (exit 1),,,,,,
2of5d7-n6-gc9-qc268,veriqbench/combinational/rev_circuit/2of5d7-n6-gc9-qc268.qasm,6,4,9,completed,0.665,11,0,25,5.442,71.5
qft_6,veriqbench/combinational/qft/qft_6.qasm,6,6,21,completed,0.808,30,0,180,1.926,71.3
dqc_bitflip_code,veriqbench/dynamic/dqc_bitflip_code.qasm,6,6,12,completed,0.584,12,9,45,1.104,71.4
dqc_qft_6,veriqbench/dynamic/qft/dqc_qft_6.qasm,6,6,26,completed,0.777,20,15,0,1.16,71.1
5mod5_fc,veriqbench/combinational/rev_circuit/5mod5_fc.qasm,6,8,10,completed,0.772,15,0,30,2.829,72.1
pe_5,veriqbench/combinational/pe/pe_5.qasm,6,10,25,completed,1.126,34,0,261,2.911,72.1
dqc_pe_5,veriqbench/dynamic/pe/dqc_pe_5.qasm,6,10,29,completed,1.563,28,10,333,3.874,71.4
2of5d1,veriqbench/combinational/rev_circuit/2of5d1.qasm,6,12,,error (exit 1),,,,,,
5mod5tc,veriqbench/combinational/rev_circuit/5mod5tc.qasm,6,12,,error (exit 1),,,,,,
dqc_phaseflip_code,veriqbench/dynamic/dqc_phaseflip_code.qasm,6,12,18,completed,0.946,18,9,120,1.699,71.4
2of5d3,veriqbench/combinational/rev_circuit/2of5d3.qasm,6,13,17,completed,0.868,31,0,105,2.84,71.5
simon_n6,qasmbench/small/simon_n6.qasm,6,16,16,completed,0.825,17,0,16,1.715,70.9
mod5adders,veriqbench/combinational/rev_circuit/mod5adders.qasm,6,17,,error (exit 1),,,,,,
bv_6,veriqbench/combinational/bv/bv_6.qasm,6,18,18,completed,0.625,17,0,129,2.159,71.2
nth_prime6_inc_55_667,veriqbench/combinational/rev_circuit/nth_prime6_inc_55_667.qasm,6,31,,error (exit 1),,,,,,
hwb6_47_107,veriqbench/combinational/rev_circuit/hwb6_47_107.qasm,6,46,47,completed,3.408,80,0,997,8.565,71.9
nth_prime6_inc-57-485,veriqbench/combinational/rev_circuit/nth_prime6_inc-57-485.qasm,6,47,,error (exit 1),,,,,,
simon_n6_transpiled,QASMBench-master/QASMBench-master/small/simon_n6/simon_n6_transpiled.qasm,6,48,56,completed,5.62,65,0,1276,23.254,72.2
rand_cliff_6_GD,veriqbench/combinational/rand_cliff/rand_cliff_6_GD.qasm,6,51,51,completed,5.967,67,0,1129,18.288,72.2
rand_cliff_6_AG,veriqbench/combinational/rand_cliff/rand_cliff_6_AG.qasm,6,53,53,completed,5.498,73,0,1272,15.416,72.0
hwb6tc,veriqbench/combinational/rev_circuit/hwb6tc.qasm,6,66,,error (exit 1),,,,,,
qaoa_6,veriqbench/variational/QAOA/qaoa_6.qasm,6,89,110,completed,11.345,125,0,5281,33.699,75.1
quantum_volume_n6_d5_i0,veriqbench/combinational/qv/quantum_volume_n6_d5_i0.qasm,6,150,150,completed,20.198,189,0,10141,64.312,79.1
hf_6_0_5,veriqbench/variational/HFVQE/hf_6_0_5.qasm,6,155,155,completed,25.818,213,0,10902,118.708,80.0
hf_6_0_9,veriqbench/variational/HFVQE/hf_6_0_9.qasm,6,155,155,completed,28.101,213,0,10902,117.6,79.3
hf_6_1_3,veriqbench/variational/HFVQE/hf_6_1_3.qasm,6,155,155,completed,31.768,213,0,10902,112.468,80.0
hf_6_1_7,veriqbench/variational/HFVQE/hf_6_1_7.qasm,6,155,155,completed,22.268,213,0,10902,75.374,79.7
hf_6_2_1,veriqbench/variational/HFVQE/hf_6_2_1.qasm,6,155,155,completed,27.336,213,0,10902,70.836,79.7
hf_6_2_5,veriqbench/variational/HFVQE/hf_6_2_5.qasm,6,155,155,completed,25.961,213,0,10902,70.461,79.9
qaoa_n6_transpiled,QASMBench-master/QASMBench-master/small/qaoa_n6/qaoa_n6_transpiled.qasm,6,254,378,completed,142.069,426,0,62471,515.401,117.7
qaoa_n6,qasmbench/small/qaoa_n6.qasm,6,270,270,completed,61.04,318,0,32326,262.201,96.0
vqe_uccsd_n6_transpiled,QASMBench-master/QASMBench-master/small/vqe_uccsd_n6/vqe_uccsd_n6_transpiled.qasm,6,1826,,error (exit 1),,,,,,
vqe_uccsd_n6,qasmbench/small/vqe_uccsd_n6.qasm,6,2282,,error (exit 1),,,,,,
symmetric_6-n7-gc15-qc825,veriqbench/combinational/rev_circuit/symmetric_6-n7-gc15-qc825.qasm,7,1,,error (exit 1),,,,,,
symmetric_6-n7-gc14-qc1308,veriqbench/combinational/rev_circuit/symmetric_6-n7-gc14-qc1308.qasm,7,2,,error (exit 1),,,,,,
qft_7,veriqbench/combinational/qft/qft_7.qasm,7,7,28,completed,1.267,42,0,336,3.283,71.6
dqc_qft_7,veriqbench/dynamic/qft/dqc_qft_7.qasm,7,7,34,completed,1.392,27,21,0,2.417,70.8
adder_n7,veriqbench/combinational/adder/adder_n7.qasm,7,8,8,completed,0.265,9,0,11,0.67,71.2
rd53d1-n7-gc11-qc96,veriqbench/combinational/rev_circuit/rd53d1-n7-gc11-qc96.qasm,7,8,,error (exit 1),,,,,,
rd53d1,veriqbench/combinational/rev_circuit/rd53d1.qasm,7,8,,error (exit 1),,,,,,
rd53d1-n7-gc12-qc82,veriqbench/combinational/rev_circuit/rd53d1-n7-gc12-qc82.qasm,7,9,,error (exit 1),,,,,,
rd53d1-n7-gc12-qc95,veriqbench/combinational/rev_circuit/rd53d1-n7-gc12-qc95.qasm,7,9,,error (exit 1),,,,,,
2of5d5-n7-gc11-qc32,veriqbench/combinational/rev_circuit/2of5d5-n7-gc11-qc32.qasm,7,11,11,completed,0.4,14,0,37,0.953,71.6
pe_6,veriqbench/combinational/pe/pe_6.qasm,7,12,33,completed,1.471,47,0,475,4.157,71.6
2of5d2,veriqbench/combinational/rev_circuit/2of5d2.qasm,7,12,12,completed,0.646,17,0,45,1.637,70.5
2of5d4-n7-gc12-qc31,veriqbench/combinational/rev_circuit/2of5d4-n7-gc12-qc31.qasm,7,12,12,completed,0.402,15,0,39,1.032,71.9
dqc_pe_6,veriqbench/dynamic/pe/dqc_pe_6.qasm,7,12,38,completed,1.878,37,15,595,4.589,72.3
rd53d1mils,veriqbench/combinational/rev_circuit/rd53d1mils.qasm,7,14,,error (exit 1),,,,,,
ham7tc,veriqbench/combinational/rev_circuit/ham7tc.qasm,7,19,23,completed,1.509,34,0,219,3.435,71.5
bv_7,veriqbench/combinational/bv/bv_7.qasm,7,21,21,completed,1.109,20,0,182,2.809,70.9
rd53rcmg,veriqbench/combinational/rev_circuit/rd53rcmg.qasm,7,21,,error (exit 1),,,,,,
rd53d15,veriqbench/combinational/rev_circuit/rd53d15.qasm,7,25,,error (exit 1),,,,,,
grover_7,veriqbench/combinational/grover/grover_7.qasm,7,32,32,completed,0.89,38,0,0,2.538,71.2
symmetric_6-n7-gc41-qc206,veriqbench/combinational/rev_circuit/symmetric_6-n7-gc41-qc206.qasm,7,35,,error (exit 1),,,,,,
sat_n7,qasmbench/small/sat_n7.qasm,7,40,40,completed,0.57,52,0,0,1.45,70.9
rand_cliff_7_GD,veriqbench/combinational/rand_cliff/rand_cliff_7_GD.qasm,7,63,63,completed,4.566,82,0,1775,13.891,72.4
rand_cliff_7_AG,veriqbench/combinational/rand_cliff/rand_cliff_7_AG.qasm,7,83,83,completed,7.444,126,0,3226,24.004,73.1
hwb7tc,veriqbench/combinational/rev_circuit/hwb7tc.qasm,7,105,,error (exit 1),,,,,,
hwb7_fc,veriqbench/combinational/rev_circuit/hwb7_fc.qasm,7,114,,error (exit 1),,,,,,
quantum_volume_n7_d5_i0,veriqbench/combinational/qv/quantum_volume_n7_d5_i0.qasm,7,150,150,completed,20.028,188,0,10246,65.973,79.7
hwb7-331-2609a,veriqbench/combinational/rev_circuit/hwb7-331-2609a.qasm,7,251,,error (exit 1),,,,,,
nth_prime07_inc-n7-gc440-qc10989,veriqbench/combinational/rev_circuit/nth_prime07_inc-n7-gc440-qc10989.qasm,7,330,,error (exit 1),,,,,,
nth_prime07_inc-n7-gc489-qc10898,veriqbench/combinational/rev_circuit/nth_prime07_inc-n7-gc489-qc10898.qasm,7,379,,error (exit 1),,,,,,
hwb07-n7-gc612-qc1737,veriqbench/combinational/rev_circuit/hwb07-n7-gc612-qc1737.qasm,7,571,,error (exit 1),,,,,,
hhl_n7_transpiled,QASMBench-master/QASMBench-master/small/hhl_n7/hhl_n7_transpiled.qasm,7,658,990,completed,1429.272,1179,0,353818,2977.941,353.5
hhl_n7,qasmbench/small/hhl_n7.qasm,7,689,689,completed,748.172,878,0,184420,1603.435,214.7
nth_prime07_inc-n7-gc839-qc2284,veriqbench/combinational/rev_circuit/nth_prime07_inc-n7-gc839-qc2284.qasm,7,769,,error (exit 1),,,,,,
nth_prime7_inc_1427_3172,veriqbench/combinational/rev_circuit/nth_prime7_inc_1427_3172.qasm,7,1394,1427,completed,3898.356,2883,0,1014427,11856.228,836.0
ghz_n8,mqtbench/ghz_n8.qasm,8,8,8,completed,0.306,7,0,21,0.778,70.8
grover_n8,mqtbench/grover_n8.qasm,8,8,16,completed,0.356,15,0,0,34.127,72.7
qftentangled_n8,mqtbench/qftentangled_n8.qasm,8,8,9,completed,0.353,14,0,22,1.627,70.8
qft_8,veriqbench/combinational/qft/qft_8.qasm,8,8,36,completed,2.182,56,0,574,4.985,71.5
dqc_qft_8,veriqbench/dynamic/qft/dqc_qft_8.qasm,8,8,43,completed,1.752,35,28,0,3.028,71.6
rd53d2,veriqbench/combinational/rev_circuit/rd53d2.qasm,8,12,12,completed,0.383,17,0,49,1.111,70.7
pe_7,veriqbench/combinational/pe/pe_7.qasm,8,14,42,completed,2.578,62,0,792,7.974,71.9
dqc_pe_7,veriqbench/dynamic/pe/dqc_pe_7.qasm,8,14,48,completed,3.578,47,21,976,6.9,72.4
dj_n8,mqtbench/dj_n8.qasm,8,16,17,completed,0.341,16,0,0,1.883,70.9
graphstate_n8,mqtbench/graphstate_n8.qasm,8,16,16,completed,0.842,16,0,104,1.968,71.5
bb84_n8_transpiled,QASMBench-master/QASMBench-master/small/bb84_n8/bb84_n8_transpiled.qasm,8,17,31,completed,0.457,23,0,0,1.184,71.4
bv_n8,mqtbench/bv_n8.qasm,8,18,18,completed,0.399,13,0,33,1.226,71.6
bv_8,veriqbench/combinational/bv/bv_8.qasm,8,24,24,completed,1.52,23,0,244,5.182,71.7
bb84_n8,qasmbench/small/bb84_n8.qasm,8,27,35,completed,0.505,27,0,0,1.367,71.3
wstate_n8,mqtbench/wstate_n8.qasm,8,29,29,completed,2.487,35,0,364,5.578,71.6
hwb5ps,veriqbench/combinational/rev_circuit/hwb5ps.qasm,8,45,47,completed,3.283,67,0,1014,7.703,72.5
rand_cliff_8_GD,veriqbench/combinational/rand_cliff/rand_cliff_8_GD.qasm,8,91,91,completed,12.195,115,0,3781,38.363,74.2
rand_cliff_8_AG,veriqbench/combinational/rand_cliff/rand_cliff_8_AG.qasm,8,108,108,completed,16.729,164,0,5538,47.62,75.3
qcnn_8,veriqbench/variational/QCNN/qcnn_8.qasm,8,154,154,completed,38.633,202,0,10844,154.15,80.1
quantum_volume_n8_d5_i0,veriqbench/combinational/qv/quantum_volume_n8_d5_i0.qasm,8,200,200,completed,53.917,252,0,18522,206.646,85.8
hf_8_0_5,veriqbench/variational/HFVQE/hf_8_0_5.qasm,8,308,308,completed,221.535,428,0,44242,681.308,106.4
hf_8_0_9,veriqbench/variational/HFVQE/hf_8_0_9.qasm,8,308,308,completed,160.372,428,0,44242,482.322,105.7
hf_8_1_3,veriqbench/variational/HFVQE/hf_8_1_3.qasm,8,308,308,completed,152.82,428,0,44242,420.322,106.4
hf_8_1_7,veriqbench/variational/HFVQE/hf_8_1_7.qasm,8,308,308,completed,121.464,428,0,44242,426.677,107.2
hf_8_2_1,veriqbench/variational/HFVQE/hf_8_2_1.qasm,8,308,308,completed,134.46,428,0,44242,380.651,105.5
hf_8_2_5,veriqbench/variational/HFVQE/hf_8_2_5.qasm,8,308,308,completed,125.65,428,0,44242,515.472,105.9
nth_prime08_inc-n8-gc986-qc10227,veriqbench/combinational/rev_circuit/nth_prime08_inc-n8-gc986-qc10227.qasm,8,776,,error (exit 1),,,,,,
dnn_n8_transpiled,QASMBench-master/QASMBench-master/small/dnn_n8/dnn_n8_transpiled.qasm,8,952,1416,completed,3745.166,1600,0,908092,8207.334,775.9
dnn_n8,qasmbench/small/dnn_n8.qasm,8,1008,1008,completed,1961.367,1192,0,465616,4454.394,435.8
nth_prime08_inc-n8-gc1692-qc6339,veriqbench/combinational/rev_circuit/nth_prime08_inc-n8-gc1692-qc6339.qasm,8,1507,,error (exit 1),,,,,,
hwb08-n8-gc1604-qc4862,veriqbench/combinational/rev_circuit/hwb08-n8-gc1604-qc4862.qasm,8,1518,1604,completed,5540.447,3328,0,1282044,12502.876,999.7
hwb8_2710_6940,veriqbench/combinational/rev_circuit/hwb8_2710_6940.qasm,8,2616,,error (exit 1),,,,,,
nth_prime8_inc_3346_7618,veriqbench/combinational/rev_circuit/nth_prime8_inc_3346_7618.qasm,8,3280,,error (exit 1),,,,,,
qft_9,veriqbench/combinational/qft/qft_9.qasm,9,9,45,completed,2.532,72,0,918,7.353,71.6
dqc_qft_9,veriqbench/dynamic/qft/dqc_qft_9.qasm,9,9,53,completed,1.275,44,36,0,1.918,71.6
gf2^3mult_11_47,veriqbench/combinational/rev_circuit/gf2^3mult_11_47.qasm,9,11,11,completed,0.33,22,0,28,0.87,70.7
pe_8,veriqbench/combinational/pe/pe_8.qasm,9,16,52,completed,3.3,79,0,1239,10.213,71.3
dqc_pe_8,veriqbench/dynamic/pe/dqc_pe_8.qasm,9,16,59,completed,5.449,58,28,1505,10.653,71.9
qpe_n9,qasmbench/small/qpe_n9.qasm,9,18,33,completed,1.374,43,0,363,3.468,71.9
bv_9,veriqbench/combinational/bv/bv_9.qasm,9,27,27,completed,1.102,26,0,315,3.274,71.3
grover_9,veriqbench/combinational/grover/grover_9.qasm,9,41,41,completed,0.924,51,0,0,1.83,71.2
hwb6ps,veriqbench/combinational/rev_circuit/hwb6ps.qasm,9,50,53,completed,3.613,81,0,1297,8.819,71.5
rand_cliff_9_GD,veriqbench/combinational/rand_cliff/rand_cliff_9_GD.qasm,9,100,100,completed,11.083,130,0,4592,31.989,73.8
rand_cliff_9_AG,veriqbench/combinational/rand_cliff/rand_cliff_9_AG.qasm,9,107,107,completed,12.889,164,0,5446,33.312,75.3
qpe_n9_transpiled,QASMBench-master/QASMBench-master/small/qpe_n9/qpe_n9_transpiled.qasm,9,135,153,completed,21.474,187,0,10790,70.351,79.6
rd73d2-n9-gc296-qc43421,veriqbench/combinational/rev_circuit/rd73d2-n9-gc296-qc43421.qasm,9,189,,error (exit 1),,,,,,
quantum_volume_n9_d5_i0,veriqbench/combinational/qv/quantum_volume_n9_d5_i0.qasm,9,200,200,completed,42.018,251,0,18633,165.511,85.1
hwb9-1541,veriqbench/combinational/rev_circuit/hwb9-1541.qasm,9,290,,error (exit 1),,,,,,
rd73d2-n9-gc835-qc4069,veriqbench/combinational/rev_circuit/rd73d2-n9-gc835-qc4069.qasm,9,727,,error (exit 1),,,,,,
hwb9-1959-20378a,veriqbench/combinational/rev_circuit/hwb9-1959-20378a.qasm,9,1529,,error (exit 1),,,,,,
hwb09-n9-gc4014-qc12293,veriqbench/combinational/rev_circuit/hwb09-n9-gc4014-qc12293.qasm,9,3655,,error (exit 1),,,,,,
symmetric_9-n10-gc74-qc31819,veriqbench/combinational/rev_circuit/symmetric_9-n10-gc74-qc31819.qasm,10,1,,error (exit 1),,,,,,
adder_n10,qasmbench/small/adder_n10.qasm,10,2,14,completed,0.305,17,0,0,1.586,71.6
symmetric_9-n10-gc73-qc61928,veriqbench/combinational/rev_circuit/symmetric_9-n10-gc73-qc61928.qasm,10,2,,error (exit 1),,,,,,
ghz_n10,mqtbench/ghz_n10.qasm,10,10,10,completed,0.529,9,0,36,1.025,71.3
grover_n10,mqtbench/grover_n10.qasm,10,10,,not completed (memory limit),,,,,,4112.5
qftentangled_n10,mqtbench/qftentangled_n10.qasm,10,10,70,completed,8.486,119,0,2295,15.651,73.8
qft_10,veriqbench/combinational/qft/qft_10.qasm,10,10,55,completed,4.155,90,0,1395,10.66,72.1
dqc_qft_10,veriqbench/dynamic/qft/dqc_qft_10.qasm,10,10,64,completed,1.492,54,45,0,2.302,71.8
adder_n10,veriqbench/combinational/adder/adder_n10.qasm,10,12,12,completed,0.49,14,0,20,1.244,71.1
pe_9,veriqbench/combinational/pe/pe_9.qasm,10,18,63,completed,5.192,98,0,1846,18.115,72.9
dqc_pe_9,veriqbench/dynamic/pe/dqc_pe_9.qasm,10,18,71,completed,8.411,70,36,2214,16.416,73.0
dj_n10,mqtbench/dj_n10.qasm,10,20,41,completed,2.078,40,0,753,6.097,73.5
graphstate_n10,mqtbench/graphstate_n10.qasm,10,20,20,completed,1.116,20,0,170,1.895,71.1
6symd2,veriqbench/combinational/rev_circuit/6symd2.qasm,10,20,20,completed,1.22,31,0,149,1.771,71.5
rd73d2,veriqbench/combinational/rev_circuit/rd73d2.qasm,10,20,20,completed,1.363,31,0,159,2.726,71.7
bv_n10,mqtbench/bv_n10.qasm,10,23,23,completed,0.865,17,0,62,1.912,71.7
bv_10,veriqbench/combinational/bv/bv_10.qasm,10,30,30,completed,1.647,29,0,395,4.498,71.8
wstate_n10,mqtbench/wstate_n10.qasm,10,37,37,completed,2.149,45,0,612,8.073,72.3
hwb7ps,veriqbench/combinational/rev_circuit/hwb7ps.qasm,10,67,71,completed,10.571,110,0,2375,30.004,74.4
rand_cliff_10_GD,veriqbench/combinational/rand_cliff/rand_cliff_10_GD.qasm,10,128,128,completed,15.638,171,0,7667,61.728,77.0
rand_cliff_10_AG,veriqbench/combinational/rand_cliff/rand_cliff_10_AG.qasm,10,134,134,completed,21.531,211,0,8626,70.372,78.2
adder_n10_transpiled,QASMBench-master/QASMBench-master/small/adder_n10/adder_n10_transpiled.qasm,10,150,166,completed,37.738,221,0,12722,129.004,80.8
qaoa_10,veriqbench/variational/QAOA/qaoa_10.qasm,10,164,188,completed,39.616,214,0,16206,105.268,83.3
quantum_volume_n10_d5_i0,veriqbench/combinational/qv/quantum_volume_n10_d5_i0.qasm,10,250,250,completed,68.89,315,0,29401,283.148,94.2
symmetric_9-n10-gc347-qc1975,veriqbench/combinational/rev_circuit/symmetric_9-n10-gc347-qc1975.qasm,10,295,,error (exit 1),,,,,,
ising_n10_transpiled,QASMBench-master/QASMBench-master/small/ising_n10/ising_n10_transpiled.qasm,10,325,415,completed,289.098,495,0,80420,983.697,131.6
hf_10_0_5,veriqbench/variational/HFVQE/hf_10_0_5.qasm,10,461,461,completed,369.83,643,0,100859,1107.084,150.8
hf_10_0_9,veriqbench/variational/HFVQE/hf_10_0_9.qasm,10,461,461,completed,378.807,643,0,100859,1075.671,151.0
hf_10_1_3,veriqbench/variational/HFVQE/hf_10_1_3.qasm,10,461,461,completed,427.751,643,0,100859,939.452,150.5
hf_10_1_7,veriqbench/variational/HFVQE/hf_10_1_7.qasm,10,461,461,completed,314.876,643,0,100859,886.037,150.6
hf_10_2_1,veriqbench/variational/HFVQE/hf_10_2_1.qasm,10,461,461,completed,316.942,643,0,100859,895.244,150.8
hf_10_2_5,veriqbench/variational/HFVQE/hf_10_2_5.qasm,10,461,461,completed,295.072,643,0,100859,787.542,149.5
ising_n10,qasmbench/small/ising_n10.qasm,10,480,480,completed,312.745,560,0,107130,888.042,154.5
quantum_volume_n10_d10_i0,veriqbench/combinational/qv/quantum_volume_n10_d10_i0.qasm,10,500,500,completed,333.926,640,0,118229,962.953,163.0
quantum_volume_n10_d15_i0,veriqbench/combinational/qv/quantum_volume_n10_d15_i0.qasm,10,750,750,completed,809.582,965,0,266522,2228.051,267.5
quantum_volume_n10_d20_i0,veriqbench/combinational/qv/quantum_volume_n10_d20_i0.qasm,10,1000,1000,completed,1377.275,1290,0,474224,4243.31,435.8
nth_prime09_inc-n10-gc2234-qc22181,veriqbench/combinational/rev_circuit/nth_prime09_inc-n10-gc2234-qc22181.qasm,10,1777,,error (exit 1),,,,,,
nth_prime09_inc-n10-gc3956-qc19464,veriqbench/combinational/rev_circuit/nth_prime09_inc-n10-gc3956-qc19464.qasm,10,3460,,error (exit 1),,,,,,
hwb10-4540-46597a,veriqbench/combinational/rev_circuit/hwb10-4540-46597a.qasm,10,3639,,error (exit 1),,,,,,
qft_11,veriqbench/combinational/qft/qft_11.qasm,11,11,66,completed,8.066,110,0,2035,23.699,71.9
dqc_qft_11,veriqbench/dynamic/qft/dqc_qft_11.qasm,11,11,76,completed,2.649,65,55,0,3.874,72.0
pe_10,veriqbench/combinational/pe/pe_10.qasm,11,20,75,completed,6.856,119,0,2646,22.301,72.7
dqc_pe_10,veriqbench/dynamic/pe/dqc_pe_10.qasm,11,20,84,completed,9.737,83,45,3138,19.294,74.1
5bitadder,veriqbench/combinational/rev_circuit/5bitadder.qasm,11,29,29,completed,2.002,47,0,333,4.034,71.2
bv_11,veriqbench/combinational/bv/bv_11.qasm,11,33,33,completed,2.536,32,0,484,5.617,70.9
grover_11,veriqbench/combinational/grover/grover_11.qasm,11,50,50,completed,0.785,64,0,0,1.562,70.9
seca_n11,qasmbench/medium/seca_n11.qasm,11,70,72,completed,7.713,105,0,2390,20.054,73.3
sat_n11,qasmbench/medium/sat_n11.qasm,11,91,91,completed,3.039,144,0,0,5.113,71.3
rand_cliff_11_GD,veriqbench/combinational/rand_cliff/rand_cliff_11_GD.qasm,11,141,141,completed,20.772,192,0,9345,58.091,78.1
rand_cliff_11_AG,veriqbench/combinational/rand_cliff/rand_cliff_11_AG.qasm,11,160,160,completed,28.52,258,0,12384,79.346,80.7
seca_n11_transpiled,QASMBench-master/QASMBench-master/medium/seca_n11/seca_n11_transpiled.qasm,11,234,284,completed,113.836,357,0,37730,243.247,99.1
quantum_volume_n11_d5_i0,veriqbench/combinational/qv/quantum_volume_n11_d5_i0.qasm,11,250,250,completed,69.03,314,0,29510,278.16,94.6
rd84d1-n11-gc679-qc359384,veriqbench/combinational/rev_circuit/rd84d1-n11-gc679-qc359384.qasm,11,456,,error (exit 1),,,,,,
sat_n11_transpiled,QASMBench-master/QASMBench-master/medium/sat_n11/sat_n11_transpiled.qasm,11,664,731,completed,693.67,972,0,245621,2241.064,255.0
rd84d1-n11-gc2560-qc12397,veriqbench/combinational/rev_circuit/rd84d1-n11-gc2560-qc12397.qasm,11,2326,,error (exit 1),,,,,,
cycle10_2,veriqbench/combinational/rev_circuit/cycle10_2.qasm,12,4,,error (exit 1),,,,,,
qft_12,veriqbench/combinational/qft/qft_12.qasm,12,12,78,completed,8.504,132,0,2871,21.034,72.8
dqc_qft_12,veriqbench/dynamic/qft/dqc_qft_12.qasm,12,12,89,completed,3.472,77,66,0,3.448,72.1
gf2^4mult_19_83,veriqbench/combinational/rev_circuit/gf2^4mult_19_83.qasm,12,19,19,completed,0.578,42,0,114,1.574,71.3
cc_n12,qasmbench/medium/cc_n12.qasm,12,22,48,completed,4.053,48,24,1033,8.368,72.2
pe_11,veriqbench/combinational/pe/pe_11.qasm,12,22,88,completed,10.542,142,0,3675,24.47,73.8
dqc_pe_11,veriqbench/dynamic/pe/dqc_pe_11.qasm,12,22,98,completed,10.501,97,55,4315,27.066,73.8
9symd2,veriqbench/combinational/rev_circuit/9symd2.qasm,12,28,28,completed,1.591,45,0,286,3.841,70.8
cc_n12_transpiled,QASMBench-master/QASMBench-master/medium/cc_n12/cc_n12_transpiled.qasm,12,33,116,completed,28.21,116,70,6161,54.891,77.4
bv_12,veriqbench/combinational/bv/bv_12.qasm,12,36,36,completed,2.093,35,0,582,4.417,71.5
hwb8ps,veriqbench/combinational/rev_circuit/hwb8ps.qasm,12,66,,error (exit 1),,,,,,
rand_cliff_12_GD,veriqbench/combinational/rand_cliff/rand_cliff_12_GD.qasm,12,179,179,completed,40.254,246,0,15230,93.784,82.6
rand_cliff_12_AG,veriqbench/combinational/rand_cliff/rand_cliff_12_AG.qasm,12,180,180,completed,37.443,292,0,15726,103.017,82.6
quantum_volume_n12_d5_i0,veriqbench/combinational/qv/quantum_volume_n12_d5_i0.qasm,12,300,300,completed,122.205,378,0,42781,351.848,104.8
hf_12_0_5,veriqbench/variational/HFVQE/hf_12_0_5.qasm,12,690,690,completed,665.54,966,0,228011,1888.898,243.6
hf_12_0_9,veriqbench/variational/HFVQE/hf_12_0_9.qasm,12,690,690,completed,647.613,966,0,228011,1921.447,242.2
hf_12_1_3,veriqbench/variational/HFVQE/hf_12_1_3.qasm,12,690,690,completed,620.666,966,0,228011,1948.815,241.8
hf_12_1_7,veriqbench/variational/HFVQE/hf_12_1_7.qasm,12,690,690,completed,677.924,966,0,228011,1967.442,242.8
hf_12_2_1,veriqbench/variational/HFVQE/hf_12_2_1.qasm,12,690,690,completed,627.952,966,0,228011,1941.787,241.6
hf_12_2_5,veriqbench/variational/HFVQE/hf_12_2_5.qasm,12,690,690,completed,714.131,966,0,228011,1918.655,243.1
qft_13,veriqbench/combinational/qft/qft_13.qasm,13,13,91,completed,9.682,156,0,3939,25.381,74.5
dqc_qft_13,veriqbench/dynamic/qft/dqc_qft_13.qasm,13,13,103,completed,4.856,90,78,0,5.219,71.9
multiply_n13,qasmbench/medium/multiply_n13.qasm,13,14,14,completed,0.349,17,0,6,1.054,70.9
adder_n13,veriqbench/combinational/adder/adder_n13.qasm,13,16,16,completed,0.705,19,0,29,1.635,70.8
pe_12,veriqbench/combinational/pe/pe_12.qasm,13,24,102,completed,20.614,167,0,4972,51.946,75.0
dqc_pe_12,veriqbench/dynamic/pe/dqc_pe_12.qasm,13,24,113,completed,13.439,112,66,5786,41.835,76.7
bv_13,veriqbench/combinational/bv/bv_13.qasm,13,39,39,completed,2.924,38,0,689,6.955,71.6
grover_13,veriqbench/combinational/grover/grover_13.qasm,13,59,59,completed,1.069,77,0,0,1.818,71.6
multiply_n13_transpiled,QASMBench-master/QASMBench-master/medium/multiply_n13/multiply_n13_transpiled.qasm,13,104,116,completed,16.675,143,0,6286,45.207,76.6
hwb9ps,veriqbench/combinational/rev_circuit/hwb9ps.qasm,13,113,,error (exit 1),,,,,,
rand_cliff_13_GD,veriqbench/combinational/rand_cliff/rand_cliff_13_GD.qasm,13,193,193,completed,58.252,268,0,17770,150.245,85.2
rand_cliff_13_AG,veriqbench/combinational/rand_cliff/rand_cliff_13_AG.qasm,13,197,197,completed,42.04,326,0,18904,158.018,85.0
quantum_volume_n13_d5_i0,veriqbench/combinational/qv/quantum_volume_n13_d5_i0.qasm,13,300,300,completed,114.806,377,0,42903,359.506,105.6
gcm_n13,qasmbench/medium/gcm_n13.qasm,13,2290,3148,completed,13072.013,3897,0,4688375,44421.371,3374.3
gcm_h6,QASMBench-master/QASMBench-master/medium/gcm_n13/gcm_h6.qasm,13,2290,3148,completed,13077.418,3897,0,4688375,44255.933,3340.5
ghz_n14,mqtbench/ghz_n14.qasm,14,14,14,completed,0.612,13,0,78,1.258,71.1
grover_n14,mqtbench/grover_n14.qasm,14,14,,not completed (memory limit),,,,,,4150.7
qftentangled_n14,mqtbench/qftentangled_n14.qasm,14,14,126,completed,24.553,223,0,7651,49.48,77.5
qft_14,veriqbench/combinational/qft/qft_14.qasm,14,14,105,completed,15.006,182,0,5278,34.097,74.6
dqc_qft_14,veriqbench/dynamic/qft/dqc_qft_14.qasm,14,14,118,completed,3.666,104,91,0,4.512,71.8
pe_13,veriqbench/combinational/pe/pe_13.qasm,14,26,117,completed,27.879,194,0,6579,43.091,76.2
dqc_pe_13,veriqbench/dynamic/pe/dqc_pe_13.qasm,14,26,129,completed,17.947,128,78,7595,47.067,77.4
dj_n14,mqtbench/dj_n14.qasm,14,28,55,completed,3.636,54,0,1397,11.557,72.9
graphstate_n14,mqtbench/graphstate_n14.qasm,14,28,28,completed,1.862,28,0,218,2.441,71.0
bv_n14,mqtbench/bv_n14.qasm,14,33,33,completed,0.851,25,0,147,1.926,70.8
bv_n14,qasmbench/medium/bv_n14.qasm,14,41,41,completed,2.373,40,0,767,6.204,70.8
bv_14,veriqbench/combinational/bv/bv_14.qasm,14,42,42,completed,3.32,41,0,805,7.512,70.9
wstate_n14,mqtbench/wstate_n14.qasm,14,53,53,completed,5.087,65,0,1300,11.656,71.9
bv_n14_transpiled,QASMBench-master/QASMBench-master/medium/bv_n14/bv_n14_transpiled.qasm,14,67,94,completed,9.846,93,0,4134,28.571,74.2
hwb10ps,veriqbench/combinational/rev_circuit/hwb10ps.qasm,14,118,,error (exit 1),,,,,,
rand_cliff_14_GD,veriqbench/combinational/rand_cliff/rand_cliff_14_GD.qasm,14,227,227,completed,52.807,323,0,24797,194.972,90.1
rand_cliff_14_AG,veriqbench/combinational/rand_cliff/rand_cliff_14_AG.qasm,14,259,259,completed,71.207,428,0,32836,248.892,95.1
quantum_volume_n14_d5_i0,veriqbench/combinational/qv/quantum_volume_n14_d5_i0.qasm,14,350,350,completed,147.71,441,0,58660,447.709,115.2
qft_15,veriqbench/combinational/qft/qft_15.qasm,15,15,120,completed,19.51,210,0,6930,42.079,76.1
dqc_qft_15,veriqbench/dynamic/qft/dqc_qft_15.qasm,15,15,134,completed,3.671,119,105,0,3.972,72.5
qf21_n15,qasmbench/medium/qf21_n15.qasm,15,28,73,completed,5.047,110,0,2098,14.992,72.8
pe_14,veriqbench/combinational/pe/pe_14.qasm,15,28,133,completed,29.029,223,0,8541,62.136,77.3
rd84d1,veriqbench/combinational/rev_circuit/rd84d1.qasm,15,28,28,completed,1.836,45,0,330,3.199,71.7
dqc_pe_14,veriqbench/dynamic/pe/dqc_pe_14.qasm,15,28,146,completed,21.861,145,91,9789,63.552,79.5
gf2^5mult_29_129,veriqbench/combinational/rev_circuit/gf2^5mult_29_129.qasm,15,29,29,completed,1.112,68,0,304,3.467,71.4
bv_15,veriqbench/combinational/bv/bv_15.qasm,15,45,45,completed,2.86,44,0,930,6.624,71.5
ham15tc1,veriqbench/combinational/rev_circuit/ham15tc1.qasm,15,64,,error (exit 1),,,,,,
grover_15,veriqbench/combinational/grover/grover_15.qasm,15,68,68,completed,1.278,90,0,0,3.276,71.1
multiplier_n15,qasmbench/medium/multiplier_n15.qasm,15,70,70,completed,5.036,132,0,1119,8.489,71.7
hwb11ps,veriqbench/combinational/rev_circuit/hwb11ps.qasm,15,141,,error (exit 1),,,,,,
rand_cliff_15_GD,veriqbench/combinational/rand_cliff/rand_cliff_15_GD.qasm,15,256,256,completed,65.176,356,0,31510,244.439,95.2
qaoa_15,veriqbench/variational/QAOA/qaoa_15.qasm,15,258,296,completed,141.172,338,0,41463,426.539,104.4
rand_cliff_15_AG,veriqbench/combinational/rand_cliff/rand_cliff_15_AG.qasm,15,263,263,completed,75.461,442,0,33883,256.805,95.9
qf21_n15_transpiled,QASMBench-master/QASMBench-master/medium/qf21_n15/qf21_n15_transpiled.qasm,15,329,359,completed,150.47,459,0,61699,463.277,117.2
quantum_volume_n15_d5_i0,veriqbench/combinational/qv/quantum_volume_n15_d5_i0.qasm,15,350,350,completed,148.116,440,0,58785,452.296,115.5
multiplier_n15_transpiled,QASMBench-master/QASMBench-master/medium/multiplier_n15/multiplier_n15_transpiled.qasm,15,526,560,completed,418.686,767,0,148329,1434.295,180.9
16QBT_4CYC_8GN_1.0P2_0,veriqbench/combinational/qubit_mapping/Aspen-4/16QBT_4CYC_8GN_1.0P2_0.qasm,16,8,8,completed,0.492,3,0,3,0.666,70.6
qft_16,veriqbench/combinational/qft/qft_16.qasm,16,16,136,completed,22.436,240,0,8940,69.35,77.4
16QBT_8CYC_16GN_1.0P2_0,veriqbench/combinational/qubit_mapping/Aspen-4/16QBT_8CYC_16GN_1.0P2_0.qasm,16,16,16,completed,0.359,11,0,18,0.939,70.9
dqc_qft_16,veriqbench/dynamic/qft/dqc_qft_16.qasm,16,16,151,completed,4.43,135,120,0,4.359,72.7
adder_n16,veriqbench/combinational/adder/adder_n16.qasm,16,20,20,completed,0.509,24,0,38,1.173,71.1
pe_15,veriqbench/combinational/pe/pe_15.qasm,16,30,150,completed,32.723,254,0,10906,83.57,79.7
dqc_pe_15,veriqbench/dynamic/pe/dqc_pe_15.qasm,16,30,164,completed,25.82,163,105,12418,80.501,81.8
16QBT_16CYC_32GN_1.0P2_0,veriqbench/combinational/qubit_mapping/Aspen-4/16QBT_16CYC_32GN_1.0P2_0.qasm,16,32,32,completed,1.029,31,0,209,2.742,71.2
bv_16,veriqbench/combinational/bv/bv_16.qasm,16,48,48,completed,4.057,47,0,1064,7.68,72.2
16QBT_32CYC_64GN_1.0P2_0,veriqbench/combinational/qubit_mapping/Aspen-4/16QBT_32CYC_64GN_1.0P2_0.qasm,16,64,64,completed,3.532,70,0,1098,7.357,72.1
16QBT_64CYC_128GN_1.0P2_0,veriqbench/combinational/qubit_mapping/Aspen-4/16QBT_64CYC_128GN_1.0P2_0.qasm,16,128,128,completed,18.5,168,0,7722,47.544,76.9
hwb12ps,veriqbench/combinational/rev_circuit/hwb12ps.qasm,16,134,,error (exit 1),,,,,,
rand_cliff_16_GD,veriqbench/combinational/rand_cliff/rand_cliff_16_GD.qasm,16,281,281,completed,110.51,397,0,38137,269.876,100.1
rand_cliff_16_AG,veriqbench/combinational/rand_cliff/rand_cliff_16_AG.qasm,16,296,296,completed,146.708,500,0,43039,339.712,105.7
qcnn_16,veriqbench/variational/QCNN/qcnn_16.qasm,16,330,330,completed,178.425,434,0,52004,416.941,111.1
quantum_volume_n16_d5_i0,veriqbench/combinational/qv/quantum_volume_n16_d5_i0.qasm,16,400,400,completed,175.133,504,0,77040,634.454,127.5
dnn_n16_transpiled,QASMBench-master/QASMBench-master/medium/dnn_n16/dnn_n16_transpiled.qasm,16,1904,2832,completed,12272.505,3200,0,3821240,38242.799,2864.3
dnn_n16,qasmbench/medium/dnn_n16.qasm,16,2016,2016,completed,6101.43,2384,0,1947296,22838.73,1529.9
qft_17,veriqbench/combinational/qft/qft_17.qasm,17,17,153,completed,32.78,272,0,11356,79.422,79.4
dqc_qft_17,veriqbench/dynamic/qft/dqc_qft_17.qasm,17,17,169,completed,6.218,152,136,0,5.885,73.4
pe_16,veriqbench/combinational/pe/pe_16.qasm,17,32,168,completed,54.225,287,0,13725,124.266,82.1
dqc_pe_16,veriqbench/dynamic/pe/dqc_pe_16.qasm,17,32,183,completed,49.656,182,120,15535,141.417,84.3
bv_17,veriqbench/combinational/bv/bv_17.qasm,17,51,51,completed,6.104,50,0,1207,14.39,72.0
qec9xz_n17,qasmbench/medium/qec9xz_n17.qasm,17,53,53,completed,6.652,68,0,1293,14.358,72.4
qec9xz_n17_transpiled,QASMBench-master/QASMBench-master/medium/qec9xz_n17/qec9xz_n17_transpiled.qasm,17,74,95,completed,19.192,110,0,4181,44.818,74.3
grover_17,veriqbench/combinational/grover/grover_17.qasm,17,77,77,completed,1.954,103,0,0,4.41,71.7
hwb13ps,veriqbench/combinational/rev_circuit/hwb13ps.qasm,17,169,,error (exit 1),,,,,,
rand_cliff_17_GD,veriqbench/combinational/rand_cliff/rand_cliff_17_GD.qasm,17,311,311,completed,151.642,447,0,46917,771.674,108.6
rand_cliff_17_AG,veriqbench/combinational/rand_cliff/rand_cliff_17_AG.qasm,17,354,354,completed,245.952,618,0,61754,665.737,118.5
bigadder_n18,qasmbench/medium/bigadder_n18.qasm,18,2,28,completed,0.675,36,0,10,2.963,72.5
ghz_n18,mqtbench/ghz_n18.qasm,18,18,18,completed,1.545,17,0,136,1.602,71.7
grover_n18,mqtbench/grover_n18.qasm,18,18,,not completed (memory limit),,,,,,4117.4
qftentangled_n18,mqtbench/qftentangled_n18.qasm,18,18,198,completed,116.423,359,0,19143,365.057,86.1
qft_18,veriqbench/combinational/qft/qft_18.qasm,18,18,171,completed,66.725,306,0,14229,129.994,82.5
dqc_qft_18,veriqbench/dynamic/qft/dqc_qft_18.qasm,18,18,188,completed,5.091,170,153,0,5.717,74.0
pe_17,veriqbench/combinational/pe/pe_17.qasm,18,34,187,completed,40.046,322,0,17052,109.737,84.1
dqc_pe_17,veriqbench/dynamic/pe/dqc_pe_17.qasm,18,34,203,completed,39.685,202,136,19196,165.334,87.2
dj_n18,mqtbench/dj_n18.qasm,18,36,71,completed,5.793,70,0,2371,14.774,73.5
graphstate_n18,mqtbench/graphstate_n18.qasm,18,36,36,completed,2.528,36,0,594,4.228,70.9
gf2^6mult_41_185,veriqbench/combinational/rev_circuit/gf2^6mult_41_185.qasm,18,41,41,completed,2.011,100,0,655,5.022,71.4
bv_n18,mqtbench/bv_n18.qasm,18,43,43,completed,1.374,33,0,268,3.162,72.1
bv_18,veriqbench/combinational/bv/bv_18.qasm,18,54,54,completed,3.803,53,0,1359,9.398,72.1
wstate_n18,mqtbench/wstate_n18.qasm,18,69,69,completed,7.269,85,0,2244,16.324,72.8
hwb14ps,veriqbench/combinational/rev_circuit/hwb14ps.qasm,18,174,,error (exit 1),,,,,,
bigadder_n18_transpiled,QASMBench-master/QASMBench-master/medium/bigadder_n18/bigadder_n18_transpiled.qasm,18,298,330,completed,131.851,442,0,52363,453.902,111.9
rand_cliff_18_GD,veriqbench/combinational/rand_cliff/rand_cliff_18_GD.qasm,18,366,366,completed,177.819,518,0,65140,521.313,119.2
rand_cliff_18_AG,veriqbench/combinational/rand_cliff/rand_cliff_18_AG.qasm,18,377,377,completed,187.447,641,0,70062,633.269,123.6
square_root_n18,qasmbench/medium/square_root_n18.qasm,18,480,545,completed,65.272,840,0,32357,274.288,96.4
qft_n18,qasmbench/medium/qft_n18.qasm,18,783,783,completed,873.833,1071,0,298758,2380.197,292.5
qft_n18_transpiled,QASMBench-master/QASMBench-master/medium/qft_n18/qft_n18_transpiled.qasm,18,801,819,completed,920.24,1107,0,326604,2660.034,313.9
square_root_n18_transpiled,QASMBench-master/QASMBench-master/medium/square_root_n18/square_root_n18_transpiled.qasm,18,2400,2774,completed,12426.793,3654,0,3660894,35863.994,2757.7
qft_19,veriqbench/combinational/qft/qft_19.qasm,19,19,190,completed,45.033,342,0,17613,140.426,83.8
dqc_qft_19,veriqbench/dynamic/qft/dqc_qft_19.qasm,19,19,208,completed,8.382,189,171,0,9.714,73.9
adder_n19,veriqbench/combinational/adder/adder_n19.qasm,19,24,24,completed,0.608,29,0,47,1.381,71.0
pe_18,veriqbench/combinational/pe/pe_18.qasm,19,36,207,completed,52.779,359,0,20944,190.602,88.4
dqc_pe_18,veriqbench/dynamic/pe/dqc_pe_18.qasm,19,36,224,completed,50.861,223,153,23460,218.539,92.4
bv_n19,qasmbench/medium/bv_n19.qasm,19,56,56,completed,4.516,55,0,1467,14.695,72.7
bv_19,veriqbench/combinational/bv/bv_19.qasm,19,57,57,completed,4.373,56,0,1520,11.945,72.9
grover_19,veriqbench/combinational/grover/grover_19.qasm,19,86,86,completed,1.345,116,0,0,3.461,71.6
bv_n19_transpiled,QASMBench-master/QASMBench-master/medium/bv_n19/bv_n19_transpiled.qasm,19,92,129,completed,17.959,128,0,7929,68.861,77.4
hwb15ps,veriqbench/combinational/rev_circuit/hwb15ps.qasm,19,197,,error (exit 1),,,,,,
rand_cliff_19_GD,veriqbench/combinational/rand_cliff/rand_cliff_19_GD.qasm,19,404,404,completed,296.375,577,0,79373,888.789,130.3
rand_cliff_19_AG,veriqbench/combinational/rand_cliff/rand_cliff_19_AG.qasm,19,436,436,completed,381.264,763,0,93909,952.812,145.9
20QBT_4CYC_8GN_1.0P2_0,veriqbench/combinational/qubit_mapping/Tokyo/20QBT_4CYC_8GN_1.0P2_0.qasm,20,8,8,completed,0.415,6,0,15,0.674,71.9
20QBT_8CYC_16GN_1.0P2_0,veriqbench/combinational/qubit_mapping/Tokyo/20QBT_8CYC_16GN_1.0P2_0.qasm,20,16,16,completed,0.774,13,0,44,2.077,70.7
mod1024adder,veriqbench/combinational/rev_circuit/mod1024adder.qasm,20,19,,error (exit 1),,,,,,
qft_20,veriqbench/combinational/qft/qft_20.qasm,20,20,210,completed,54.612,380,0,21565,181.799,88.2
dqc_qft_20,veriqbench/dynamic/qft/dqc_qft_20.qasm,20,20,229,completed,7.215,209,190,0,8.432,74.3
20QBT_16CYC_32GN_1.0P2_0,veriqbench/combinational/qubit_mapping/Tokyo/20QBT_16CYC_32GN_1.0P2_0.qasm,20,32,32,completed,1.548,31,0,156,3.243,71.0
pe_19,veriqbench/combinational/pe/pe_19.qasm,20,38,228,completed,64.375,398,0,25461,218.101,91.0
dqc_pe_19,veriqbench/dynamic/pe/dqc_pe_19.qasm,20,38,246,completed,59.125,245,171,28389,232.638,94.9
qram_n20,qasmbench/medium/qram_n20.qasm,20,41,41,completed,3.106,65,0,604,4.511,71.3
bv_20,veriqbench/combinational/bv/bv_20.qasm,20,60,60,completed,5.797,59,0,1690,11.558,72.6
20QBT_32CYC_64GN_1.0P2_0,veriqbench/combinational/qubit_mapping/Tokyo/20QBT_32CYC_64GN_1.0P2_0.qasm,20,64,64,completed,5.62,77,0,1902,13.614,72.7
20QBT_64CYC_128GN_1.0P2_0,veriqbench/combinational/qubit_mapping/Tokyo/20QBT_64CYC_128GN_1.0P2_0.qasm,20,128,128,completed,21.023,165,0,7799,57.016,76.9
permanent3x3p3,veriqbench/combinational/rev_circuit/permanent3x3p3.qasm,20,144,144,completed,13.139,335,0,4845,36.211,74.8
qram_n20_transpiled,QASMBench-master/QASMBench-master/medium/qram_n20/qram_n20_transpiled.qasm,20,320,346,completed,145.06,462,0,57286,462.076,114.1
qaoa_20,veriqbench/variational/QAOA/qaoa_20.qasm,20,376,432,completed,258.794,496,0,89655,719.452,142.4
quantum_volume_n20_d20_i0,veriqbench/combinational/qv/quantum_volume_n20_d20_i0.qasm,20,2000,2000,completed,6046.674,2580,0,1948439,19292.461,1520.5
qft_21,veriqbench/combinational/qft/qft_21.qasm,21,21,231,completed,63.508,420,0,26145,199.52,90.4
dqc_qft_21,veriqbench/dynamic/qft/dqc_qft_21.qasm,21,21,251,completed,5.995,230,210,0,9.321,74.5
pe_20,veriqbench/combinational/pe/pe_20.qasm,21,40,250,completed,71.056,439,0,30666,229.445,93.6
dqc_pe_20,veriqbench/dynamic/pe/dqc_pe_20.qasm,21,40,269,completed,71.03,268,190,34048,281.929,99.0
gf2^7mult_55_251,veriqbench/combinational/rev_circuit/gf2^7mult_55_251.qasm,21,55,55,completed,2.97,138,0,1236,9.134,72.1
bv_21,veriqbench/combinational/bv/bv_21.qasm,21,63,63,completed,5.416,62,0,1869,13.505,72.2
grover_21,veriqbench/combinational/grover/grover_21.qasm,21,95,95,completed,2.176,129,0,0,5.543,71.4
hwb16ps,veriqbench/combinational/rev_circuit/hwb16ps.qasm,21,178,,error (exit 1),,,,,,
cat_state_n22,qasmbench/medium/cat_state_n22.qasm,22,22,22,completed,1.544,21,0,210,2.175,71.4
qft_22,veriqbench/combinational/qft/qft_22.qasm,22,22,253,completed,90.36,462,0,31416,239.205,95.6
dqc_qft_22,veriqbench/dynamic/qft/dqc_qft_22.qasm,22,22,274,completed,7.374,252,231,0,9.21,74.5
cat_state_n22_transpiled,QASMBench-master/QASMBench-master/medium/cat_state_n22/cat_state_n22_transpiled.qasm,22,23,24,completed,1.816,23,0,252,3.687,71.7
adder_n22,veriqbench/combinational/adder/adder_n22.qasm,22,28,28,completed,0.681,34,0,56,1.414,71.0
pe_21,veriqbench/combinational/pe/pe_21.qasm,22,42,273,completed,121.081,482,0,36625,233.241,98.1
dqc_pe_21,veriqbench/dynamic/pe/dqc_pe_21.qasm,22,42,293,completed,118.45,292,210,40505,342.816,103.8
bv_22,veriqbench/combinational/bv/bv_22.qasm,22,66,66,completed,7.761,65,0,2057,14.731,73.1
ghz_state_n23,qasmbench/medium/ghz_state_n23.qasm,23,23,23,completed,2.441,22,0,231,3.451,70.9
qft_23,veriqbench/combinational/qft/qft_23.qasm,23,23,276,completed,142.139,506,0,37444,238.589,98.1
dqc_qft_23,veriqbench/dynamic/qft/dqc_qft_23.qasm,23,23,298,completed,8.605,275,253,0,11.435,75.4
ghz_state_n23_transpiled,QASMBench-master/QASMBench-master/medium/ghz_state_n23/ghz_state_n23_transpiled.qasm,23,24,25,completed,3.164,24,0,275,3.993,71.7
pe_22,veriqbench/combinational/pe/pe_22.qasm,23,44,297,completed,167.957,527,0,43407,494.905,106.3
dqc_pe_22,veriqbench/dynamic/pe/dqc_pe_22.qasm,23,44,318,completed,128.881,317,231,47831,438.763,111.8
bv_23,veriqbench/combinational/bv/bv_23.qasm,23,69,69,completed,7.058,68,0,2254,14.696,72.4
grover_23,veriqbench/combinational/grover/grover_23.qasm,23,104,104,completed,1.385,142,0,0,2.921,71.1
qft_24,veriqbench/combinational/qft/qft_24.qasm,24,24,300,completed,141.966,552,0,44298,383.338,106.2
dqc_qft_24,veriqbench/dynamic/qft/dqc_qft_24.qasm,24,24,323,completed,10.308,299,276,0,11.592,75.7
pe_23,veriqbench/combinational/pe/pe_23.qasm,24,46,322,completed,170.889,574,0,51084,390.79,111.5
dqc_pe_23,veriqbench/dynamic/pe/dqc_pe_23.qasm,24,46,344,completed,148.334,343,253,56100,462.361,117.1
bv_24,veriqbench/combinational/bv/bv_24.qasm,24,72,72,completed,7.393,71,0,2460,16.361,73.0
gf2^8mult_85_341,veriqbench/combinational/rev_circuit/gf2^8mult_85_341.qasm,24,85,85,completed,7.787,210,0,3185,22.829,73.4
qft_25,veriqbench/combinational/qft/qft_25.qasm,25,25,325,completed,235.014,600,0,52050,487.313,111.1
dqc_qft_25,veriqbench/dynamic/qft/dqc_qft_25.qasm,25,25,349,completed,19.327,324,300,0,16.381,77.1
knn_n25,qasmbench/medium/knn_n25.qasm,25,26,38,completed,0.755,37,0,0,1.435,72.1
swap_test_n25,qasmbench/medium/swap_test_n25.qasm,25,26,38,completed,1.015,37,0,0,2.403,71.5
adder_n25,veriqbench/combinational/adder/adder_n25.qasm,25,32,32,completed,0.774,39,0,65,1.591,71.9
pe_24,veriqbench/combinational/pe/pe_24.qasm,25,48,348,completed,227.127,623,0,59731,539.617,116.5
dqc_pe_24,veriqbench/dynamic/pe/dqc_pe_24.qasm,25,48,371,completed,198.593,370,276,65389,537.871,122.6
bv_25,veriqbench/combinational/bv/bv_25.qasm,25,75,75,completed,7.359,74,0,2675,17.999,73.2
grover_25,veriqbench/combinational/grover/grover_25.qasm,25,113,113,completed,1.772,155,0,0,2.947,71.3
knn_n25_transpiled,QASMBench-master/QASMBench-master/medium/knn_n25/knn_n25_transpiled.qasm,25,268,342,completed,147.064,413,0,56753,451.034,113.7
swap_test_n25_transpiled,QASMBench-master/QASMBench-master/medium/swap_test_n25/swap_test_n25_transpiled.qasm,25,292,366,completed,162.871,437,0,65009,513.768,120.1
hwb20ps,veriqbench/combinational/rev_circuit/hwb20ps.qasm,25,294,,error (exit 1),,,,,,
qaoa_25,veriqbench/variational/QAOA/qaoa_25.qasm,25,482,554,completed,465.251,637,0,148671,1242.412,181.5
qft_26,veriqbench/combinational/qft/qft_26.qasm,26,26,351,completed,192.341,650,0,60775,426.067,116.5
dqc_qft_26,veriqbench/dynamic/qft/dqc_qft_26.qasm,26,26,376,completed,11.533,350,325,0,12.123,76.0
pe_25,veriqbench/combinational/pe/pe_25.qasm,26,50,375,completed,196.259,674,0,69426,616.832,123.2
dqc_pe_25,veriqbench/dynamic/pe/dqc_pe_25.qasm,26,50,399,completed,192.732,398,300,75778,684.147,131.9
bv_26,veriqbench/combinational/bv/bv_26.qasm,26,78,78,completed,11.013,77,0,2899,19.623,73.5
ising_n26_transpiled,QASMBench-master/QASMBench-master/medium/ising_n26/ising_n26_transpiled.qasm,26,151,177,completed,34.599,201,0,15178,96.55,81.7
ising_n26,qasmbench/medium/ising_n26.qasm,26,280,280,completed,110.854,304,0,37978,238.594,99.5
qft_27,veriqbench/combinational/qft/qft_27.qasm,27,27,378,completed,239.261,702,0,70551,587.062,123.9
dqc_qft_27,veriqbench/dynamic/qft/dqc_qft_27.qasm,27,27,404,completed,12.693,377,351,0,12.706,77.1
pe_26,veriqbench/combinational/pe/pe_26.qasm,27,52,403,completed,254.208,727,0,80250,668.557,130.2
dqc_pe_26,veriqbench/dynamic/pe/dqc_pe_26.qasm,27,52,428,completed,290.401,427,325,87350,770.075,144.7
bv_27,veriqbench/combinational/bv/bv_27.qasm,27,81,81,completed,11.759,80,0,3132,20.434,73.5
gf2^9mult_89_413,veriqbench/combinational/rev_circuit/gf2^9mult_89_413.qasm,27,89,89,completed,8.816,232,0,3424,22.636,73.4
wstate_n27,qasmbench/medium/wstate_n27.qasm,27,105,105,completed,16.553,130,0,5304,33.461,75.3
wstate_n27_transpiled,QASMBench-master/QASMBench-master/medium/wstate_n27/wstate_n27_transpiled.qasm,27,105,209,completed,79.793,234,0,21216,201.485,87.7
grover_27,veriqbench/combinational/grover/grover_27.qasm,27,122,122,completed,2.223,168,0,0,3.604,71.6
qft_28,veriqbench/combinational/qft/qft_28.qasm,28,28,406,completed,332.6,756,0,81459,580.306,132.1
dqc_qft_28,veriqbench/dynamic/qft/dqc_qft_28.qasm,28,28,433,completed,12.822,405,378,0,13.532,77.0
adder_n28,veriqbench/combinational/adder/adder_n28.qasm,28,36,36,completed,0.968,44,0,74,1.666,71.1
pe_27,veriqbench/combinational/pe/pe_27.qasm,28,54,432,completed,330.919,782,0,92287,748.697,145.3
dqc_pe_27,veriqbench/dynamic/pe/dqc_pe_27.qasm,28,54,458,completed,319.407,457,351,100191,814.572,153.5
bv_28,veriqbench/combinational/bv/bv_28.qasm,28,84,84,completed,10.663,83,0,3374,22.669,74.1
adder_n28,qasmbench/large/adder_n28.qasm,28,88,88,completed,13.755,123,0,3705,22.284,74.3
adder_n28_transpiled,QASMBench-master/QASMBench-master/large/adder_n28/adder_n28_transpiled.qasm,28,448,496,completed,322.283,663,0,119729,988.72,162.8
qft_29,veriqbench/combinational/qft/qft_29.qasm,29,29,435,completed,371.1,812,0,93583,691.858,144.3
dqc_qft_29,veriqbench/dynamic/qft/dqc_qft_29.qasm,29,29,463,completed,28.595,434,406,0,26.486,78.3
pe_28,veriqbench/combinational/pe/pe_28.qasm,29,56,462,completed,341.816,839,0,105624,876.655,154.2
dqc_pe_28,veriqbench/dynamic/pe/dqc_pe_28.qasm,29,56,489,completed,308.549,488,378,114390,969.529,162.8
bv_29,veriqbench/combinational/bv/bv_29.qasm,29,87,87,completed,11.121,86,0,3625,20.863,74.0
grover_29,veriqbench/combinational/grover/grover_29.qasm,29,131,131,completed,1.753,181,0,0,3.486,71.5
qft_n29,qasmbench/large/qft_n29.qasm,29,2059,2059,completed,6714.344,2842,0,2088667,18040.36,1618.3
qft_n29_transpiled,QASMBench-master/QASMBench-master/large/qft_n29/qft_n29_transpiled.qasm,29,2088,2117,completed,6929.62,2900,0,2207219,19380.477,1698.5
qft_30,veriqbench/combinational/qft/qft_30.qasm,30,30,465,completed,341.796,870,0,107010,1052.184,154.8
dqc_qft_30,veriqbench/dynamic/qft/dqc_qft_30.qasm,30,30,494,completed,18.471,464,435,0,15.708,78.1
pe_29,veriqbench/combinational/pe/pe_29.qasm,30,58,493,completed,401.339,898,0,120351,1042.122,162.9
dqc_pe_29,veriqbench/dynamic/pe/dqc_pe_29.qasm,30,58,521,completed,427.026,520,406,130039,985.554,173.6
bv_n30,qasmbench/large/bv_n30.qasm,30,78,78,completed,4.84,66,0,1467,10.421,72.0
bv_30,veriqbench/combinational/bv/bv_30.qasm,30,90,90,completed,14.686,89,0,3885,24.289,73.4
gf2^10mult_109_509,veriqbench/combinational/rev_circuit/gf2^10mult_109_509.qasm,30,109,109,completed,13.281,288,0,5229,32.938,75.1
bv_n30_transpiled,QASMBench-master/QASMBench-master/large/bv_n30/bv_n30_transpiled.qasm,30,136,195,completed,17.334,183,0,7929,75.836,76.9
qaoa_30,veriqbench/variational/QAOA/qaoa_30.qasm,30,588,676,completed,623.47,778,0,221120,1720.394,238.5
quantum_volume_n30_d20_i0,veriqbench/combinational/qv/quantum_volume_n30_d20_i0.qasm,30,3000,3000,completed,12951.476,3870,0,4422709,42234.581,3296.9
qft_31,veriqbench/combinational/qft/qft_31.qasm,31,31,496,completed,382.967,930,0,121830,935.391,162.8
dqc_qft_31,veriqbench/dynamic/qft/dqc_qft_31.qasm,31,31,526,completed,15.602,495,465,0,16.188,78.9
knn_n31,qasmbench/large/knn_n31.qasm,31,32,47,completed,0.742,46,0,0,1.654,70.5
adder_n31,veriqbench/combinational/adder/adder_n31.qasm,31,40,40,completed,1.062,49,0,83,2.18,71.1
pe_30,veriqbench/combinational/pe/pe_30.qasm,31,60,525,completed,457.344,959,0,136561,996.532,172.2
dqc_pe_30,veriqbench/dynamic/pe/dqc_pe_30.qasm,31,60,554,completed,447.031,553,435,147233,1199.901,186.4
bv_31,veriqbench/combinational/bv/bv_31.qasm,31,93,93,completed,14.326,92,0,4154,26.25,74.1
grover_31,veriqbench/combinational/grover/grover_31.qasm,31,140,140,completed,1.827,194,0,0,3.548,71.6
knn_n31_transpiled,QASMBench-master/QASMBench-master/large/knn_n31/knn_n31_transpiled.qasm,31,334,426,completed,258.601,515,0,88559,657.248,141.0
ghz_n32,mqtbench/ghz_n32.qasm,32,32,32,completed,3.631,31,0,465,6.86,71.2
qftentangled_n32,mqtbench/qftentangled_n32.qasm,32,32,576,completed,607.595,1087,0,164512,1345.302,192.4
qft_32,veriqbench/combinational/qft/qft_32.qasm,32,32,528,completed,504.623,992,0,138136,1077.092,174.0
dqc_qft_32,veriqbench/dynamic/qft/dqc_qft_32.qasm,32,32,559,completed,26.858,527,496,0,27.55,80.4
cc_n32,qasmbench/large/cc_n32.qasm,32,62,128,completed,25.328,128,64,7873,51.943,79.6
pe_31,veriqbench/combinational/pe/pe_31.qasm,32,62,558,completed,563.657,1022,0,154350,1257.495,184.2
dqc_pe_31,veriqbench/dynamic/pe/dqc_pe_31.qasm,32,62,588,completed,513.817,587,465,166070,1382.513,199.7
dj_n32,mqtbench/dj_n32.qasm,32,64,131,completed,22.125,130,0,8300,52.58,77.7
graphstate_n32,mqtbench/graphstate_n32.qasm,32,64,64,completed,9.26,64,0,1952,13.115,72.4
bv_n32,mqtbench/bv_n32.qasm,32,78,78,completed,3.742,61,0,975,8.353,71.6
cc_n32_transpiled,QASMBench-master/QASMBench-master/large/cc_n32/cc_n32_transpiled.qasm,32,93,316,completed,235.755,316,190,48361,397.12,116.5
bv_32,veriqbench/combinational/bv/bv_32.qasm,32,96,96,completed,14.73,95,0,4432,27.883,73.9
wstate_n32,mqtbench/wstate_n32.qasm,32,125,125,completed,22.305,155,0,7564,46.181,76.7
qft_33,veriqbench/combinational/qft/qft_33.qasm,33,33,561,completed,602.041,1056,0,156024,1216.022,185.5
dqc_qft_33,veriqbench/dynamic/qft/dqc_qft_33.qasm,33,33,593,completed,29.574,560,528,0,31.91,80.7
pe_32,veriqbench/combinational/pe/pe_32.qasm,33,64,592,completed,576.436,1087,0,173817,1501.02,208.4
dqc_pe_32,veriqbench/dynamic/pe/dqc_pe_32.qasm,33,64,623,completed,649.433,622,496,186651,1667.926,222.3
dnn_n33,qasmbench/large/dnn_n33.qasm,33,66,142,completed,15.056,171,0,5609,40.629,75.9
bv_33,veriqbench/combinational/bv/bv_33.qasm,33,99,99,completed,15.69,98,0,4719,30.177,74.0
gf2^11mult_131_615,veriqbench/combinational/rev_circuit/gf2^11mult_131_615.qasm,33,131,131,completed,16.18,350,0,7660,48.145,76.9
grover_33,veriqbench/combinational/grover/grover_33.qasm,33,149,149,completed,3.468,207,0,0,7.047,72.0
dnn_n33_transpiled,QASMBench-master/QASMBench-master/large/dnn_n33/dnn_n33_transpiled.qasm,33,672,874,completed,1209.113,1089,0,374437,3216.659,366.8
qft_34,veriqbench/combinational/qft/qft_34.qasm,34,34,595,completed,624.796,1122,0,175593,1307.781,209.1
dqc_qft_34,veriqbench/dynamic/qft/dqc_qft_34.qasm,34,34,628,completed,19.051,594,561,0,18.794,80.3
adder_n34,veriqbench/combinational/adder/adder_n34.qasm,34,44,44,completed,1.165,54,0,92,2.332,70.8
pe_33,veriqbench/combinational/pe/pe_33.qasm,34,66,627,completed,753.597,1154,0,195064,1517.188,220.8
dqc_pe_33,veriqbench/dynamic/pe/dqc_pe_33.qasm,34,66,659,completed,635.459,658,528,209080,1682.279,236.0
bv_34,veriqbench/combinational/bv/bv_34.qasm,34,102,102,completed,16.545,101,0,5015,33.34,75.0
ising_n34_transpiled,QASMBench-master/QASMBench-master/large/ising_n34/ising_n34_transpiled.qasm,34,199,233,completed,62.046,265,0,26502,201.377,91.3
ising_n34,qasmbench/large/ising_n34.qasm,34,368,368,completed,171.934,400,0,66102,559.35,120.2
cat_n35,qasmbench/large/cat_n35.qasm,35,35,35,completed,4.201,34,0,561,4.085,71.0
qft_35,veriqbench/combinational/qft/qft_35.qasm,35,35,630,completed,696.229,1190,0,196945,1542.844,220.8
dqc_qft_35,veriqbench/dynamic/qft/dqc_qft_35.qasm,35,35,664,completed,18.938,629,595,0,20.547,81.2
cat_n35_transpiled,QASMBench-master/QASMBench-master/large/cat_n35/cat_n35_transpiled.qasm,35,36,37,completed,7.826,36,0,629,5.981,71.3
pe_34,veriqbench/combinational/pe/pe_34.qasm,35,68,663,completed,737.395,1223,0,218196,1725.833,235.6
dqc_pe_34,veriqbench/dynamic/pe/dqc_pe_34.qasm,35,68,696,completed,686.538,695,561,233464,2039.091,253.1
bv_35,veriqbench/combinational/bv/bv_35.qasm,35,105,105,completed,17.086,104,0,5320,32.54,75.2
grover_35,veriqbench/combinational/grover/grover_35.qasm,35,158,158,completed,2.096,220,0,0,4.076,71.5
qaoa_35,veriqbench/variational/QAOA/qaoa_35.qasm,35,718,826,completed,924.916,953,0,333673,2712.854,316.6
qft_36,veriqbench/combinational/qft/qft_36.qasm,36,36,666,completed,745.571,1260,0,220185,1644.77,236.5
dqc_qft_36,veriqbench/dynamic/qft/dqc_qft_36.qasm,36,36,701,completed,20.964,665,630,0,21.231,82.7
pe_35,veriqbench/combinational/pe/pe_35.qasm,36,70,700,completed,798.547,1294,0,243321,1951.636,251.1
dqc_pe_35,veriqbench/dynamic/pe/dqc_pe_35.qasm,36,70,734,completed,818.003,733,595,259913,2201.686,270.4
bv_36,veriqbench/combinational/bv/bv_36.qasm,36,108,108,completed,18.732,107,0,5634,37.362,75.4
wstate_n36,qasmbench/large/wstate_n36.qasm,36,141,141,completed,33.227,175,0,9660,63.615,78.6
wstate_n36_transpiled,QASMBench-master/QASMBench-master/large/wstate_n36/wstate_n36_transpiled.qasm,36,141,281,completed,126.83,315,0,38640,318.339,99.9
gf2^12mult_177_753,veriqbench/combinational/rev_circuit/gf2^12mult_177_753.qasm,36,177,177,completed,27.799,462,0,14443,92.059,81.8
qft_37,veriqbench/combinational/qft/qft_37.qasm,37,37,703,completed,886.915,1332,0,245421,1952.889,253.3
dqc_qft_37,veriqbench/dynamic/qft/dqc_qft_37.qasm,37,37,739,completed,25.961,702,666,0,23.204,82.0
adder_n37,veriqbench/combinational/adder/adder_n37.qasm,37,48,48,completed,1.381,59,0,101,2.271,71.1
pe_36,veriqbench/combinational/pe/pe_36.qasm,37,72,738,completed,942.981,1367,0,270550,2132.614,272.2
dqc_pe_36,veriqbench/dynamic/pe/dqc_pe_36.qasm,37,72,773,completed,836.76,772,630,288540,2535.564,294.6
bv_37,veriqbench/combinational/bv/bv_37.qasm,37,111,111,completed,19.196,110,0,5957,39.15,75.3
grover_37,veriqbench/combinational/grover/grover_37.qasm,37,167,167,completed,2.214,233,0,0,4.811,71.5
qft_38,veriqbench/combinational/qft/qft_38.qasm,38,38,741,completed,1004.134,1406,0,272764,2097.193,274.6
dqc_qft_38,veriqbench/dynamic/qft/dqc_qft_38.qasm,38,38,778,completed,21.566,740,703,0,28.171,82.3
pe_37,veriqbench/combinational/pe/pe_37.qasm,38,74,777,completed,1061.877,1442,0,299997,2517.894,293.5
dqc_pe_37,veriqbench/dynamic/pe/dqc_pe_37.qasm,38,74,813,completed,963.982,812,666,319461,2790.478,318.1
bv_38,veriqbench/combinational/bv/bv_38.qasm,38,114,114,completed,22.118,113,0,6289,44.953,75.5
qft_39,veriqbench/combinational/qft/qft_39.qasm,39,39,780,completed,1071.167,1482,0,302328,2512.495,296.4
dqc_qft_39,veriqbench/dynamic/qft/dqc_qft_39.qasm,39,39,818,completed,24.554,779,741,0,25.579,83.8
qugan_n39,qasmbench/large/qugan_n39.qasm,39,40,131,completed,17.791,166,0,5029,38.537,75.3
pe_38,veriqbench/combinational/pe/pe_38.qasm,39,76,817,completed,1163.759,1519,0,331779,2970.305,316.2
dqc_pe_38,veriqbench/dynamic/pe/dqc_pe_38.qasm,39,76,854,completed,1142.149,853,703,352795,3411.297,360.8
bv_39,veriqbench/combinational/bv/bv_39.qasm,39,117,117,completed,23.026,116,0,6630,41.005,76.2
grover_39,veriqbench/combinational/grover/grover_39.qasm,39,176,176,completed,2.909,246,0,0,5.127,71.6
gf2^13mult_205_881,veriqbench/combinational/rev_circuit/gf2^13mult_205_881.qasm,39,205,205,completed,40.476,540,0,19500,162.854,85.4
qugan_n39_transpiled,QASMBench-master/QASMBench-master/large/qugan_n39/qugan_n39_transpiled.qasm,39,780,1036,completed,1911.782,1293,0,528217,4996.391,475.0
ghz_n40,qasmbench/large/ghz_n40.qasm,40,40,40,completed,11.692,39,0,741,7.122,71.7
qft_40,veriqbench/combinational/qft/qft_40.qasm,40,40,820,completed,1476.174,1560,0,334230,2916.796,319.7
dqc_qft_40,veriqbench/dynamic/qft/dqc_qft_40.qasm,40,40,859,completed,30.579,819,780,0,28.574,85.1
ghz_n40_transpiled,QASMBench-master/QASMBench-master/large/ghz_n40/ghz_n40_transpiled.qasm,40,41,42,completed,11.232,41,0,819,9.04,72.3
adder_n40,veriqbench/combinational/adder/adder_n40.qasm,40,52,52,completed,1.833,64,0,110,2.763,70.8
pe_39,veriqbench/combinational/pe/pe_39.qasm,40,78,858,completed,1391.36,1598,0,366016,3121.688,364.0
dqc_pe_39,veriqbench/dynamic/pe/dqc_pe_39.qasm,40,78,896,completed,1210.198,895,741,388664,3363.628,384.1
bv_40,veriqbench/combinational/bv/bv_40.qasm,40,120,120,completed,22.547,119,0,6980,44.266,76.1
qaoa_40,veriqbench/variational/QAOA/qaoa_40.qasm,40,836,962,completed,1414.676,1111,0,453883,3619.234,424.9
quantum_volume_n40_d20_i0,veriqbench/combinational/qv/quantum_volume_n40_d20_i0.qasm,40,4000,,not completed (memory limit),,,,,,4107.7
qft_41,veriqbench/combinational/qft/qft_41.qasm,41,41,861,completed,1376.099,1640,0,368590,3040.213,360.9
dqc_qft_41,veriqbench/dynamic/qft/dqc_qft_41.qasm,41,41,901,completed,27.784,860,820,0,28.571,85.5
knn_n41,qasmbench/large/knn_n41.qasm,41,42,62,completed,1.025,61,0,0,2.286,71.0
swap_test_n41,qasmbench/large/swap_test_n41.qasm,41,42,62,completed,1.695,61,0,0,2.687,70.8
pe_40,veriqbench/combinational/pe/pe_40.qasm,41,80,900,completed,1432.83,1679,0,402831,3327.602,392.5
dqc_pe_40,veriqbench/dynamic/pe/dqc_pe_40.qasm,41,80,939,completed,1291.079,938,780,427193,3690.278,413.3
bv_41,veriqbench/combinational/bv/bv_41.qasm,41,123,123,completed,26.105,122,0,7339,43.829,76.8
grover_41,veriqbench/combinational/grover/grover_41.qasm,41,185,185,completed,4.117,259,0,0,5.288,71.0
swap_test_n41_transpiled,QASMBench-master/QASMBench-master/large/swap_test_n41/swap_test_n41_transpiled.qasm,41,484,606,completed,507.236,725,0,180269,1705.16,211.0
qft_42,veriqbench/combinational/qft/qft_42.qasm,42,42,903,completed,1537.741,1722,0,405531,3379.018,392.1
dqc_qft_42,veriqbench/dynamic/qft/dqc_qft_42.qasm,42,42,944,completed,29.554,902,861,0,30.24,85.5
pe_41,veriqbench/combinational/pe/pe_41.qasm,42,82,943,completed,1717.968,1762,0,442350,3557.843,415.2
dqc_pe_41,veriqbench/dynamic/pe/dqc_pe_41.qasm,42,82,983,completed,1441.499,982,820,468510,4153.4,444.6
bv_42,veriqbench/combinational/bv/bv_42.qasm,42,126,126,completed,28.039,125,0,7707,49.854,76.6
gf2^14mult_235_1019,veriqbench/combinational/rev_circuit/gf2^14mult_235_1019.qasm,42,235,235,completed,66.174,624,0,25766,221.684,91.6
ising_n42,qasmbench/large/ising_n42.qasm,42,456,456,completed,306.008,496,0,101970,787.809,150.4
qft_43,veriqbench/combinational/qft/qft_43.qasm,43,43,946,completed,1677.588,1806,0,445179,3457.746,420.1
dqc_qft_43,veriqbench/dynamic/qft/dqc_qft_43.qasm,43,43,988,completed,38.337,945,903,0,31.85,87.5
adder_n43,veriqbench/combinational/adder/adder_n43.qasm,43,56,56,completed,1.688,69,0,119,2.639,70.9
pe_42,veriqbench/combinational/pe/pe_42.qasm,43,84,987,completed,1785.205,1847,0,484702,4024.33,442.6
dqc_pe_42,veriqbench/dynamic/pe/dqc_pe_42.qasm,43,84,1028,completed,1567.62,1027,861,512746,4386.931,472.9
bv_43,veriqbench/combinational/bv/bv_43.qasm,43,129,129,completed,29.689,128,0,8084,52.723,77.2
grover_43,veriqbench/combinational/grover/grover_43.qasm,43,194,194,completed,3.203,272,0,0,5.087,71.8
qft_44,veriqbench/combinational/qft/qft_44.qasm,44,44,990,completed,1840.165,1892,0,487663,3882.948,444.4
dqc_qft_44,veriqbench/dynamic/qft/dqc_qft_44.qasm,44,44,1033,completed,36.33,989,946,0,35.082,87.1
pe_43,veriqbench/combinational/pe/pe_43.qasm,44,86,1032,completed,1832.844,1934,0,530019,4464.746,476.9
dqc_pe_43,veriqbench/dynamic/pe/dqc_pe_43.qasm,44,86,1074,completed,1598.155,1073,903,560035,5148.767,507.8
bv_44,veriqbench/combinational/bv/bv_44.qasm,44,132,132,completed,30.323,131,0,8470,56.178,76.8
qft_45,veriqbench/combinational/qft/qft_45.qasm,45,45,1035,completed,2228.619,1980,0,533115,5470.99,481.7
dqc_qft_45,veriqbench/dynamic/qft/dqc_qft_45.qasm,45,45,1079,completed,50.084,1034,990,0,46.096,88.4
pe_44,veriqbench/combinational/pe/pe_44.qasm,45,88,1078,completed,2705.956,2023,0,578436,6104.307,512.6
dqc_pe_44,veriqbench/dynamic/pe/dqc_pe_44.qasm,45,88,1121,completed,2414.183,1120,946,610514,7145.9,544.1
bv_45,veriqbench/combinational/bv/bv_45.qasm,45,135,135,completed,47.346,134,0,8865,66.312,77.9
grover_45,veriqbench/combinational/grover/grover_45.qasm,45,203,203,completed,4.732,285,0,0,10.549,72.4
gf2^15mult_239_1139,veriqbench/combinational/rev_circuit/gf2^15mult_239_1139.qasm,45,239,239,completed,93.707,658,0,26404,289.196,92.6
multiplier_n45,qasmbench/large/multiplier_n45.qasm,45,689,689,completed,184.209,1417,0,46854,467.546,110.0
qaoa_45,veriqbench/variational/QAOA/qaoa_45.qasm,45,966,1112,completed,2030.628,1286,0,607868,5262.512,531.1
qft_46,veriqbench/combinational/qft/qft_46.qasm,46,46,1081,completed,2293.55,2070,0,581670,4649.987,516.8
dqc_qft_46,veriqbench/dynamic/qft/dqc_qft_46.qasm,46,46,1126,completed,34.431,1080,1035,0,37.058,89.5
adder_n46,veriqbench/combinational/adder/adder_n46.qasm,46,60,60,completed,1.632,74,0,128,3.168,70.9
pe_45,veriqbench/combinational/pe/pe_45.qasm,46,90,1125,completed,2411.453,2114,0,630091,5232.724,545.2
dqc_pe_45,veriqbench/dynamic/pe/dqc_pe_45.qasm,46,90,1169,completed,2101.895,1168,990,664323,5834.965,576.2
bv_46,veriqbench/combinational/bv/bv_46.qasm,46,138,138,completed,34.104,137,0,9269,56.824,78.2
qft_47,veriqbench/combinational/qft/qft_47.qasm,47,47,1128,completed,2362.406,2162,0,633466,5172.822,545.2
dqc_qft_47,veriqbench/dynamic/qft/dqc_qft_47.qasm,47,47,1174,completed,36.68,1127,1081,0,36.969,91.9
pe_46,veriqbench/combinational/pe/pe_46.qasm,47,92,1173,completed,2516.019,2207,0,685125,5648.165,577.6
dqc_pe_46,veriqbench/dynamic/pe/dqc_pe_46.qasm,47,92,1218,completed,2164.991,1217,1035,721605,6317.79,656.4
bv_47,veriqbench/combinational/bv/bv_47.qasm,47,141,141,completed,36.41,140,0,9682,63.924,78.8
grover_47,veriqbench/combinational/grover/grover_47.qasm,47,212,212,completed,2.758,298,0,0,6.07,71.0
qft_48,veriqbench/combinational/qft/qft_48.qasm,48,48,1176,completed,2360.536,2256,0,688644,5698.708,619.0
dqc_qft_48,veriqbench/dynamic/qft/dqc_qft_48.qasm,48,48,1223,completed,39.752,1175,1128,0,38.963,91.0
pe_47,veriqbench/combinational/pe/pe_47.qasm,48,94,1222,completed,2883.806,2302,0,743682,5786.625,660.7
dqc_pe_47,veriqbench/dynamic/pe/dqc_pe_47.qasm,48,94,1268,completed,2458.216,1267,1081,782506,6716.014,691.8
bv_48,veriqbench/combinational/bv/bv_48.qasm,48,144,144,completed,35.683,143,0,10104,63.837,79.0
gf2^16mult_301_1325,veriqbench/combinational/rev_circuit/gf2^16mult_301_1325.qasm,48,301,301,completed,129.0,810,0,42645,335.067,104.9
qaoa_48,veriqbench/variational/QAOA/qaoa_48.qasm,48,1032,1188,completed,2018.547,1374,0,694520,5770.072,629.2
qft_49,veriqbench/combinational/qft/qft_49.qasm,49,49,1225,completed,2713.144,2352,0,747348,5846.681,664.9
dqc_qft_49,veriqbench/dynamic/qft/dqc_qft_49.qasm,49,49,1273,completed,40.281,1224,1176,0,41.295,91.5
adder_n49,veriqbench/combinational/adder/adder_n49.qasm,49,64,64,completed,1.722,79,0,137,2.656,71.4
pe_48,veriqbench/combinational/pe/pe_48.qasm,49,96,1272,completed,2904.04,2399,0,805909,6685.838,700.9
dqc_pe_48,veriqbench/dynamic/pe/dqc_pe_48.qasm,49,96,1319,completed,2561.876,1318,1128,847175,7424.163,733.6
bv_49,veriqbench/combinational/bv/bv_49.qasm,49,147,147,completed,49.43,146,0,10535,69.822,78.5
grover_49,veriqbench/combinational/grover/grover_49.qasm,49,221,221,completed,2.872,311,0,0,7.035,72.0
inst_7x7_10_0,veriqbench/combinational/supre_circuit/inst_7x7_10_0.qasm,49,839,839,completed,1224.691,885,0,347004,2787.758,347.4
qft_50,veriqbench/combinational/qft/qft_50.qasm,50,50,1275,completed,2828.129,2450,0,809725,6737.156,697.7
dqc_qft_50,veriqbench/dynamic/qft/dqc_qft_50.qasm,50,50,1324,completed,42.765,1274,1225,0,51.17,92.5
pe_49,veriqbench/combinational/pe/pe_49.qasm,50,98,1323,completed,3173.621,2498,0,871956,7109.062,750.8
dqc_pe_49,veriqbench/dynamic/pe/dqc_pe_49.qasm,50,98,1371,completed,2688.023,1370,1176,915764,8257.003,789.4
bv_50,veriqbench/combinational/bv/bv_50.qasm,50,150,150,completed,39.835,149,0,10975,69.742,79.0
qft_51,veriqbench/combinational/qft/qft_51.qasm,51,51,1326,completed,3027.864,2550,0,875925,7525.384,744.2
dqc_qft_51,veriqbench/dynamic/qft/dqc_qft_51.qasm,51,51,1376,completed,40.258,1325,1275,0,42.262,94.2
pe_50,veriqbench/combinational/pe/pe_50.qasm,51,100,1375,completed,3487.664,2599,0,941976,8151.903,777.7
dqc_pe_50,veriqbench/dynamic/pe/dqc_pe_50.qasm,51,100,1424,completed,3288.914,1423,1225,988428,8715.236,822.9
dnn_n51,qasmbench/large/dnn_n51.qasm,51,102,223,completed,38.274,270,0,14267,97.53,82.4
bv_51,veriqbench/combinational/bv/bv_51.qasm,51,153,153,completed,43.964,152,0,11424,73.287,79.9
grover_51,veriqbench/combinational/grover/grover_51.qasm,51,230,230,completed,2.983,324,0,0,7.068,71.9
gf2^17mult_305_1461,veriqbench/combinational/rev_circuit/gf2^17mult_305_1461.qasm,51,305,305,completed,112.826,848,0,43456,340.804,105.6
dnn_n51_transpiled,QASMBench-master/QASMBench-master/large/dnn_n51/dnn_n51_transpiled.qasm,51,1059,1378,completed,2777.337,1719,0,937387,7765.223,773.4
qft_52,veriqbench/combinational/qft/qft_52.qasm,52,52,1378,completed,3468.893,2652,0,946101,7380.52,783.2
dqc_qft_52,veriqbench/dynamic/qft/dqc_qft_52.qasm,52,52,1429,completed,39.935,1377,1326,0,41.911,95.7
adder_n52,veriqbench/combinational/adder/adder_n52.qasm,52,68,68,completed,2.706,84,0,146,3.064,70.9
pe_51,veriqbench/combinational/pe/pe_51.qasm,52,102,1428,completed,3758.218,2702,0,1016125,9136.341,834.1
dqc_pe_51,veriqbench/dynamic/pe/dqc_pe_51.qasm,52,102,1478,completed,3311.889,1477,1275,1065325,9591.629,881.3
bv_52,veriqbench/combinational/bv/bv_52.qasm,52,156,156,completed,59.943,155,0,11882,75.694,79.7
53QBT_4CYC_8GN_1.0P2_0,veriqbench/combinational/qubit_mapping/Rochester/53QBT_4CYC_8GN_1.0P2_0.qasm,53,8,8,completed,0.261,3,0,3,0.478,70.7
53QBT_8CYC_16GN_1.0P2_0,veriqbench/combinational/qubit_mapping/Rochester/53QBT_8CYC_16GN_1.0P2_0.qasm,53,16,16,completed,0.375,9,0,21,0.797,71.4
53QBT_16CYC_32GN_1.0P2_0,veriqbench/combinational/qubit_mapping/Rochester/53QBT_16CYC_32GN_1.0P2_0.qasm,53,32,32,completed,1.659,23,0,138,1.902,70.9
qft_53,veriqbench/combinational/qft/qft_53.qasm,53,53,1431,completed,4011.704,2756,0,1020409,8641.892,839.5
dqc_qft_53,veriqbench/dynamic/qft/dqc_qft_53.qasm,53,53,1483,completed,54.151,1430,1378,0,62.647,95.3
53QBT_32CYC_64GN_1.0P2_0,veriqbench/combinational/qubit_mapping/Rochester/53QBT_32CYC_64GN_1.0P2_0.qasm,53,64,64,completed,2.499,57,0,440,6.519,71.6
pe_52,veriqbench/combinational/pe/pe_52.qasm,53,104,1482,completed,3803.21,2807,0,1094562,9579.514,877.8
dqc_pe_52,veriqbench/dynamic/pe/dqc_pe_52.qasm,53,104,1533,completed,3298.571,1532,1326,1146616,10838.759,938.2
53QBT_64CYC_128GN_1.0P2_0,veriqbench/combinational/qubit_mapping/Rochester/53QBT_64CYC_128GN_1.0P2_0.qasm,53,128,128,completed,7.46,133,0,2240,15.544,72.4
bv_53,veriqbench/combinational/bv/bv_53.qasm,53,159,159,completed,57.376,158,0,12349,108.478,80.5
grover_53,veriqbench/combinational/grover/grover_53.qasm,53,239,239,completed,3.307,337,0,0,8.609,72.1
54QBT_4CYC_8GN_1.0P2_0,veriqbench/combinational/qubit_mapping/Sycamore/54QBT_4CYC_8GN_1.0P2_0.qasm,54,8,8,completed,0.234,3,0,1,0.445,71.1
54QBT_8CYC_16GN_1.0P2_0,veriqbench/combinational/qubit_mapping/Sycamore/54QBT_8CYC_16GN_1.0P2_0.qasm,54,16,16,completed,0.394,8,0,21,0.783,71.1
54QBT_16CYC_32GN_1.0P2_0,veriqbench/combinational/qubit_mapping/Sycamore/54QBT_16CYC_32GN_1.0P2_0.qasm,54,32,32,completed,1.152,19,0,103,1.853,71.8
qft_54,veriqbench/combinational/qft/qft_54.qasm,54,54,1485,completed,4057.785,2862,0,1099008,9519.373,893.5
dqc_qft_54,veriqbench/dynamic/qft/dqc_qft_54.qasm,54,54,1538,completed,46.722,1484,1431,0,53.546,95.9
54QBT_32CYC_64GN_1.0P2_0,veriqbench/combinational/qubit_mapping/Sycamore/54QBT_32CYC_64GN_1.0P2_0.qasm,54,64,64,completed,3.555,62,0,666,5.473,71.7
pe_53,veriqbench/combinational/pe/pe_53.qasm,54,106,1537,completed,4492.728,2914,0,1177449,10612.507,921.1
dqc_pe_53,veriqbench/dynamic/pe/dqc_pe_53.qasm,54,106,1589,completed,4256.95,1588,1378,1232465,12138.63,980.3
54QBT_64CYC_128GN_1.0P2_0,veriqbench/combinational/qubit_mapping/Sycamore/54QBT_64CYC_128GN_1.0P2_0.qasm,54,128,128,completed,13.93,136,0,3473,25.193,73.6
bv_54,veriqbench/combinational/bv/bv_54.qasm,54,162,162,completed,50.366,161,0,12825,83.074,80.2
gf2^18mult_375_1671,veriqbench/combinational/rev_circuit/gf2^18mult_375_1671.qasm,54,375,375,completed,178.796,1020,0,66640,570.055,120.9
qft_55,veriqbench/combinational/qft/qft_55.qasm,55,55,1540,completed,4369.057,2970,0,1182060,11575.805,932.4
dqc_qft_55,veriqbench/dynamic/qft/dqc_qft_55.qasm,55,55,1594,completed,58.701,1539,1485,0,67.655,97.6
adder_n55,veriqbench/combinational/adder/adder_n55.qasm,55,72,72,completed,1.942,89,0,155,4.156,71.9
pe_54,veriqbench/combinational/pe/pe_54.qasm,55,108,1593,completed,5259.863,3023,0,1264951,11987.867,988.5
dqc_pe_54,veriqbench/dynamic/pe/dqc_pe_54.qasm,55,108,1646,completed,4655.289,1645,1431,1323039,12785.276,1042.8
bv_55,veriqbench/combinational/bv/bv_55.qasm,55,165,165,completed,52.178,164,0,13310,92.028,81.6
grover_55,veriqbench/combinational/grover/grover_55.qasm,55,248,248,completed,4.041,350,0,0,6.812,72.1
qft_56,veriqbench/combinational/qft/qft_56.qasm,56,56,1596,completed,5714.621,3080,0,1269730,10689.525,990.2
dqc_qft_56,veriqbench/dynamic/qft/dqc_qft_56.qasm,56,56,1651,completed,53.181,1595,1540,0,62.975,98.0
pe_55,veriqbench/combinational/pe/pe_55.qasm,56,110,1650,completed,5089.183,3134,0,1357236,11238.693,1048.4
dqc_pe_55,veriqbench/dynamic/pe/dqc_pe_55.qasm,56,110,1704,completed,4291.646,1703,1485,1418508,12174.683,1179.0
bv_56,veriqbench/combinational/bv/bv_56.qasm,56,168,168,completed,53.958,167,0,13804,86.248,81.1
hwb50ps,veriqbench/combinational/rev_circuit/hwb50ps.qasm,56,966,,error (exit 1),,,,,,
qft_57,veriqbench/combinational/qft/qft_57.qasm,57,57,1653,completed,4800.975,3192,0,1362186,10862.66,1049.5
dqc_qft_57,veriqbench/dynamic/qft/dqc_qft_57.qasm,57,57,1709,completed,49.027,1652,1596,0,53.791,98.8
pe_56,veriqbench/combinational/pe/pe_56.qasm,57,112,1708,completed,5205.922,3247,0,1454475,11744.483,1198.1
dqc_pe_56,veriqbench/dynamic/pe/dqc_pe_56.qasm,57,112,1763,completed,4327.718,1762,1540,1519045,13159.159,1248.4
bv_57,veriqbench/combinational/bv/bv_57.qasm,57,171,171,completed,54.977,170,0,14307,89.5,81.1
grover_57,veriqbench/combinational/grover/grover_57.qasm,57,257,257,completed,3.935,363,0,0,7.39,71.3
gf2^19mult_415_1859,veriqbench/combinational/rev_circuit/gf2^19mult_415_1859.qasm,57,415,415,completed,181.393,1134,0,81846,686.715,131.8
qft_58,veriqbench/combinational/qft/qft_58.qasm,58,58,1711,completed,5233.754,3306,0,1459599,12095.974,1199.4
dqc_qft_58,veriqbench/dynamic/qft/dqc_qft_58.qasm,58,58,1768,completed,50.473,1710,1653,0,56.559,100.4
adder_n58,veriqbench/combinational/adder/adder_n58.qasm,58,76,76,completed,2.368,94,0,164,2.977,71.0
pe_57,veriqbench/combinational/pe/pe_57.qasm,58,114,1767,completed,5873.743,3362,0,1556842,12970.246,1265.7
dqc_pe_57,veriqbench/dynamic/pe/dqc_pe_57.qasm,58,114,1823,completed,5221.633,1822,1596,1624826,14510.141,1327.5
bv_58,veriqbench/combinational/bv/bv_58.qasm,58,174,174,completed,63.027,173,0,14819,98.119,82.4
qft_59,veriqbench/combinational/qft/qft_59.qasm,59,59,1770,completed,5835.876,3422,0,1562143,12669.4,1276.1
dqc_qft_59,veriqbench/dynamic/qft/dqc_qft_59.qasm,59,59,1828,completed,52.947,1769,1711,0,58.833,101.4
pe_58,veriqbench/combinational/pe/pe_58.qasm,59,116,1827,completed,5964.732,3479,0,1664514,13549.908,1337.4
dqc_pe_58,veriqbench/dynamic/pe/dqc_pe_58.qasm,59,116,1884,completed,5258.937,1883,1653,1736030,14949.689,1400.7
bv_59,veriqbench/combinational/bv/bv_59.qasm,59,177,177,completed,59.649,176,0,15340,95.916,82.3
grover_59,veriqbench/combinational/grover/grover_59.qasm,59,266,266,completed,3.666,376,0,0,8.007,71.6
qft_60,veriqbench/combinational/qft/qft_60.qasm,60,60,1830,completed,5993.512,3540,0,1669995,13438.786,1334.1
dqc_qft_60,veriqbench/dynamic/qft/dqc_qft_60.qasm,60,60,1889,completed,58.411,1829,1770,0,62.616,101.6
pe_59,veriqbench/combinational/pe/pe_59.qasm,60,118,1888,completed,6221.229,3598,0,1777671,14654.867,1412.2
dqc_pe_59,veriqbench/dynamic/pe/dqc_pe_59.qasm,60,118,1946,completed,5522.991,1945,1711,1852839,17149.944,1502.5
bv_60,veriqbench/combinational/bv/bv_60.qasm,60,180,180,completed,66.047,179,0,15870,100.353,82.8
gf2^20mult_419_2019,veriqbench/combinational/rev_circuit/gf2^20mult_419_2019.qasm,60,419,419,completed,233.232,1178,0,82954,621.987,138.2
qft_61,veriqbench/combinational/qft/qft_61.qasm,61,61,1891,completed,7151.321,3660,0,1783335,14730.91,1411.3
dqc_qft_61,veriqbench/dynamic/qft/dqc_qft_61.qasm,61,61,1951,completed,61.06,1890,1830,0,68.093,102.5
adder_n61,veriqbench/combinational/adder/adder_n61.qasm,61,80,80,completed,2.562,99,0,173,4.273,71.0
pe_60,veriqbench/combinational/pe/pe_60.qasm,61,120,1950,completed,7383.643,3719,0,1896496,15786.465,1499.4
dqc_pe_60,veriqbench/dynamic/pe/dqc_pe_60.qasm,61,120,2009,completed,6746.347,2008,1770,1975438,18145.17,1557.8
bv_61,veriqbench/combinational/bv/bv_61.qasm,61,183,183,completed,69.218,182,0,16409,105.102,82.8
grover_61,veriqbench/combinational/grover/grover_61.qasm,61,275,275,completed,4.411,389,0,0,7.919,71.9
qft_62,veriqbench/combinational/qft/qft_62.qasm,62,62,1953,completed,6513.476,3782,0,1902346,15424.645,1494.4
dqc_qft_62,veriqbench/dynamic/qft/dqc_qft_62.qasm,62,62,2014,completed,61.628,1952,1891,0,66.29,104.1
pe_61,veriqbench/combinational/pe/pe_61.qasm,62,122,2013,completed,7723.67,3842,0,2021175,16601.754,1575.2
dqc_pe_61,veriqbench/dynamic/pe/dqc_pe_61.qasm,62,122,2073,completed,6636.644,2072,1830,2104015,18215.657,1640.5
bv_62,veriqbench/combinational/bv/bv_62.qasm,62,186,186,completed,85.53,185,0,16957,107.321,83.7
qft_63,veriqbench/combinational/qft/qft_63.qasm,63,63,2016,completed,7275.336,3906,0,2027214,16276.401,1574.5
dqc_qft_63,veriqbench/dynamic/qft/dqc_qft_63.qasm,63,63,2078,completed,64.819,2015,1953,0,66.109,105.3
pe_62,veriqbench/combinational/pe/pe_62.qasm,63,124,2077,completed,7578.212,3967,0,2151897,18481.701,1660.2
dqc_pe_62,veriqbench/dynamic/pe/dqc_pe_62.qasm,63,124,2138,completed,6855.43,2137,1891,2238761,19981.346,1736.4
bv_63,veriqbench/combinational/bv/bv_63.qasm,63,189,189,completed,72.588,188,0,17514,112.387,83.7
grover_63,veriqbench/combinational/grover/grover_63.qasm,63,284,284,completed,4.428,402,0,0,8.621,71.3
ghz_n64,mqtbench/ghz_n64.qasm,64,64,64,completed,22.21,63,0,1953,14.839,72.0
qftentangled_n64,mqtbench/qftentangled_n64.qasm,64,64,2176,completed,9443.899,4223,0,2362176,20974.395,1795.6
qft_64,veriqbench/combinational/qft/qft_64.qasm,64,64,2080,completed,8101.98,4032,0,2158128,17654.131,1663.1
dqc_qft_64,veriqbench/dynamic/qft/dqc_qft_64.qasm,64,64,2143,completed,68.315,2079,2016,0,117.567,106.1
adder_n64,veriqbench/combinational/adder/adder_n64.qasm,64,84,84,completed,2.496,104,0,182,3.866,70.6
cc_n64,qasmbench/large/cc_n64.qasm,64,126,256,completed,139.62,256,128,32129,260.043,103.6
pe_63,veriqbench/combinational/pe/pe_63.qasm,64,126,2142,completed,8020.068,4094,0,2288854,18677.654,1752.5
dqc_pe_63,veriqbench/dynamic/pe/dqc_pe_63.qasm,64,126,2204,completed,7038.979,2203,1953,2379870,21249.779,1821.8
dj_n64,mqtbench/dj_n64.qasm,64,128,259,completed,120.258,258,0,32988,251.555,96.0
graphstate_n64,mqtbench/graphstate_n64.qasm,64,128,128,completed,28.68,128,0,4304,28.446,74.5
bv_n64,mqtbench/bv_n64.qasm,64,158,158,completed,17.897,125,0,4247,27.875,74.0
cc_n64_transpiled,QASMBench-master/QASMBench-master/large/cc_n64/cc_n64_transpiled.qasm,64,189,636,completed,752.206,636,382,199081,1574.525,246.8
bv_64,veriqbench/combinational/bv/bv_64.qasm,64,192,192,completed,82.188,191,0,18080,152.616,84.7
adder_n64,qasmbench/large/adder_n64.qasm,64,204,204,completed,98.494,287,0,20419,164.349,86.8
wstate_n64,mqtbench/wstate_n64.qasm,64,253,253,completed,113.483,315,0,31500,244.318,94.2
adder_n64_transpiled,QASMBench-master/QASMBench-master/large/adder_n64/adder_n64_transpiled.qasm,64,1044,1156,completed,2161.003,1547,0,660499,5276.398,566.8
inst_8x8_10_0,veriqbench/combinational/supre_circuit/inst_8x8_10_0.qasm,64,1116,1116,completed,2006.456,1180,0,616088,5166.712,534.5
qaoa_64,veriqbench/variational/QAOA/qaoa_64.qasm,64,1472,1696,completed,4638.045,1968,0,1421991,12341.994,1166.0
cat_n65,qasmbench/large/cat_n65.qasm,65,65,65,completed,21.668,64,0,2016,13.464,72.9
qft_65,veriqbench/combinational/qft/qft_65.qasm,65,65,2145,completed,8439.292,4160,0,2295280,19358.335,1752.3
dqc_qft_65,veriqbench/dynamic/qft/dqc_qft_65.qasm,65,65,2209,completed,65.205,2144,2080,0,123.173,108.6
cat_n65_transpiled,QASMBench-master/QASMBench-master/large/cat_n65/cat_n65_transpiled.qasm,65,66,67,completed,22.083,66,0,2144,14.344,72.8
pe_64,veriqbench/combinational/pe/pe_64.qasm,65,128,2208,completed,8796.995,4223,0,2432241,21182.012,1844.8
dqc_pe_64,veriqbench/dynamic/pe/dqc_pe_64.qasm,65,128,2271,completed,8146.849,2270,2016,2527539,23514.28,1875.5
bv_65,veriqbench/combinational/bv/bv_65.qasm,65,195,195,completed,79.974,194,0,18655,169.405,85.1
grover_65,veriqbench/combinational/grover/grover_65.qasm,65,293,293,completed,5.706,415,0,0,8.491,71.6
qft_66,veriqbench/combinational/qft/qft_66.qasm,66,66,2211,completed,9016.925,4290,0,2438865,21197.674,1847.8
dqc_qft_66,veriqbench/dynamic/qft/dqc_qft_66.qasm,66,66,2276,completed,70.688,2210,2145,0,122.115,110.1
pe_65,veriqbench/combinational/pe/pe_65.qasm,66,130,2275,completed,9506.339,4354,0,2582256,21704.369,1940.7
dqc_pe_65,veriqbench/dynamic/pe/dqc_pe_65.qasm,66,130,2339,completed,8268.488,2338,2080,2681968,23849.377,1979.8
bv_66,veriqbench/combinational/bv/bv_66.qasm,66,198,198,completed,95.841,197,0,19239,162.327,85.1
ising_n66_transpiled,QASMBench-master/QASMBench-master/large/ising_n66/ising_n66_transpiled.qasm,66,391,457,completed,371.846,521,0,103158,805.416,150.8
ising_n66,qasmbench/large/ising_n66.qasm,66,720,720,completed,915.825,784,0,256038,1953.558,261.6
qft_67,veriqbench/combinational/qft/qft_67.qasm,67,67,2278,completed,9470.23,4422,0,2589081,21547.865,1903.6
dqc_qft_67,veriqbench/dynamic/qft/dqc_qft_67.qasm,67,67,2344,completed,73.659,2277,2211,0,120.989,112.1
knn_n67,qasmbench/large/knn_n67.qasm,67,68,101,completed,1.346,100,0,0,3.167,71.2
adder_n67,veriqbench/combinational/adder/adder_n67.qasm,67,88,88,completed,2.868,109,0,191,4.189,70.8
pe_66,veriqbench/combinational/pe/pe_66.qasm,67,132,2343,completed,9708.799,4487,0,2739100,23533.243,2006.9
dqc_pe_66,veriqbench/dynamic/pe/dqc_pe_66.qasm,67,132,2408,completed,9202.805,2407,2145,2843360,25095.491,2245.0
bv_67,veriqbench/combinational/bv/bv_67.qasm,67,201,201,completed,83.004,200,0,19832,228.084,85.3
grover_67,veriqbench/combinational/grover/grover_67.qasm,67,302,302,completed,4.504,428,0,0,8.282,72.4
knn_n67_transpiled,QASMBench-master/QASMBench-master/large/knn_n67/knn_n67_transpiled.qasm,67,730,930,completed,1442.45,1127,0,427382,3442.297,400.7
qft_68,veriqbench/combinational/qft/qft_68.qasm,68,68,2346,completed,9934.828,4556,0,2746129,22583.976,2009.7
dqc_qft_68,veriqbench/dynamic/qft/dqc_qft_68.qasm,68,68,2413,completed,70.342,2345,2278,0,126.636,112.1
pe_67,veriqbench/combinational/pe/pe_67.qasm,68,134,2412,completed,10302.457,4622,0,2902977,24430.968,2265.1
dqc_pe_67,veriqbench/dynamic/pe/dqc_pe_67.qasm,68,134,2478,completed,8947.298,2477,2211,3011921,27237.721,2355.0
bv_68,veriqbench/combinational/bv/bv_68.qasm,68,204,204,completed,87.551,203,0,20434,173.68,87.6
qft_69,veriqbench/combinational/qft/qft_69.qasm,69,69,2415,completed,10383.179,4692,0,2910213,24559.246,2264.4
dqc_qft_69,veriqbench/dynamic/qft/dqc_qft_69.qasm,69,69,2483,completed,74.459,2414,2346,0,134.62,113.3
pe_68,veriqbench/combinational/pe/pe_68.qasm,69,136,2482,completed,11141.0,4759,0,3074094,26275.469,2374.3
dqc_pe_68,veriqbench/dynamic/pe/dqc_pe_68.qasm,69,136,2549,completed,10117.964,2548,2278,3187860,29718.799,2460.6
bv_69,veriqbench/combinational/bv/bv_69.qasm,69,207,207,completed,88.232,206,0,21045,187.436,86.9
grover_69,veriqbench/combinational/grover/grover_69.qasm,69,311,311,completed,4.387,441,0,0,8.768,72.1
qft_70,veriqbench/combinational/qft/qft_70.qasm,70,70,2485,completed,11263.688,4830,0,3081540,26675.442,2377.8
dqc_qft_70,veriqbench/dynamic/qft/dqc_qft_70.qasm,70,70,2554,completed,77.589,2484,2415,0,137.908,114.1
adder_n70,veriqbench/combinational/adder/adder_n70.qasm,70,92,92,completed,2.689,114,0,200,3.578,71.0
pe_69,veriqbench/combinational/pe/pe_69.qasm,70,138,2553,completed,12404.129,4898,0,3252661,28421.021,2519.1
dqc_pe_69,veriqbench/dynamic/pe/dqc_pe_69.qasm,70,138,2621,completed,11343.661,2620,2346,3371389,30424.754,2584.8
bv_n70,qasmbench/large/bv_n70.qasm,70,176,176,completed,27.692,142,0,5850,42.578,75.7
bv_70,veriqbench/combinational/bv/bv_70.qasm,70,210,210,completed,97.277,209,0,21665,197.626,87.8
bv_n70_transpiled,QASMBench-master/QASMBench-master/large/bv_n70/bv_n70_transpiled.qasm,70,314,453,completed,99.789,419,0,31734,296.471,96.4
qft_71,veriqbench/combinational/qft/qft_71.qasm,71,71,2556,completed,11988.329,4970,0,3260320,27722.509,2492.1
dqc_qft_71,veriqbench/dynamic/qft/dqc_qft_71.qasm,71,71,2626,completed,78.864,2555,2485,0,131.998,114.2
qugan_n71,qasmbench/large/qugan_n71.qasm,71,72,243,completed,71.21,310,0,17933,171.044,85.3
pe_70,veriqbench/combinational/pe/pe_70.qasm,71,140,2625,completed,12477.13,5039,0,3438891,28782.559,2604.7
dqc_pe_70,veriqbench/dynamic/pe/dqc_pe_70.qasm,71,140,2694,completed,11252.53,2693,2415,3562723,32476.051,2735.3
bv_71,veriqbench/combinational/bv/bv_71.qasm,71,213,213,completed,99.775,212,0,22294,193.033,88.7
grover_71,veriqbench/combinational/grover/grover_71.qasm,71,320,320,completed,4.108,454,0,0,10.345,72.8
qugan_n71_transpiled,QASMBench-master/QASMBench-master/large/qugan_n71/qugan_n71_transpiled.qasm,71,1452,1932,completed,5514.636,2413,0,1850145,15958.586,1464.0
qft_72,veriqbench/combinational/qft/qft_72.qasm,72,72,2628,completed,12907.399,5112,0,3446766,29562.189,2608.7
dqc_qft_72,veriqbench/dynamic/qft/dqc_qft_72.qasm,72,72,2699,completed,102.926,2627,2556,0,136.728,117.3
pe_71,veriqbench/combinational/pe/pe_71.qasm,72,142,2698,completed,13542.929,5182,0,3633000,31579.753,2725.2
dqc_pe_71,veriqbench/dynamic/pe/dqc_pe_71.qasm,72,142,2768,completed,11747.653,2767,2485,3762080,34970.536,2832.9
bv_72,veriqbench/combinational/bv/bv_72.qasm,72,216,216,completed,122.314,215,0,22932,190.502,88.7
qaoa_72,veriqbench/variational/QAOA/qaoa_72.qasm,72,1668,1922,completed,5706.255,2231,0,1828567,16110.098,1447.3
qft_73,veriqbench/combinational/qft/qft_73.qasm,73,73,2701,completed,13595.274,5256,0,3641094,31886.574,2756.4
dqc_qft_73,veriqbench/dynamic/qft/dqc_qft_73.qasm,73,73,2773,completed,83.122,2700,2628,0,140.748,118.6
adder_n73,veriqbench/combinational/adder/adder_n73.qasm,73,96,96,completed,3.136,119,0,209,3.936,71.4
pe_72,veriqbench/combinational/pe/pe_72.qasm,73,144,2772,completed,13989.148,5327,0,3835207,34085.844,2870.1
dqc_pe_72,veriqbench/dynamic/pe/dqc_pe_72.qasm,73,144,2843,completed,12128.722,2842,2556,3969681,37119.299,2981.1
bv_73,veriqbench/combinational/bv/bv_73.qasm,73,219,219,completed,119.262,218,0,23579,200.37,89.6
grover_73,veriqbench/combinational/grover/grover_73.qasm,73,329,329,completed,4.893,467,0,0,10.922,72.1
qft_74,veriqbench/combinational/qft/qft_74.qasm,74,74,2775,completed,14492.706,5402,0,3843523,32772.168,2870.6
dqc_qft_74,veriqbench/dynamic/qft/dqc_qft_74.qasm,74,74,2848,completed,109.832,2774,2701,0,144.627,119.0
pe_73,veriqbench/combinational/pe/pe_73.qasm,74,146,2847,completed,15301.185,5474,0,4045734,35082.473,3033.8
dqc_pe_73,veriqbench/dynamic/pe/dqc_pe_73.qasm,74,146,2919,completed,13489.494,2918,2628,4185750,38562.891,3136.6
bv_74,veriqbench/combinational/bv/bv_74.qasm,74,222,222,completed,142.334,221,0,24235,198.212,90.0
qft_75,veriqbench/combinational/qft/qft_75.qasm,75,75,2850,completed,15331.254,5550,0,4054275,35066.861,3023.2
dqc_qft_75,veriqbench/dynamic/qft/dqc_qft_75.qasm,75,75,2924,completed,86.14,2849,2775,0,149.547,121.2
pe_74,veriqbench/combinational/pe/pe_74.qasm,75,148,2923,completed,15851.432,5623,0,4264806,37160.58,3174.9
dqc_pe_74,veriqbench/dynamic/pe/dqc_pe_74.qasm,75,148,2996,completed,13944.351,2995,2701,4410514,40683.193,3297.5
bv_75,veriqbench/combinational/bv/bv_75.qasm,75,225,225,completed,110.631,224,0,24900,257.938,90.2
grover_75,veriqbench/combinational/grover/grover_75.qasm,75,338,338,completed,4.388,480,0,0,10.608,72.5
multiplier_n75,qasmbench/large/multiplier_n75.qasm,75,1957,1957,completed,708.539,4071,0,232665,2002.016,252.7
qft_76,veriqbench/combinational/qft/qft_76.qasm,76,76,2926,completed,16042.362,5700,0,4273575,36454.375,3180.1
dqc_qft_76,veriqbench/dynamic/qft/dqc_qft_76.qasm,76,76,3001,completed,92.743,2925,2850,0,142.938,121.8
adder_n76,veriqbench/combinational/adder/adder_n76.qasm,76,100,100,completed,5.94,124,0,218,7.381,70.9
pe_75,veriqbench/combinational/pe/pe_75.qasm,76,150,3000,completed,16754.25,5774,0,4492651,40122.25,3339.0
dqc_pe_75,veriqbench/dynamic/pe/dqc_pe_75.qasm,76,150,3074,completed,14425.169,3073,2775,4644203,44272.314,3468.7
bv_76,veriqbench/combinational/bv/bv_76.qasm,76,228,228,completed,116.337,227,0,25574,197.66,91.4
wstate_n76,qasmbench/large/wstate_n76.qasm,76,301,301,completed,212.011,375,0,44700,357.434,105.8
wstate_n76_transpiled,QASMBench-master/QASMBench-master/large/wstate_n76/wstate_n76_transpiled.qasm,76,301,601,completed,673.19,675,0,178800,1395.535,211.2
qft_77,veriqbench/combinational/qft/qft_77.qasm,77,77,3003,completed,17723.081,5852,0,4501651,38361.063,3294.4
dqc_qft_77,veriqbench/dynamic/qft/dqc_qft_77.qasm,77,77,3079,completed,97.735,3002,2926,0,167.829,124.3
pe_76,veriqbench/combinational/pe/pe_76.qasm,77,152,3078,completed,17831.204,5927,0,4729500,39929.217,3337.4
dqc_pe_76,veriqbench/dynamic/pe/dqc_pe_76.qasm,77,152,3153,completed,15384.61,3152,2850,4887050,43658.725,3530.2
bv_77,veriqbench/combinational/bv/bv_77.qasm,77,231,231,completed,123.539,230,0,26257,211.733,91.9
grover_77,veriqbench/combinational/grover/grover_77.qasm,77,347,347,completed,4.996,493,0,0,9.594,71.6
ghz_n78,qasmbench/large/ghz_n78.qasm,78,78,78,completed,36.83,77,0,2926,19.525,73.2
qft_78,veriqbench/combinational/qft/qft_78.qasm,78,78,3081,completed,17246.264,6006,0,4738734,38814.966,3502.0
dqc_qft_78,veriqbench/dynamic/qft/dqc_qft_78.qasm,78,78,3158,completed,86.815,3080,3003,0,146.24,127.2
ghz_n78_transpiled,QASMBench-master/QASMBench-master/large/ghz_n78/ghz_n78_transpiled.qasm,78,79,80,completed,38.543,79,0,3080,18.732,72.6
pe_77,veriqbench/combinational/pe/pe_77.qasm,78,154,3157,completed,17376.021,6082,0,4975587,41246.833,3530.1
dqc_pe_77,veriqbench/dynamic/pe/dqc_pe_77.qasm,78,154,3233,completed,14865.298,3232,2926,5139291,49088.541,3683.0
bv_78,veriqbench/combinational/bv/bv_78.qasm,78,234,234,completed,117.056,233,0,26949,215.319,91.5
qft_79,veriqbench/combinational/qft/qft_79.qasm,79,79,3160,completed,17113.647,6162,0,4985058,42513.649,3585.3
dqc_qft_79,veriqbench/dynamic/qft/dqc_qft_79.qasm,79,79,3238,completed,90.884,3159,3081,0,148.845,125.3
adder_n79,veriqbench/combinational/adder/adder_n79.qasm,79,104,104,completed,3.061,129,0,227,4.433,71.1
pe_78,veriqbench/combinational/pe/pe_78.qasm,79,156,3237,completed,19415.22,6239,0,5231149,46213.523,3787.0
dqc_pe_78,veriqbench/dynamic/pe/dqc_pe_78.qasm,79,156,3314,completed,17911.307,3313,3003,5401165,50598.351,3864.9
bv_79,veriqbench/combinational/bv/bv_79.qasm,79,237,237,completed,124.381,236,0,27650,270.007,92.1
grover_79,veriqbench/combinational/grover/grover_79.qasm,79,356,356,completed,5.007,506,0,0,10.284,71.9
qft_80,veriqbench/combinational/qft/qft_80.qasm,80,80,3240,completed,19836.807,6320,0,5240860,45594.79,3689.7
dqc_qft_80,veriqbench/dynamic/qft/dqc_qft_80.qasm,80,80,3319,completed,151.736,3239,3160,0,118.274,125.4
pe_79,veriqbench/combinational/pe/pe_79.qasm,80,158,3318,completed,20532.159,6398,0,5496426,49224.939,3882.2
dqc_pe_79,veriqbench/dynamic/pe/dqc_pe_79.qasm,80,158,,not completed (memory limit),,,,,,4098.0
bv_80,veriqbench/combinational/bv/bv_80.qasm,80,240,240,completed,130.68,239,0,28360,232.805,93.3
qaoa_80,veriqbench/variational/QAOA/qaoa_80.qasm,80,1722,2148,completed,7067.388,2494,0,2286219,20481.665,1744.8
qft_81,veriqbench/combinational/qft/qft_81.qasm,81,81,3321,completed,20813.963,6480,0,5506380,49053.58,3944.2
dqc_qft_81,veriqbench/dynamic/qft/dqc_qft_81.qasm,81,81,3401,completed,152.524,3320,3240,0,113.291,126.9
pe_80,veriqbench/combinational/pe/pe_80.qasm,81,160,,not completed (memory limit),,,,,,4097.2
dqc_pe_80,veriqbench/dynamic/pe/dqc_pe_80.qasm,81,160,,not completed (memory limit),,,,,,4099.4
bv_81,veriqbench/combinational/bv/bv_81.qasm,81,243,243,completed,135.076,242,0,29079,231.024,93.4
grover_81,veriqbench/combinational/grover/grover_81.qasm,81,365,365,completed,6.16,519,0,0,10.927,72.7
inst_9x9_10_0,veriqbench/combinational/supre_circuit/inst_9x9_10_0.qasm,81,1417,1417,completed,3529.759,1498,0,995483,8802.721,816.6
qft_82,veriqbench/combinational/qft/qft_82.qasm,82,82,,not completed (memory limit),,,,,,4102.2
dqc_qft_82,veriqbench/dynamic/qft/dqc_qft_82.qasm,82,82,3484,completed,177.771,3402,3321,0,114.855,127.4
adder_n82,veriqbench/combinational/adder/adder_n82.qasm,82,108,108,completed,3.871,134,0,236,4.799,70.9
pe_81,veriqbench/combinational/pe/pe_81.qasm,82,162,,not completed (memory limit),,,,,,4130.9
dqc_pe_81,veriqbench/dynamic/pe/dqc_pe_81.qasm,82,162,,not completed (memory limit),,,,,,4218.6
bv_82,veriqbench/combinational/bv/bv_82.qasm,82,246,246,completed,196.266,245,0,29807,231.955,94.6
qft_83,veriqbench/combinational/qft/qft_83.qasm,83,83,,not completed (memory limit),,,,,,4150.9
dqc_qft_83,veriqbench/dynamic/qft/dqc_qft_83.qasm,83,83,3568,completed,168.692,3485,3403,0,117.187,129.2
swap_test_n83,qasmbench/large/swap_test_n83.qasm,83,84,125,completed,1.74,124,0,0,3.705,71.1
pe_82,veriqbench/combinational/pe/pe_82.qasm,83,164,,not completed (memory limit),,,,,,4159.2
dqc_pe_82,veriqbench/dynamic/pe/dqc_pe_82.qasm,83,164,,not completed (memory limit),,,,,,4138.8
bv_83,veriqbench/combinational/bv/bv_83.qasm,83,249,249,completed,162.788,248,0,30544,244.091,94.4
grover_83,veriqbench/combinational/grover/grover_83.qasm,83,374,374,completed,5.521,532,0,0,9.816,72.3
swap_test_n83_transpiled,QASMBench-master/QASMBench-master/large/swap_test_n83/swap_test_n83_transpiled.qasm,83,988,1236,completed,2599.131,1481,0,756572,6408.678,663.4
qft_84,veriqbench/combinational/qft/qft_84.qasm,84,84,,not completed (memory limit),,,,,,4320.5
dqc_qft_84,veriqbench/dynamic/qft/dqc_qft_84.qasm,84,84,3653,completed,160.442,3569,3486,0,124.046,129.8
pe_83,veriqbench/combinational/pe/pe_83.qasm,84,166,,not completed (memory limit),,,,,,4243.0
dqc_pe_83,veriqbench/dynamic/pe/dqc_pe_83.qasm,84,166,,not completed (memory limit),,,,,,4098.7
bv_84,veriqbench/combinational/bv/bv_84.qasm,84,252,252,completed,146.316,251,0,31290,252.354,94.8
qft_85,veriqbench/combinational/qft/qft_85.qasm,85,85,,not completed (memory limit),,,,,,4162.1
dqc_qft_85,veriqbench/dynamic/qft/dqc_qft_85.qasm,85,85,3739,completed,155.751,3654,3570,0,120.855,130.9
adder_n85,veriqbench/combinational/adder/adder_n85.qasm,85,112,112,completed,3.348,139,0,245,4.934,71.3
pe_84,veriqbench/combinational/pe/pe_84.qasm,85,168,,not completed (memory limit),,,,,,4309.8
dqc_pe_84,veriqbench/dynamic/pe/dqc_pe_84.qasm,85,168,,not completed (memory limit),,,,,,4100.4
bv_85,veriqbench/combinational/bv/bv_85.qasm,85,255,255,completed,147.072,254,0,32045,242.653,94.7
grover_85,veriqbench/combinational/grover/grover_85.qasm,85,383,383,completed,5.647,545,0,0,9.999,72.0
qft_86,veriqbench/combinational/qft/qft_86.qasm,86,86,,not completed (memory limit),,,,,,4100.4
dqc_qft_86,veriqbench/dynamic/qft/dqc_qft_86.qasm,86,86,3826,completed,168.424,3740,3655,0,129.206,134.5
pe_85,veriqbench/combinational/pe/pe_85.qasm,86,170,,not completed (memory limit),,,,,,4100.1
dqc_pe_85,veriqbench/dynamic/pe/dqc_pe_85.qasm,86,170,,not completed (memory limit),,,,,,4096.3
bv_86,veriqbench/combinational/bv/bv_86.qasm,86,258,258,completed,154.34,257,0,32809,264.772,96.3
qft_87,veriqbench/combinational/qft/qft_87.qasm,87,87,,not completed (memory limit),,,,,,4105.6
dqc_qft_87,veriqbench/dynamic/qft/dqc_qft_87.qasm,87,87,3914,completed,166.54,3827,3741,0,131.921,135.5
pe_86,veriqbench/combinational/pe/pe_86.qasm,87,172,,not completed (memory limit),,,,,,4098.9
dqc_pe_86,veriqbench/dynamic/pe/dqc_pe_86.qasm,87,172,,not completed (memory limit),,,,,,4098.5
bv_87,veriqbench/combinational/bv/bv_87.qasm,87,261,261,completed,210.096,260,0,33582,301.171,96.4
grover_87,veriqbench/combinational/grover/grover_87.qasm,87,392,392,completed,4.953,558,0,0,10.667,72.0
qft_88,veriqbench/combinational/qft/qft_88.qasm,88,88,,not completed (memory limit),,,,,,4099.5
dqc_qft_88,veriqbench/dynamic/qft/dqc_qft_88.qasm,88,88,4003,completed,184.22,3915,3828,0,149.108,137.4
adder_n88,veriqbench/combinational/adder/adder_n88.qasm,88,116,116,completed,4.017,144,0,254,4.38,71.7
pe_87,veriqbench/combinational/pe/pe_87.qasm,88,174,,not completed (memory limit),,,,,,4098.4
dqc_pe_87,veriqbench/dynamic/pe/dqc_pe_87.qasm,88,174,,not completed (memory limit),,,,,,4105.7
bv_88,veriqbench/combinational/bv/bv_88.qasm,88,264,264,completed,181.735,263,0,34364,277.195,96.7
qft_89,veriqbench/combinational/qft/qft_89.qasm,89,89,,not completed (memory limit),,,,,,4097.9
dqc_qft_89,veriqbench/dynamic/qft/dqc_qft_89.qasm,89,89,4093,completed,167.829,4004,3916,0,131.429,139.1
pe_88,veriqbench/combinational/pe/pe_88.qasm,89,176,,not completed (memory limit),,,,,,4175.2
dqc_pe_88,veriqbench/dynamic/pe/dqc_pe_88.qasm,89,176,,not completed (memory limit),,,,,,4102.3
bv_89,veriqbench/combinational/bv/bv_89.qasm,89,267,267,completed,178.087,266,0,35155,277.485,97.7
grover_89,veriqbench/combinational/grover/grover_89.qasm,89,401,401,completed,6.06,571,0,0,11.77,72.3
qft_90,veriqbench/combinational/qft/qft_90.qasm,90,90,,not completed (memory limit),,,,,,4098.0
dqc_qft_90,veriqbench/dynamic/qft/dqc_qft_90.qasm,90,90,4184,completed,166.959,4094,4005,0,130.404,139.1
pe_89,veriqbench/combinational/pe/pe_89.qasm,90,178,,not completed (memory limit),,,,,,4117.7
dqc_pe_89,veriqbench/dynamic/pe/dqc_pe_89.qasm,90,178,,not completed (memory limit),,,,,,4175.3
bv_90,veriqbench/combinational/bv/bv_90.qasm,90,270,270,completed,216.248,269,0,35955,297.334,98.2
qft_91,veriqbench/combinational/qft/qft_91.qasm,91,91,,not completed (memory limit),,,,,,4098.2
dqc_qft_91,veriqbench/dynamic/qft/dqc_qft_91.qasm,91,91,4276,completed,180.049,4185,4095,0,136.485,140.6
adder_n91,veriqbench/combinational/adder/adder_n91.qasm,91,120,120,completed,3.811,149,0,263,4.755,70.9
pe_90,veriqbench/combinational/pe/pe_90.qasm,91,180,,not completed (memory limit),,,,,,4154.4
dqc_pe_90,veriqbench/dynamic/pe/dqc_pe_90.qasm,91,180,,not completed (memory limit),,,,,,4098.7
bv_91,veriqbench/combinational/bv/bv_91.qasm,91,273,273,completed,228.282,272,0,36764,225.52,98.5
grover_91,veriqbench/combinational/grover/grover_91.qasm,91,410,410,completed,5.646,584,0,0,11.496,72.6
qft_92,veriqbench/combinational/qft/qft_92.qasm,92,92,,not completed (memory limit),,,,,,4120.5
dqc_qft_92,veriqbench/dynamic/qft/dqc_qft_92.qasm,92,92,4369,completed,179.461,4277,4186,0,174.666,141.3
pe_91,veriqbench/combinational/pe/pe_91.qasm,92,182,,not completed (memory limit),,,,,,4193.3
dqc_pe_91,veriqbench/dynamic/pe/dqc_pe_91.qasm,92,182,,not completed (memory limit),,,,,,4102.3
bv_92,veriqbench/combinational/bv/bv_92.qasm,92,276,276,completed,218.81,275,0,37582,234.809,98.3
qft_93,veriqbench/combinational/qft/qft_93.qasm,93,93,,not completed (memory limit),,,,,,4251.5
dqc_qft_93,veriqbench/dynamic/qft/dqc_qft_93.qasm,93,93,4463,completed,188.32,4370,4278,0,168.163,149.4
pe_92,veriqbench/combinational/pe/pe_92.qasm,93,184,,not completed (memory limit),,,,,,4096.9
dqc_pe_92,veriqbench/dynamic/pe/dqc_pe_92.qasm,93,184,,not completed (memory limit),,,,,,4107.7
bv_93,veriqbench/combinational/bv/bv_93.qasm,93,279,279,completed,223.542,278,0,38409,266.551,99.9
grover_93,veriqbench/combinational/grover/grover_93.qasm,93,419,419,completed,5.683,597,0,0,11.337,72.6
qft_94,veriqbench/combinational/qft/qft_94.qasm,94,94,,not completed (memory limit),,,,,,4108.4
dqc_qft_94,veriqbench/dynamic/qft/dqc_qft_94.qasm,94,94,4558,completed,184.891,4464,4371,0,146.308,151.2
adder_n94,veriqbench/combinational/adder/adder_n94.qasm,94,124,124,completed,4.086,154,0,272,4.602,71.2
pe_93,veriqbench/combinational/pe/pe_93.qasm,94,186,,not completed (memory limit),,,,,,4101.5
dqc_pe_93,veriqbench/dynamic/pe/dqc_pe_93.qasm,94,186,,not completed (memory limit),,,,,,4167.2
bv_94,veriqbench/combinational/bv/bv_94.qasm,94,282,282,completed,247.898,281,0,39245,327.521,101.0
qft_95,veriqbench/combinational/qft/qft_95.qasm,95,95,,not completed (memory limit),,,,,,4107.0
dqc_qft_95,veriqbench/dynamic/qft/dqc_qft_95.qasm,95,95,4654,completed,197.662,4559,4465,0,157.068,152.9
pe_94,veriqbench/combinational/pe/pe_94.qasm,95,188,,not completed (memory limit),,,,,,4103.2
dqc_pe_94,veriqbench/dynamic/pe/dqc_pe_94.qasm,95,188,,not completed (memory limit),,,,,,4107.7
bv_95,veriqbench/combinational/bv/bv_95.qasm,95,285,285,completed,232.553,284,0,40090,256.099,100.9
grover_95,veriqbench/combinational/grover/grover_95.qasm,95,428,428,completed,5.558,610,0,0,12.944,72.7
qft_96,veriqbench/combinational/qft/qft_96.qasm,96,96,,not completed (memory limit),,,,,,4175.4
dqc_qft_96,veriqbench/dynamic/qft/dqc_qft_96.qasm,96,96,4751,completed,191.34,4655,4560,0,177.962,155.0
pe_95,veriqbench/combinational/pe/pe_95.qasm,96,190,,not completed (memory limit),,,,,,4107.3
dqc_pe_95,veriqbench/dynamic/pe/dqc_pe_95.qasm,96,190,,not completed (memory limit),,,,,,4125.6
bv_96,veriqbench/combinational/bv/bv_96.qasm,96,288,288,completed,254.526,287,0,40944,380.539,102.0
gf2^32mult_1117_5213,veriqbench/combinational/rev_circuit/gf2^32mult_1117_5213.qasm,96,1117,1117,completed,1806.466,3162,0,605213,5204.521,525.1
gf2^32mult_1179_5275,veriqbench/combinational/rev_circuit/gf2^32mult_1179_5275.qasm,96,1179,1179,completed,1947.601,3286,0,676234,5746.607,579.7
qft_97,veriqbench/combinational/qft/qft_97.qasm,97,97,,not completed (memory limit),,,,,,4097.5
dqc_qft_97,veriqbench/dynamic/qft/dqc_qft_97.qasm,97,97,4849,completed,200.617,4752,4656,0,218.628,152.6
adder_n97,veriqbench/combinational/adder/adder_n97.qasm,97,128,128,completed,4.819,159,0,281,5.136,71.6
pe_96,veriqbench/combinational/pe/pe_96.qasm,97,192,,not completed (memory limit),,,,,,4101.2
dqc_pe_96,veriqbench/dynamic/pe/dqc_pe_96.qasm,97,192,,not completed (memory limit),,,,,,4098.7
bv_97,veriqbench/combinational/bv/bv_97.qasm,97,291,291,completed,255.221,290,0,41807,345.344,104.0
grover_97,veriqbench/combinational/grover/grover_97.qasm,97,437,437,completed,6.25,623,0,0,11.187,71.8
qft_98,veriqbench/combinational/qft/qft_98.qasm,98,98,,not completed (memory limit),,,,,,4102.1
dqc_qft_98,veriqbench/dynamic/qft/dqc_qft_98.qasm,98,98,4948,completed,210.112,4850,4753,0,237.268,153.0
pe_97,veriqbench/combinational/pe/pe_97.qasm,98,194,,not completed (memory limit),,,,,,4101.9
dqc_pe_97,veriqbench/dynamic/pe/dqc_pe_97.qasm,98,194,,not completed (memory limit),,,,,,4107.5
bv_98,veriqbench/combinational/bv/bv_98.qasm,98,294,294,completed,267.801,293,0,42679,347.807,104.2
ising_n98_transpiled,QASMBench-master/QASMBench-master/large/ising_n98/ising_n98_transpiled.qasm,98,583,681,completed,996.367,777,0,229990,1928.753,242.3
ising_n98,qasmbench/large/ising_n98.qasm,98,1072,1072,completed,2308.852,1168,0,569878,4625.507,503.0
qft_99,veriqbench/combinational/qft/qft_99.qasm,99,99,,not completed (memory limit),,,,,,4101.3
dqc_qft_99,veriqbench/dynamic/qft/dqc_qft_99.qasm,99,99,5048,completed,213.551,4949,4851,0,242.335,160.4
pe_98,veriqbench/combinational/pe/pe_98.qasm,99,196,,not completed (memory limit),,,,,,4102.5
dqc_pe_98,veriqbench/dynamic/pe/dqc_pe_98.qasm,99,196,,not completed (memory limit),,,,,,4098.1
bv_99,veriqbench/combinational/bv/bv_99.qasm,99,297,297,completed,313.394,296,0,43560,350.425,105.2
grover_99,veriqbench/combinational/grover/grover_99.qasm,99,446,446,completed,5.926,636,0,0,11.518,72.8
qft_100,veriqbench/combinational/qft/qft_100.qasm,100,100,,not completed (memory limit),,,,,,4106.6
dqc_qft_100,veriqbench/dynamic/qft/dqc_qft_100.qasm,100,100,5149,completed,215.764,5049,4950,0,246.492,160.0
adder_n100,veriqbench/combinational/adder/adder_n100.qasm,100,132,132,completed,4.636,164,0,290,6.005,71.7
pe_99,veriqbench/combinational/pe/pe_99.qasm,100,198,,not completed (memory limit),,,,,,4104.0
dqc_pe_99,veriqbench/dynamic/pe/dqc_pe_99.qasm,100,198,,not completed (memory limit),,,,,,4118.8
bv_100,veriqbench/combinational/bv/bv_100.qasm,100,300,300,completed,307.427,299,0,44450,370.267,106.4
inst_10x10_10_0,veriqbench/combinational/supre_circuit/inst_10x10_10_0.qasm,100,746,746,completed,1231.366,851,0,275977,2284.855,275.7
qaoa_100,veriqbench/variational/QAOA/qaoa_100.qasm,100,2360,2720,completed,12571.339,3160,0,3672699,32824.182,2758.4
pe_100,veriqbench/combinational/pe/pe_100.qasm,101,200,,not completed (memory limit),,,,,,4115.1
dqc_pe_100,veriqbench/dynamic/pe/dqc_pe_100.qasm,101,200,,not completed (memory limit),,,,,,4107.6
hwb100ps,veriqbench/combinational/rev_circuit/hwb100ps.qasm,107,2230,,error (exit 1),,,,,,
qugan_n111,qasmbench/large/qugan_n111.qasm,111,112,383,completed,269.161,490,0,45223,406.256,108.5
qugan_n111_transpiled,QASMBench-master/QASMBench-master/large/qugan_n111/qugan_n111_transpiled.qasm,111,2292,3052,completed,14852.989,3813,0,4631155,40082.571,3439.0
swap_test_n115,qasmbench/large/swap_test_n115.qasm,115,116,173,completed,2.379,172,0,0,4.625,70.9
swap_test_n115_transpiled,QASMBench-master/QASMBench-master/large/swap_test_n115/swap_test_n115_transpiled.qasm,115,1372,1716,completed,5124.789,2057,0,1461764,12100.68,1195.7
adder_n118,qasmbench/large/adder_n118.qasm,118,378,378,completed,513.314,533,0,70720,560.67,122.9
wstate_n118,qasmbench/large/wstate_n118.qasm,118,469,469,completed,622.088,585,0,109044,876.159,154.9
wstate_n118_transpiled,QASMBench-master/QASMBench-master/large/wstate_n118/wstate_n118_transpiled.qasm,118,469,937,completed,1857.717,1053,0,436176,3358.895,411.7
adder_n118_transpiled,QASMBench-master/QASMBench-master/large/adder_n118/adder_n118_transpiled.qasm,118,1938,2146,completed,7969.483,2873,0,2288404,20065.486,1755.1
qaoa_121,veriqbench/variational/QAOA/qaoa_121.qasm,121,2662,3322,completed,19140.926,3861,0,5485260,48852.706,4015.9
ghz_n127,qasmbench/large/ghz_n127.qasm,127,127,127,completed,148.139,126,0,7875,46.363,76.9
ghz_n127_transpiled,QASMBench-master/QASMBench-master/large/ghz_n127/ghz_n127_transpiled.qasm,127,128,129,completed,139.71,128,0,8127,47.997,76.6
ghz_n128,mqtbench/ghz_n128.qasm,128,128,128,completed,137.841,127,0,8001,50.447,76.6
qftentangled_n128,mqtbench/qftentangled_n128.qasm,128,128,,not completed (memory limit),,,,,,4138.1
dj_n128,mqtbench/dj_n128.qasm,128,256,509,completed,805.195,508,0,128462,908.386,170.2
graphstate_n128,mqtbench/graphstate_n128.qasm,128,256,256,completed,104.074,256,0,9708,62.294,79.1
bv_n128,mqtbench/bv_n128.qasm,128,318,318,completed,102.909,253,0,17703,172.398,84.8
wstate_n128,mqtbench/wstate_n128.qasm,128,509,509,completed,885.56,635,0,128524,980.939,169.4
knn_n129,qasmbench/large/knn_n129.qasm,129,130,194,completed,2.719,193,0,0,6.043,71.2
knn_129,QASMBench-master/QASMBench-master/large/knn_n129/knn_129.qasm,129,130,194,completed,3.637,193,0,0,5.069,71.7
knn_129_transpiled,QASMBench-master/QASMBench-master/large/knn_n129/knn_129_transpiled.qasm,129,1412,1798,completed,6352.319,2181,0,1605599,13508.449,1296.3
cat_n130,qasmbench/large/cat_n130.qasm,130,130,130,completed,149.583,129,0,8256,60.531,77.1
cat_n130_transpiled,QASMBench-master/QASMBench-master/large/cat_n130/cat_n130_transpiled.qasm,130,131,132,completed,153.25,131,0,8514,51.729,77.6
bv_n140,qasmbench/large/bv_n140.qasm,140,352,352,completed,158.03,284,0,23364,202.065,89.9
bv_n140_transpiled,QASMBench-master/QASMBench-master/large/bv_n140/bv_n140_transpiled.qasm,140,630,909,completed,595.435,841,0,126972,937.342,168.2
inst_12x12_10_0,veriqbench/combinational/supre_circuit/inst_12x12_10_0.qasm,144,1081,1081,completed,2941.824,1237,0,580969,4597.592,505.0
qaoa_144,veriqbench/variational/QAOA/qaoa_144.qasm,144,3192,,not completed (memory limit),,,,,,4101.1
gf2^50_2647_12647,veriqbench/combinational/rev_circuit/gf2^50_2647_12647.qasm,150,2647,2647,completed,9661.609,7644,0,3435488,28242.213,2619.2
cc_n151,qasmbench/large/cc_n151.qasm,151,300,604,completed,1321.227,604,302,180899,1463.81,243.5
cc_n151_transpiled,QASMBench-master/QASMBench-master/large/cc_n151/cc_n151_transpiled.qasm,151,450,1506,completed,5015.439,1506,904,1126501,9561.312,1003.6
qaoa_169,veriqbench/variational/QAOA/qaoa_169.qasm,169,3770,,not completed (memory limit),,,,,,4100.3
