source	source_path	package_path	sha256_source	sha256_package	note
submitted artifact (Jul 7)	.gitignore	submitted_snapshot/.gitignore	c05b8b5320c05482495582fce7ba514116f138abde105e8b5fa2bddc97386b77	c05b8b5320c05482495582fce7ba514116f138abde105e8b5fa2bddc97386b77	byte-identical
submitted artifact (Jul 7)	Dockerfile	submitted_snapshot/Dockerfile	93cc6511ac95223779349bc62c60ea32de60d9e943fb17ee3bc4bc3be2bf4906	93cc6511ac95223779349bc62c60ea32de60d9e943fb17ee3bc4bc3be2bf4906	byte-identical
submitted artifact (Jul 7)	README.md	submitted_snapshot/README.md	e5c3eeb644e2cdf3e323c2faec99b7ab20e657e662b64f9ea35ab988713a7e1a	e5c3eeb644e2cdf3e323c2faec99b7ab20e657e662b64f9ea35ab988713a7e1a	byte-identical
submitted artifact (Jul 7)	analysis.py	submitted_snapshot/analysis.py	d0aa29d9c4d49364f36cb38dca1b26bf44fc482b65f77f41561addaa96f3dcbf	d0aa29d9c4d49364f36cb38dca1b26bf44fc482b65f77f41561addaa96f3dcbf	byte-identical
submitted artifact (Jul 7)	data/DATA_DICTIONARY.md	submitted_snapshot/data/DATA_DICTIONARY.md	575e574c5170836ef40941c6fcf60b2e4c8d488c77a1e81679fcd677ee1cf8d2	575e574c5170836ef40941c6fcf60b2e4c8d488c77a1e81679fcd677ee1cf8d2	byte-identical
submitted artifact (Jul 7)	data/QASMBench-master.zip.OMITTED.txt	submitted_snapshot/data/QASMBench-master.zip.OMITTED.txt	51cb7be8a0576e2eed83ca736578aeb7589ae93904aeab7f880392bc57322437	51cb7be8a0576e2eed83ca736578aeb7589ae93904aeab7f880392bc57322437	byte-identical
submitted artifact (Jul 7)	data/QuixBugs-master.zip	submitted_snapshot/data/QuixBugs-master.zip	6225ecd16de77825376b3f1e9dc0c914faa507de2617b1e50b051c23343c5237	6225ecd16de77825376b3f1e9dc0c914faa507de2617b1e50b051c23343c5237	byte-identical
submitted artifact (Jul 7)	data/bench-main.zip	submitted_snapshot/data/bench-main.zip	1713ee39f8f88f0b936f0123fd0b599c0e893cfae76fed67c3bd0e48b1666e34	1713ee39f8f88f0b936f0123fd0b599c0e893cfae76fed67c3bd0e48b1666e34	byte-identical
submitted artifact (Jul 7)	data/ibm_cleveland_jobs/job-d8tje0lposuc738orbo0-info.json	submitted_snapshot/data/ibm_cleveland_jobs/job-d8tje0lposuc738orbo0-info.json	6bb6700f424c43b202b8a1f56471578e8570c6de19ded7af0237afe274798066	9486e463469f79908fad97cc898c74a756b985079c1f27bba5f403204f5c6368	user_id redacted
submitted artifact (Jul 7)	data/ibm_cleveland_jobs/job-d8tje0lposuc738orbo0-result.json	submitted_snapshot/data/ibm_cleveland_jobs/job-d8tje0lposuc738orbo0-result.json	c0089d11eaa7f9bf5949ba292fca3d8f4b4e6f9c4c652031fcff61cfe7739f1f	c0089d11eaa7f9bf5949ba292fca3d8f4b4e6f9c4c652031fcff61cfe7739f1f	byte-identical
submitted artifact (Jul 7)	data/ibm_cleveland_jobs/job-d8tje2kbp3hs7384lmc0-info.json	submitted_snapshot/data/ibm_cleveland_jobs/job-d8tje2kbp3hs7384lmc0-info.json	b592cb1f1d7042d3eec3d82c58f83841be9848e0774d990e2af1802a49d94622	851ed7385844caeb8efc4fd49ecaf3b15e55444cee13788d0ed458b80983face	user_id redacted
submitted artifact (Jul 7)	data/ibm_cleveland_jobs/job-d8tje2kbp3hs7384lmc0-result.json	submitted_snapshot/data/ibm_cleveland_jobs/job-d8tje2kbp3hs7384lmc0-result.json	828d8a487575bca385df58cf33a85c0d078308b1e2afd21a58b3c3ed85f4d689	828d8a487575bca385df58cf33a85c0d078308b1e2afd21a58b3c3ed85f4d689	byte-identical
submitted artifact (Jul 7)	data/ibm_cleveland_jobs/job-d8tje4kbp3hs7384lmeg-info.json	submitted_snapshot/data/ibm_cleveland_jobs/job-d8tje4kbp3hs7384lmeg-info.json	3590eff013968297b81642ffbf5dd538488c0d8802bbd638fd197f4509201f3e	3d9ae6b0b22a58b3bd58aafc645b8e91d1771a096e397016c641728d9639d1e1	user_id redacted
submitted artifact (Jul 7)	data/ibm_cleveland_jobs/job-d8tje4kbp3hs7384lmeg-result.json	submitted_snapshot/data/ibm_cleveland_jobs/job-d8tje4kbp3hs7384lmeg-result.json	175013ecc1fe0f19a80a730911e89e1848147b509c61911e8e73aca51cea1ebe	175013ecc1fe0f19a80a730911e89e1848147b509c61911e8e73aca51cea1ebe	byte-identical
submitted artifact (Jul 7)	data/ibm_cleveland_jobs/job-d8tjlulposuc738orlm0-info.json	submitted_snapshot/data/ibm_cleveland_jobs/job-d8tjlulposuc738orlm0-info.json	262bc1964c73f8b9fc9513e18bc7f8ed42219d3f74e86fd52b98a51e12ef16ba	5aa84eabef11602d2c9db43424c850984d39dcebd1840f19a18a594e0c7a7063	user_id redacted
submitted artifact (Jul 7)	data/ibm_cleveland_jobs/job-d8tjlulposuc738orlm0-result.json	submitted_snapshot/data/ibm_cleveland_jobs/job-d8tjlulposuc738orlm0-result.json	97012307e0d404ff568f3c713bd7e31d588f41fe5a4a6a1e530642d8fb22c34c	97012307e0d404ff568f3c713bd7e31d588f41fe5a4a6a1e530642d8fb22c34c	byte-identical
submitted artifact (Jul 7)	data/ibm_cleveland_jobs/job-d8tjm0cbp3hs7384m14g-info.json	submitted_snapshot/data/ibm_cleveland_jobs/job-d8tjm0cbp3hs7384m14g-info.json	45ae661a53a6a1f796c4d8091571654e68f76ebce3cf8abeb666f9084cc609e1	60195d4639547035e2d9b495013b03f06d48fe565615c5e3830560dc3bbf090e	user_id redacted
submitted artifact (Jul 7)	data/ibm_cleveland_jobs/job-d8tjm0cbp3hs7384m14g-result.json	submitted_snapshot/data/ibm_cleveland_jobs/job-d8tjm0cbp3hs7384m14g-result.json	c84f49aab369f8a4e4a37ad132a353b21d64d11e547110eb3f77ddbbf6935ab5	c84f49aab369f8a4e4a37ad132a353b21d64d11e547110eb3f77ddbbf6935ab5	byte-identical
submitted artifact (Jul 7)	data/ibm_cleveland_jobs/job-d8tjm2cbp3hs7384m17g-info.json	submitted_snapshot/data/ibm_cleveland_jobs/job-d8tjm2cbp3hs7384m17g-info.json	1336d0f9bba9f5f8740630fc29d8e5a2f809049fea051a3643f72c73c930b0b6	59f9b5aa7447b09c71d9d2f99eff81f73f53c043ee3394c4325073b893cd5cc8	user_id redacted
submitted artifact (Jul 7)	data/ibm_cleveland_jobs/job-d8tjm2cbp3hs7384m17g-result.json	submitted_snapshot/data/ibm_cleveland_jobs/job-d8tjm2cbp3hs7384m17g-result.json	5e529016f912bd55bc26b6a72f2c49f9d776b25a9f8f8129634f4984196d4f96	5e529016f912bd55bc26b6a72f2c49f9d776b25a9f8f8129634f4984196d4f96	byte-identical
submitted artifact (Jul 7)	data/ibm_cleveland_jobs/job-d8tjunkbp3hs7384mc80-info.json	submitted_snapshot/data/ibm_cleveland_jobs/job-d8tjunkbp3hs7384mc80-info.json	5ce4b5472d7e2cf7a871e336f31435dddef18eeb5d165242c1106d14f016342e	2a902c7436b9b543af40e4b0a8ee62daa73e1d14bbef178a1f426a54f407ecdd	user_id redacted
submitted artifact (Jul 7)	data/ibm_cleveland_jobs/job-d8tjunkbp3hs7384mc80-result.json	submitted_snapshot/data/ibm_cleveland_jobs/job-d8tjunkbp3hs7384mc80-result.json	903e4bc4da549fa2de5fdb8b520c46c063a99598d554dfaf77b971016872bc13	903e4bc4da549fa2de5fdb8b520c46c063a99598d554dfaf77b971016872bc13	byte-identical
submitted artifact (Jul 7)	data/ibm_cleveland_jobs/job-d8tjuq5posuc738os0q0-info.json	submitted_snapshot/data/ibm_cleveland_jobs/job-d8tjuq5posuc738os0q0-info.json	29e2773ff3f9170e9fc2c9930e9e5e8fe97a248b8ff94b9210c870e71335efd0	c416114f5f4e88ed96f870b92e552128b685e46ac1dbd16433f67381ade0e38a	user_id redacted
submitted artifact (Jul 7)	data/ibm_cleveland_jobs/job-d8tjuq5posuc738os0q0-result.json	submitted_snapshot/data/ibm_cleveland_jobs/job-d8tjuq5posuc738os0q0-result.json	824c604abcac99eed9e06289b32b8fad062aef454cab693dca044ac6d6bf3d53	824c604abcac99eed9e06289b32b8fad062aef454cab693dca044ac6d6bf3d53	byte-identical
submitted artifact (Jul 7)	data/ibm_cleveland_jobs/job-d8tjus4tqbtc73d0h6eg-info.json	submitted_snapshot/data/ibm_cleveland_jobs/job-d8tjus4tqbtc73d0h6eg-info.json	d797c7d9bb5373af3b0d95663ac1874ba66c655064c6c090dac2c63c861980c1	b6c6468dc351e499591ae8a6faa4923b55c863386634033c237802fb8642ebe3	user_id redacted
submitted artifact (Jul 7)	data/ibm_cleveland_jobs/job-d8tjus4tqbtc73d0h6eg-result.json	submitted_snapshot/data/ibm_cleveland_jobs/job-d8tjus4tqbtc73d0h6eg-result.json	28a04f030382076d60d996305fffad2d48aef92e41b249002f9b1b4cfed97356	28a04f030382076d60d996305fffad2d48aef92e41b249002f9b1b4cfed97356	byte-identical
submitted artifact (Jul 7)	data/ibm_cleveland_jobs/job-d8tjutsbp3hs7384mcg0-info.json	submitted_snapshot/data/ibm_cleveland_jobs/job-d8tjutsbp3hs7384mcg0-info.json	feeb2afa135f531d311db57c4d912d71ec6509c57e0c61da1ec52d9440eccac3	2301e128156b2fd0aa60f818fb80ba16cbdb41a4d8cc388ef2e0cd6df29d6cb9	user_id redacted
submitted artifact (Jul 7)	data/ibm_cleveland_jobs/job-d8tjutsbp3hs7384mcg0-result.json	submitted_snapshot/data/ibm_cleveland_jobs/job-d8tjutsbp3hs7384mcg0-result.json	48d64159acbc590ac42f51464d8cdc8c886199abd0ef07f83ecf43ee7e391fca	48d64159acbc590ac42f51464d8cdc8c886199abd0ef07f83ecf43ee7e391fca	byte-identical
submitted artifact (Jul 7)	data/ibm_cleveland_jobs/job-d8tjuvkbp3hs7384mci0-info.json	submitted_snapshot/data/ibm_cleveland_jobs/job-d8tjuvkbp3hs7384mci0-info.json	160a19fb52125aab18809b396a688b92459adb484844bd03542f71e22e92f77f	71a706e6bda863fd8ec50134b5b8e79b52fc79be375f1bf615374c1dec35e78d	user_id redacted
submitted artifact (Jul 7)	data/ibm_cleveland_jobs/job-d8tjuvkbp3hs7384mci0-result.json	submitted_snapshot/data/ibm_cleveland_jobs/job-d8tjuvkbp3hs7384mci0-result.json	aa38f07ecb49476829e923f4a745007481de2c4c0e1a5c2b26732ce00c019598	aa38f07ecb49476829e923f4a745007481de2c4c0e1a5c2b26732ce00c019598	byte-identical
submitted artifact (Jul 7)	data/ibm_cleveland_jobs/job-d8tjv1cbp3hs7384mcl0-info.json	submitted_snapshot/data/ibm_cleveland_jobs/job-d8tjv1cbp3hs7384mcl0-info.json	efa3f6af8e11f4766de9138e67315c5454a897a132e65c977774cd3127596c43	274cb631dfd94c5a7e5e328706e228b0d8d8cf460f0ba1c5b2e7f8e9caaabaff	user_id redacted
submitted artifact (Jul 7)	data/ibm_cleveland_jobs/job-d8tjv1cbp3hs7384mcl0-result.json	submitted_snapshot/data/ibm_cleveland_jobs/job-d8tjv1cbp3hs7384mcl0-result.json	f7f37fd580658977bd0f351cde7ff471d77445031722b3a8efe86f4a69a3c50d	f7f37fd580658977bd0f351cde7ff471d77445031722b3a8efe86f4a69a3c50d	byte-identical
submitted artifact (Jul 7)	data/ibm_cleveland_jobs/job-d8tle2ktqbtc73d0iuu0-info.json	submitted_snapshot/data/ibm_cleveland_jobs/job-d8tle2ktqbtc73d0iuu0-info.json	b79e9018e34c9f5c05addddaae484cc24a52b7c2f2bfcd805363d86cef562947	f5dea48318b65293d71fb8b40bebf02378a29e0792d705f1922af9ea9f033b14	user_id redacted
submitted artifact (Jul 7)	data/ibm_cleveland_jobs/job-d8tle2ktqbtc73d0iuu0-result.json	submitted_snapshot/data/ibm_cleveland_jobs/job-d8tle2ktqbtc73d0iuu0-result.json	d93bc202721af523a8f5a2f298b41391c71ff539acdc9decf3f42528850a63e7	d93bc202721af523a8f5a2f298b41391c71ff539acdc9decf3f42528850a63e7	byte-identical
submitted artifact (Jul 7)	data/ibm_cleveland_jobs/job-d8tle4cbp3hs7384o660-info.json	submitted_snapshot/data/ibm_cleveland_jobs/job-d8tle4cbp3hs7384o660-info.json	27065fc90a2a57e22f49802a3d76a8fd34fd34b32eef3eaef2b41e3e52b88c06	d9e7dabc974bf8c7609be3c23cb99092f815a7b81c95ec9496b04cca4762f86e	user_id redacted
submitted artifact (Jul 7)	data/ibm_cleveland_jobs/job-d8tle4cbp3hs7384o660-result.json	submitted_snapshot/data/ibm_cleveland_jobs/job-d8tle4cbp3hs7384o660-result.json	e736197adf31cff78b0abca9565ec771aaca66e4b80326a3a78ad914b371b273	e736197adf31cff78b0abca9565ec771aaca66e4b80326a3a78ad914b371b273	byte-identical
submitted artifact (Jul 7)	data/ibm_cleveland_jobs/job-d8tle6dposuc738otpp0-info.json	submitted_snapshot/data/ibm_cleveland_jobs/job-d8tle6dposuc738otpp0-info.json	c9a2647a114a895892f7fa4bba7bb85c7d2ef3cd3a519f78c78dd428d7982bcd	39ba55804662a9fb1fd5bf384c6604f63deaac2058ae12aa4b90657cf8a7be03	user_id redacted
submitted artifact (Jul 7)	data/ibm_cleveland_jobs/job-d8tle6dposuc738otpp0-result.json	submitted_snapshot/data/ibm_cleveland_jobs/job-d8tle6dposuc738otpp0-result.json	217c37eb6f77ab89a030295aaef8568a9e3626f4f6aa573317937892bd40f203	217c37eb6f77ab89a030295aaef8568a9e3626f4f6aa573317937892bd40f203	byte-identical
submitted artifact (Jul 7)	data/ibm_cleveland_jobs/job-d8tle84bp3hs7384o6cg-info.json	submitted_snapshot/data/ibm_cleveland_jobs/job-d8tle84bp3hs7384o6cg-info.json	7c7181fd5fc4af8163d6e7958224084c9a72247c978265dc6048325ffdd2e86a	bb65a1ea51579448155f70cb397b13a53cba1d616df9b1ba807293f62a435464	user_id redacted
submitted artifact (Jul 7)	data/ibm_cleveland_jobs/job-d8tle84bp3hs7384o6cg-result.json	submitted_snapshot/data/ibm_cleveland_jobs/job-d8tle84bp3hs7384o6cg-result.json	07381851c2c941cb9f54b3aaac1f4bffbc643b1589ba8bb3f89572644a1b7acb	07381851c2c941cb9f54b3aaac1f4bffbc643b1589ba8bb3f89572644a1b7acb	byte-identical
submitted artifact (Jul 7)	data/ibm_cleveland_jobs/job-d8tlea4tqbtc73d0iv70-info.json	submitted_snapshot/data/ibm_cleveland_jobs/job-d8tlea4tqbtc73d0iv70-info.json	296c65236f44b9fdeb0bad29202e41325daecb66b6a29a9ac8ed4c66315053f0	dcd8fcd88c1eaadb562fbb0c562b1c688708233a16df509cda6d6056029c5c74	user_id redacted
submitted artifact (Jul 7)	data/ibm_cleveland_jobs/job-d8tlea4tqbtc73d0iv70-result.json	submitted_snapshot/data/ibm_cleveland_jobs/job-d8tlea4tqbtc73d0iv70-result.json	5fbb3d9cc473a31fb1c986495f7d862d4d0a21e343c41847d24b8c79d823a3d1	5fbb3d9cc473a31fb1c986495f7d862d4d0a21e343c41847d24b8c79d823a3d1	byte-identical
submitted artifact (Jul 7)	data/ibm_cleveland_jobs/job-d8tledctqbtc73d0ivb0-info.json	submitted_snapshot/data/ibm_cleveland_jobs/job-d8tledctqbtc73d0ivb0-info.json	ce11dd9a5618318f96b65978a1ef8a0e6e41e07bbd29ef561cb152b991315097	b6288a96efe53c7ef0c77d7af5e4f99af261af9c01d304c1616f364428cad424	user_id redacted
submitted artifact (Jul 7)	data/ibm_cleveland_jobs/job-d8tledctqbtc73d0ivb0-result.json	submitted_snapshot/data/ibm_cleveland_jobs/job-d8tledctqbtc73d0ivb0-result.json	dbf0bca07c98d12da033689421c883f75e514effa1110d913dcf39c5bff52c26	dbf0bca07c98d12da033689421c883f75e514effa1110d913dcf39c5bff52c26	byte-identical
submitted artifact (Jul 7)	data/openqasm-main.zip	submitted_snapshot/data/openqasm-main.zip	78bd808747e32e2feff2236f5bc9e96f246aea7c42ee522704c1507552d23ef2	78bd808747e32e2feff2236f5bc9e96f246aea7c42ee522704c1507552d23ef2	byte-identical
submitted artifact (Jul 7)	data_preprocessing.py	submitted_snapshot/data_preprocessing.py	640c5f40bc34de2dcda7d963b78a4184117f6f10da439a52a1de00f6da72572a	640c5f40bc34de2dcda7d963b78a4184117f6f10da439a52a1de00f6da72572a	byte-identical
submitted artifact (Jul 7)	environment.yml	submitted_snapshot/environment.yml	b3a42611d1f9ce78d4518e3da8a664f9536c1a4540a31ebe182a7cba9c8197ef	b3a42611d1f9ce78d4518e3da8a664f9536c1a4540a31ebe182a7cba9c8197ef	byte-identical
submitted artifact (Jul 7)	fetch_data.py	submitted_snapshot/fetch_data.py	08b9d7e119648b2cd6684805671e093938f8d835419527d1ad7995dd2b07b38b	08b9d7e119648b2cd6684805671e093938f8d835419527d1ad7995dd2b07b38b	byte-identical
submitted artifact (Jul 7)	figures/fig_debug_case.png	submitted_snapshot/figures/fig_debug_case.png	0dc2f4d96008a761271d7c128c4fd753f6f47eaabe8cf9fea243ec9fe1246a64	0dc2f4d96008a761271d7c128c4fd753f6f47eaabe8cf9fea243ec9fe1246a64	byte-identical
submitted artifact (Jul 7)	figures/fig_debug_naive.png	submitted_snapshot/figures/fig_debug_naive.png	6dc7fc78016894803d416ba1830c17d246eab54fd95db75de999f449fed2acee	6dc7fc78016894803d416ba1830c17d246eab54fd95db75de999f449fed2acee	byte-identical
submitted artifact (Jul 7)	figures/fig_debug_qpdg.png	submitted_snapshot/figures/fig_debug_qpdg.png	4b9ebcae05ba4d0f01b1e5a5ed2f96e814e5ff5e17d7f4636c02b7c66843410b	4b9ebcae05ba4d0f01b1e5a5ed2f96e814e5ff5e17d7f4636c02b7c66843410b	byte-identical
submitted artifact (Jul 7)	figures/fig_debug_slice_full.png	submitted_snapshot/figures/fig_debug_slice_full.png	5be14c2b95b60e2785a1bd1267e024e0324eaf0b65816bbc7517b2e7c1c6c5a2	5be14c2b95b60e2785a1bd1267e024e0324eaf0b65816bbc7517b2e7c1c6c5a2	byte-identical
submitted artifact (Jul 7)	figures/fig_debug_slice_slice.png	submitted_snapshot/figures/fig_debug_slice_slice.png	31e84f6bfa1c9f3fae0bd51e5279a80b4fa0d3d03743cb68cfa8a0c863884e27	31e84f6bfa1c9f3fae0bd51e5279a80b4fa0d3d03743cb68cfa8a0c863884e27	byte-identical
submitted artifact (Jul 7)	figures/fig_edgetype_ablation.png	submitted_snapshot/figures/fig_edgetype_ablation.png	73ab3f2f29542be72cd5c350baea75491e9b76665d3a2a67b67b336862c87611	73ab3f2f29542be72cd5c350baea75491e9b76665d3a2a67b67b336862c87611	byte-identical
submitted artifact (Jul 7)	figures/fig_ibmq_hardware_tvd.png	submitted_snapshot/figures/fig_ibmq_hardware_tvd.png	d661938142990adce8825493205f4a126aa778c9356052a5f27fd7fd44259044	d661938142990adce8825493205f4a126aa778c9356052a5f27fd7fd44259044	byte-identical
submitted artifact (Jul 7)	figures/fig_proof_obligations.png	submitted_snapshot/figures/fig_proof_obligations.png	6b475d76f346e02be7ee89baccce8548771170eb3c4748f6f9693bf9b111d68e	6b475d76f346e02be7ee89baccce8548771170eb3c4748f6f9693bf9b111d68e	byte-identical
submitted artifact (Jul 7)	figures/fig_qpdg_concept.png	submitted_snapshot/figures/fig_qpdg_concept.png	e91e104e8a500fe40275ae16fae9d6c1b34df6e2a269864afe9390dbd7644016	e91e104e8a500fe40275ae16fae9d6c1b34df6e2a269864afe9390dbd7644016	byte-identical
submitted artifact (Jul 7)	figures/fig_qpdg_concept_4edge.png	submitted_snapshot/figures/fig_qpdg_concept_4edge.png	1b13770eeff91aefff308750537dd405f001bfab0c17e4dac69c12511f9008fa	1b13770eeff91aefff308750537dd405f001bfab0c17e4dac69c12511f9008fa	byte-identical
submitted artifact (Jul 7)	figures/fig_qpdg_graph.png	submitted_snapshot/figures/fig_qpdg_graph.png	42d840d64e5231c0c1ab69a0b3cd6412352c22cfe57694c4d5b5e08814308f4e	42d840d64e5231c0c1ab69a0b3cd6412352c22cfe57694c4d5b5e08814308f4e	byte-identical
submitted artifact (Jul 7)	figures/fig_qpdg_slice.png	submitted_snapshot/figures/fig_qpdg_slice.png	184f401e69b35d3c32ee4e4bfb24ef35c30cdb4b933696c62a281b6225ff4f02	184f401e69b35d3c32ee4e4bfb24ef35c30cdb4b933696c62a281b6225ff4f02	byte-identical
submitted artifact (Jul 7)	figures/fig_results_summary.png	submitted_snapshot/figures/fig_results_summary.png	4643dcb3091e6369443323890809b814aa9f5282ca8266c2aa484cf27e4003ea	4643dcb3091e6369443323890809b814aa9f5282ca8266c2aa484cf27e4003ea	byte-identical
submitted artifact (Jul 7)	figures/fig_scalability.png	submitted_snapshot/figures/fig_scalability.png	b81864f47cc0b1b02a010c8fff5b13c2a1d1ce434fd4ca159fb9117652bcab9c	b81864f47cc0b1b02a010c8fff5b13c2a1d1ce434fd4ca159fb9117652bcab9c	byte-identical
submitted artifact (Jul 7)	figures/fig_scale.png	submitted_snapshot/figures/fig_scale.png	d8d823f480ea07a1e3d609d45858af2f8188dc2b2e62a4b0045bd6cc205a8360	d8d823f480ea07a1e3d609d45858af2f8188dc2b2e62a4b0045bd6cc205a8360	byte-identical
submitted artifact (Jul 7)	figures/fig_slice_circuit_full.png	submitted_snapshot/figures/fig_slice_circuit_full.png	9ffae0dc0d3fd157488010dc1a5e85ee7016632af4f5b207fee401fda51651b6	9ffae0dc0d3fd157488010dc1a5e85ee7016632af4f5b207fee401fda51651b6	byte-identical
submitted artifact (Jul 7)	figures/fig_slice_circuit_slice.png	submitted_snapshot/figures/fig_slice_circuit_slice.png	a5e5cdad1ecb03487fbbe88eb24dc9cef7355d569cafb3fcd9f1ffd508fafac4	a5e5cdad1ecb03487fbbe88eb24dc9cef7355d569cafb3fcd9f1ffd508fafac4	byte-identical
submitted artifact (Jul 7)	figures/graph_slice_worked_example.png	submitted_snapshot/figures/graph_slice_worked_example.png	42d840d64e5231c0c1ab69a0b3cd6412352c22cfe57694c4d5b5e08814308f4e	42d840d64e5231c0c1ab69a0b3cd6412352c22cfe57694c4d5b5e08814308f4e	byte-identical
submitted artifact (Jul 7)	figures/method_diagram.png	submitted_snapshot/figures/method_diagram.png	1ab765b3f77ba0c7c5ca894b163c281c5e76916b4859e90088a6092a26f11127	1ab765b3f77ba0c7c5ca894b163c281c5e76916b4859e90088a6092a26f11127	byte-identical
submitted artifact (Jul 7)	figures/rq1_e1_results.png	submitted_snapshot/figures/rq1_e1_results.png	9cb8c2f8827749fb7e3c129a2f938d96cd39872f6b50fdf51853a945e7c70244	9cb8c2f8827749fb7e3c129a2f938d96cd39872f6b50fdf51853a945e7c70244	byte-identical
submitted artifact (Jul 7)	figures/rq2_e1_results.png	submitted_snapshot/figures/rq2_e1_results.png	5224481d6d7279fa32ebea1057a2acef83d86d738576ca8daba9816d04c761e6	5224481d6d7279fa32ebea1057a2acef83d86d738576ca8daba9816d04c761e6	byte-identical
submitted artifact (Jul 7)	figures/rq3_e1_results.png	submitted_snapshot/figures/rq3_e1_results.png	a8b6db9b225e7e5dc1dabe0bfaca26e7290a53ac6f27e82e7d7bcb8e377590f7	a8b6db9b225e7e5dc1dabe0bfaca26e7290a53ac6f27e82e7d7bcb8e377590f7	byte-identical
submitted artifact (Jul 7)	figures_qpdg.py	submitted_snapshot/figures_qpdg.py	00b9d7b0b76aeb75eaf189efdc1f8d64f799db7785a403564a5b3bd317e8ca87	00b9d7b0b76aeb75eaf189efdc1f8d64f799db7785a403564a5b3bd317e8ca87	byte-identical
submitted artifact (Jul 7)	isabelle/ROOT	submitted_snapshot/isabelle/ROOT	82a05ec4d369de21f84b56c9ddb1308a2683c62a5470dfed7bd54e2a6d025089	82a05ec4d369de21f84b56c9ddb1308a2683c62a5470dfed7bd54e2a6d025089	byte-identical
submitted artifact (Jul 7)	isabelle/SemanticPreservation_v2.thy	submitted_snapshot/isabelle/SemanticPreservation_v2.thy	7246017e131febc0a2885c8c51f04acc3d4b86a452943304111268de52e09e19	7246017e131febc0a2885c8c51f04acc3d4b86a452943304111268de52e09e19	byte-identical
submitted artifact (Jul 7)	main.py	submitted_snapshot/main.py	fe8dc5fbdecc7db3952a74120ab8425180b7d4a61af7aa817dc9cd7af3735d3c	fe8dc5fbdecc7db3952a74120ab8425180b7d4a61af7aa817dc9cd7af3735d3c	byte-identical
submitted artifact (Jul 7)	manifest.json	submitted_snapshot/manifest.json	45dc460e2ed7533c5ec36da6fef56032758c23f057a005469895672088000ffa	45dc460e2ed7533c5ec36da6fef56032758c23f057a005469895672088000ffa	byte-identical
submitted artifact (Jul 7)	matplotlibrc	submitted_snapshot/matplotlibrc	8536171dcfa35753a77d3b795557550148e798a95aef7ab193e9bdf0fca1b173	8536171dcfa35753a77d3b795557550148e798a95aef7ab193e9bdf0fca1b173	byte-identical
submitted artifact (Jul 7)	plots.py	submitted_snapshot/plots.py	fc16d193525e5e3789a0d0f0b05e90286a661343696366f11835634d1da21791	fc16d193525e5e3789a0d0f0b05e90286a661343696366f11835634d1da21791	byte-identical
submitted artifact (Jul 7)	qasm_loader.py	submitted_snapshot/qasm_loader.py	8ad4b049f709724dd0aeaf881c651989bbf7d2df1f41dc24ac4a96269b2090c0	8ad4b049f709724dd0aeaf881c651989bbf7d2df1f41dc24ac4a96269b2090c0	byte-identical
submitted artifact (Jul 7)	qdg.py	submitted_snapshot/qdg.py	e0ca48a6d739bd427d168c5fba92cd90c47c331c7c2c86607ac4bf0df1e8e15d	e0ca48a6d739bd427d168c5fba92cd90c47c331c7c2c86607ac4bf0df1e8e15d	byte-identical
submitted artifact (Jul 7)	reproduce.sh	submitted_snapshot/reproduce.sh	6ac34432164b1196f5eea2587589c3e31cba852b1bf06997f9246f3b44856990	6ac34432164b1196f5eea2587589c3e31cba852b1bf06997f9246f3b44856990	byte-identical
submitted artifact (Jul 7)	reproduce_ci.yml	submitted_snapshot/reproduce_ci.yml	05ed584b5ba15f1223ad3fe1bda017554717df5dc03f8579dcf7b42b9ca1b817	05ed584b5ba15f1223ad3fe1bda017554717df5dc03f8579dcf7b42b9ca1b817	byte-identical
submitted artifact (Jul 7)	requirements.txt	submitted_snapshot/requirements.txt	9590dc3e948f82ad00478996e9a271b69d919a41a89198948c8ea3ebeb4ad388	9590dc3e948f82ad00478996e9a271b69d919a41a89198948c8ea3ebeb4ad388	byte-identical
submitted artifact (Jul 7)	results/TAB1.csv	submitted_snapshot/results/TAB1.csv	5fd8c63b632b8a2b6edbb7a73d0783bace54f6be6289c25375e24f9a9b2e8b81	5fd8c63b632b8a2b6edbb7a73d0783bace54f6be6289c25375e24f9a9b2e8b81	byte-identical
submitted artifact (Jul 7)	results/TAB_ablation.csv	submitted_snapshot/results/TAB_ablation.csv	12ca2be3f66927575a58da99b3d8e96a30926dc8a2e1c76c94e21474c9e32ffa	12ca2be3f66927575a58da99b3d8e96a30926dc8a2e1c76c94e21474c9e32ffa	byte-identical
submitted artifact (Jul 7)	results/TAB_hardware_ibmq.csv	submitted_snapshot/results/TAB_hardware_ibmq.csv	f4e947aa2abdfa9825cd289d33bc5ffd58d565746e2b971e2bcee8d8d8821153	f4e947aa2abdfa9825cd289d33bc5ffd58d565746e2b971e2bcee8d8d8821153	byte-identical
submitted artifact (Jul 7)	results/TAB_per_corpus.csv	submitted_snapshot/results/TAB_per_corpus.csv	4e1d9def176e8ad503cb469b395279e5019f941f3487f916a61ac89a3d37b9b8	4e1d9def176e8ad503cb469b395279e5019f941f3487f916a61ac89a3d37b9b8	byte-identical
submitted artifact (Jul 7)	results/TAB_scalability.csv	submitted_snapshot/results/TAB_scalability.csv	6f1b57806c6be4d2de9e499fd853ee2e66cb59d1a76de21961c67255f7840ba2	6f1b57806c6be4d2de9e499fd853ee2e66cb59d1a76de21961c67255f7840ba2	byte-identical
submitted artifact (Jul 7)	results/analysis_observations.csv	submitted_snapshot/results/analysis_observations.csv	32b065474ba85bcdae34c6739e7ce29f08778aaf0042cc289e17c3728cd99e93	32b065474ba85bcdae34c6739e7ce29f08778aaf0042cc289e17c3728cd99e93	byte-identical
submitted artifact (Jul 7)	results/analysis_summary.csv	submitted_snapshot/results/analysis_summary.csv	8a0038bd693988c9b253466c567c37170da67e32c627d1974ade0f0f1c4098aa	8a0038bd693988c9b253466c567c37170da67e32c627d1974ade0f0f1c4098aa	byte-identical
submitted artifact (Jul 7)	results/analysis_summary.json	submitted_snapshot/results/analysis_summary.json	1a97c462240a15e10670e221e254e4f1493ff07848ddb644a7e4af973d8840fd	1a97c462240a15e10670e221e254e4f1493ff07848ddb644a7e4af973d8840fd	byte-identical
submitted artifact (Jul 7)	results/corpus_meta.json	submitted_snapshot/results/corpus_meta.json	c6faad720e7157b83353ad172d51f2aba8c148f67270a7eb40192a9b1c60d5cb	c6faad720e7157b83353ad172d51f2aba8c148f67270a7eb40192a9b1c60d5cb	byte-identical
submitted artifact (Jul 7)	results/data_provenance.json	submitted_snapshot/results/data_provenance.json	42c9d1d59afc181f784dea573d4641a0eed530fec91e2e589623f78de32ad0f7	42c9d1d59afc181f784dea573d4641a0eed530fec91e2e589623f78de32ad0f7	byte-identical
submitted artifact (Jul 7)	results/forward_influence_records.json	submitted_snapshot/results/forward_influence_records.json	bc58f2919acc310428384752e2ae427912e63ba2ec86f2949bebb162f40686f2	bc58f2919acc310428384752e2ae427912e63ba2ec86f2949bebb162f40686f2	byte-identical
submitted artifact (Jul 7)	results/forward_records.csv	submitted_snapshot/results/forward_records.csv	57e5bae9e234a27dee1975401509f3894bebb5eaa0b0387ed758040164e8b100	57e5bae9e234a27dee1975401509f3894bebb5eaa0b0387ed758040164e8b100	byte-identical
submitted artifact (Jul 7)	results/results.json	submitted_snapshot/results/results.json	a72cd1d650bd138415fdf9d71997ad94175d9c8c9a5fb3db1a81bbbad646456d	a72cd1d650bd138415fdf9d71997ad94175d9c8c9a5fb3db1a81bbbad646456d	byte-identical
submitted artifact (Jul 7)	results/run_metadata.json	submitted_snapshot/results/run_metadata.json	7a71255910cbf09cc75494a03ae4b842c037f5075d5605e0674cc5ca2860df8f	7a71255910cbf09cc75494a03ae4b842c037f5075d5605e0674cc5ca2860df8f	byte-identical
submitted artifact (Jul 7)	results/slice_records.csv	submitted_snapshot/results/slice_records.csv	d04c3b916bb8d78c865362dfe15df1fc079adfb7283e44b8a4046c21c64c26c8	d04c3b916bb8d78c865362dfe15df1fc079adfb7283e44b8a4046c21c64c26c8	byte-identical
submitted artifact (Jul 7)	results/soundness_theorem.txt	submitted_snapshot/results/soundness_theorem.txt	6789885953e2ec4cf623c25e5ae77f5a88cdf101d3a2b53c4979e3afe1c5c76d	6789885953e2ec4cf623c25e5ae77f5a88cdf101d3a2b53c4979e3afe1c5c76d	byte-identical
submitted artifact (Jul 7)	results/tvd_distributions.json	submitted_snapshot/results/tvd_distributions.json	34e2bfae3633ec7c7a2b3a8b7208ae426a7168addec23fffc424919bbd7fb105	34e2bfae3633ec7c7a2b3a8b7208ae426a7168addec23fffc424919bbd7fb105	byte-identical
submitted artifact (Jul 7)	rp_data_runtime.py	submitted_snapshot/rp_data_runtime.py	6a9269aace52602cb620d9f7a1aade07299fa433f304ad7603dab28329926eca	6a9269aace52602cb620d9f7a1aade07299fa433f304ad7603dab28329926eca	byte-identical
submitted artifact (Jul 7)	rp_entry.py	submitted_snapshot/rp_entry.py	ab05a5cc8ed44d3a1b8f12e8b9afd77ae956212e29806e25c5d68e4acba2644a	ab05a5cc8ed44d3a1b8f12e8b9afd77ae956212e29806e25c5d68e4acba2644a	byte-identical
submitted artifact (Jul 7)	rp_style.py	submitted_snapshot/rp_style.py	a039e6da05c61dd1c6c404fe8a34acdbd0862d4348434c8e14cd02e9218da576	a039e6da05c61dd1c6c404fe8a34acdbd0862d4348434c8e14cd02e9218da576	byte-identical
submitted artifact (Jul 7)	scripts/check_duplicates.py	submitted_snapshot/scripts/check_duplicates.py	4882a58dc4cc8ce829ba5d9781957e83fb6ef37089944ddcdd780be3596aa491	4882a58dc4cc8ce829ba5d9781957e83fb6ef37089944ddcdd780be3596aa491	byte-identical
submitted artifact (Jul 7)	scripts/check_label_distribution.py	submitted_snapshot/scripts/check_label_distribution.py	c013b074d6362aaa93fc3b7d076c83353d964726d47ee09d56113332e6d3f4bf	c013b074d6362aaa93fc3b7d076c83353d964726d47ee09d56113332e6d3f4bf	byte-identical
submitted artifact (Jul 7)	scripts/check_missing_values.py	submitted_snapshot/scripts/check_missing_values.py	24739f5cfb1f9b92a808847c5e520356a7c98d6702a34bf76487d123a9d1b0ed	24739f5cfb1f9b92a808847c5e520356a7c98d6702a34bf76487d123a9d1b0ed	byte-identical
submitted artifact (Jul 7)	scripts/recompute_hardware_tvd.py	submitted_snapshot/scripts/recompute_hardware_tvd.py	b5f2d557941de246af8601194297ba22a0ea89bc764610fe0c06e36e153ed9b5	b5f2d557941de246af8601194297ba22a0ea89bc764610fe0c06e36e153ed9b5	byte-identical
submitted artifact (Jul 7)	scripts/scalability.py	submitted_snapshot/scripts/scalability.py	83fe9d1d6435a5c95f103d285a173648f88a73fe5449685658353328aa253e06	83fe9d1d6435a5c95f103d285a173648f88a73fe5449685658353328aa253e06	byte-identical
submitted artifact (Jul 7)	scripts/validate_schema.py	submitted_snapshot/scripts/validate_schema.py	dcaa5cea2021942059aad642067cee838a4c4e0b892e8305fcc0305b63305a6a	dcaa5cea2021942059aad642067cee838a4c4e0b892e8305fcc0305b63305a6a	byte-identical
submitted artifact (Jul 7)	sitecustomize.py	submitted_snapshot/sitecustomize.py	bffe6d4211676034a3e5cfa8a8c07f3208bf052d052479f2bb68c340108ddd01	bffe6d4211676034a3e5cfa8a8c07f3208bf052d052479f2bb68c340108ddd01	byte-identical
submitted artifact (Jul 7)	main.py	reported_results/rq1_rq3_rq5/main.py	fe8dc5fbdecc7db3952a74120ab8425180b7d4a61af7aa817dc9cd7af3735d3c	fe8dc5fbdecc7db3952a74120ab8425180b7d4a61af7aa817dc9cd7af3735d3c	byte-identical
submitted artifact (Jul 7)	qdg.py	reported_results/rq1_rq3_rq5/qdg.py	e0ca48a6d739bd427d168c5fba92cd90c47c331c7c2c86607ac4bf0df1e8e15d	e0ca48a6d739bd427d168c5fba92cd90c47c331c7c2c86607ac4bf0df1e8e15d	byte-identical
submitted artifact (Jul 7)	qasm_loader.py	reported_results/rq1_rq3_rq5/qasm_loader.py	8ad4b049f709724dd0aeaf881c651989bbf7d2df1f41dc24ac4a96269b2090c0	8ad4b049f709724dd0aeaf881c651989bbf7d2df1f41dc24ac4a96269b2090c0	byte-identical
submitted artifact (Jul 7)	rp_data_runtime.py	reported_results/rq1_rq3_rq5/rp_data_runtime.py	6a9269aace52602cb620d9f7a1aade07299fa433f304ad7603dab28329926eca	6a9269aace52602cb620d9f7a1aade07299fa433f304ad7603dab28329926eca	byte-identical
submitted artifact (Jul 7)	figures_qpdg.py	reported_results/rq1_rq3_rq5/figures_qpdg.py	00b9d7b0b76aeb75eaf189efdc1f8d64f799db7785a403564a5b3bd317e8ca87	00b9d7b0b76aeb75eaf189efdc1f8d64f799db7785a403564a5b3bd317e8ca87	byte-identical
submitted artifact (Jul 7)	manifest.json	reported_results/rq1_rq3_rq5/manifest.json	45dc460e2ed7533c5ec36da6fef56032758c23f057a005469895672088000ffa	45dc460e2ed7533c5ec36da6fef56032758c23f057a005469895672088000ffa	byte-identical
submitted artifact (Jul 7)	requirements.txt	reported_results/rq1_rq3_rq5/requirements.txt	9590dc3e948f82ad00478996e9a271b69d919a41a89198948c8ea3ebeb4ad388	9590dc3e948f82ad00478996e9a271b69d919a41a89198948c8ea3ebeb4ad388	byte-identical
submitted artifact (Jul 7)	environment.yml	reported_results/rq1_rq3_rq5/environment.yml	b3a42611d1f9ce78d4518e3da8a664f9536c1a4540a31ebe182a7cba9c8197ef	b3a42611d1f9ce78d4518e3da8a664f9536c1a4540a31ebe182a7cba9c8197ef	byte-identical
submitted artifact (Jul 7)	scripts/scalability.py	reported_results/rq1_rq3_rq5/scripts/scalability.py	83fe9d1d6435a5c95f103d285a173648f88a73fe5449685658353328aa253e06	83fe9d1d6435a5c95f103d285a173648f88a73fe5449685658353328aa253e06	byte-identical
submitted artifact (Jul 7)	results/TAB1.csv	reported_results/rq1_rq3_rq5/reported/TAB1.csv	5fd8c63b632b8a2b6edbb7a73d0783bace54f6be6289c25375e24f9a9b2e8b81	5fd8c63b632b8a2b6edbb7a73d0783bace54f6be6289c25375e24f9a9b2e8b81	byte-identical
submitted artifact (Jul 7)	results/TAB_per_corpus.csv	reported_results/rq1_rq3_rq5/reported/TAB_per_corpus.csv	4e1d9def176e8ad503cb469b395279e5019f941f3487f916a61ac89a3d37b9b8	4e1d9def176e8ad503cb469b395279e5019f941f3487f916a61ac89a3d37b9b8	byte-identical
submitted artifact (Jul 7)	results/slice_records.csv	reported_results/rq1_rq3_rq5/reported/slice_records.csv	d04c3b916bb8d78c865362dfe15df1fc079adfb7283e44b8a4046c21c64c26c8	d04c3b916bb8d78c865362dfe15df1fc079adfb7283e44b8a4046c21c64c26c8	byte-identical
submitted artifact (Jul 7)	results/forward_records.csv	reported_results/rq1_rq3_rq5/reported/forward_records.csv	57e5bae9e234a27dee1975401509f3894bebb5eaa0b0387ed758040164e8b100	57e5bae9e234a27dee1975401509f3894bebb5eaa0b0387ed758040164e8b100	byte-identical
submitted artifact (Jul 7)	results/TAB_scalability.csv	reported_results/rq1_rq3_rq5/reported/TAB_scalability.csv	6f1b57806c6be4d2de9e499fd853ee2e66cb59d1a76de21961c67255f7840ba2	6f1b57806c6be4d2de9e499fd853ee2e66cb59d1a76de21961c67255f7840ba2	byte-identical
submitted artifact (Jul 7)	results/run_metadata.json	reported_results/rq1_rq3_rq5/reported/run_metadata.json	7a71255910cbf09cc75494a03ae4b842c037f5075d5605e0674cc5ca2860df8f	7a71255910cbf09cc75494a03ae4b842c037f5075d5605e0674cc5ca2860df8f	byte-identical
submitted artifact (Jul 7)	results/results.json	reported_results/rq1_rq3_rq5/reported/results.json	a72cd1d650bd138415fdf9d71997ad94175d9c8c9a5fb3db1a81bbbad646456d	a72cd1d650bd138415fdf9d71997ad94175d9c8c9a5fb3db1a81bbbad646456d	byte-identical
evaluation workspace (commit dc6ebc1)	data/mqtbench/bv_n10.qasm	data/mqtbench/bv_n10.qasm	e7d897fbdc2a1b91a4b756b5afc98d20429c367aa3606895f15421abc18a9ac5	e7d897fbdc2a1b91a4b756b5afc98d20429c367aa3606895f15421abc18a9ac5	byte-identical
evaluation workspace (commit dc6ebc1)	data/mqtbench/bv_n128.qasm	data/mqtbench/bv_n128.qasm	23275da9c913f2707ea27d1430b648357a1e2c56925ba2411c102e2cff3ce160	23275da9c913f2707ea27d1430b648357a1e2c56925ba2411c102e2cff3ce160	byte-identical
evaluation workspace (commit dc6ebc1)	data/mqtbench/bv_n14.qasm	data/mqtbench/bv_n14.qasm	0f4f4894b56a2e40bc5febad27e0650ac20d55d553def8d2bb4336ab316e3e56	0f4f4894b56a2e40bc5febad27e0650ac20d55d553def8d2bb4336ab316e3e56	byte-identical
evaluation workspace (commit dc6ebc1)	data/mqtbench/bv_n18.qasm	data/mqtbench/bv_n18.qasm	753566e8b8f10748abf1e992e9b2ed202f739ca8e5c514d56bca555649821e10	753566e8b8f10748abf1e992e9b2ed202f739ca8e5c514d56bca555649821e10	byte-identical
evaluation workspace (commit dc6ebc1)	data/mqtbench/bv_n3.qasm	data/mqtbench/bv_n3.qasm	eec73adf11a78c936f8ad1ddece0726aa765f300cb2ba2991a6af4543c107718	eec73adf11a78c936f8ad1ddece0726aa765f300cb2ba2991a6af4543c107718	byte-identical
evaluation workspace (commit dc6ebc1)	data/mqtbench/bv_n32.qasm	data/mqtbench/bv_n32.qasm	a2d4a12141a4f6c0cc55ef29eb067b27b3564e0ca46836e2dcf0496fb5d11a12	a2d4a12141a4f6c0cc55ef29eb067b27b3564e0ca46836e2dcf0496fb5d11a12	byte-identical
evaluation workspace (commit dc6ebc1)	data/mqtbench/bv_n4.qasm	data/mqtbench/bv_n4.qasm	5969f3a6751ff56e0ee6530c73759971ed0bf3e058ee15c6584ab161c9701555	5969f3a6751ff56e0ee6530c73759971ed0bf3e058ee15c6584ab161c9701555	byte-identical
evaluation workspace (commit dc6ebc1)	data/mqtbench/bv_n5.qasm	data/mqtbench/bv_n5.qasm	8cb172a20c9f20f30782f3f3e6d97d104c3da8e6ef35a3ff37f6469c7d68c02a	8cb172a20c9f20f30782f3f3e6d97d104c3da8e6ef35a3ff37f6469c7d68c02a	byte-identical
evaluation workspace (commit dc6ebc1)	data/mqtbench/bv_n64.qasm	data/mqtbench/bv_n64.qasm	4695de98d22c3d867d3dcd0703ba257cb9825dd2e7a823a0956c08240badce56	4695de98d22c3d867d3dcd0703ba257cb9825dd2e7a823a0956c08240badce56	byte-identical
evaluation workspace (commit dc6ebc1)	data/mqtbench/bv_n8.qasm	data/mqtbench/bv_n8.qasm	4fc8b86d5bb2f5e599d665125320ffaa73673f3ac6f1485862a38e1387fb2d2d	4fc8b86d5bb2f5e599d665125320ffaa73673f3ac6f1485862a38e1387fb2d2d	byte-identical
evaluation workspace (commit dc6ebc1)	data/mqtbench/dj_n10.qasm	data/mqtbench/dj_n10.qasm	fac049fed0dc820e239d0cac196b2b2a3eeb0530a9153474e4c6c1c21fb92fdc	fac049fed0dc820e239d0cac196b2b2a3eeb0530a9153474e4c6c1c21fb92fdc	byte-identical
evaluation workspace (commit dc6ebc1)	data/mqtbench/dj_n128.qasm	data/mqtbench/dj_n128.qasm	374cd50d29b44b34e50ef80862e6872c89271e30e4a7c5a0c28eda5e04463964	374cd50d29b44b34e50ef80862e6872c89271e30e4a7c5a0c28eda5e04463964	byte-identical
evaluation workspace (commit dc6ebc1)	data/mqtbench/dj_n14.qasm	data/mqtbench/dj_n14.qasm	6b2eb46e93f203d023337ccb2d8c5cf0d1c6d16bb2262a25d673e6a2ccdbcfbc	6b2eb46e93f203d023337ccb2d8c5cf0d1c6d16bb2262a25d673e6a2ccdbcfbc	byte-identical
evaluation workspace (commit dc6ebc1)	data/mqtbench/dj_n18.qasm	data/mqtbench/dj_n18.qasm	ae71e3186025747b4d800d47768bce4da648efe41dea9747e2fd9a21e2299c78	ae71e3186025747b4d800d47768bce4da648efe41dea9747e2fd9a21e2299c78	byte-identical
evaluation workspace (commit dc6ebc1)	data/mqtbench/dj_n3.qasm	data/mqtbench/dj_n3.qasm	950ba67d4b7230d935a76d96e861e62d18e9ec950ca5c9ebb354444a89690c1b	950ba67d4b7230d935a76d96e861e62d18e9ec950ca5c9ebb354444a89690c1b	byte-identical
evaluation workspace (commit dc6ebc1)	data/mqtbench/dj_n32.qasm	data/mqtbench/dj_n32.qasm	23dc7f6e910a6c376792c1f246004d109f2a23d1b4f52de03b30ad7bed0352a1	23dc7f6e910a6c376792c1f246004d109f2a23d1b4f52de03b30ad7bed0352a1	byte-identical
evaluation workspace (commit dc6ebc1)	data/mqtbench/dj_n4.qasm	data/mqtbench/dj_n4.qasm	323a9197d21516a52ca3d09e272a144bf4ffe294f4d39ccbee81c162b6d84fb1	323a9197d21516a52ca3d09e272a144bf4ffe294f4d39ccbee81c162b6d84fb1	byte-identical
evaluation workspace (commit dc6ebc1)	data/mqtbench/dj_n5.qasm	data/mqtbench/dj_n5.qasm	1275c0199a5c51cca4212205efb97235e9cf5d85304903aee0decbf7a2d579e6	1275c0199a5c51cca4212205efb97235e9cf5d85304903aee0decbf7a2d579e6	byte-identical
evaluation workspace (commit dc6ebc1)	data/mqtbench/dj_n64.qasm	data/mqtbench/dj_n64.qasm	487a01bde62848afeeaecb300449aedfdae759ef7280fbfa32b6772c960b66da	487a01bde62848afeeaecb300449aedfdae759ef7280fbfa32b6772c960b66da	byte-identical
evaluation workspace (commit dc6ebc1)	data/mqtbench/dj_n8.qasm	data/mqtbench/dj_n8.qasm	84721393b895183fd5c621d6ffc1531d8b879b7c0c378859e33a284654d58c28	84721393b895183fd5c621d6ffc1531d8b879b7c0c378859e33a284654d58c28	byte-identical
evaluation workspace (commit dc6ebc1)	data/mqtbench/ghz_n10.qasm	data/mqtbench/ghz_n10.qasm	952d6eef96125a71ace21d27977281c7596350255b5f2d45ba435b4d18a94526	952d6eef96125a71ace21d27977281c7596350255b5f2d45ba435b4d18a94526	byte-identical
evaluation workspace (commit dc6ebc1)	data/mqtbench/ghz_n128.qasm	data/mqtbench/ghz_n128.qasm	043fe47314a40c035401877cdd87fa95d401541e91f5e1085a6778307f9287c8	043fe47314a40c035401877cdd87fa95d401541e91f5e1085a6778307f9287c8	byte-identical
evaluation workspace (commit dc6ebc1)	data/mqtbench/ghz_n14.qasm	data/mqtbench/ghz_n14.qasm	687ff40383a568c8abfe7ecba75af401d0f2c5399c53404a94ca6fb66a7b0b41	687ff40383a568c8abfe7ecba75af401d0f2c5399c53404a94ca6fb66a7b0b41	byte-identical
evaluation workspace (commit dc6ebc1)	data/mqtbench/ghz_n18.qasm	data/mqtbench/ghz_n18.qasm	339649731011d7607f1efe8347b22bc6f6d63ac6a689e19ebfd973ef2b9520d2	339649731011d7607f1efe8347b22bc6f6d63ac6a689e19ebfd973ef2b9520d2	byte-identical
evaluation workspace (commit dc6ebc1)	data/mqtbench/ghz_n3.qasm	data/mqtbench/ghz_n3.qasm	d18f465216bce7e46b26d3815472ea7e1bb8f9f2c323e060f25ae47c65a99193	d18f465216bce7e46b26d3815472ea7e1bb8f9f2c323e060f25ae47c65a99193	byte-identical
evaluation workspace (commit dc6ebc1)	data/mqtbench/ghz_n32.qasm	data/mqtbench/ghz_n32.qasm	a23e8808d19f1b641d098f818cc2508a29e1c35beded5e70c5e17a8d9af93753	a23e8808d19f1b641d098f818cc2508a29e1c35beded5e70c5e17a8d9af93753	byte-identical
evaluation workspace (commit dc6ebc1)	data/mqtbench/ghz_n4.qasm	data/mqtbench/ghz_n4.qasm	4ae5ee96b1993e320faf9441eca50ab01e20ac3446728248b9cbd210135df3d8	4ae5ee96b1993e320faf9441eca50ab01e20ac3446728248b9cbd210135df3d8	byte-identical
evaluation workspace (commit dc6ebc1)	data/mqtbench/ghz_n5.qasm	data/mqtbench/ghz_n5.qasm	448a2bd38e2bdaf2a84cc86543ace1871954d87fb3e8ef963dd3cc7462debc89	448a2bd38e2bdaf2a84cc86543ace1871954d87fb3e8ef963dd3cc7462debc89	byte-identical
evaluation workspace (commit dc6ebc1)	data/mqtbench/ghz_n64.qasm	data/mqtbench/ghz_n64.qasm	7beffc592ac26086acf5fd98897ebf4177d4e0c12f0b322a6138a84800cac56b	7beffc592ac26086acf5fd98897ebf4177d4e0c12f0b322a6138a84800cac56b	byte-identical
evaluation workspace (commit dc6ebc1)	data/mqtbench/ghz_n8.qasm	data/mqtbench/ghz_n8.qasm	fec966b68ece2ef45dfd035013c1795f924f522e73c5d0341f2d0c1ae8bf3a95	fec966b68ece2ef45dfd035013c1795f924f522e73c5d0341f2d0c1ae8bf3a95	byte-identical
evaluation workspace (commit dc6ebc1)	data/mqtbench/graphstate_n10.qasm	data/mqtbench/graphstate_n10.qasm	29157e792da3b7a7d3601b45a9f484e241107a7f2cc96643b39601e3c49b08e2	29157e792da3b7a7d3601b45a9f484e241107a7f2cc96643b39601e3c49b08e2	byte-identical
evaluation workspace (commit dc6ebc1)	data/mqtbench/graphstate_n128.qasm	data/mqtbench/graphstate_n128.qasm	c1317c4860629c5b3b2860df32d03b6125dc7ba2da0baa8a5234d6900775e873	c1317c4860629c5b3b2860df32d03b6125dc7ba2da0baa8a5234d6900775e873	byte-identical
evaluation workspace (commit dc6ebc1)	data/mqtbench/graphstate_n14.qasm	data/mqtbench/graphstate_n14.qasm	f3b21031e802b930ad1fdc8fe51eab43746208fb3c3302e7bec1992b9bbe8097	f3b21031e802b930ad1fdc8fe51eab43746208fb3c3302e7bec1992b9bbe8097	byte-identical
evaluation workspace (commit dc6ebc1)	data/mqtbench/graphstate_n18.qasm	data/mqtbench/graphstate_n18.qasm	73329888706d7f5b3ac67c0cfece58d69cf6ea280c3fbe02eb63d4bc836c312d	73329888706d7f5b3ac67c0cfece58d69cf6ea280c3fbe02eb63d4bc836c312d	byte-identical
evaluation workspace (commit dc6ebc1)	data/mqtbench/graphstate_n3.qasm	data/mqtbench/graphstate_n3.qasm	7ce60d87dd14a7093c82ee4ccdd56e82d040ea1c3931c6bf3b34c34c15872425	7ce60d87dd14a7093c82ee4ccdd56e82d040ea1c3931c6bf3b34c34c15872425	byte-identical
evaluation workspace (commit dc6ebc1)	data/mqtbench/graphstate_n32.qasm	data/mqtbench/graphstate_n32.qasm	a63b5ff5d345d9d00813b14d9367c6db53f481924e5488a7fbd36fbe8bb61a54	a63b5ff5d345d9d00813b14d9367c6db53f481924e5488a7fbd36fbe8bb61a54	byte-identical
evaluation workspace (commit dc6ebc1)	data/mqtbench/graphstate_n4.qasm	data/mqtbench/graphstate_n4.qasm	5ccc5d919e6f1829877d2c51edea018601c96b9acb1ee25f8d72d575e89b4f90	5ccc5d919e6f1829877d2c51edea018601c96b9acb1ee25f8d72d575e89b4f90	byte-identical
evaluation workspace (commit dc6ebc1)	data/mqtbench/graphstate_n5.qasm	data/mqtbench/graphstate_n5.qasm	f97779c4730309d411c4f07f3ef6e6c5c99a88296598dc3f95f54d31219ad867	f97779c4730309d411c4f07f3ef6e6c5c99a88296598dc3f95f54d31219ad867	byte-identical
evaluation workspace (commit dc6ebc1)	data/mqtbench/graphstate_n64.qasm	data/mqtbench/graphstate_n64.qasm	413c72db45749e109f30a909ee2ff74f75ad46f5275f2d48274993f7d06d09fa	413c72db45749e109f30a909ee2ff74f75ad46f5275f2d48274993f7d06d09fa	byte-identical
evaluation workspace (commit dc6ebc1)	data/mqtbench/graphstate_n8.qasm	data/mqtbench/graphstate_n8.qasm	145c12986ebbbfce2e33b3ab41707223ce1aaa62af097e8335945e4cce07f78c	145c12986ebbbfce2e33b3ab41707223ce1aaa62af097e8335945e4cce07f78c	byte-identical
evaluation workspace (commit dc6ebc1)	data/mqtbench/grover_n10.qasm	data/mqtbench/grover_n10.qasm	8675643f60e1ee7a9854ad2a24d51fae7d598d7e67ce3a8823be661bc515e20b	8675643f60e1ee7a9854ad2a24d51fae7d598d7e67ce3a8823be661bc515e20b	byte-identical
evaluation workspace (commit dc6ebc1)	data/mqtbench/grover_n14.qasm	data/mqtbench/grover_n14.qasm	6af234cb26ffc00ed37c060bbe85598a28fe7acea424eff405a60bc8b21608cd	6af234cb26ffc00ed37c060bbe85598a28fe7acea424eff405a60bc8b21608cd	byte-identical
evaluation workspace (commit dc6ebc1)	data/mqtbench/grover_n18.qasm	data/mqtbench/grover_n18.qasm	4330507348d8c8ae43fe56fb6850f7f4ea0e914d0445cfd3794a285141d5812f	4330507348d8c8ae43fe56fb6850f7f4ea0e914d0445cfd3794a285141d5812f	byte-identical
evaluation workspace (commit dc6ebc1)	data/mqtbench/grover_n3.qasm	data/mqtbench/grover_n3.qasm	67ef355ef2aafa329d17512a3e584fd430b1da45600c48a728f54c698373438d	67ef355ef2aafa329d17512a3e584fd430b1da45600c48a728f54c698373438d	byte-identical
evaluation workspace (commit dc6ebc1)	data/mqtbench/grover_n32.qasm	data/mqtbench/grover_n32.qasm	82eb923384a388d5d6897c473549470c522a209e1b32bd6606453aab7a1b13fd	82eb923384a388d5d6897c473549470c522a209e1b32bd6606453aab7a1b13fd	byte-identical
evaluation workspace (commit dc6ebc1)	data/mqtbench/grover_n4.qasm	data/mqtbench/grover_n4.qasm	14941ad3e85904700491d1557876671cbd037e6d619a31c55577b8ba87d20d4b	14941ad3e85904700491d1557876671cbd037e6d619a31c55577b8ba87d20d4b	byte-identical
evaluation workspace (commit dc6ebc1)	data/mqtbench/grover_n5.qasm	data/mqtbench/grover_n5.qasm	6880869d374aba45722760d2a956fb93c872fce201fa76b0ee28df4439e77270	6880869d374aba45722760d2a956fb93c872fce201fa76b0ee28df4439e77270	byte-identical
evaluation workspace (commit dc6ebc1)	data/mqtbench/grover_n8.qasm	data/mqtbench/grover_n8.qasm	1e892a0d4cc621ac745d54dfb90210f3dc5ec95d502eb0aa187e85e7f6510404	1e892a0d4cc621ac745d54dfb90210f3dc5ec95d502eb0aa187e85e7f6510404	byte-identical
evaluation workspace (commit dc6ebc1)	data/mqtbench/qft_n10.qasm	data/mqtbench/qft_n10.qasm	3757225cfddb9423345da3cb145de7d1094267123d7dfdc1544fd2e32648c2b2	3757225cfddb9423345da3cb145de7d1094267123d7dfdc1544fd2e32648c2b2	byte-identical
evaluation workspace (commit dc6ebc1)	data/mqtbench/qft_n128.qasm	data/mqtbench/qft_n128.qasm	2c041b1b01521e5a89ad7a9e0cd68551c71e15f79f7784e37e813f93617f7894	2c041b1b01521e5a89ad7a9e0cd68551c71e15f79f7784e37e813f93617f7894	byte-identical
evaluation workspace (commit dc6ebc1)	data/mqtbench/qft_n14.qasm	data/mqtbench/qft_n14.qasm	b92a429856777c9cac60ca14787d914fcec2f7df352c20a0d631b6f03801cd08	b92a429856777c9cac60ca14787d914fcec2f7df352c20a0d631b6f03801cd08	byte-identical
evaluation workspace (commit dc6ebc1)	data/mqtbench/qft_n18.qasm	data/mqtbench/qft_n18.qasm	8e2778f0dabc54d09c84af8280f9a534d31654f639ccfcc9bad06c7dc411505c	8e2778f0dabc54d09c84af8280f9a534d31654f639ccfcc9bad06c7dc411505c	byte-identical
evaluation workspace (commit dc6ebc1)	data/mqtbench/qft_n3.qasm	data/mqtbench/qft_n3.qasm	2635ac01aaef353dccc1138ff598e4a561b680ad5709678a942f65e1b99cd295	2635ac01aaef353dccc1138ff598e4a561b680ad5709678a942f65e1b99cd295	byte-identical
evaluation workspace (commit dc6ebc1)	data/mqtbench/qft_n32.qasm	data/mqtbench/qft_n32.qasm	6c745cf726b608d5297753606f1c1903eda38dc435b1b50fc17201955873d37d	6c745cf726b608d5297753606f1c1903eda38dc435b1b50fc17201955873d37d	byte-identical
evaluation workspace (commit dc6ebc1)	data/mqtbench/qft_n4.qasm	data/mqtbench/qft_n4.qasm	99887b5b4461b68f84bd70841a925ebdb7b38cd8240b8480c3490dd41adef65b	99887b5b4461b68f84bd70841a925ebdb7b38cd8240b8480c3490dd41adef65b	byte-identical
evaluation workspace (commit dc6ebc1)	data/mqtbench/qft_n5.qasm	data/mqtbench/qft_n5.qasm	858ec3cad1f46684248978d30ada9751ab56a38f92d9385908be446567d69b16	858ec3cad1f46684248978d30ada9751ab56a38f92d9385908be446567d69b16	byte-identical
evaluation workspace (commit dc6ebc1)	data/mqtbench/qft_n64.qasm	data/mqtbench/qft_n64.qasm	517b87de2f98b2445b48e23bb42d0fd861443173eaac9b5711ebf5385410efa3	517b87de2f98b2445b48e23bb42d0fd861443173eaac9b5711ebf5385410efa3	byte-identical
evaluation workspace (commit dc6ebc1)	data/mqtbench/qft_n8.qasm	data/mqtbench/qft_n8.qasm	5bafb053f2727315441467b9d3c1c160dad43dd0cf886521b7e2bdb05684cae8	5bafb053f2727315441467b9d3c1c160dad43dd0cf886521b7e2bdb05684cae8	byte-identical
evaluation workspace (commit dc6ebc1)	data/mqtbench/qftentangled_n10.qasm	data/mqtbench/qftentangled_n10.qasm	dc3b239f401c25bfd8fb29213f5d30491b65edc3ded56c52764db1ef5f97725c	dc3b239f401c25bfd8fb29213f5d30491b65edc3ded56c52764db1ef5f97725c	byte-identical
evaluation workspace (commit dc6ebc1)	data/mqtbench/qftentangled_n128.qasm	data/mqtbench/qftentangled_n128.qasm	c4453371b0344f51d6ef9ae60c68d4e4b47c7e96ecabed22786b329c0a94b67d	c4453371b0344f51d6ef9ae60c68d4e4b47c7e96ecabed22786b329c0a94b67d	byte-identical
evaluation workspace (commit dc6ebc1)	data/mqtbench/qftentangled_n14.qasm	data/mqtbench/qftentangled_n14.qasm	787932d8db05258559ad4e668b78c867cd3728b87e2117f9d77729eacd2aecc3	787932d8db05258559ad4e668b78c867cd3728b87e2117f9d77729eacd2aecc3	byte-identical
evaluation workspace (commit dc6ebc1)	data/mqtbench/qftentangled_n18.qasm	data/mqtbench/qftentangled_n18.qasm	b045d4ad0382cb5fd40fb8997e058a690e734ed15699b221fe41b19e672991b5	b045d4ad0382cb5fd40fb8997e058a690e734ed15699b221fe41b19e672991b5	byte-identical
evaluation workspace (commit dc6ebc1)	data/mqtbench/qftentangled_n3.qasm	data/mqtbench/qftentangled_n3.qasm	a6afa408ad47e6d8eede08903de4cf1524832327ec674031213fcba34302c99d	a6afa408ad47e6d8eede08903de4cf1524832327ec674031213fcba34302c99d	byte-identical
evaluation workspace (commit dc6ebc1)	data/mqtbench/qftentangled_n32.qasm	data/mqtbench/qftentangled_n32.qasm	36707473f3112a2b96364e044d608e342d09345b5599f37e02203eb5c50419ac	36707473f3112a2b96364e044d608e342d09345b5599f37e02203eb5c50419ac	byte-identical
evaluation workspace (commit dc6ebc1)	data/mqtbench/qftentangled_n4.qasm	data/mqtbench/qftentangled_n4.qasm	523c8b42709d5d0d73e3acf0cea95f915d6ac1a029598eb4c8af0491986fcc57	523c8b42709d5d0d73e3acf0cea95f915d6ac1a029598eb4c8af0491986fcc57	byte-identical
evaluation workspace (commit dc6ebc1)	data/mqtbench/qftentangled_n5.qasm	data/mqtbench/qftentangled_n5.qasm	075c887264c1bf97ae5914e15f5f8ba8a1678629b7a6ee4c9e2273c5378455d9	075c887264c1bf97ae5914e15f5f8ba8a1678629b7a6ee4c9e2273c5378455d9	byte-identical
evaluation workspace (commit dc6ebc1)	data/mqtbench/qftentangled_n64.qasm	data/mqtbench/qftentangled_n64.qasm	23017adcb23b9517817baccac83556721911aa26b15a3cb0a6cfb8500e2669db	23017adcb23b9517817baccac83556721911aa26b15a3cb0a6cfb8500e2669db	byte-identical
evaluation workspace (commit dc6ebc1)	data/mqtbench/qftentangled_n8.qasm	data/mqtbench/qftentangled_n8.qasm	cac5d53ba491a125cd525613c7295f82a3249209c99a497e21bdcb75713febee	cac5d53ba491a125cd525613c7295f82a3249209c99a497e21bdcb75713febee	byte-identical
evaluation workspace (commit dc6ebc1)	data/mqtbench/wstate_n10.qasm	data/mqtbench/wstate_n10.qasm	76c568887148c9543d77b113b8a7d9d459dcfb4fad9c6b1cef0c1044083e62ae	76c568887148c9543d77b113b8a7d9d459dcfb4fad9c6b1cef0c1044083e62ae	byte-identical
evaluation workspace (commit dc6ebc1)	data/mqtbench/wstate_n128.qasm	data/mqtbench/wstate_n128.qasm	6c1cd9b6ca7e399e5b63d9fd522dcf6021a6303f45fbb6565be2eb97944355a6	6c1cd9b6ca7e399e5b63d9fd522dcf6021a6303f45fbb6565be2eb97944355a6	byte-identical
evaluation workspace (commit dc6ebc1)	data/mqtbench/wstate_n14.qasm	data/mqtbench/wstate_n14.qasm	084fb752086d1c83795f6a2296a8e02e0500f7f6b5c488c8fce75f0c433ed6e0	084fb752086d1c83795f6a2296a8e02e0500f7f6b5c488c8fce75f0c433ed6e0	byte-identical
evaluation workspace (commit dc6ebc1)	data/mqtbench/wstate_n18.qasm	data/mqtbench/wstate_n18.qasm	30857d4b20ac32ed7a4518fb9ee856478abd9f1e043b7a3f1d5ad68329ac8112	30857d4b20ac32ed7a4518fb9ee856478abd9f1e043b7a3f1d5ad68329ac8112	byte-identical
evaluation workspace (commit dc6ebc1)	data/mqtbench/wstate_n3.qasm	data/mqtbench/wstate_n3.qasm	e2cc7598db324d620a65ea36872fab76d856a42a4a9f9ba04e8524616282945e	e2cc7598db324d620a65ea36872fab76d856a42a4a9f9ba04e8524616282945e	byte-identical
evaluation workspace (commit dc6ebc1)	data/mqtbench/wstate_n32.qasm	data/mqtbench/wstate_n32.qasm	9b7bc894e7e9a357b3d2193f4e6b1053160db0f2cf0498b15969415fef790d85	9b7bc894e7e9a357b3d2193f4e6b1053160db0f2cf0498b15969415fef790d85	byte-identical
evaluation workspace (commit dc6ebc1)	data/mqtbench/wstate_n4.qasm	data/mqtbench/wstate_n4.qasm	1154e9b5db071e21a4b42da72a3ea82edf7436ff485deb08252c30df18ad2cec	1154e9b5db071e21a4b42da72a3ea82edf7436ff485deb08252c30df18ad2cec	byte-identical
evaluation workspace (commit dc6ebc1)	data/mqtbench/wstate_n5.qasm	data/mqtbench/wstate_n5.qasm	77ee663f279fa8ef1a7c7306f19975fb37f84e7dc41673a61e28ac25a2ddddbd	77ee663f279fa8ef1a7c7306f19975fb37f84e7dc41673a61e28ac25a2ddddbd	byte-identical
evaluation workspace (commit dc6ebc1)	data/mqtbench/wstate_n64.qasm	data/mqtbench/wstate_n64.qasm	a3c4fec02192c593d182a195881463535afd0f8146ce5fea28ec3d13546bb9c2	a3c4fec02192c593d182a195881463535afd0f8146ce5fea28ec3d13546bb9c2	byte-identical
evaluation workspace (commit dc6ebc1)	data/mqtbench/wstate_n8.qasm	data/mqtbench/wstate_n8.qasm	61bab2c12d133d7fb592729e1ad423516fd412e96cba84f1460977f4cafc2381	61bab2c12d133d7fb592729e1ad423516fd412e96cba84f1460977f4cafc2381	byte-identical
evaluation workspace (commit dc6ebc1)	data/veriqbench/combinational/adder/adder_n10.qasm	data/veriqbench/combinational/adder/adder_n10.qasm	e78d9b6fe9cbf8b9e9fab6462a03876ba7646a45ac007903f94f3539e4ff61ef	e78d9b6fe9cbf8b9e9fab6462a03876ba7646a45ac007903f94f3539e4ff61ef	byte-identical
evaluation workspace (commit dc6ebc1)	data/veriqbench/combinational/adder/adder_n100.qasm	data/veriqbench/combinational/adder/adder_n100.qasm	47135c08d56868b2879eee41ba1d67e569e045089bf6ffcd8a2bac3fbcc6d3e2	47135c08d56868b2879eee41ba1d67e569e045089bf6ffcd8a2bac3fbcc6d3e2	byte-identical
evaluation workspace (commit dc6ebc1)	data/veriqbench/combinational/adder/adder_n13.qasm	data/veriqbench/combinational/adder/adder_n13.qasm	85da24b927ead9976d19a66ad1f5c1c3e96665f3c6f03e59a8e3329c3ce1e687	85da24b927ead9976d19a66ad1f5c1c3e96665f3c6f03e59a8e3329c3ce1e687	byte-identical
evaluation workspace (commit dc6ebc1)	data/veriqbench/combinational/adder/adder_n16.qasm	data/veriqbench/combinational/adder/adder_n16.qasm	8e3f318da84db7678456ef47c01ab6ef32aae6b9cee7aab58cd727157fc1e722	8e3f318da84db7678456ef47c01ab6ef32aae6b9cee7aab58cd727157fc1e722	byte-identical
evaluation workspace (commit dc6ebc1)	data/veriqbench/combinational/adder/adder_n19.qasm	data/veriqbench/combinational/adder/adder_n19.qasm	22d95e30a2d7554c99e4d0acab1137e24b0bcfdb3825acedd13237df507b9396	22d95e30a2d7554c99e4d0acab1137e24b0bcfdb3825acedd13237df507b9396	byte-identical
evaluation workspace (commit dc6ebc1)	data/veriqbench/combinational/adder/adder_n22.qasm	data/veriqbench/combinational/adder/adder_n22.qasm	3f7dcb90b2601f3a0bd25a8ded6b0a5dd8f122bed0c0123b918177226b47bc9d	3f7dcb90b2601f3a0bd25a8ded6b0a5dd8f122bed0c0123b918177226b47bc9d	byte-identical
evaluation workspace (commit dc6ebc1)	data/veriqbench/combinational/adder/adder_n25.qasm	data/veriqbench/combinational/adder/adder_n25.qasm	9329a0dfb1ba0fca907d601bc1cfd6df47fe35986af3e9e0787de91f8bd8e99c	9329a0dfb1ba0fca907d601bc1cfd6df47fe35986af3e9e0787de91f8bd8e99c	byte-identical
evaluation workspace (commit dc6ebc1)	data/veriqbench/combinational/adder/adder_n28.qasm	data/veriqbench/combinational/adder/adder_n28.qasm	287d2130ef74ad4869dfb2cf51c73bb67c954c79fca20ed3ce17fe46a9d0eae9	287d2130ef74ad4869dfb2cf51c73bb67c954c79fca20ed3ce17fe46a9d0eae9	byte-identical
evaluation workspace (commit dc6ebc1)	data/veriqbench/combinational/adder/adder_n31.qasm	data/veriqbench/combinational/adder/adder_n31.qasm	a6721ca07977ff3ce789c42c9298e7cbcda5498a8e747f12e4454d2ae88bcd38	a6721ca07977ff3ce789c42c9298e7cbcda5498a8e747f12e4454d2ae88bcd38	byte-identical
evaluation workspace (commit dc6ebc1)	data/veriqbench/combinational/adder/adder_n34.qasm	data/veriqbench/combinational/adder/adder_n34.qasm	c3e311dd1776b3058e5637e19b88e1056b4a84cd81c23dee7080d8c62e1fe59e	c3e311dd1776b3058e5637e19b88e1056b4a84cd81c23dee7080d8c62e1fe59e	byte-identical
evaluation workspace (commit dc6ebc1)	data/veriqbench/combinational/adder/adder_n37.qasm	data/veriqbench/combinational/adder/adder_n37.qasm	68164ce9a33ada566152a5f1ab81bee797625bf81b7f730b3fbc28a25b0cefa4	68164ce9a33ada566152a5f1ab81bee797625bf81b7f730b3fbc28a25b0cefa4	byte-identical
evaluation workspace (commit dc6ebc1)	data/veriqbench/combinational/adder/adder_n4.qasm	data/veriqbench/combinational/adder/adder_n4.qasm	44fa76f0e4837dda1cd0000184cb88f08d748d4bf4e39d53053bffc4de3841b0	44fa76f0e4837dda1cd0000184cb88f08d748d4bf4e39d53053bffc4de3841b0	byte-identical
evaluation workspace (commit dc6ebc1)	data/veriqbench/combinational/adder/adder_n40.qasm	data/veriqbench/combinational/adder/adder_n40.qasm	9484132c349abab71a9a980e5f1c37aec487df941059f444ebb873e7a06ee84e	9484132c349abab71a9a980e5f1c37aec487df941059f444ebb873e7a06ee84e	byte-identical
evaluation workspace (commit dc6ebc1)	data/veriqbench/combinational/adder/adder_n43.qasm	data/veriqbench/combinational/adder/adder_n43.qasm	b8801f07a2b9b4dc00371596f6b997950ebeca60d292ddf99c28bc8640bcd8df	b8801f07a2b9b4dc00371596f6b997950ebeca60d292ddf99c28bc8640bcd8df	byte-identical
evaluation workspace (commit dc6ebc1)	data/veriqbench/combinational/adder/adder_n46.qasm	data/veriqbench/combinational/adder/adder_n46.qasm	4bf7a737c0a7ab05c949221a3706750fc4a21035504e246b23e0b8c7e8f2ad7e	4bf7a737c0a7ab05c949221a3706750fc4a21035504e246b23e0b8c7e8f2ad7e	byte-identical
evaluation workspace (commit dc6ebc1)	data/veriqbench/combinational/adder/adder_n49.qasm	data/veriqbench/combinational/adder/adder_n49.qasm	bbd6c58d57912b0567bf2b1113af9b260ebba3e4b86d4ca40cb4289a29d42fa8	bbd6c58d57912b0567bf2b1113af9b260ebba3e4b86d4ca40cb4289a29d42fa8	byte-identical
evaluation workspace (commit dc6ebc1)	data/veriqbench/combinational/adder/adder_n52.qasm	data/veriqbench/combinational/adder/adder_n52.qasm	eaaeefeacef7715b6ce7c299a88d64f2f57a9ce88a0919ebcf7f55427d609913	eaaeefeacef7715b6ce7c299a88d64f2f57a9ce88a0919ebcf7f55427d609913	byte-identical
evaluation workspace (commit dc6ebc1)	data/veriqbench/combinational/adder/adder_n55.qasm	data/veriqbench/combinational/adder/adder_n55.qasm	fe0a1dc62ae636e6f48c6b73875d650b2aaecdac27f68abbc5b767bc076aa807	fe0a1dc62ae636e6f48c6b73875d650b2aaecdac27f68abbc5b767bc076aa807	byte-identical
evaluation workspace (commit dc6ebc1)	data/veriqbench/combinational/adder/adder_n58.qasm	data/veriqbench/combinational/adder/adder_n58.qasm	8f918b6c47cfb20df36299e5a18b744f3e32b5e5f2a288f8c2ed343191ba45ba	8f918b6c47cfb20df36299e5a18b744f3e32b5e5f2a288f8c2ed343191ba45ba	byte-identical
evaluation workspace (commit dc6ebc1)	data/veriqbench/combinational/adder/adder_n61.qasm	data/veriqbench/combinational/adder/adder_n61.qasm	a9dcb51842ebb1bfc962ee237e6568d4ff2e38fd3917e902e51c421dd1c475ed	a9dcb51842ebb1bfc962ee237e6568d4ff2e38fd3917e902e51c421dd1c475ed	byte-identical
evaluation workspace (commit dc6ebc1)	data/veriqbench/combinational/adder/adder_n64.qasm	data/veriqbench/combinational/adder/adder_n64.qasm	82d67bf24d16b4cd8082c612e9999d9353a4ab43fa473d13555155a338cf2f19	82d67bf24d16b4cd8082c612e9999d9353a4ab43fa473d13555155a338cf2f19	byte-identical
evaluation workspace (commit dc6ebc1)	data/veriqbench/combinational/adder/adder_n67.qasm	data/veriqbench/combinational/adder/adder_n67.qasm	d6e4fe652b7352aeb76a06db35a5acd395542bcc831f5d94c5c82d99f827c3fe	d6e4fe652b7352aeb76a06db35a5acd395542bcc831f5d94c5c82d99f827c3fe	byte-identical
evaluation workspace (commit dc6ebc1)	data/veriqbench/combinational/adder/adder_n7.qasm	data/veriqbench/combinational/adder/adder_n7.qasm	83525fcab6a229ca6bd0a31a99db60c4878aa290f7e9f5dec3d9ee1e907891c5	83525fcab6a229ca6bd0a31a99db60c4878aa290f7e9f5dec3d9ee1e907891c5	byte-identical
evaluation workspace (commit dc6ebc1)	data/veriqbench/combinational/adder/adder_n70.qasm	data/veriqbench/combinational/adder/adder_n70.qasm	ce010fb989207cb41f0fe13bd1c6a7d3927ac76c5ab22a37ba2f6eddaa584f1d	ce010fb989207cb41f0fe13bd1c6a7d3927ac76c5ab22a37ba2f6eddaa584f1d	byte-identical
evaluation workspace (commit dc6ebc1)	data/veriqbench/combinational/adder/adder_n73.qasm	data/veriqbench/combinational/adder/adder_n73.qasm	c332e457aa11ca4d4d1434e4ec46762b77e7bd792dd25aca8a4286ae975e57ec	c332e457aa11ca4d4d1434e4ec46762b77e7bd792dd25aca8a4286ae975e57ec	byte-identical
evaluation workspace (commit dc6ebc1)	data/veriqbench/combinational/adder/adder_n76.qasm	data/veriqbench/combinational/adder/adder_n76.qasm	a708a94ca75de6005295cf972ccf85210af7f80ebb6c0e399c59b0f56361bdd7	a708a94ca75de6005295cf972ccf85210af7f80ebb6c0e399c59b0f56361bdd7	byte-identical
evaluation workspace (commit dc6ebc1)	data/veriqbench/combinational/adder/adder_n79.qasm	data/veriqbench/combinational/adder/adder_n79.qasm	94ec80d10d8609452b8665ae205cec1b83d7d859098c25ff1459f8ac00f48efe	94ec80d10d8609452b8665ae205cec1b83d7d859098c25ff1459f8ac00f48efe	byte-identical
evaluation workspace (commit dc6ebc1)	data/veriqbench/combinational/adder/adder_n82.qasm	data/veriqbench/combinational/adder/adder_n82.qasm	b6fb5ec854cb36308d3e25977dbcc025f4200c9593e69c31c308bc9e0d0f526a	b6fb5ec854cb36308d3e25977dbcc025f4200c9593e69c31c308bc9e0d0f526a	byte-identical
evaluation workspace (commit dc6ebc1)	data/veriqbench/combinational/adder/adder_n85.qasm	data/veriqbench/combinational/adder/adder_n85.qasm	488da7f94303a9abd3a26d09e18d24b1f83e731d64e8b6046336fee0bebf93be	488da7f94303a9abd3a26d09e18d24b1f83e731d64e8b6046336fee0bebf93be	byte-identical
evaluation workspace (commit dc6ebc1)	data/veriqbench/combinational/adder/adder_n88.qasm	data/veriqbench/combinational/adder/adder_n88.qasm	f2dcb6a4b254a1ea73a801c7024d2e297eb475136a58cb29098c4659b402dd2a	f2dcb6a4b254a1ea73a801c7024d2e297eb475136a58cb29098c4659b402dd2a	byte-identical
evaluation workspace (commit dc6ebc1)	data/veriqbench/combinational/adder/adder_n91.qasm	data/veriqbench/combinational/adder/adder_n91.qasm	6784f5fd4217f0292a246b10d878ad1d2ad47af511020570f77ecd0bfa0ae7c5	6784f5fd4217f0292a246b10d878ad1d2ad47af511020570f77ecd0bfa0ae7c5	byte-identical
evaluation workspace (commit dc6ebc1)	data/veriqbench/combinational/adder/adder_n94.qasm	data/veriqbench/combinational/adder/adder_n94.qasm	022ce2cf4f9f643432311a42bcb771e8ce2355f01b8bf13f9081b5fef1aa3030	022ce2cf4f9f643432311a42bcb771e8ce2355f01b8bf13f9081b5fef1aa3030	byte-identical
evaluation workspace (commit dc6ebc1)	data/veriqbench/combinational/adder/adder_n97.qasm	data/veriqbench/combinational/adder/adder_n97.qasm	de6426487eb17f30d57ed684c82aad22244d5a79f8b4db475b69c0eaab0ec62b	de6426487eb17f30d57ed684c82aad22244d5a79f8b4db475b69c0eaab0ec62b	byte-identical
evaluation workspace (commit dc6ebc1)	data/veriqbench/combinational/bv/bv_10.qasm	data/veriqbench/combinational/bv/bv_10.qasm	cbb668522cb075326af4812a09038505f2064e3d8ad601e8d12ecb403fd21f4f	cbb668522cb075326af4812a09038505f2064e3d8ad601e8d12ecb403fd21f4f	byte-identical
evaluation workspace (commit dc6ebc1)	data/veriqbench/combinational/bv/bv_100.qasm	data/veriqbench/combinational/bv/bv_100.qasm	a9413cbca7510660675a0663f50e8378c95f197e4cf38ffbbd49bf359273ac8a	a9413cbca7510660675a0663f50e8378c95f197e4cf38ffbbd49bf359273ac8a	byte-identical
evaluation workspace (commit dc6ebc1)	data/veriqbench/combinational/bv/bv_11.qasm	data/veriqbench/combinational/bv/bv_11.qasm	bc003d63f699926b1feb89bc03e3e3fab6d8a4e547f3dcebbe132587fa0eeee5	bc003d63f699926b1feb89bc03e3e3fab6d8a4e547f3dcebbe132587fa0eeee5	byte-identical
evaluation workspace (commit dc6ebc1)	data/veriqbench/combinational/bv/bv_12.qasm	data/veriqbench/combinational/bv/bv_12.qasm	0a24d7592e81cbaa07585329371367235be6607115c92e9793fd578f059757d5	0a24d7592e81cbaa07585329371367235be6607115c92e9793fd578f059757d5	byte-identical
evaluation workspace (commit dc6ebc1)	data/veriqbench/combinational/bv/bv_13.qasm	data/veriqbench/combinational/bv/bv_13.qasm	d9571c914fc607f3a31ffb7746c3df3ecd0b0e04c977ff74f7f90a908f1d220a	d9571c914fc607f3a31ffb7746c3df3ecd0b0e04c977ff74f7f90a908f1d220a	byte-identical
evaluation workspace (commit dc6ebc1)	data/veriqbench/combinational/bv/bv_14.qasm	data/veriqbench/combinational/bv/bv_14.qasm	de9f44b474dc7e89282443b0966001538d1eb6bd5a4b2f6eeb8382b469c4a201	de9f44b474dc7e89282443b0966001538d1eb6bd5a4b2f6eeb8382b469c4a201	byte-identical
evaluation workspace (commit dc6ebc1)	data/veriqbench/combinational/bv/bv_15.qasm	data/veriqbench/combinational/bv/bv_15.qasm	962d7f87bcba388d15616c523ba756b10993b9a31da223afa57ad01ee1855a7a	962d7f87bcba388d15616c523ba756b10993b9a31da223afa57ad01ee1855a7a	byte-identical
evaluation workspace (commit dc6ebc1)	data/veriqbench/combinational/bv/bv_16.qasm	data/veriqbench/combinational/bv/bv_16.qasm	db9e2116637a6ec94e7fb83c6812ee57175fb9143f902d48cfd84b2a83bf4c4a	db9e2116637a6ec94e7fb83c6812ee57175fb9143f902d48cfd84b2a83bf4c4a	byte-identical
evaluation workspace (commit dc6ebc1)	data/veriqbench/combinational/bv/bv_17.qasm	data/veriqbench/combinational/bv/bv_17.qasm	3f2e1088941db148a3037e1e1fdecb9ff1c9367ca18066278eeaa36e8c0d46da	3f2e1088941db148a3037e1e1fdecb9ff1c9367ca18066278eeaa36e8c0d46da	byte-identical
evaluation workspace (commit dc6ebc1)	data/veriqbench/combinational/bv/bv_18.qasm	data/veriqbench/combinational/bv/bv_18.qasm	34823064755761dc7788b456b724b1cf8602c3f8b38abb36b3cdc699f1cf10dd	34823064755761dc7788b456b724b1cf8602c3f8b38abb36b3cdc699f1cf10dd	byte-identical
evaluation workspace (commit dc6ebc1)	data/veriqbench/combinational/bv/bv_19.qasm	data/veriqbench/combinational/bv/bv_19.qasm	595dd51f1efbe47783b7d5148ba1676a19ffe4a07d7d330570ae14bc881ee544	595dd51f1efbe47783b7d5148ba1676a19ffe4a07d7d330570ae14bc881ee544	byte-identical
evaluation workspace (commit dc6ebc1)	data/veriqbench/combinational/bv/bv_2.qasm	data/veriqbench/combinational/bv/bv_2.qasm	fba59b56e8cd8db6ff4a888deafb85918cceef8bcc797595a354d7cca27869ce	fba59b56e8cd8db6ff4a888deafb85918cceef8bcc797595a354d7cca27869ce	byte-identical
evaluation workspace (commit dc6ebc1)	data/veriqbench/combinational/bv/bv_20.qasm	data/veriqbench/combinational/bv/bv_20.qasm	d182a39c63e02d2ff7ed61f4c28bfea882fe5c9635edb74da576e87bade5e1e3	d182a39c63e02d2ff7ed61f4c28bfea882fe5c9635edb74da576e87bade5e1e3	byte-identical
evaluation workspace (commit dc6ebc1)	data/veriqbench/combinational/bv/bv_21.qasm	data/veriqbench/combinational/bv/bv_21.qasm	fc22a841f589fd231f2f2ff761832ab855c20151323385bc265e98970685cbca	fc22a841f589fd231f2f2ff761832ab855c20151323385bc265e98970685cbca	byte-identical
evaluation workspace (commit dc6ebc1)	data/veriqbench/combinational/bv/bv_22.qasm	data/veriqbench/combinational/bv/bv_22.qasm	c37dd4aca40916339a92fff91da323d2f65bc89fd562db91a425b41238fab26f	c37dd4aca40916339a92fff91da323d2f65bc89fd562db91a425b41238fab26f	byte-identical
evaluation workspace (commit dc6ebc1)	data/veriqbench/combinational/bv/bv_23.qasm	data/veriqbench/combinational/bv/bv_23.qasm	0e57b87c22d38500f1cc608305e1f5b7786cbe811721f3ba2b54a40d53370ebd	0e57b87c22d38500f1cc608305e1f5b7786cbe811721f3ba2b54a40d53370ebd	byte-identical
evaluation workspace (commit dc6ebc1)	data/veriqbench/combinational/bv/bv_24.qasm	data/veriqbench/combinational/bv/bv_24.qasm	359e01de9756593acdff7f1217e6b0958e4fef29dbe2d0c1f5397b5324d7bd82	359e01de9756593acdff7f1217e6b0958e4fef29dbe2d0c1f5397b5324d7bd82	byte-identical
evaluation workspace (commit dc6ebc1)	data/veriqbench/combinational/bv/bv_25.qasm	data/veriqbench/combinational/bv/bv_25.qasm	f98bd2771bc6e9f5596112a104572ef8ef2b7a0caa8a0a03044c34fb272bb612	f98bd2771bc6e9f5596112a104572ef8ef2b7a0caa8a0a03044c34fb272bb612	byte-identical
evaluation workspace (commit dc6ebc1)	data/veriqbench/combinational/bv/bv_26.qasm	data/veriqbench/combinational/bv/bv_26.qasm	de5257553ae46ac231c93e339ced32915ef5a45e5dea074a354f280a35451f81	de5257553ae46ac231c93e339ced32915ef5a45e5dea074a354f280a35451f81	byte-identical
evaluation workspace (commit dc6ebc1)	data/veriqbench/combinational/bv/bv_27.qasm	data/veriqbench/combinational/bv/bv_27.qasm	d3b1c89183ac8a69546febbccec3cc6e472c2789591c262eb885fed774678438	d3b1c89183ac8a69546febbccec3cc6e472c2789591c262eb885fed774678438	byte-identical
evaluation workspace (commit dc6ebc1)	data/veriqbench/combinational/bv/bv_28.qasm	data/veriqbench/combinational/bv/bv_28.qasm	f3cd9422b0c3ce538a80aebe42bac1cb24eafc230180447d5873f8187bb61118	f3cd9422b0c3ce538a80aebe42bac1cb24eafc230180447d5873f8187bb61118	byte-identical
evaluation workspace (commit dc6ebc1)	data/veriqbench/combinational/bv/bv_29.qasm	data/veriqbench/combinational/bv/bv_29.qasm	75be775afeb035ceda2db7ca568c0094a9cee3a5998f5b1be0b3dde03ec2cd3d	75be775afeb035ceda2db7ca568c0094a9cee3a5998f5b1be0b3dde03ec2cd3d	byte-identical
evaluation workspace (commit dc6ebc1)	data/veriqbench/combinational/bv/bv_3.qasm	data/veriqbench/combinational/bv/bv_3.qasm	cc5e239a0133efef8deb4c8084494cf167a336fe30befd2633fe845dc8a5cc9e	cc5e239a0133efef8deb4c8084494cf167a336fe30befd2633fe845dc8a5cc9e	byte-identical
evaluation workspace (commit dc6ebc1)	data/veriqbench/combinational/bv/bv_30.qasm	data/veriqbench/combinational/bv/bv_30.qasm	3b4ed9b9d3b19218ff15e56aac0dba1ec665b1b9f1e4ce60a9a52593978aa25d	3b4ed9b9d3b19218ff15e56aac0dba1ec665b1b9f1e4ce60a9a52593978aa25d	byte-identical
evaluation workspace (commit dc6ebc1)	data/veriqbench/combinational/bv/bv_31.qasm	data/veriqbench/combinational/bv/bv_31.qasm	a93c938ed78f1968a5e2d4ab54818d384437a4906e4977b212ea614ab8406bfe	a93c938ed78f1968a5e2d4ab54818d384437a4906e4977b212ea614ab8406bfe	byte-identical
evaluation workspace (commit dc6ebc1)	data/veriqbench/combinational/bv/bv_32.qasm	data/veriqbench/combinational/bv/bv_32.qasm	0141718fbabebac455e42f9d0f8f638a04c4ff4c14ee7575f98ef85d60b29737	0141718fbabebac455e42f9d0f8f638a04c4ff4c14ee7575f98ef85d60b29737	byte-identical
evaluation workspace (commit dc6ebc1)	data/veriqbench/combinational/bv/bv_33.qasm	data/veriqbench/combinational/bv/bv_33.qasm	3575a0cf156a5f5de7a54f2c45bac96add1fb8173f260cd058fa937a57a4dfe6	3575a0cf156a5f5de7a54f2c45bac96add1fb8173f260cd058fa937a57a4dfe6	byte-identical
evaluation workspace (commit dc6ebc1)	data/veriqbench/combinational/bv/bv_34.qasm	data/veriqbench/combinational/bv/bv_34.qasm	886b8a05cca029526a881e8eae2e94e0a8fe659b5c0a1a300d889d01febd170f	886b8a05cca029526a881e8eae2e94e0a8fe659b5c0a1a300d889d01febd170f	byte-identical
evaluation workspace (commit dc6ebc1)	data/veriqbench/combinational/bv/bv_35.qasm	data/veriqbench/combinational/bv/bv_35.qasm	2929adcebce3f575512e2d911ef3d6f06760715488edd78be2c5faf6b94a4d7e	2929adcebce3f575512e2d911ef3d6f06760715488edd78be2c5faf6b94a4d7e	byte-identical
evaluation workspace (commit dc6ebc1)	data/veriqbench/combinational/bv/bv_36.qasm	data/veriqbench/combinational/bv/bv_36.qasm	e09e43c4eb81f25d54822fd29f3ee05c5b5dd33d8a772daba45dc1d55021d9b1	e09e43c4eb81f25d54822fd29f3ee05c5b5dd33d8a772daba45dc1d55021d9b1	byte-identical
evaluation workspace (commit dc6ebc1)	data/veriqbench/combinational/bv/bv_37.qasm	data/veriqbench/combinational/bv/bv_37.qasm	ce9aeb6eaf3e2c2b53b30a06f12030a8b351bf0aba15da9d9470a3ac3f115e1a	ce9aeb6eaf3e2c2b53b30a06f12030a8b351bf0aba15da9d9470a3ac3f115e1a	byte-identical
evaluation workspace (commit dc6ebc1)	data/veriqbench/combinational/bv/bv_38.qasm	data/veriqbench/combinational/bv/bv_38.qasm	3d586549779998f43897f44c9a0bdbf29da539db4a6e31c4e861c545e1aff620	3d586549779998f43897f44c9a0bdbf29da539db4a6e31c4e861c545e1aff620	byte-identical
evaluation workspace (commit dc6ebc1)	data/veriqbench/combinational/bv/bv_39.qasm	data/veriqbench/combinational/bv/bv_39.qasm	5840325b20b53084d3146c5a368f271ab7e02e1f882a39d144c4b0db948a1f13	5840325b20b53084d3146c5a368f271ab7e02e1f882a39d144c4b0db948a1f13	byte-identical
evaluation workspace (commit dc6ebc1)	data/veriqbench/combinational/bv/bv_4.qasm	data/veriqbench/combinational/bv/bv_4.qasm	62afcfc13b834b7dcf638e8aa56302d82273357689ed9d5577f6818eec7a0d66	62afcfc13b834b7dcf638e8aa56302d82273357689ed9d5577f6818eec7a0d66	byte-identical
evaluation workspace (commit dc6ebc1)	data/veriqbench/combinational/bv/bv_40.qasm	data/veriqbench/combinational/bv/bv_40.qasm	6d406e6d174d184f6cea66e26ad595f9350749efce1ee08f540e19a981ddff0a	6d406e6d174d184f6cea66e26ad595f9350749efce1ee08f540e19a981ddff0a	byte-identical
evaluation workspace (commit dc6ebc1)	data/veriqbench/combinational/bv/bv_41.qasm	data/veriqbench/combinational/bv/bv_41.qasm	d745416e1e1a62da810a0abbee4e2a2954de6de3bf7c1941554b1ae1ffe5e484	d745416e1e1a62da810a0abbee4e2a2954de6de3bf7c1941554b1ae1ffe5e484	byte-identical
evaluation workspace (commit dc6ebc1)	data/veriqbench/combinational/bv/bv_42.qasm	data/veriqbench/combinational/bv/bv_42.qasm	da107fe1a26714bba870dae66dd0320134c837f588c9d1cb2df10183fb7bf81a	da107fe1a26714bba870dae66dd0320134c837f588c9d1cb2df10183fb7bf81a	byte-identical
evaluation workspace (commit dc6ebc1)	data/veriqbench/combinational/bv/bv_43.qasm	data/veriqbench/combinational/bv/bv_43.qasm	c4ec79c9e72327c2ffd68b616373ded3217917999f7dd3a5e8db6568cccaa244	c4ec79c9e72327c2ffd68b616373ded3217917999f7dd3a5e8db6568cccaa244	byte-identical
evaluation workspace (commit dc6ebc1)	data/veriqbench/combinational/bv/bv_44.qasm	data/veriqbench/combinational/bv/bv_44.qasm	3d85b5343d78b5bc671282864b423cb4d48102912b1afb923499351604d52a57	3d85b5343d78b5bc671282864b423cb4d48102912b1afb923499351604d52a57	byte-identical
evaluation workspace (commit dc6ebc1)	data/veriqbench/combinational/bv/bv_45.qasm	data/veriqbench/combinational/bv/bv_45.qasm	bb437d47320510de3fa77f3828c80968fa445cca036afb752d0504b857529b7b	bb437d47320510de3fa77f3828c80968fa445cca036afb752d0504b857529b7b	byte-identical
evaluation workspace (commit dc6ebc1)	data/veriqbench/combinational/bv/bv_46.qasm	data/veriqbench/combinational/bv/bv_46.qasm	fbaa1386db1a3671b16d62f414367743db0a594bac2b8e71fd155d1eaa915102	fbaa1386db1a3671b16d62f414367743db0a594bac2b8e71fd155d1eaa915102	byte-identical
evaluation workspace (commit dc6ebc1)	data/veriqbench/combinational/bv/bv_47.qasm	data/veriqbench/combinational/bv/bv_47.qasm	90b3eb72b32b97f55fdd7df177e6671ec1834ecc4348d76ce2f6dd2c832c3e8c	90b3eb72b32b97f55fdd7df177e6671ec1834ecc4348d76ce2f6dd2c832c3e8c	byte-identical
evaluation workspace (commit dc6ebc1)	data/veriqbench/combinational/bv/bv_48.qasm	data/veriqbench/combinational/bv/bv_48.qasm	1c04365787069bbae4a0383cfa6ce2f706fc25e846d293d161eaac3dab11d2b5	1c04365787069bbae4a0383cfa6ce2f706fc25e846d293d161eaac3dab11d2b5	byte-identical
evaluation workspace (commit dc6ebc1)	data/veriqbench/combinational/bv/bv_49.qasm	data/veriqbench/combinational/bv/bv_49.qasm	aecf82f19b01a876e1404e0b85ac9c72f87eb41005f07a660db307e45d8f0728	aecf82f19b01a876e1404e0b85ac9c72f87eb41005f07a660db307e45d8f0728	byte-identical
evaluation workspace (commit dc6ebc1)	data/veriqbench/combinational/bv/bv_5.qasm	data/veriqbench/combinational/bv/bv_5.qasm	dab61ea46af19b2a58013a3e0ec8aa7f526a8189594df64ff9982bf2ee57c924	dab61ea46af19b2a58013a3e0ec8aa7f526a8189594df64ff9982bf2ee57c924	byte-identical
evaluation workspace (commit dc6ebc1)	data/veriqbench/combinational/bv/bv_50.qasm	data/veriqbench/combinational/bv/bv_50.qasm	6110e48399d2d7978b97ebe629376fa217a8a4d412df44d4bc5f6008a319f7d1	6110e48399d2d7978b97ebe629376fa217a8a4d412df44d4bc5f6008a319f7d1	byte-identical
evaluation workspace (commit dc6ebc1)	data/veriqbench/combinational/bv/bv_51.qasm	data/veriqbench/combinational/bv/bv_51.qasm	ad3d4c4c18c9cb53e944a526a09b0306e415daa6a2d5684b95f0933c218bfdef	ad3d4c4c18c9cb53e944a526a09b0306e415daa6a2d5684b95f0933c218bfdef	byte-identical
evaluation workspace (commit dc6ebc1)	data/veriqbench/combinational/bv/bv_52.qasm	data/veriqbench/combinational/bv/bv_52.qasm	70457468d41a56377ddd0dc8cc5915b80e088b1e4622c0a54c35116687853194	70457468d41a56377ddd0dc8cc5915b80e088b1e4622c0a54c35116687853194	byte-identical
evaluation workspace (commit dc6ebc1)	data/veriqbench/combinational/bv/bv_53.qasm	data/veriqbench/combinational/bv/bv_53.qasm	d61eb2c449c521b6aa154b5cb9a2b543eb9bfc292b0676cfb35fe2f1f27f1fde	d61eb2c449c521b6aa154b5cb9a2b543eb9bfc292b0676cfb35fe2f1f27f1fde	byte-identical
evaluation workspace (commit dc6ebc1)	data/veriqbench/combinational/bv/bv_54.qasm	data/veriqbench/combinational/bv/bv_54.qasm	d42eea16c15ba07cfc4b8213e1d8a88ad11cffe33600ed46c0f245ced2f9827a	d42eea16c15ba07cfc4b8213e1d8a88ad11cffe33600ed46c0f245ced2f9827a	byte-identical
evaluation workspace (commit dc6ebc1)	data/veriqbench/combinational/bv/bv_55.qasm	data/veriqbench/combinational/bv/bv_55.qasm	5a3d49a839210f45eb712c6a0d7e51674dc6134a66188ae2ded5ff589583022f	5a3d49a839210f45eb712c6a0d7e51674dc6134a66188ae2ded5ff589583022f	byte-identical
evaluation workspace (commit dc6ebc1)	data/veriqbench/combinational/bv/bv_56.qasm	data/veriqbench/combinational/bv/bv_56.qasm	43928378d83d41ad61299e63c15c373664558e6921a5eb979c2586965a2864ed	43928378d83d41ad61299e63c15c373664558e6921a5eb979c2586965a2864ed	byte-identical
evaluation workspace (commit dc6ebc1)	data/veriqbench/combinational/bv/bv_57.qasm	data/veriqbench/combinational/bv/bv_57.qasm	7d41e03f853508a14e48b8ceb1c87f12260654312ba6605a595e77bb83e89106	7d41e03f853508a14e48b8ceb1c87f12260654312ba6605a595e77bb83e89106	byte-identical
evaluation workspace (commit dc6ebc1)	data/veriqbench/combinational/bv/bv_58.qasm	data/veriqbench/combinational/bv/bv_58.qasm	2b04fe57ef62c861447d2863a95eb019fb5a7909b8babb4e6d01deebad3b03e3	2b04fe57ef62c861447d2863a95eb019fb5a7909b8babb4e6d01deebad3b03e3	byte-identical
evaluation workspace (commit dc6ebc1)	data/veriqbench/combinational/bv/bv_59.qasm	data/veriqbench/combinational/bv/bv_59.qasm	642e16566bd364ed8a3fffb5614fc5776e87252b1329362f527c6795a35631ea	642e16566bd364ed8a3fffb5614fc5776e87252b1329362f527c6795a35631ea	byte-identical
evaluation workspace (commit dc6ebc1)	data/veriqbench/combinational/bv/bv_6.qasm	data/veriqbench/combinational/bv/bv_6.qasm	ebb7d24cd5c8b3d01f4b51bba685e4dfa4f2d5e5ef9d24f242d8eec420a43663	ebb7d24cd5c8b3d01f4b51bba685e4dfa4f2d5e5ef9d24f242d8eec420a43663	byte-identical
evaluation workspace (commit dc6ebc1)	data/veriqbench/combinational/bv/bv_60.qasm	data/veriqbench/combinational/bv/bv_60.qasm	e7f0e27c3cc14dc62947ca875a4a8dc3ef93b69c2241d8df307e2ab91b51e370	e7f0e27c3cc14dc62947ca875a4a8dc3ef93b69c2241d8df307e2ab91b51e370	byte-identical
evaluation workspace (commit dc6ebc1)	data/veriqbench/combinational/bv/bv_61.qasm	data/veriqbench/combinational/bv/bv_61.qasm	e92975416852f1d500c4f10563c755e11838dc4d8f2f2d807d2c987e97561c47	e92975416852f1d500c4f10563c755e11838dc4d8f2f2d807d2c987e97561c47	byte-identical
evaluation workspace (commit dc6ebc1)	data/veriqbench/combinational/bv/bv_62.qasm	data/veriqbench/combinational/bv/bv_62.qasm	3336dbeb6c7c56e532103ec5e43359a664f053a8a96688e4d476fccb8dff6a4b	3336dbeb6c7c56e532103ec5e43359a664f053a8a96688e4d476fccb8dff6a4b	byte-identical
evaluation workspace (commit dc6ebc1)	data/veriqbench/combinational/bv/bv_63.qasm	data/veriqbench/combinational/bv/bv_63.qasm	6a8a9668f12a7ec87e48b9fdd4b889570d70ab1a686d197a0d9ed40db9a14362	6a8a9668f12a7ec87e48b9fdd4b889570d70ab1a686d197a0d9ed40db9a14362	byte-identical
evaluation workspace (commit dc6ebc1)	data/veriqbench/combinational/bv/bv_64.qasm	data/veriqbench/combinational/bv/bv_64.qasm	888eb67829875efb60a1d6563b780dbe8e3ac169e67858032814655a07f84c2e	888eb67829875efb60a1d6563b780dbe8e3ac169e67858032814655a07f84c2e	byte-identical
evaluation workspace (commit dc6ebc1)	data/veriqbench/combinational/bv/bv_65.qasm	data/veriqbench/combinational/bv/bv_65.qasm	5f7d8b6473366da970de14c837d31d6f2b6e54bb80512e1b45f8280a099d8a5f	5f7d8b6473366da970de14c837d31d6f2b6e54bb80512e1b45f8280a099d8a5f	byte-identical
evaluation workspace (commit dc6ebc1)	data/veriqbench/combinational/bv/bv_66.qasm	data/veriqbench/combinational/bv/bv_66.qasm	0a964b3dec982fa9c06abd6dcfe12976fc51614be7cd22cd07fa49b634387455	0a964b3dec982fa9c06abd6dcfe12976fc51614be7cd22cd07fa49b634387455	byte-identical
evaluation workspace (commit dc6ebc1)	data/veriqbench/combinational/bv/bv_67.qasm	data/veriqbench/combinational/bv/bv_67.qasm	d7641bc09de6522e2f154d0db27ae57b0f34c7ef517487408162281d9460de76	d7641bc09de6522e2f154d0db27ae57b0f34c7ef517487408162281d9460de76	byte-identical
evaluation workspace (commit dc6ebc1)	data/veriqbench/combinational/bv/bv_68.qasm	data/veriqbench/combinational/bv/bv_68.qasm	3e1345033598c9d6451a1d98819a576f5cb350e0c8c1aa88533d85f8fff238e5	3e1345033598c9d6451a1d98819a576f5cb350e0c8c1aa88533d85f8fff238e5	byte-identical
evaluation workspace (commit dc6ebc1)	data/veriqbench/combinational/bv/bv_69.qasm	data/veriqbench/combinational/bv/bv_69.qasm	c3fdf0ec9e5b12a855ce10d4891e38637b13f0bf882d9b9cc8d513af8e5aecee	c3fdf0ec9e5b12a855ce10d4891e38637b13f0bf882d9b9cc8d513af8e5aecee	byte-identical
evaluation workspace (commit dc6ebc1)	data/veriqbench/combinational/bv/bv_7.qasm	data/veriqbench/combinational/bv/bv_7.qasm	9bebe62cd8cb1e6bf39f5035548860808ccff569ca05ce89ae9a8aad66529dda	9bebe62cd8cb1e6bf39f5035548860808ccff569ca05ce89ae9a8aad66529dda	byte-identical
evaluation workspace (commit dc6ebc1)	data/veriqbench/combinational/bv/bv_70.qasm	data/veriqbench/combinational/bv/bv_70.qasm	159eec8f7438d886f433a59187785c752943f481120dd62c282a73a174549cab	159eec8f7438d886f433a59187785c752943f481120dd62c282a73a174549cab	byte-identical
evaluation workspace (commit dc6ebc1)	data/veriqbench/combinational/bv/bv_71.qasm	data/veriqbench/combinational/bv/bv_71.qasm	9c32d30dafe9c723db9cf2f1c1180160fd7daab33db8473e0f015a2d53cb4977	9c32d30dafe9c723db9cf2f1c1180160fd7daab33db8473e0f015a2d53cb4977	byte-identical
evaluation workspace (commit dc6ebc1)	data/veriqbench/combinational/bv/bv_72.qasm	data/veriqbench/combinational/bv/bv_72.qasm	95f3cf437714bfb3048de3e42ed2098d21e951bf523c0dd03f9d3e2771ef0cf9	95f3cf437714bfb3048de3e42ed2098d21e951bf523c0dd03f9d3e2771ef0cf9	byte-identical
evaluation workspace (commit dc6ebc1)	data/veriqbench/combinational/bv/bv_73.qasm	data/veriqbench/combinational/bv/bv_73.qasm	e0f5e836d79c93651d2febe59acdb5417ca18afb971c81d5602f49ac118f4db9	e0f5e836d79c93651d2febe59acdb5417ca18afb971c81d5602f49ac118f4db9	byte-identical
evaluation workspace (commit dc6ebc1)	data/veriqbench/combinational/bv/bv_74.qasm	data/veriqbench/combinational/bv/bv_74.qasm	816aa3be6aaf8af2b13b35b07e72684a3586171a383b8ae752b5e13968bb0262	816aa3be6aaf8af2b13b35b07e72684a3586171a383b8ae752b5e13968bb0262	byte-identical
evaluation workspace (commit dc6ebc1)	data/veriqbench/combinational/bv/bv_75.qasm	data/veriqbench/combinational/bv/bv_75.qasm	2562afc058ffaad192f3182c80c222cce00f50df6e1906dac025625f28a5ba6e	2562afc058ffaad192f3182c80c222cce00f50df6e1906dac025625f28a5ba6e	byte-identical
evaluation workspace (commit dc6ebc1)	data/veriqbench/combinational/bv/bv_76.qasm	data/veriqbench/combinational/bv/bv_76.qasm	b5d11a5eea7983fc1edbc976bf8a6ead9f495c620628fb8553e88aa25921c411	b5d11a5eea7983fc1edbc976bf8a6ead9f495c620628fb8553e88aa25921c411	byte-identical
evaluation workspace (commit dc6ebc1)	data/veriqbench/combinational/bv/bv_77.qasm	data/veriqbench/combinational/bv/bv_77.qasm	fa2d4f65097271c7d892cff9241fa864528214f8275789bc576f6ec2959637a0	fa2d4f65097271c7d892cff9241fa864528214f8275789bc576f6ec2959637a0	byte-identical
evaluation workspace (commit dc6ebc1)	data/veriqbench/combinational/bv/bv_78.qasm	data/veriqbench/combinational/bv/bv_78.qasm	343a0f8592a5f05c239fc7503370742d327421b01cf3123ef833dbd80e9e5d8d	343a0f8592a5f05c239fc7503370742d327421b01cf3123ef833dbd80e9e5d8d	byte-identical
evaluation workspace (commit dc6ebc1)	data/veriqbench/combinational/bv/bv_79.qasm	data/veriqbench/combinational/bv/bv_79.qasm	c14bb45ea664fb6134abaab6351efd106ac3cc13c1637f04ccdcb926a9f5c1d2	c14bb45ea664fb6134abaab6351efd106ac3cc13c1637f04ccdcb926a9f5c1d2	byte-identical
evaluation workspace (commit dc6ebc1)	data/veriqbench/combinational/bv/bv_8.qasm	data/veriqbench/combinational/bv/bv_8.qasm	a2e3082263434081a8c0c09e8dd00d578c2bfae986e7f157052d51e1c5be1a37	a2e3082263434081a8c0c09e8dd00d578c2bfae986e7f157052d51e1c5be1a37	byte-identical
evaluation workspace (commit dc6ebc1)	data/veriqbench/combinational/bv/bv_80.qasm	data/veriqbench/combinational/bv/bv_80.qasm	68c2dac935e2305e55fb9003730e46458905e58aa368976a36713d2504ea29a9	68c2dac935e2305e55fb9003730e46458905e58aa368976a36713d2504ea29a9	byte-identical
evaluation workspace (commit dc6ebc1)	data/veriqbench/combinational/bv/bv_81.qasm	data/veriqbench/combinational/bv/bv_81.qasm	3e9272d7a6475713d1b6c73910fe2561cc869ffe45899a96e642af40ec485693	3e9272d7a6475713d1b6c73910fe2561cc869ffe45899a96e642af40ec485693	byte-identical
evaluation workspace (commit dc6ebc1)	data/veriqbench/combinational/bv/bv_82.qasm	data/veriqbench/combinational/bv/bv_82.qasm	11e46cbfbda3feae0e7cf274735c4f5e2ded6525bb31288b3fbd3a04add9683f	11e46cbfbda3feae0e7cf274735c4f5e2ded6525bb31288b3fbd3a04add9683f	byte-identical
evaluation workspace (commit dc6ebc1)	data/veriqbench/combinational/bv/bv_83.qasm	data/veriqbench/combinational/bv/bv_83.qasm	7e300ea83038608c79de9ffb7151baa9db8c82d313540bc834d0e8b5cc3a8ec0	7e300ea83038608c79de9ffb7151baa9db8c82d313540bc834d0e8b5cc3a8ec0	byte-identical
evaluation workspace (commit dc6ebc1)	data/veriqbench/combinational/bv/bv_84.qasm	data/veriqbench/combinational/bv/bv_84.qasm	aece849688e6b3815b548a9fb57ed191a933ceddb543644b0bb78c9f306826e5	aece849688e6b3815b548a9fb57ed191a933ceddb543644b0bb78c9f306826e5	byte-identical
evaluation workspace (commit dc6ebc1)	data/veriqbench/combinational/bv/bv_85.qasm	data/veriqbench/combinational/bv/bv_85.qasm	ee1f71e602e0117112f3651d3ccc557f31c9eb6c265d4aafdc48225e116bebce	ee1f71e602e0117112f3651d3ccc557f31c9eb6c265d4aafdc48225e116bebce	byte-identical
evaluation workspace (commit dc6ebc1)	data/veriqbench/combinational/bv/bv_86.qasm	data/veriqbench/combinational/bv/bv_86.qasm	e95d15350a1351cb0bd50591c23922311b1106ef81553231e17f3b30184be435	e95d15350a1351cb0bd50591c23922311b1106ef81553231e17f3b30184be435	byte-identical
evaluation workspace (commit dc6ebc1)	data/veriqbench/combinational/bv/bv_87.qasm	data/veriqbench/combinational/bv/bv_87.qasm	d0b1e1c7eefde4ef33f54441e1964f3a3f66b651304366ea9ea19e883adc4cc1	d0b1e1c7eefde4ef33f54441e1964f3a3f66b651304366ea9ea19e883adc4cc1	byte-identical
evaluation workspace (commit dc6ebc1)	data/veriqbench/combinational/bv/bv_88.qasm	data/veriqbench/combinational/bv/bv_88.qasm	6fe228867f6148af0c1141f25485df4511f82a62800ce7b0b0e35f113c45d4eb	6fe228867f6148af0c1141f25485df4511f82a62800ce7b0b0e35f113c45d4eb	byte-identical
evaluation workspace (commit dc6ebc1)	data/veriqbench/combinational/bv/bv_89.qasm	data/veriqbench/combinational/bv/bv_89.qasm	eb4204f47262161b36a7f43610b51b4f728df6aa1a753734397f711c709538aa	eb4204f47262161b36a7f43610b51b4f728df6aa1a753734397f711c709538aa	byte-identical
evaluation workspace (commit dc6ebc1)	data/veriqbench/combinational/bv/bv_9.qasm	data/veriqbench/combinational/bv/bv_9.qasm	61c7b01b2a0f11d1e75276a129fc2b82f295da236a1e70329e14913619b5cffc	61c7b01b2a0f11d1e75276a129fc2b82f295da236a1e70329e14913619b5cffc	byte-identical
evaluation workspace (commit dc6ebc1)	data/veriqbench/combinational/bv/bv_90.qasm	data/veriqbench/combinational/bv/bv_90.qasm	6fa8a36d4c9c9f52bb2433ec6b649a062c94c67be2c471dd2f44c03be6547385	6fa8a36d4c9c9f52bb2433ec6b649a062c94c67be2c471dd2f44c03be6547385	byte-identical
evaluation workspace (commit dc6ebc1)	data/veriqbench/combinational/bv/bv_91.qasm	data/veriqbench/combinational/bv/bv_91.qasm	d64515128fac798e2a1d86c6da3a0e0fdda1a047b5911724471d3b9a962c006b	d64515128fac798e2a1d86c6da3a0e0fdda1a047b5911724471d3b9a962c006b	byte-identical
evaluation workspace (commit dc6ebc1)	data/veriqbench/combinational/bv/bv_92.qasm	data/veriqbench/combinational/bv/bv_92.qasm	474bf9f946a97aefb99adb8f793c9da0931103c72f4b8fe849097216b7ce6752	474bf9f946a97aefb99adb8f793c9da0931103c72f4b8fe849097216b7ce6752	byte-identical
evaluation workspace (commit dc6ebc1)	data/veriqbench/combinational/bv/bv_93.qasm	data/veriqbench/combinational/bv/bv_93.qasm	ac50aa08764314041e2efdeb327331fec95332a320078551f633f3f02bd9abe0	ac50aa08764314041e2efdeb327331fec95332a320078551f633f3f02bd9abe0	byte-identical
evaluation workspace (commit dc6ebc1)	data/veriqbench/combinational/bv/bv_94.qasm	data/veriqbench/combinational/bv/bv_94.qasm	3385e218eb961040b322111427f6d983da5e685a500f847a795d1a3057d08c40	3385e218eb961040b322111427f6d983da5e685a500f847a795d1a3057d08c40	byte-identical
evaluation workspace (commit dc6ebc1)	data/veriqbench/combinational/bv/bv_95.qasm	data/veriqbench/combinational/bv/bv_95.qasm	6f2830dcce7b7a7687aed6200520eea6dc183f436252ae17e917e445388cd0af	6f2830dcce7b7a7687aed6200520eea6dc183f436252ae17e917e445388cd0af	byte-identical
evaluation workspace (commit dc6ebc1)	data/veriqbench/combinational/bv/bv_96.qasm	data/veriqbench/combinational/bv/bv_96.qasm	39de8df5141c53bab7e325a4ed348d7f959f78efad80309bc172649365c4e25d	39de8df5141c53bab7e325a4ed348d7f959f78efad80309bc172649365c4e25d	byte-identical
evaluation workspace (commit dc6ebc1)	data/veriqbench/combinational/bv/bv_97.qasm	data/veriqbench/combinational/bv/bv_97.qasm	2487147bb4355fb953484ba7e53772f3ad6d2f2002b967b360c6c70aca795315	2487147bb4355fb953484ba7e53772f3ad6d2f2002b967b360c6c70aca795315	byte-identical
evaluation workspace (commit dc6ebc1)	data/veriqbench/combinational/bv/bv_98.qasm	data/veriqbench/combinational/bv/bv_98.qasm	09bd2f0cd3ffc6596d9c1daeaf297e5e7360b5a9301227d83a7ca6890a50eb3b	09bd2f0cd3ffc6596d9c1daeaf297e5e7360b5a9301227d83a7ca6890a50eb3b	byte-identical
evaluation workspace (commit dc6ebc1)	data/veriqbench/combinational/bv/bv_99.qasm	data/veriqbench/combinational/bv/bv_99.qasm	9e48123cb1975005189b243b28d90af2029455a5c8ffcf53910a7f6ea79acb0a	9e48123cb1975005189b243b28d90af2029455a5c8ffcf53910a7f6ea79acb0a	byte-identical
evaluation workspace (commit dc6ebc1)	data/veriqbench/combinational/grover/grover_11.qasm	data/veriqbench/combinational/grover/grover_11.qasm	8eac78100f0037dc09d5ffd86700858499c402b50872e3fc70403fd60cc530e4	8eac78100f0037dc09d5ffd86700858499c402b50872e3fc70403fd60cc530e4	byte-identical
evaluation workspace (commit dc6ebc1)	data/veriqbench/combinational/grover/grover_13.qasm	data/veriqbench/combinational/grover/grover_13.qasm	cef742b4aeaf93475eec9137b16196c5b71ef8859940095684ffb9f218c43d16	cef742b4aeaf93475eec9137b16196c5b71ef8859940095684ffb9f218c43d16	byte-identical
evaluation workspace (commit dc6ebc1)	data/veriqbench/combinational/grover/grover_15.qasm	data/veriqbench/combinational/grover/grover_15.qasm	e313a45d10a16aabdd8b8a90cf22cb22f8a543f540ff0a20207252bb74021ce4	e313a45d10a16aabdd8b8a90cf22cb22f8a543f540ff0a20207252bb74021ce4	byte-identical
evaluation workspace (commit dc6ebc1)	data/veriqbench/combinational/grover/grover_17.qasm	data/veriqbench/combinational/grover/grover_17.qasm	6509610c00f9124c4eaa14b283da1a1b03375b176efee3cf5839b5a80b6eb6de	6509610c00f9124c4eaa14b283da1a1b03375b176efee3cf5839b5a80b6eb6de	byte-identical
evaluation workspace (commit dc6ebc1)	data/veriqbench/combinational/grover/grover_19.qasm	data/veriqbench/combinational/grover/grover_19.qasm	4ec89c1f3bf26994937f11f10e23762fd9feb35e5527c84655b25df443b4d57d	4ec89c1f3bf26994937f11f10e23762fd9feb35e5527c84655b25df443b4d57d	byte-identical
evaluation workspace (commit dc6ebc1)	data/veriqbench/combinational/grover/grover_21.qasm	data/veriqbench/combinational/grover/grover_21.qasm	0caebc7c834b78811f173fd892c6a431b2d5118fb3467a79a2f65c889135f06f	0caebc7c834b78811f173fd892c6a431b2d5118fb3467a79a2f65c889135f06f	byte-identical
evaluation workspace (commit dc6ebc1)	data/veriqbench/combinational/grover/grover_23.qasm	data/veriqbench/combinational/grover/grover_23.qasm	b03e2e216ffdc5cbd83288e4a9f3a256adb11aeb7dab127cfb79cd77bc1265cf	b03e2e216ffdc5cbd83288e4a9f3a256adb11aeb7dab127cfb79cd77bc1265cf	byte-identical
evaluation workspace (commit dc6ebc1)	data/veriqbench/combinational/grover/grover_25.qasm	data/veriqbench/combinational/grover/grover_25.qasm	60da1933ef6a0dea1425425929546039f69f3aa091c8d4602414bf2f0d855e2a	60da1933ef6a0dea1425425929546039f69f3aa091c8d4602414bf2f0d855e2a	byte-identical
evaluation workspace (commit dc6ebc1)	data/veriqbench/combinational/grover/grover_27.qasm	data/veriqbench/combinational/grover/grover_27.qasm	851f3d8de7f080576cec753d66726daead003b540eb2cb134a6883bd6439abc4	851f3d8de7f080576cec753d66726daead003b540eb2cb134a6883bd6439abc4	byte-identical
evaluation workspace (commit dc6ebc1)	data/veriqbench/combinational/grover/grover_29.qasm	data/veriqbench/combinational/grover/grover_29.qasm	ba47287b40b82b4e7122842c91b0a2b881263ce60729b6eb094490af87c80a59	ba47287b40b82b4e7122842c91b0a2b881263ce60729b6eb094490af87c80a59	byte-identical
evaluation workspace (commit dc6ebc1)	data/veriqbench/combinational/grover/grover_3.qasm	data/veriqbench/combinational/grover/grover_3.qasm	89f085f900aa9644029ef296387c73eca456d145cf39375e746536babef84386	89f085f900aa9644029ef296387c73eca456d145cf39375e746536babef84386	byte-identical
evaluation workspace (commit dc6ebc1)	data/veriqbench/combinational/grover/grover_31.qasm	data/veriqbench/combinational/grover/grover_31.qasm	b6c03eebc26773b2503398b0cdc192d51ab6ac80a1d6a668fc0a21a5c8ab20c1	b6c03eebc26773b2503398b0cdc192d51ab6ac80a1d6a668fc0a21a5c8ab20c1	byte-identical
evaluation workspace (commit dc6ebc1)	data/veriqbench/combinational/grover/grover_33.qasm	data/veriqbench/combinational/grover/grover_33.qasm	caf4f6fd0033a07b4f85c8c55e0253a35b7835d4c9aab1eb113181abc4e05364	caf4f6fd0033a07b4f85c8c55e0253a35b7835d4c9aab1eb113181abc4e05364	byte-identical
evaluation workspace (commit dc6ebc1)	data/veriqbench/combinational/grover/grover_35.qasm	data/veriqbench/combinational/grover/grover_35.qasm	9369131dd4a71200e59ed539118035409b0dd432b25f9cb5d314ebd6749d1177	9369131dd4a71200e59ed539118035409b0dd432b25f9cb5d314ebd6749d1177	byte-identical
evaluation workspace (commit dc6ebc1)	data/veriqbench/combinational/grover/grover_37.qasm	data/veriqbench/combinational/grover/grover_37.qasm	442035059d3b765640552c7685c6b2f2ac54d9f6586c6789164108c4f3425b96	442035059d3b765640552c7685c6b2f2ac54d9f6586c6789164108c4f3425b96	byte-identical
evaluation workspace (commit dc6ebc1)	data/veriqbench/combinational/grover/grover_39.qasm	data/veriqbench/combinational/grover/grover_39.qasm	02bc74969fc7454896ac74a8ae070e93873a227b4bdd505a931296e079a3fd74	02bc74969fc7454896ac74a8ae070e93873a227b4bdd505a931296e079a3fd74	byte-identical
evaluation workspace (commit dc6ebc1)	data/veriqbench/combinational/grover/grover_41.qasm	data/veriqbench/combinational/grover/grover_41.qasm	f66877b01090da093b01869dd46e33e6f1a80be22e73377130a9af9b8a9aa411	f66877b01090da093b01869dd46e33e6f1a80be22e73377130a9af9b8a9aa411	byte-identical
evaluation workspace (commit dc6ebc1)	data/veriqbench/combinational/grover/grover_43.qasm	data/veriqbench/combinational/grover/grover_43.qasm	136c11c86b18f65c23aff1749e41c7f7b614172679d0f969925699aeefede947	136c11c86b18f65c23aff1749e41c7f7b614172679d0f969925699aeefede947	byte-identical
evaluation workspace (commit dc6ebc1)	data/veriqbench/combinational/grover/grover_45.qasm	data/veriqbench/combinational/grover/grover_45.qasm	2b62e20c20de5251be86aacb1e65290177d3006dda6143ecb7b96856d220f238	2b62e20c20de5251be86aacb1e65290177d3006dda6143ecb7b96856d220f238	byte-identical
evaluation workspace (commit dc6ebc1)	data/veriqbench/combinational/grover/grover_47.qasm	data/veriqbench/combinational/grover/grover_47.qasm	643727ab8e80e61116fd7aadc539633a7e30f9530a2d6c6cc8993c2901b0d696	643727ab8e80e61116fd7aadc539633a7e30f9530a2d6c6cc8993c2901b0d696	byte-identical
evaluation workspace (commit dc6ebc1)	data/veriqbench/combinational/grover/grover_49.qasm	data/veriqbench/combinational/grover/grover_49.qasm	459332329ef43e11dcdf5faa26f67d341dcf6c08ead4f42da18550e67b0bdebb	459332329ef43e11dcdf5faa26f67d341dcf6c08ead4f42da18550e67b0bdebb	byte-identical
evaluation workspace (commit dc6ebc1)	data/veriqbench/combinational/grover/grover_5.qasm	data/veriqbench/combinational/grover/grover_5.qasm	6791d463d23bc08e5019fec4d99db10c84f94c74d5a692965b3d2500c274783e	6791d463d23bc08e5019fec4d99db10c84f94c74d5a692965b3d2500c274783e	byte-identical
evaluation workspace (commit dc6ebc1)	data/veriqbench/combinational/grover/grover_51.qasm	data/veriqbench/combinational/grover/grover_51.qasm	4189332986c16db9db4cf56487f43c32b941027b7b404b6d384f66beeb2c8a16	4189332986c16db9db4cf56487f43c32b941027b7b404b6d384f66beeb2c8a16	byte-identical
evaluation workspace (commit dc6ebc1)	data/veriqbench/combinational/grover/grover_53.qasm	data/veriqbench/combinational/grover/grover_53.qasm	36e118ffc80ee5195b171f29892135c8da55367652121096936d3748e2953109	36e118ffc80ee5195b171f29892135c8da55367652121096936d3748e2953109	byte-identical
evaluation workspace (commit dc6ebc1)	data/veriqbench/combinational/grover/grover_55.qasm	data/veriqbench/combinational/grover/grover_55.qasm	239e79e1472bf67a5d06c7cc7a5c176a5b55198978eb3f3ec3b31c75994e6ceb	239e79e1472bf67a5d06c7cc7a5c176a5b55198978eb3f3ec3b31c75994e6ceb	byte-identical
evaluation workspace (commit dc6ebc1)	data/veriqbench/combinational/grover/grover_57.qasm	data/veriqbench/combinational/grover/grover_57.qasm	6a9d707a80395a1f488cd7621d208676c39c282f59f168c01f6ea93398c34a89	6a9d707a80395a1f488cd7621d208676c39c282f59f168c01f6ea93398c34a89	byte-identical
evaluation workspace (commit dc6ebc1)	data/veriqbench/combinational/grover/grover_59.qasm	data/veriqbench/combinational/grover/grover_59.qasm	a17d8f4634ae121fc37559f9f293ee99f36edc8614b9a4f5ee920150f96305f4	a17d8f4634ae121fc37559f9f293ee99f36edc8614b9a4f5ee920150f96305f4	byte-identical
evaluation workspace (commit dc6ebc1)	data/veriqbench/combinational/grover/grover_61.qasm	data/veriqbench/combinational/grover/grover_61.qasm	52155319187e527bac8403cc676ee59a5496a28f93d6b057c8587224345f9fa4	52155319187e527bac8403cc676ee59a5496a28f93d6b057c8587224345f9fa4	byte-identical
evaluation workspace (commit dc6ebc1)	data/veriqbench/combinational/grover/grover_63.qasm	data/veriqbench/combinational/grover/grover_63.qasm	58c13af32fc14a5aa88d2192ed1edbb55795a3d14337e649e7e243b0afa27b2b	58c13af32fc14a5aa88d2192ed1edbb55795a3d14337e649e7e243b0afa27b2b	byte-identical
evaluation workspace (commit dc6ebc1)	data/veriqbench/combinational/grover/grover_65.qasm	data/veriqbench/combinational/grover/grover_65.qasm	a88c9169ac8af897633ea860d5ed1ed3e536192ba2f7dc4e2386df018976556b	a88c9169ac8af897633ea860d5ed1ed3e536192ba2f7dc4e2386df018976556b	byte-identical
evaluation workspace (commit dc6ebc1)	data/veriqbench/combinational/grover/grover_67.qasm	data/veriqbench/combinational/grover/grover_67.qasm	f4cd1bf2ebb57633f533ad3e1fb33047b51c279190a3b87fed2c7ade884967a1	f4cd1bf2ebb57633f533ad3e1fb33047b51c279190a3b87fed2c7ade884967a1	byte-identical
evaluation workspace (commit dc6ebc1)	data/veriqbench/combinational/grover/grover_69.qasm	data/veriqbench/combinational/grover/grover_69.qasm	ffde8d5f698b4141d4ad75b1b4ff8aa96d0744641b0fe2c26124c6d4244c9ba3	ffde8d5f698b4141d4ad75b1b4ff8aa96d0744641b0fe2c26124c6d4244c9ba3	byte-identical
evaluation workspace (commit dc6ebc1)	data/veriqbench/combinational/grover/grover_7.qasm	data/veriqbench/combinational/grover/grover_7.qasm	ace41440241ebf83077bc1453c678a7f1e229e5ac7df6f2eefc5c8e1dd3db456	ace41440241ebf83077bc1453c678a7f1e229e5ac7df6f2eefc5c8e1dd3db456	byte-identical
evaluation workspace (commit dc6ebc1)	data/veriqbench/combinational/grover/grover_71.qasm	data/veriqbench/combinational/grover/grover_71.qasm	ed0d553b7ef2ef7acf80846cd79688abd3436907ba7531a7f4b24e7af9ef3b7b	ed0d553b7ef2ef7acf80846cd79688abd3436907ba7531a7f4b24e7af9ef3b7b	byte-identical
evaluation workspace (commit dc6ebc1)	data/veriqbench/combinational/grover/grover_73.qasm	data/veriqbench/combinational/grover/grover_73.qasm	0ee7e1df2464f3f7754e8bba250203043631c0a837c0df0292da88542771c22d	0ee7e1df2464f3f7754e8bba250203043631c0a837c0df0292da88542771c22d	byte-identical
evaluation workspace (commit dc6ebc1)	data/veriqbench/combinational/grover/grover_75.qasm	data/veriqbench/combinational/grover/grover_75.qasm	590a3f2652ecf03c27dee6522db49ad55683ab970a02aba78cdc0c9809889685	590a3f2652ecf03c27dee6522db49ad55683ab970a02aba78cdc0c9809889685	byte-identical
evaluation workspace (commit dc6ebc1)	data/veriqbench/combinational/grover/grover_77.qasm	data/veriqbench/combinational/grover/grover_77.qasm	7ad241f0902363c88927991538551aaf0b05debf63a189cc0ef7f4c8959e03f1	7ad241f0902363c88927991538551aaf0b05debf63a189cc0ef7f4c8959e03f1	byte-identical
evaluation workspace (commit dc6ebc1)	data/veriqbench/combinational/grover/grover_79.qasm	data/veriqbench/combinational/grover/grover_79.qasm	dee7b6bf93c7f7a20a25d0504ba6a14ef49e93768bbadc3f910e2e33fc19e2d2	dee7b6bf93c7f7a20a25d0504ba6a14ef49e93768bbadc3f910e2e33fc19e2d2	byte-identical
evaluation workspace (commit dc6ebc1)	data/veriqbench/combinational/grover/grover_81.qasm	data/veriqbench/combinational/grover/grover_81.qasm	411b782baf9da14104fdea307d122be4e7d4d5c9223b00230625ff30f7d53fcf	411b782baf9da14104fdea307d122be4e7d4d5c9223b00230625ff30f7d53fcf	byte-identical
evaluation workspace (commit dc6ebc1)	data/veriqbench/combinational/grover/grover_83.qasm	data/veriqbench/combinational/grover/grover_83.qasm	67be36b4deeb27df1a9340eb252214cfe772be13d0f7335fe63f77e6cde006f9	67be36b4deeb27df1a9340eb252214cfe772be13d0f7335fe63f77e6cde006f9	byte-identical
evaluation workspace (commit dc6ebc1)	data/veriqbench/combinational/grover/grover_85.qasm	data/veriqbench/combinational/grover/grover_85.qasm	10b3ee1327ac27b5b72976c91c5a2fdb4a9e6cd0ac560765e45fe68f0cf901fb	10b3ee1327ac27b5b72976c91c5a2fdb4a9e6cd0ac560765e45fe68f0cf901fb	byte-identical
evaluation workspace (commit dc6ebc1)	data/veriqbench/combinational/grover/grover_87.qasm	data/veriqbench/combinational/grover/grover_87.qasm	85d0fb9485e46a9bc3bd30b010daa41f87405fcbd6e1ebd9091ea8a9c97cf2a6	85d0fb9485e46a9bc3bd30b010daa41f87405fcbd6e1ebd9091ea8a9c97cf2a6	byte-identical
evaluation workspace (commit dc6ebc1)	data/veriqbench/combinational/grover/grover_89.qasm	data/veriqbench/combinational/grover/grover_89.qasm	ba8e98912ec8f4ea1a5d2e6fa5014af239fc7c43c57b18c7d1fa6ded8a53856b	ba8e98912ec8f4ea1a5d2e6fa5014af239fc7c43c57b18c7d1fa6ded8a53856b	byte-identical
evaluation workspace (commit dc6ebc1)	data/veriqbench/combinational/grover/grover_9.qasm	data/veriqbench/combinational/grover/grover_9.qasm	cf2bbe8ebcb565e8397dcd111787b7a92d741f4a99ed614b1b897826e9695e2c	cf2bbe8ebcb565e8397dcd111787b7a92d741f4a99ed614b1b897826e9695e2c	byte-identical
evaluation workspace (commit dc6ebc1)	data/veriqbench/combinational/grover/grover_91.qasm	data/veriqbench/combinational/grover/grover_91.qasm	4cec5ce5c82623be568fac3bdabb5277c0f7eeeb47aac6b856517f72fc7d6097	4cec5ce5c82623be568fac3bdabb5277c0f7eeeb47aac6b856517f72fc7d6097	byte-identical
evaluation workspace (commit dc6ebc1)	data/veriqbench/combinational/grover/grover_93.qasm	data/veriqbench/combinational/grover/grover_93.qasm	614cd7501dbe22717c079f1ce6a9023455ce0dfedcd21e28dc8af82c82259d60	614cd7501dbe22717c079f1ce6a9023455ce0dfedcd21e28dc8af82c82259d60	byte-identical
evaluation workspace (commit dc6ebc1)	data/veriqbench/combinational/grover/grover_95.qasm	data/veriqbench/combinational/grover/grover_95.qasm	f196425e7aac85a587a19fee61b0cbea4b61ffb13487b71058b188729d35a6d8	f196425e7aac85a587a19fee61b0cbea4b61ffb13487b71058b188729d35a6d8	byte-identical
evaluation workspace (commit dc6ebc1)	data/veriqbench/combinational/grover/grover_97.qasm	data/veriqbench/combinational/grover/grover_97.qasm	688a77522791f351b6f437bfba69b81df71450a118d1ba13dc68fd50083362c1	688a77522791f351b6f437bfba69b81df71450a118d1ba13dc68fd50083362c1	byte-identical
evaluation workspace (commit dc6ebc1)	data/veriqbench/combinational/grover/grover_99.qasm	data/veriqbench/combinational/grover/grover_99.qasm	f37bf133b877b67e377fec0d3a91132c1423aadc381f56bbe1539a4c7d1e849a	f37bf133b877b67e377fec0d3a91132c1423aadc381f56bbe1539a4c7d1e849a	byte-identical
evaluation workspace (commit dc6ebc1)	data/veriqbench/combinational/pe/pe_10.qasm	data/veriqbench/combinational/pe/pe_10.qasm	bf93f8b2a0a733ff29174282c93f5340da6b3b98bdac86405766895712b8807c	bf93f8b2a0a733ff29174282c93f5340da6b3b98bdac86405766895712b8807c	byte-identical
evaluation workspace (commit dc6ebc1)	data/veriqbench/combinational/pe/pe_100.qasm	data/veriqbench/combinational/pe/pe_100.qasm	3dbf0d571250dca99095890af9c5f49eb7cbceadb216235499ac2c1449e1766b	3dbf0d571250dca99095890af9c5f49eb7cbceadb216235499ac2c1449e1766b	byte-identical
evaluation workspace (commit dc6ebc1)	data/veriqbench/combinational/pe/pe_11.qasm	data/veriqbench/combinational/pe/pe_11.qasm	e658de5b971101764e1b8b454ac5fc4e6ebd9b31ef5bd1ed7eecb74b25586790	e658de5b971101764e1b8b454ac5fc4e6ebd9b31ef5bd1ed7eecb74b25586790	byte-identical
evaluation workspace (commit dc6ebc1)	data/veriqbench/combinational/pe/pe_12.qasm	data/veriqbench/combinational/pe/pe_12.qasm	faa02880ea0f51db310299f520a60eb27dfbe83d44be4d843461611aba9b7cae	faa02880ea0f51db310299f520a60eb27dfbe83d44be4d843461611aba9b7cae	byte-identical
evaluation workspace (commit dc6ebc1)	data/veriqbench/combinational/pe/pe_13.qasm	data/veriqbench/combinational/pe/pe_13.qasm	7f7e1dfa7d5fc0b73d3aab05d01c15c88993a69f9b17b1a963bd4ca9904b86dd	7f7e1dfa7d5fc0b73d3aab05d01c15c88993a69f9b17b1a963bd4ca9904b86dd	byte-identical
evaluation workspace (commit dc6ebc1)	data/veriqbench/combinational/pe/pe_14.qasm	data/veriqbench/combinational/pe/pe_14.qasm	dfdfb76e33643312c79695f9ac01e54e8a39f98c22d89169c5644a096fc845f0	dfdfb76e33643312c79695f9ac01e54e8a39f98c22d89169c5644a096fc845f0	byte-identical
evaluation workspace (commit dc6ebc1)	data/veriqbench/combinational/pe/pe_15.qasm	data/veriqbench/combinational/pe/pe_15.qasm	d6f24373cd68cf72d287dde1aebc74ab7d014108e202037913a8e8ef5878ede7	d6f24373cd68cf72d287dde1aebc74ab7d014108e202037913a8e8ef5878ede7	byte-identical
evaluation workspace (commit dc6ebc1)	data/veriqbench/combinational/pe/pe_16.qasm	data/veriqbench/combinational/pe/pe_16.qasm	914b2d2dd21967e348d9d13df0ca1a920be46970bdd7f5bbd809644d998a9004	914b2d2dd21967e348d9d13df0ca1a920be46970bdd7f5bbd809644d998a9004	byte-identical
evaluation workspace (commit dc6ebc1)	data/veriqbench/combinational/pe/pe_17.qasm	data/veriqbench/combinational/pe/pe_17.qasm	22831d2f6e340498ab84061a3ec1645bc1dbeeafacec1d4065f7a38b2771fcac	22831d2f6e340498ab84061a3ec1645bc1dbeeafacec1d4065f7a38b2771fcac	byte-identical
evaluation workspace (commit dc6ebc1)	data/veriqbench/combinational/pe/pe_18.qasm	data/veriqbench/combinational/pe/pe_18.qasm	f2009760816f798648709cb495a331f5b98d7070364e7b1c2c51d002ab0dce3b	f2009760816f798648709cb495a331f5b98d7070364e7b1c2c51d002ab0dce3b	byte-identical
evaluation workspace (commit dc6ebc1)	data/veriqbench/combinational/pe/pe_19.qasm	data/veriqbench/combinational/pe/pe_19.qasm	fd197b825ed78319c8eef87d8dbfbe06ac1a3b27cadb00b1e50519889920ea0e	fd197b825ed78319c8eef87d8dbfbe06ac1a3b27cadb00b1e50519889920ea0e	byte-identical
evaluation workspace (commit dc6ebc1)	data/veriqbench/combinational/pe/pe_2.qasm	data/veriqbench/combinational/pe/pe_2.qasm	7a121e1055b05cae9157c20d26946834bf6303862e420748add6730042b72ce2	7a121e1055b05cae9157c20d26946834bf6303862e420748add6730042b72ce2	byte-identical
evaluation workspace (commit dc6ebc1)	data/veriqbench/combinational/pe/pe_20.qasm	data/veriqbench/combinational/pe/pe_20.qasm	5c7a2bff8f357c18e9866401d5717937a1fcb5d4cad69ebd769934e8a83573ad	5c7a2bff8f357c18e9866401d5717937a1fcb5d4cad69ebd769934e8a83573ad	byte-identical
evaluation workspace (commit dc6ebc1)	data/veriqbench/combinational/pe/pe_21.qasm	data/veriqbench/combinational/pe/pe_21.qasm	dd50c1842ade0416356b23c35df8948ff82866ff08cf3a2c058037cb2271fb75	dd50c1842ade0416356b23c35df8948ff82866ff08cf3a2c058037cb2271fb75	byte-identical
evaluation workspace (commit dc6ebc1)	data/veriqbench/combinational/pe/pe_22.qasm	data/veriqbench/combinational/pe/pe_22.qasm	5eecb7b712dc4cea084e0b50768a49465980f6ec489ef8a58f296836e68cf957	5eecb7b712dc4cea084e0b50768a49465980f6ec489ef8a58f296836e68cf957	byte-identical
evaluation workspace (commit dc6ebc1)	data/veriqbench/combinational/pe/pe_23.qasm	data/veriqbench/combinational/pe/pe_23.qasm	d798ffa2beafc6c62689f26420610599d07f6263db5e0388f450424fb1b841bb	d798ffa2beafc6c62689f26420610599d07f6263db5e0388f450424fb1b841bb	byte-identical
evaluation workspace (commit dc6ebc1)	data/veriqbench/combinational/pe/pe_24.qasm	data/veriqbench/combinational/pe/pe_24.qasm	8609c3ba7dc2b5a08a89e73b822a351c278768cc0944a1418cefe266b35f6698	8609c3ba7dc2b5a08a89e73b822a351c278768cc0944a1418cefe266b35f6698	byte-identical
evaluation workspace (commit dc6ebc1)	data/veriqbench/combinational/pe/pe_25.qasm	data/veriqbench/combinational/pe/pe_25.qasm	a51bea436640da7972f5b5cf7b155304087c6d84f8baf9de625f11b1a5b2df66	a51bea436640da7972f5b5cf7b155304087c6d84f8baf9de625f11b1a5b2df66	byte-identical
evaluation workspace (commit dc6ebc1)	data/veriqbench/combinational/pe/pe_26.qasm	data/veriqbench/combinational/pe/pe_26.qasm	73ff768315b5b44a68e618087d95248827ee5503c6343073e659169bca50a702	73ff768315b5b44a68e618087d95248827ee5503c6343073e659169bca50a702	byte-identical
evaluation workspace (commit dc6ebc1)	data/veriqbench/combinational/pe/pe_27.qasm	data/veriqbench/combinational/pe/pe_27.qasm	05a222dbf0ba10a62516c1c757d896269936a2c5e02d973d4e83dfa742ad876e	05a222dbf0ba10a62516c1c757d896269936a2c5e02d973d4e83dfa742ad876e	byte-identical
evaluation workspace (commit dc6ebc1)	data/veriqbench/combinational/pe/pe_28.qasm	data/veriqbench/combinational/pe/pe_28.qasm	9b776408de1d7ee6bb1741208be219f8cce69fa4dbc46cd9207515b1145c3a07	9b776408de1d7ee6bb1741208be219f8cce69fa4dbc46cd9207515b1145c3a07	byte-identical
evaluation workspace (commit dc6ebc1)	data/veriqbench/combinational/pe/pe_29.qasm	data/veriqbench/combinational/pe/pe_29.qasm	a34ff941cad2a3d9f65629aac421eabb5c44183e0503ce5c1af7de50cb06d3f5	a34ff941cad2a3d9f65629aac421eabb5c44183e0503ce5c1af7de50cb06d3f5	byte-identical
evaluation workspace (commit dc6ebc1)	data/veriqbench/combinational/pe/pe_3.qasm	data/veriqbench/combinational/pe/pe_3.qasm	360e9b8a473b7de0428cc77768378c3c9178807f6fe176a40d85a6b355cd80a3	360e9b8a473b7de0428cc77768378c3c9178807f6fe176a40d85a6b355cd80a3	byte-identical
evaluation workspace (commit dc6ebc1)	data/veriqbench/combinational/pe/pe_30.qasm	data/veriqbench/combinational/pe/pe_30.qasm	b37374f4677c033661695370c3e63e86c22ccfb420e020deedd98fcd601c9818	b37374f4677c033661695370c3e63e86c22ccfb420e020deedd98fcd601c9818	byte-identical
evaluation workspace (commit dc6ebc1)	data/veriqbench/combinational/pe/pe_31.qasm	data/veriqbench/combinational/pe/pe_31.qasm	47a6478042bb61a91522adfde85cea2a4cb9662fe63f00c58dcdd384b24147b6	47a6478042bb61a91522adfde85cea2a4cb9662fe63f00c58dcdd384b24147b6	byte-identical
evaluation workspace (commit dc6ebc1)	data/veriqbench/combinational/pe/pe_32.qasm	data/veriqbench/combinational/pe/pe_32.qasm	84c9be853e411829fec1053714fdd87b3e81216d4c7663be27b928e0d86c285f	84c9be853e411829fec1053714fdd87b3e81216d4c7663be27b928e0d86c285f	byte-identical
evaluation workspace (commit dc6ebc1)	data/veriqbench/combinational/pe/pe_33.qasm	data/veriqbench/combinational/pe/pe_33.qasm	6b5ebc7c7f5e59503a5afebad28b691e3c9a4c3e34ffe0cf33c384638d2963e4	6b5ebc7c7f5e59503a5afebad28b691e3c9a4c3e34ffe0cf33c384638d2963e4	byte-identical
evaluation workspace (commit dc6ebc1)	data/veriqbench/combinational/pe/pe_34.qasm	data/veriqbench/combinational/pe/pe_34.qasm	053a84208805129ca25905a72cd61e4cc0cc69206b1878db3e06413b7b5b19f1	053a84208805129ca25905a72cd61e4cc0cc69206b1878db3e06413b7b5b19f1	byte-identical
evaluation workspace (commit dc6ebc1)	data/veriqbench/combinational/pe/pe_35.qasm	data/veriqbench/combinational/pe/pe_35.qasm	bbc3e69f22ab758e8fbb27fe034dc750849441878c16e0dfe93d3b6cb49e1c4c	bbc3e69f22ab758e8fbb27fe034dc750849441878c16e0dfe93d3b6cb49e1c4c	byte-identical
evaluation workspace (commit dc6ebc1)	data/veriqbench/combinational/pe/pe_36.qasm	data/veriqbench/combinational/pe/pe_36.qasm	69216a4c57b5d4db4e3ac6823742607a8d0af4359d536762ed4d3e66e27ba617	69216a4c57b5d4db4e3ac6823742607a8d0af4359d536762ed4d3e66e27ba617	byte-identical
evaluation workspace (commit dc6ebc1)	data/veriqbench/combinational/pe/pe_37.qasm	data/veriqbench/combinational/pe/pe_37.qasm	bdea5f99041821c41869ce9c166aa1f53fbed44701da60cbd9cea02f8c173a77	bdea5f99041821c41869ce9c166aa1f53fbed44701da60cbd9cea02f8c173a77	byte-identical
evaluation workspace (commit dc6ebc1)	data/veriqbench/combinational/pe/pe_38.qasm	data/veriqbench/combinational/pe/pe_38.qasm	1fba1f5fafc59798b6f9db9b6ec7d01ff53bdd9777ce09b4a9f9f13a378f21bb	1fba1f5fafc59798b6f9db9b6ec7d01ff53bdd9777ce09b4a9f9f13a378f21bb	byte-identical
evaluation workspace (commit dc6ebc1)	data/veriqbench/combinational/pe/pe_39.qasm	data/veriqbench/combinational/pe/pe_39.qasm	ffae8c8ea63be0bdc91ebedc9f424c1471369a2e14f8d5bf9ebcd9f519078ab5	ffae8c8ea63be0bdc91ebedc9f424c1471369a2e14f8d5bf9ebcd9f519078ab5	byte-identical
evaluation workspace (commit dc6ebc1)	data/veriqbench/combinational/pe/pe_4.qasm	data/veriqbench/combinational/pe/pe_4.qasm	ef231e390335176615acd024f9a2b924b89ac25cec4841986e72abecf9c3ee1e	ef231e390335176615acd024f9a2b924b89ac25cec4841986e72abecf9c3ee1e	byte-identical
evaluation workspace (commit dc6ebc1)	data/veriqbench/combinational/pe/pe_40.qasm	data/veriqbench/combinational/pe/pe_40.qasm	8d4bc9481cb5f5b7112f0c95f8817c9df350399a2aa700ae672b9200cf93e5db	8d4bc9481cb5f5b7112f0c95f8817c9df350399a2aa700ae672b9200cf93e5db	byte-identical
evaluation workspace (commit dc6ebc1)	data/veriqbench/combinational/pe/pe_41.qasm	data/veriqbench/combinational/pe/pe_41.qasm	5e086a7c02c33f076ed19bdbaf23d1a4e5e60fbaa4e6070e0d9e51c639992671	5e086a7c02c33f076ed19bdbaf23d1a4e5e60fbaa4e6070e0d9e51c639992671	byte-identical
evaluation workspace (commit dc6ebc1)	data/veriqbench/combinational/pe/pe_42.qasm	data/veriqbench/combinational/pe/pe_42.qasm	c7e3262928d1680a00b269cb4aa33f4433c37a9a47cb5ca589f48174c12af8ba	c7e3262928d1680a00b269cb4aa33f4433c37a9a47cb5ca589f48174c12af8ba	byte-identical
evaluation workspace (commit dc6ebc1)	data/veriqbench/combinational/pe/pe_43.qasm	data/veriqbench/combinational/pe/pe_43.qasm	7f5f601387bbd49ab0fafc46c41bc8199f9bf47ef1ed636a81ed65f02e7b35bd	7f5f601387bbd49ab0fafc46c41bc8199f9bf47ef1ed636a81ed65f02e7b35bd	byte-identical
evaluation workspace (commit dc6ebc1)	data/veriqbench/combinational/pe/pe_44.qasm	data/veriqbench/combinational/pe/pe_44.qasm	6b09d3c47c09f0e4988d210665677a3736434de085bc127e9ddbb7f55d25b5da	6b09d3c47c09f0e4988d210665677a3736434de085bc127e9ddbb7f55d25b5da	byte-identical
evaluation workspace (commit dc6ebc1)	data/veriqbench/combinational/pe/pe_45.qasm	data/veriqbench/combinational/pe/pe_45.qasm	ae5f58ec7c911306be4fa442543ad84402dc8ff44298412facc4f700520ae9ef	ae5f58ec7c911306be4fa442543ad84402dc8ff44298412facc4f700520ae9ef	byte-identical
evaluation workspace (commit dc6ebc1)	data/veriqbench/combinational/pe/pe_46.qasm	data/veriqbench/combinational/pe/pe_46.qasm	bb6ca5208a62d4b8c7f25049480bec31b03ca6a77d1028086aa4e87ec0e13976	bb6ca5208a62d4b8c7f25049480bec31b03ca6a77d1028086aa4e87ec0e13976	byte-identical
evaluation workspace (commit dc6ebc1)	data/veriqbench/combinational/pe/pe_47.qasm	data/veriqbench/combinational/pe/pe_47.qasm	b9c6733f843678e24f0fd27ea72d40b2159d61e71fb8f55a8ee90ab5403e2ca7	b9c6733f843678e24f0fd27ea72d40b2159d61e71fb8f55a8ee90ab5403e2ca7	byte-identical
evaluation workspace (commit dc6ebc1)	data/veriqbench/combinational/pe/pe_48.qasm	data/veriqbench/combinational/pe/pe_48.qasm	28eea66031e68616b61988a1ecab88e4908918676fa299035cbe9ec804b23756	28eea66031e68616b61988a1ecab88e4908918676fa299035cbe9ec804b23756	byte-identical
evaluation workspace (commit dc6ebc1)	data/veriqbench/combinational/pe/pe_49.qasm	data/veriqbench/combinational/pe/pe_49.qasm	26afd9ee645209cd90f1a85246956c077e07285955424a8aab9c6f9bdfd54027	26afd9ee645209cd90f1a85246956c077e07285955424a8aab9c6f9bdfd54027	byte-identical
evaluation workspace (commit dc6ebc1)	data/veriqbench/combinational/pe/pe_5.qasm	data/veriqbench/combinational/pe/pe_5.qasm	8acf37a0260787f1c66e2e27be28a7a99b3646caea77afddf7b17cfcbd4074f7	8acf37a0260787f1c66e2e27be28a7a99b3646caea77afddf7b17cfcbd4074f7	byte-identical
evaluation workspace (commit dc6ebc1)	data/veriqbench/combinational/pe/pe_50.qasm	data/veriqbench/combinational/pe/pe_50.qasm	54602c65eab736b776dfce2091eb1ea45c06d5b0ae71f822c9ce8521042dbfed	54602c65eab736b776dfce2091eb1ea45c06d5b0ae71f822c9ce8521042dbfed	byte-identical
evaluation workspace (commit dc6ebc1)	data/veriqbench/combinational/pe/pe_51.qasm	data/veriqbench/combinational/pe/pe_51.qasm	f625fe0f12513ad64680c247a832dfcce1c84e0663873210bd8507d5732b238b	f625fe0f12513ad64680c247a832dfcce1c84e0663873210bd8507d5732b238b	byte-identical
evaluation workspace (commit dc6ebc1)	data/veriqbench/combinational/pe/pe_52.qasm	data/veriqbench/combinational/pe/pe_52.qasm	c6abf66045c36a20383694e2f4671f9eec419aad235ba45df4c944b8cbe38bed	c6abf66045c36a20383694e2f4671f9eec419aad235ba45df4c944b8cbe38bed	byte-identical
evaluation workspace (commit dc6ebc1)	data/veriqbench/combinational/pe/pe_53.qasm	data/veriqbench/combinational/pe/pe_53.qasm	9b54f7c2c2b7295b71125a674c1ff9eaf8a2f822c225a5b90c69eeef1a90cd3f	9b54f7c2c2b7295b71125a674c1ff9eaf8a2f822c225a5b90c69eeef1a90cd3f	byte-identical
evaluation workspace (commit dc6ebc1)	data/veriqbench/combinational/pe/pe_54.qasm	data/veriqbench/combinational/pe/pe_54.qasm	2f953f4c48519cea5b51152bb7fe948c4a9a2a45cf347d5050ba27ea287af7c8	2f953f4c48519cea5b51152bb7fe948c4a9a2a45cf347d5050ba27ea287af7c8	byte-identical
evaluation workspace (commit dc6ebc1)	data/veriqbench/combinational/pe/pe_55.qasm	data/veriqbench/combinational/pe/pe_55.qasm	14d064c4782097d97662c52077d7e4fe1235145522f22ceebc4fd99adabe713e	14d064c4782097d97662c52077d7e4fe1235145522f22ceebc4fd99adabe713e	byte-identical
evaluation workspace (commit dc6ebc1)	data/veriqbench/combinational/pe/pe_56.qasm	data/veriqbench/combinational/pe/pe_56.qasm	1f0300f093be18738e748cd2bdf86243c2683f209e5ec7525e523744d0b04e7b	1f0300f093be18738e748cd2bdf86243c2683f209e5ec7525e523744d0b04e7b	byte-identical
evaluation workspace (commit dc6ebc1)	data/veriqbench/combinational/pe/pe_57.qasm	data/veriqbench/combinational/pe/pe_57.qasm	273c0e5f673cd9256d7a4e7331d5d234d698475d24d5113812e7d4084005e38d	273c0e5f673cd9256d7a4e7331d5d234d698475d24d5113812e7d4084005e38d	byte-identical
evaluation workspace (commit dc6ebc1)	data/veriqbench/combinational/pe/pe_58.qasm	data/veriqbench/combinational/pe/pe_58.qasm	e7a1da52eadff0bc8d3f9f52d9fb3366f5a9d7d7c197c6f031d1e11d0f444179	e7a1da52eadff0bc8d3f9f52d9fb3366f5a9d7d7c197c6f031d1e11d0f444179	byte-identical
evaluation workspace (commit dc6ebc1)	data/veriqbench/combinational/pe/pe_59.qasm	data/veriqbench/combinational/pe/pe_59.qasm	51730faf7c6f09c8ab4a6f5f4610941b6eb909fbb5464cfe3c726f2ed7088c3e	51730faf7c6f09c8ab4a6f5f4610941b6eb909fbb5464cfe3c726f2ed7088c3e	byte-identical
evaluation workspace (commit dc6ebc1)	data/veriqbench/combinational/pe/pe_6.qasm	data/veriqbench/combinational/pe/pe_6.qasm	f79192076eb3959fd46b1e536e52349d1747739acf1bc36c3482958b91e37cdb	f79192076eb3959fd46b1e536e52349d1747739acf1bc36c3482958b91e37cdb	byte-identical
evaluation workspace (commit dc6ebc1)	data/veriqbench/combinational/pe/pe_60.qasm	data/veriqbench/combinational/pe/pe_60.qasm	a3a0e5f50136dde6c2b3b2ecbf0cdfe74424da3389ea1a8d74d839925dfd6f47	a3a0e5f50136dde6c2b3b2ecbf0cdfe74424da3389ea1a8d74d839925dfd6f47	byte-identical
evaluation workspace (commit dc6ebc1)	data/veriqbench/combinational/pe/pe_61.qasm	data/veriqbench/combinational/pe/pe_61.qasm	a47a6113197df111e39d1ef1cd67a2e871c2fdf2d06fa4ffe8d036b1c89cf61b	a47a6113197df111e39d1ef1cd67a2e871c2fdf2d06fa4ffe8d036b1c89cf61b	byte-identical
evaluation workspace (commit dc6ebc1)	data/veriqbench/combinational/pe/pe_62.qasm	data/veriqbench/combinational/pe/pe_62.qasm	55e19b3441eee24bae30d8337a04b117b2447cb6f66107b637a6309b84c1e4cf	55e19b3441eee24bae30d8337a04b117b2447cb6f66107b637a6309b84c1e4cf	byte-identical
evaluation workspace (commit dc6ebc1)	data/veriqbench/combinational/pe/pe_63.qasm	data/veriqbench/combinational/pe/pe_63.qasm	b64450732422f2c71a358fa63a29ad76759971a138e700823ca834eb9dc7c5e4	b64450732422f2c71a358fa63a29ad76759971a138e700823ca834eb9dc7c5e4	byte-identical
evaluation workspace (commit dc6ebc1)	data/veriqbench/combinational/pe/pe_64.qasm	data/veriqbench/combinational/pe/pe_64.qasm	b98fb22eef8c5bd90ab63daee8f53d39fbb173cde2d98557ec8f754a6f8c43ba	b98fb22eef8c5bd90ab63daee8f53d39fbb173cde2d98557ec8f754a6f8c43ba	byte-identical
evaluation workspace (commit dc6ebc1)	data/veriqbench/combinational/pe/pe_65.qasm	data/veriqbench/combinational/pe/pe_65.qasm	a9085c5c3e5edccde1c73797f957c6dda5b9a6836cfa133e5811ee7ebd62f42b	a9085c5c3e5edccde1c73797f957c6dda5b9a6836cfa133e5811ee7ebd62f42b	byte-identical
evaluation workspace (commit dc6ebc1)	data/veriqbench/combinational/pe/pe_66.qasm	data/veriqbench/combinational/pe/pe_66.qasm	1376e1b8390279c8e6d14a92e0bcacb5ba42149022d3e2270adbd366684e23df	1376e1b8390279c8e6d14a92e0bcacb5ba42149022d3e2270adbd366684e23df	byte-identical
evaluation workspace (commit dc6ebc1)	data/veriqbench/combinational/pe/pe_67.qasm	data/veriqbench/combinational/pe/pe_67.qasm	d3a1e772caf254353898979172c77835ca4658851781c20099887abf7ea4d4fe	d3a1e772caf254353898979172c77835ca4658851781c20099887abf7ea4d4fe	byte-identical
evaluation workspace (commit dc6ebc1)	data/veriqbench/combinational/pe/pe_68.qasm	data/veriqbench/combinational/pe/pe_68.qasm	127936000f4ae2aedc7a56eb7db8c59be35bd7d53c80ac62f5d8f1d4b9ad7d8a	127936000f4ae2aedc7a56eb7db8c59be35bd7d53c80ac62f5d8f1d4b9ad7d8a	byte-identical
evaluation workspace (commit dc6ebc1)	data/veriqbench/combinational/pe/pe_69.qasm	data/veriqbench/combinational/pe/pe_69.qasm	21f6d4ee33e4aa719c1a6eb33afb8c315ea158a22178dc1d8d6e32afc6018476	21f6d4ee33e4aa719c1a6eb33afb8c315ea158a22178dc1d8d6e32afc6018476	byte-identical
evaluation workspace (commit dc6ebc1)	data/veriqbench/combinational/pe/pe_7.qasm	data/veriqbench/combinational/pe/pe_7.qasm	8b239a8d56b9807379c327be9ced34e0e5fbfafcd1161694ef0305e95a573d07	8b239a8d56b9807379c327be9ced34e0e5fbfafcd1161694ef0305e95a573d07	byte-identical
evaluation workspace (commit dc6ebc1)	data/veriqbench/combinational/pe/pe_70.qasm	data/veriqbench/combinational/pe/pe_70.qasm	16ca017bf98c5f98e6313fe7a142e09dfe9330e899c21ff2b8aa730d383d893c	16ca017bf98c5f98e6313fe7a142e09dfe9330e899c21ff2b8aa730d383d893c	byte-identical
evaluation workspace (commit dc6ebc1)	data/veriqbench/combinational/pe/pe_71.qasm	data/veriqbench/combinational/pe/pe_71.qasm	35e905bfe11458599bc140e8303df7caa6a4546ade1f0141e71736a6db30bffd	35e905bfe11458599bc140e8303df7caa6a4546ade1f0141e71736a6db30bffd	byte-identical
evaluation workspace (commit dc6ebc1)	data/veriqbench/combinational/pe/pe_72.qasm	data/veriqbench/combinational/pe/pe_72.qasm	6b2bc659a62824b5fa11b11d0bd7fa00841f3ac19c5764cb7d09d621b293d3d4	6b2bc659a62824b5fa11b11d0bd7fa00841f3ac19c5764cb7d09d621b293d3d4	byte-identical
evaluation workspace (commit dc6ebc1)	data/veriqbench/combinational/pe/pe_73.qasm	data/veriqbench/combinational/pe/pe_73.qasm	f1d890a14a921ff8827dce790bebc4f9bfe738da565dfb12aa1bc79e6b47fa63	f1d890a14a921ff8827dce790bebc4f9bfe738da565dfb12aa1bc79e6b47fa63	byte-identical
evaluation workspace (commit dc6ebc1)	data/veriqbench/combinational/pe/pe_74.qasm	data/veriqbench/combinational/pe/pe_74.qasm	93b74b6a85d7a0ba769c82c068eb3612f4cea51827144f7f34a7822c70393bdf	93b74b6a85d7a0ba769c82c068eb3612f4cea51827144f7f34a7822c70393bdf	byte-identical
evaluation workspace (commit dc6ebc1)	data/veriqbench/combinational/pe/pe_75.qasm	data/veriqbench/combinational/pe/pe_75.qasm	e516d9ac5630a9b824798349f679fd0de812c6d933e2f1d19469d637ea8f3c97	e516d9ac5630a9b824798349f679fd0de812c6d933e2f1d19469d637ea8f3c97	byte-identical
evaluation workspace (commit dc6ebc1)	data/veriqbench/combinational/pe/pe_76.qasm	data/veriqbench/combinational/pe/pe_76.qasm	186b12bedc970e1e1a13ad9966ffbb0a7d443288aa1657ba643aef0b9574c855	186b12bedc970e1e1a13ad9966ffbb0a7d443288aa1657ba643aef0b9574c855	byte-identical
evaluation workspace (commit dc6ebc1)	data/veriqbench/combinational/pe/pe_77.qasm	data/veriqbench/combinational/pe/pe_77.qasm	e7357dbe66abc3fd0fce2d7220863bbb476f82248c2bfb8aee36a0d6cdd8e51a	e7357dbe66abc3fd0fce2d7220863bbb476f82248c2bfb8aee36a0d6cdd8e51a	byte-identical
evaluation workspace (commit dc6ebc1)	data/veriqbench/combinational/pe/pe_78.qasm	data/veriqbench/combinational/pe/pe_78.qasm	9339f7c9f80d96252153da233ba8b3856fb85f0517b0fc31ae5b17fa7a22fca7	9339f7c9f80d96252153da233ba8b3856fb85f0517b0fc31ae5b17fa7a22fca7	byte-identical
evaluation workspace (commit dc6ebc1)	data/veriqbench/combinational/pe/pe_79.qasm	data/veriqbench/combinational/pe/pe_79.qasm	1d325e580443d6374bb7e1c243dba243755739f5816a2e9d5015c98fa42d3bfd	1d325e580443d6374bb7e1c243dba243755739f5816a2e9d5015c98fa42d3bfd	byte-identical
evaluation workspace (commit dc6ebc1)	data/veriqbench/combinational/pe/pe_8.qasm	data/veriqbench/combinational/pe/pe_8.qasm	fc48309eb4b5948b2b6de8be480d4bbd8d087f695b4dc7df7483a9fd815aa560	fc48309eb4b5948b2b6de8be480d4bbd8d087f695b4dc7df7483a9fd815aa560	byte-identical
evaluation workspace (commit dc6ebc1)	data/veriqbench/combinational/pe/pe_80.qasm	data/veriqbench/combinational/pe/pe_80.qasm	93983230505f3c00f394642e334875a334719c094ac8d4508de862f62339975e	93983230505f3c00f394642e334875a334719c094ac8d4508de862f62339975e	byte-identical
evaluation workspace (commit dc6ebc1)	data/veriqbench/combinational/pe/pe_81.qasm	data/veriqbench/combinational/pe/pe_81.qasm	0f6f720045d33c78d62a06861ab7e75858bd56f1b8c4209d736162ee9f1c593c	0f6f720045d33c78d62a06861ab7e75858bd56f1b8c4209d736162ee9f1c593c	byte-identical
evaluation workspace (commit dc6ebc1)	data/veriqbench/combinational/pe/pe_82.qasm	data/veriqbench/combinational/pe/pe_82.qasm	7b4dcfbdfede637e720b61397b390fd506088dc5016b65adbcf40a31c98de8ec	7b4dcfbdfede637e720b61397b390fd506088dc5016b65adbcf40a31c98de8ec	byte-identical
evaluation workspace (commit dc6ebc1)	data/veriqbench/combinational/pe/pe_83.qasm	data/veriqbench/combinational/pe/pe_83.qasm	b4bf9b03c41acac4274a69a5e80f1775c0920e300d67eae7cf95ffbaab77c26e	b4bf9b03c41acac4274a69a5e80f1775c0920e300d67eae7cf95ffbaab77c26e	byte-identical
evaluation workspace (commit dc6ebc1)	data/veriqbench/combinational/pe/pe_84.qasm	data/veriqbench/combinational/pe/pe_84.qasm	e567968c912c2a793359f680215072b03dbae2c4aedd12e20e50cc96218186b9	e567968c912c2a793359f680215072b03dbae2c4aedd12e20e50cc96218186b9	byte-identical
evaluation workspace (commit dc6ebc1)	data/veriqbench/combinational/pe/pe_85.qasm	data/veriqbench/combinational/pe/pe_85.qasm	2760c01e82485718424e218ff76cbbf745ad7a6cc9e9b1d3a5cba5d885cac858	2760c01e82485718424e218ff76cbbf745ad7a6cc9e9b1d3a5cba5d885cac858	byte-identical
evaluation workspace (commit dc6ebc1)	data/veriqbench/combinational/pe/pe_86.qasm	data/veriqbench/combinational/pe/pe_86.qasm	c7f803ed59e26a347ac25173896aaecc337c3dcb4ce62e1bf678f7441f0c4bf8	c7f803ed59e26a347ac25173896aaecc337c3dcb4ce62e1bf678f7441f0c4bf8	byte-identical
evaluation workspace (commit dc6ebc1)	data/veriqbench/combinational/pe/pe_87.qasm	data/veriqbench/combinational/pe/pe_87.qasm	aee4a33fbd26db6f029447f04e0299eb359e0c821f6356444bf475612cbdbdc4	aee4a33fbd26db6f029447f04e0299eb359e0c821f6356444bf475612cbdbdc4	byte-identical
evaluation workspace (commit dc6ebc1)	data/veriqbench/combinational/pe/pe_88.qasm	data/veriqbench/combinational/pe/pe_88.qasm	2d45f422667bd8f0aed6de25023fa039ebdcc651431efbecb4b6819a37933e81	2d45f422667bd8f0aed6de25023fa039ebdcc651431efbecb4b6819a37933e81	byte-identical
evaluation workspace (commit dc6ebc1)	data/veriqbench/combinational/pe/pe_89.qasm	data/veriqbench/combinational/pe/pe_89.qasm	cecad45e3da3c1407d77603550ad75d31b9b55af04466d86ad0c7a2d4f47180f	cecad45e3da3c1407d77603550ad75d31b9b55af04466d86ad0c7a2d4f47180f	byte-identical
evaluation workspace (commit dc6ebc1)	data/veriqbench/combinational/pe/pe_9.qasm	data/veriqbench/combinational/pe/pe_9.qasm	60f6fcdbdb9e778c3a7715ba33f25575e50c138384221bec87f07b1f8766bf84	60f6fcdbdb9e778c3a7715ba33f25575e50c138384221bec87f07b1f8766bf84	byte-identical
evaluation workspace (commit dc6ebc1)	data/veriqbench/combinational/pe/pe_90.qasm	data/veriqbench/combinational/pe/pe_90.qasm	3e00b3646bef5f6dcbdb2fd0e79fe63d6da5a545af7ca02c1b608c5f709d910b	3e00b3646bef5f6dcbdb2fd0e79fe63d6da5a545af7ca02c1b608c5f709d910b	byte-identical
evaluation workspace (commit dc6ebc1)	data/veriqbench/combinational/pe/pe_91.qasm	data/veriqbench/combinational/pe/pe_91.qasm	b1a2a01ac42a1668a20ade5cf1396d478b16b7259cf11eb42a7e5d37ff85791c	b1a2a01ac42a1668a20ade5cf1396d478b16b7259cf11eb42a7e5d37ff85791c	byte-identical
evaluation workspace (commit dc6ebc1)	data/veriqbench/combinational/pe/pe_92.qasm	data/veriqbench/combinational/pe/pe_92.qasm	62765e7b44ad53cfaf9273ddd4dc4900bec621fc9bb260cafddc52666f60c847	62765e7b44ad53cfaf9273ddd4dc4900bec621fc9bb260cafddc52666f60c847	byte-identical
evaluation workspace (commit dc6ebc1)	data/veriqbench/combinational/pe/pe_93.qasm	data/veriqbench/combinational/pe/pe_93.qasm	8ea11af121a4a8c4b72fb4ebbaeff81f72605c8f899007c8167ad39d1d80cff0	8ea11af121a4a8c4b72fb4ebbaeff81f72605c8f899007c8167ad39d1d80cff0	byte-identical
evaluation workspace (commit dc6ebc1)	data/veriqbench/combinational/pe/pe_94.qasm	data/veriqbench/combinational/pe/pe_94.qasm	0f5fc99cbf5e5595e97d5b202553e4797f01d57da7f4ea611679b32c7b7d6d4a	0f5fc99cbf5e5595e97d5b202553e4797f01d57da7f4ea611679b32c7b7d6d4a	byte-identical
evaluation workspace (commit dc6ebc1)	data/veriqbench/combinational/pe/pe_95.qasm	data/veriqbench/combinational/pe/pe_95.qasm	8bb801550a22c7f4e15fe444445c4e2d04c56a15e497912f0c9eac901e735b4e	8bb801550a22c7f4e15fe444445c4e2d04c56a15e497912f0c9eac901e735b4e	byte-identical
evaluation workspace (commit dc6ebc1)	data/veriqbench/combinational/pe/pe_96.qasm	data/veriqbench/combinational/pe/pe_96.qasm	c9a1acc9a34cb8251454e5b7166f4540e0b3be06df963866df4d5b8f3e6583cc	c9a1acc9a34cb8251454e5b7166f4540e0b3be06df963866df4d5b8f3e6583cc	byte-identical
evaluation workspace (commit dc6ebc1)	data/veriqbench/combinational/pe/pe_97.qasm	data/veriqbench/combinational/pe/pe_97.qasm	049e2b0f094748f3a90dffd49ab58e620e8e91c637ed15e48db6ee8f0288c8b1	049e2b0f094748f3a90dffd49ab58e620e8e91c637ed15e48db6ee8f0288c8b1	byte-identical
evaluation workspace (commit dc6ebc1)	data/veriqbench/combinational/pe/pe_98.qasm	data/veriqbench/combinational/pe/pe_98.qasm	049474dce33e9a94b34d86cd7cbce1edd7294ca2facb82f19fc68c299de69727	049474dce33e9a94b34d86cd7cbce1edd7294ca2facb82f19fc68c299de69727	byte-identical
evaluation workspace (commit dc6ebc1)	data/veriqbench/combinational/pe/pe_99.qasm	data/veriqbench/combinational/pe/pe_99.qasm	2c40b16e5b2f63bc061eee5f109cfe7dada9921c0f5b8797c6f326a69bfb956b	2c40b16e5b2f63bc061eee5f109cfe7dada9921c0f5b8797c6f326a69bfb956b	byte-identical
evaluation workspace (commit dc6ebc1)	data/veriqbench/combinational/qft/qft_10.qasm	data/veriqbench/combinational/qft/qft_10.qasm	aaf65abe7bd032780a61a265976cfb2f2accffa7f55ddc0b9425294a88ee51ac	aaf65abe7bd032780a61a265976cfb2f2accffa7f55ddc0b9425294a88ee51ac	byte-identical
evaluation workspace (commit dc6ebc1)	data/veriqbench/combinational/qft/qft_100.qasm	data/veriqbench/combinational/qft/qft_100.qasm	43989288c9daae288b91282c63870d257aada0b033c03a5b5b0f1c3e1ee02653	43989288c9daae288b91282c63870d257aada0b033c03a5b5b0f1c3e1ee02653	byte-identical
evaluation workspace (commit dc6ebc1)	data/veriqbench/combinational/qft/qft_11.qasm	data/veriqbench/combinational/qft/qft_11.qasm	393f70f5cf51571da45482b9af0b34a14b08d7de2a5b66d9f1c0591dbdbca8bb	393f70f5cf51571da45482b9af0b34a14b08d7de2a5b66d9f1c0591dbdbca8bb	byte-identical
evaluation workspace (commit dc6ebc1)	data/veriqbench/combinational/qft/qft_12.qasm	data/veriqbench/combinational/qft/qft_12.qasm	06f5a95ba164c6a9223b39ae75b77258dc52c21c73ed608f910f0b765f8618fc	06f5a95ba164c6a9223b39ae75b77258dc52c21c73ed608f910f0b765f8618fc	byte-identical
evaluation workspace (commit dc6ebc1)	data/veriqbench/combinational/qft/qft_13.qasm	data/veriqbench/combinational/qft/qft_13.qasm	4c9a1fa2443d93043f6c31340cdc0e25319a0628d12bcccb8d3ad027b2951812	4c9a1fa2443d93043f6c31340cdc0e25319a0628d12bcccb8d3ad027b2951812	byte-identical
evaluation workspace (commit dc6ebc1)	data/veriqbench/combinational/qft/qft_14.qasm	data/veriqbench/combinational/qft/qft_14.qasm	7bcbfb095461e546f69c92949b80b1ed9a62664a920c99144230e3e642850517	7bcbfb095461e546f69c92949b80b1ed9a62664a920c99144230e3e642850517	byte-identical
evaluation workspace (commit dc6ebc1)	data/veriqbench/combinational/qft/qft_15.qasm	data/veriqbench/combinational/qft/qft_15.qasm	1289f19cc08ad38e3d2eb54db6a6d837eff9957ed8c71d061efbcc534cd942bb	1289f19cc08ad38e3d2eb54db6a6d837eff9957ed8c71d061efbcc534cd942bb	byte-identical
evaluation workspace (commit dc6ebc1)	data/veriqbench/combinational/qft/qft_16.qasm	data/veriqbench/combinational/qft/qft_16.qasm	d4f78bf82a74f47d76f255a1b08ca085ba5ff84fbfde4d89aeb41bcb95083056	d4f78bf82a74f47d76f255a1b08ca085ba5ff84fbfde4d89aeb41bcb95083056	byte-identical
evaluation workspace (commit dc6ebc1)	data/veriqbench/combinational/qft/qft_17.qasm	data/veriqbench/combinational/qft/qft_17.qasm	33f9b20ec63ac2d71e930e066ba1aef25118cb69a09ff8394d80b673782e9275	33f9b20ec63ac2d71e930e066ba1aef25118cb69a09ff8394d80b673782e9275	byte-identical
evaluation workspace (commit dc6ebc1)	data/veriqbench/combinational/qft/qft_18.qasm	data/veriqbench/combinational/qft/qft_18.qasm	20adf022a41462f02a930d20a51fcfcf5e2e494cdaf444138b5c8a1043f7a1e2	20adf022a41462f02a930d20a51fcfcf5e2e494cdaf444138b5c8a1043f7a1e2	byte-identical
evaluation workspace (commit dc6ebc1)	data/veriqbench/combinational/qft/qft_19.qasm	data/veriqbench/combinational/qft/qft_19.qasm	71bc35e0c0728dc8ecc71122eea373e1355a5ec7df7682f2aab00aaa46f7e98f	71bc35e0c0728dc8ecc71122eea373e1355a5ec7df7682f2aab00aaa46f7e98f	byte-identical
evaluation workspace (commit dc6ebc1)	data/veriqbench/combinational/qft/qft_2.qasm	data/veriqbench/combinational/qft/qft_2.qasm	ed6b79f6949a84a07c99f2c9b0cb35d597dede52b8ab6997ee38ff9480edb0bb	ed6b79f6949a84a07c99f2c9b0cb35d597dede52b8ab6997ee38ff9480edb0bb	byte-identical
evaluation workspace (commit dc6ebc1)	data/veriqbench/combinational/qft/qft_20.qasm	data/veriqbench/combinational/qft/qft_20.qasm	378630179d722f7483a8c9d04466c07fb79c9324e68510ec1f32db0601d5f6c8	378630179d722f7483a8c9d04466c07fb79c9324e68510ec1f32db0601d5f6c8	byte-identical
evaluation workspace (commit dc6ebc1)	data/veriqbench/combinational/qft/qft_21.qasm	data/veriqbench/combinational/qft/qft_21.qasm	6f18c7343be8b3d4da8e4947e5ab81a1a088c2f578936adcee413e40dda566e9	6f18c7343be8b3d4da8e4947e5ab81a1a088c2f578936adcee413e40dda566e9	byte-identical
evaluation workspace (commit dc6ebc1)	data/veriqbench/combinational/qft/qft_22.qasm	data/veriqbench/combinational/qft/qft_22.qasm	de8778eebb044f65d374107b0690ff0eed7f88b91cbeac5c552f2c96fd24a763	de8778eebb044f65d374107b0690ff0eed7f88b91cbeac5c552f2c96fd24a763	byte-identical
evaluation workspace (commit dc6ebc1)	data/veriqbench/combinational/qft/qft_23.qasm	data/veriqbench/combinational/qft/qft_23.qasm	7f98f12a34965ead8db60740defb821ad65c3213bf2f600e0f46206652c01b64	7f98f12a34965ead8db60740defb821ad65c3213bf2f600e0f46206652c01b64	byte-identical
evaluation workspace (commit dc6ebc1)	data/veriqbench/combinational/qft/qft_24.qasm	data/veriqbench/combinational/qft/qft_24.qasm	0b1743019df344bb45b16e71c4c54f759aa58f6cdf4739840e7ca3f8a6839f50	0b1743019df344bb45b16e71c4c54f759aa58f6cdf4739840e7ca3f8a6839f50	byte-identical
evaluation workspace (commit dc6ebc1)	data/veriqbench/combinational/qft/qft_25.qasm	data/veriqbench/combinational/qft/qft_25.qasm	4866688580bd5ace7871b77adfbb339834bccca29cb1e974ffa58de25570af72	4866688580bd5ace7871b77adfbb339834bccca29cb1e974ffa58de25570af72	byte-identical
evaluation workspace (commit dc6ebc1)	data/veriqbench/combinational/qft/qft_26.qasm	data/veriqbench/combinational/qft/qft_26.qasm	a81bc05fa64b1a69092d32c6be3131f272b4736a43b331b89b175fa4dfe0f3b6	a81bc05fa64b1a69092d32c6be3131f272b4736a43b331b89b175fa4dfe0f3b6	byte-identical
evaluation workspace (commit dc6ebc1)	data/veriqbench/combinational/qft/qft_27.qasm	data/veriqbench/combinational/qft/qft_27.qasm	7314b7fe17e921c48551df3c10797d0e7fd480c386736933515502b34a79af12	7314b7fe17e921c48551df3c10797d0e7fd480c386736933515502b34a79af12	byte-identical
evaluation workspace (commit dc6ebc1)	data/veriqbench/combinational/qft/qft_28.qasm	data/veriqbench/combinational/qft/qft_28.qasm	44b77885eda57dca59fa6267c1c136309ecc6c90cbc6e88500c0d3c292c26d2c	44b77885eda57dca59fa6267c1c136309ecc6c90cbc6e88500c0d3c292c26d2c	byte-identical
evaluation workspace (commit dc6ebc1)	data/veriqbench/combinational/qft/qft_29.qasm	data/veriqbench/combinational/qft/qft_29.qasm	c06cddbd58cb15283adb202df61478908ebef624d61cd3fb26c6aeff6c548a05	c06cddbd58cb15283adb202df61478908ebef624d61cd3fb26c6aeff6c548a05	byte-identical
evaluation workspace (commit dc6ebc1)	data/veriqbench/combinational/qft/qft_3.qasm	data/veriqbench/combinational/qft/qft_3.qasm	f3ac843f93c026cb92b23138c46a778aee08004113950e972161943186254b62	f3ac843f93c026cb92b23138c46a778aee08004113950e972161943186254b62	byte-identical
evaluation workspace (commit dc6ebc1)	data/veriqbench/combinational/qft/qft_30.qasm	data/veriqbench/combinational/qft/qft_30.qasm	f7c9eacca637bc5c0986c815ffb5d3545a41b1fe60389b741237a7cb8e1fc3a1	f7c9eacca637bc5c0986c815ffb5d3545a41b1fe60389b741237a7cb8e1fc3a1	byte-identical
evaluation workspace (commit dc6ebc1)	data/veriqbench/combinational/qft/qft_31.qasm	data/veriqbench/combinational/qft/qft_31.qasm	d7ae1f0d0a3478d8fe631a6b3d2f3d525f25f759291ac1f9d3525bae1997226b	d7ae1f0d0a3478d8fe631a6b3d2f3d525f25f759291ac1f9d3525bae1997226b	byte-identical
evaluation workspace (commit dc6ebc1)	data/veriqbench/combinational/qft/qft_32.qasm	data/veriqbench/combinational/qft/qft_32.qasm	a63dc9c75de77db1951f07c1c8593973c5e5a0cbe4472eb709af3a5ee0bc533f	a63dc9c75de77db1951f07c1c8593973c5e5a0cbe4472eb709af3a5ee0bc533f	byte-identical
evaluation workspace (commit dc6ebc1)	data/veriqbench/combinational/qft/qft_33.qasm	data/veriqbench/combinational/qft/qft_33.qasm	d023e6c853c229024051d3490701f6cd524ec6d88a5b57d0832f65af1a7c16de	d023e6c853c229024051d3490701f6cd524ec6d88a5b57d0832f65af1a7c16de	byte-identical
evaluation workspace (commit dc6ebc1)	data/veriqbench/combinational/qft/qft_34.qasm	data/veriqbench/combinational/qft/qft_34.qasm	4e06edacded40ee6bb756665da74d5076c6a8338da8fd724c56c2c808090ef45	4e06edacded40ee6bb756665da74d5076c6a8338da8fd724c56c2c808090ef45	byte-identical
evaluation workspace (commit dc6ebc1)	data/veriqbench/combinational/qft/qft_35.qasm	data/veriqbench/combinational/qft/qft_35.qasm	389c807b07284e1755bda80215e70de91851362953e72296222fc9b0455b42a8	389c807b07284e1755bda80215e70de91851362953e72296222fc9b0455b42a8	byte-identical
evaluation workspace (commit dc6ebc1)	data/veriqbench/combinational/qft/qft_36.qasm	data/veriqbench/combinational/qft/qft_36.qasm	92a64be63a65bc4eee3fcb178361d1b7255e7ca3b9246f5c784c656277ca382b	92a64be63a65bc4eee3fcb178361d1b7255e7ca3b9246f5c784c656277ca382b	byte-identical
evaluation workspace (commit dc6ebc1)	data/veriqbench/combinational/qft/qft_37.qasm	data/veriqbench/combinational/qft/qft_37.qasm	a02708de171fc2bd94b4c3ef3553e5c5362cb78e9e8bbabfc831470e0931b308	a02708de171fc2bd94b4c3ef3553e5c5362cb78e9e8bbabfc831470e0931b308	byte-identical
evaluation workspace (commit dc6ebc1)	data/veriqbench/combinational/qft/qft_38.qasm	data/veriqbench/combinational/qft/qft_38.qasm	aff608cbb6ad904000059e36f80ee78b6d651ec199b8950ee2959bcbc0aafc5a	aff608cbb6ad904000059e36f80ee78b6d651ec199b8950ee2959bcbc0aafc5a	byte-identical
evaluation workspace (commit dc6ebc1)	data/veriqbench/combinational/qft/qft_39.qasm	data/veriqbench/combinational/qft/qft_39.qasm	3c3ea4ef4f7fd761dd7f358b3c23d7440efab6f6dc14069d4a22e2fa3df51f26	3c3ea4ef4f7fd761dd7f358b3c23d7440efab6f6dc14069d4a22e2fa3df51f26	byte-identical
evaluation workspace (commit dc6ebc1)	data/veriqbench/combinational/qft/qft_4.qasm	data/veriqbench/combinational/qft/qft_4.qasm	2adcc286923b43f2589113aced20169dba4ffb6fedc5f3242ba57ec51e53cdf4	2adcc286923b43f2589113aced20169dba4ffb6fedc5f3242ba57ec51e53cdf4	byte-identical
evaluation workspace (commit dc6ebc1)	data/veriqbench/combinational/qft/qft_40.qasm	data/veriqbench/combinational/qft/qft_40.qasm	2bd5c0995a79e19329c9fb2179594a074b6b51da1e19708724eaab2f5d3f03ea	2bd5c0995a79e19329c9fb2179594a074b6b51da1e19708724eaab2f5d3f03ea	byte-identical
evaluation workspace (commit dc6ebc1)	data/veriqbench/combinational/qft/qft_41.qasm	data/veriqbench/combinational/qft/qft_41.qasm	5e16a094a742e96c149dd49c20f2b3561afc15ef129fd8a826fd18690710496f	5e16a094a742e96c149dd49c20f2b3561afc15ef129fd8a826fd18690710496f	byte-identical
evaluation workspace (commit dc6ebc1)	data/veriqbench/combinational/qft/qft_42.qasm	data/veriqbench/combinational/qft/qft_42.qasm	14e976ebb36acde93a2a268b5c1d730f3733c7877e40bf03d37ed850cc1dc831	14e976ebb36acde93a2a268b5c1d730f3733c7877e40bf03d37ed850cc1dc831	byte-identical
evaluation workspace (commit dc6ebc1)	data/veriqbench/combinational/qft/qft_43.qasm	data/veriqbench/combinational/qft/qft_43.qasm	d89dfd6b11cd9d5c83e50c30b57715074ba5604c48865cea9c5f185fd68026d0	d89dfd6b11cd9d5c83e50c30b57715074ba5604c48865cea9c5f185fd68026d0	byte-identical
evaluation workspace (commit dc6ebc1)	data/veriqbench/combinational/qft/qft_44.qasm	data/veriqbench/combinational/qft/qft_44.qasm	ed800c398368239b7c2e5fa690bd66faab3a9e4025766c87968888db02b0a23d	ed800c398368239b7c2e5fa690bd66faab3a9e4025766c87968888db02b0a23d	byte-identical
evaluation workspace (commit dc6ebc1)	data/veriqbench/combinational/qft/qft_45.qasm	data/veriqbench/combinational/qft/qft_45.qasm	59a2a9d4ab7c7530bf12474d7dab265c5b50d7902251f6cd795af5a29d55833d	59a2a9d4ab7c7530bf12474d7dab265c5b50d7902251f6cd795af5a29d55833d	byte-identical
evaluation workspace (commit dc6ebc1)	data/veriqbench/combinational/qft/qft_46.qasm	data/veriqbench/combinational/qft/qft_46.qasm	0b7f11a60c8f83d3925806e2cec24918337bce3adeca16caf845daee7446db16	0b7f11a60c8f83d3925806e2cec24918337bce3adeca16caf845daee7446db16	byte-identical
evaluation workspace (commit dc6ebc1)	data/veriqbench/combinational/qft/qft_47.qasm	data/veriqbench/combinational/qft/qft_47.qasm	59d3603523b64859f060f2da3b2f84da97c8489daa6cbb89f6bcc6f215a61235	59d3603523b64859f060f2da3b2f84da97c8489daa6cbb89f6bcc6f215a61235	byte-identical
evaluation workspace (commit dc6ebc1)	data/veriqbench/combinational/qft/qft_48.qasm	data/veriqbench/combinational/qft/qft_48.qasm	99bd82387e10fcbce63a4baf190e4a24e665b8ee19aefff42f80e817588fdc61	99bd82387e10fcbce63a4baf190e4a24e665b8ee19aefff42f80e817588fdc61	byte-identical
evaluation workspace (commit dc6ebc1)	data/veriqbench/combinational/qft/qft_49.qasm	data/veriqbench/combinational/qft/qft_49.qasm	91e137b3eca9f682a31b176ec686d2039609efe64d91d3412b19eb07f16ab434	91e137b3eca9f682a31b176ec686d2039609efe64d91d3412b19eb07f16ab434	byte-identical
evaluation workspace (commit dc6ebc1)	data/veriqbench/combinational/qft/qft_5.qasm	data/veriqbench/combinational/qft/qft_5.qasm	325a0561a943ff6e38e7400c5c4662be6837a24f72855e87c84d68d0536b6320	325a0561a943ff6e38e7400c5c4662be6837a24f72855e87c84d68d0536b6320	byte-identical
evaluation workspace (commit dc6ebc1)	data/veriqbench/combinational/qft/qft_50.qasm	data/veriqbench/combinational/qft/qft_50.qasm	3ca2c8fd5a48ff54139a3bfd4fb49055a8b5aba492e322ac326fde95770a5f6e	3ca2c8fd5a48ff54139a3bfd4fb49055a8b5aba492e322ac326fde95770a5f6e	byte-identical
evaluation workspace (commit dc6ebc1)	data/veriqbench/combinational/qft/qft_51.qasm	data/veriqbench/combinational/qft/qft_51.qasm	ccaffaea9dbd472089f57b18745f2d51fbb48c0b7b43ed52d739e1eef784421b	ccaffaea9dbd472089f57b18745f2d51fbb48c0b7b43ed52d739e1eef784421b	byte-identical
evaluation workspace (commit dc6ebc1)	data/veriqbench/combinational/qft/qft_52.qasm	data/veriqbench/combinational/qft/qft_52.qasm	8a778d19416c27992b009ecbb7bee255f530191bd8afc63c9f90aa0c50b8edcb	8a778d19416c27992b009ecbb7bee255f530191bd8afc63c9f90aa0c50b8edcb	byte-identical
evaluation workspace (commit dc6ebc1)	data/veriqbench/combinational/qft/qft_53.qasm	data/veriqbench/combinational/qft/qft_53.qasm	98525d0d3187bc22fb2a63625af598715d11a973cdae0e7b84cccb4b7649938f	98525d0d3187bc22fb2a63625af598715d11a973cdae0e7b84cccb4b7649938f	byte-identical
evaluation workspace (commit dc6ebc1)	data/veriqbench/combinational/qft/qft_54.qasm	data/veriqbench/combinational/qft/qft_54.qasm	09dbd69746f6889a76abbdc6912b83b6b84c50feee60e0766eac746dbb7e44ee	09dbd69746f6889a76abbdc6912b83b6b84c50feee60e0766eac746dbb7e44ee	byte-identical
evaluation workspace (commit dc6ebc1)	data/veriqbench/combinational/qft/qft_55.qasm	data/veriqbench/combinational/qft/qft_55.qasm	3e4afab36f881bd8228478e431568867278d95578e521e1bbab3abd8baaaa60b	3e4afab36f881bd8228478e431568867278d95578e521e1bbab3abd8baaaa60b	byte-identical
evaluation workspace (commit dc6ebc1)	data/veriqbench/combinational/qft/qft_56.qasm	data/veriqbench/combinational/qft/qft_56.qasm	6b8a927317d62e2c3bcb3827a016359cc22969c05d69631e5f948c729005216a	6b8a927317d62e2c3bcb3827a016359cc22969c05d69631e5f948c729005216a	byte-identical
evaluation workspace (commit dc6ebc1)	data/veriqbench/combinational/qft/qft_57.qasm	data/veriqbench/combinational/qft/qft_57.qasm	6bc049ee51e729b7fc616e21e74de3053c1e71fcba3c384c85ba6c5e37aa2b11	6bc049ee51e729b7fc616e21e74de3053c1e71fcba3c384c85ba6c5e37aa2b11	byte-identical
evaluation workspace (commit dc6ebc1)	data/veriqbench/combinational/qft/qft_58.qasm	data/veriqbench/combinational/qft/qft_58.qasm	b8859515f80688dd967419130fc7baa87512e3804360cce1fe170275e37cdfe8	b8859515f80688dd967419130fc7baa87512e3804360cce1fe170275e37cdfe8	byte-identical
evaluation workspace (commit dc6ebc1)	data/veriqbench/combinational/qft/qft_59.qasm	data/veriqbench/combinational/qft/qft_59.qasm	1dc3fefbd613469235123fa3c5e68f67e04b77485c5698e4d507528dc44ea384	1dc3fefbd613469235123fa3c5e68f67e04b77485c5698e4d507528dc44ea384	byte-identical
evaluation workspace (commit dc6ebc1)	data/veriqbench/combinational/qft/qft_6.qasm	data/veriqbench/combinational/qft/qft_6.qasm	5e58164fb422a3c271c6f951425e422d16726fb3db51ba5d4dd8dd90868c6818	5e58164fb422a3c271c6f951425e422d16726fb3db51ba5d4dd8dd90868c6818	byte-identical
evaluation workspace (commit dc6ebc1)	data/veriqbench/combinational/qft/qft_60.qasm	data/veriqbench/combinational/qft/qft_60.qasm	b3096692f1122d2de91620bf0729e34bbcbfa8233646cd67bc1fcac5ed4a460b	b3096692f1122d2de91620bf0729e34bbcbfa8233646cd67bc1fcac5ed4a460b	byte-identical
evaluation workspace (commit dc6ebc1)	data/veriqbench/combinational/qft/qft_61.qasm	data/veriqbench/combinational/qft/qft_61.qasm	9f8950833c88e0f7c9a470ed37a9d7fbec662aeaaeb7f62f94efdea3442990fa	9f8950833c88e0f7c9a470ed37a9d7fbec662aeaaeb7f62f94efdea3442990fa	byte-identical
evaluation workspace (commit dc6ebc1)	data/veriqbench/combinational/qft/qft_62.qasm	data/veriqbench/combinational/qft/qft_62.qasm	e278323593a342f73620706c9e7063c4be280839a1a5c0b1897cf15a30a1a552	e278323593a342f73620706c9e7063c4be280839a1a5c0b1897cf15a30a1a552	byte-identical
evaluation workspace (commit dc6ebc1)	data/veriqbench/combinational/qft/qft_63.qasm	data/veriqbench/combinational/qft/qft_63.qasm	eab2486c4f4fd6c05a983f348370e786c179ebe9fa32c3d38391ae3d96108b3d	eab2486c4f4fd6c05a983f348370e786c179ebe9fa32c3d38391ae3d96108b3d	byte-identical
evaluation workspace (commit dc6ebc1)	data/veriqbench/combinational/qft/qft_64.qasm	data/veriqbench/combinational/qft/qft_64.qasm	dc53b466bc659e67e0640cc92b076f67392091b3e725ba4bae19e06edaf957b0	dc53b466bc659e67e0640cc92b076f67392091b3e725ba4bae19e06edaf957b0	byte-identical
evaluation workspace (commit dc6ebc1)	data/veriqbench/combinational/qft/qft_65.qasm	data/veriqbench/combinational/qft/qft_65.qasm	7d6a0510a0a2c7dc0ceb602b15b2071af96a12ac45e76dc04f70ff17bb121822	7d6a0510a0a2c7dc0ceb602b15b2071af96a12ac45e76dc04f70ff17bb121822	byte-identical
evaluation workspace (commit dc6ebc1)	data/veriqbench/combinational/qft/qft_66.qasm	data/veriqbench/combinational/qft/qft_66.qasm	500fc70e761dd8036308b2997b1e6d38bdeb75348c9d36389e600b10fd07b527	500fc70e761dd8036308b2997b1e6d38bdeb75348c9d36389e600b10fd07b527	byte-identical
evaluation workspace (commit dc6ebc1)	data/veriqbench/combinational/qft/qft_67.qasm	data/veriqbench/combinational/qft/qft_67.qasm	317b3b74974fa74a47ce29d57a4c9be03c6dd7be39936f786060298565726d85	317b3b74974fa74a47ce29d57a4c9be03c6dd7be39936f786060298565726d85	byte-identical
evaluation workspace (commit dc6ebc1)	data/veriqbench/combinational/qft/qft_68.qasm	data/veriqbench/combinational/qft/qft_68.qasm	35a1d2fa4643b889580d22ed3c04e3690af0716cb86e902b4a298ea5e2467e90	35a1d2fa4643b889580d22ed3c04e3690af0716cb86e902b4a298ea5e2467e90	byte-identical
evaluation workspace (commit dc6ebc1)	data/veriqbench/combinational/qft/qft_69.qasm	data/veriqbench/combinational/qft/qft_69.qasm	b2979c4630b3b8e01c603e9d2c0859e3faa4a9068acc8cd890634c00fd240fe7	b2979c4630b3b8e01c603e9d2c0859e3faa4a9068acc8cd890634c00fd240fe7	byte-identical
evaluation workspace (commit dc6ebc1)	data/veriqbench/combinational/qft/qft_7.qasm	data/veriqbench/combinational/qft/qft_7.qasm	51e36a91cbc332bb3f5087430c467bbfce2d0499d74d9dc54c10b8689b646899	51e36a91cbc332bb3f5087430c467bbfce2d0499d74d9dc54c10b8689b646899	byte-identical
evaluation workspace (commit dc6ebc1)	data/veriqbench/combinational/qft/qft_70.qasm	data/veriqbench/combinational/qft/qft_70.qasm	ef3936bd260be03ead00e143cd170980dfaffc458294b11b25d2cde0f5d41506	ef3936bd260be03ead00e143cd170980dfaffc458294b11b25d2cde0f5d41506	byte-identical
evaluation workspace (commit dc6ebc1)	data/veriqbench/combinational/qft/qft_71.qasm	data/veriqbench/combinational/qft/qft_71.qasm	9c33d17bd151d00773b8b7d1e9e87b623d07333aa875d9d7288fbabe0ff34dd6	9c33d17bd151d00773b8b7d1e9e87b623d07333aa875d9d7288fbabe0ff34dd6	byte-identical
evaluation workspace (commit dc6ebc1)	data/veriqbench/combinational/qft/qft_72.qasm	data/veriqbench/combinational/qft/qft_72.qasm	aa3a255d6873728e3c4783e3059a0712e264e87de7e60fc20b046a79058be79e	aa3a255d6873728e3c4783e3059a0712e264e87de7e60fc20b046a79058be79e	byte-identical
evaluation workspace (commit dc6ebc1)	data/veriqbench/combinational/qft/qft_73.qasm	data/veriqbench/combinational/qft/qft_73.qasm	5059398123d6db4e6f10ed259e618c20e683afa3bbcff2e03a548b1c568a4bea	5059398123d6db4e6f10ed259e618c20e683afa3bbcff2e03a548b1c568a4bea	byte-identical
evaluation workspace (commit dc6ebc1)	data/veriqbench/combinational/qft/qft_74.qasm	data/veriqbench/combinational/qft/qft_74.qasm	b29acc162d190cd0dac072db040965e2cdacb29e8f11707c4c9eb447883a6cc2	b29acc162d190cd0dac072db040965e2cdacb29e8f11707c4c9eb447883a6cc2	byte-identical
evaluation workspace (commit dc6ebc1)	data/veriqbench/combinational/qft/qft_75.qasm	data/veriqbench/combinational/qft/qft_75.qasm	26323f2adc9b766b6176b2fca0e2a5a75b4fa135d31fe29809757bccac2963ce	26323f2adc9b766b6176b2fca0e2a5a75b4fa135d31fe29809757bccac2963ce	byte-identical
evaluation workspace (commit dc6ebc1)	data/veriqbench/combinational/qft/qft_76.qasm	data/veriqbench/combinational/qft/qft_76.qasm	6cc4c9cdcfe9f573c4a876f94762b6a6fd6e11a4945a341d63f37f9c29c57599	6cc4c9cdcfe9f573c4a876f94762b6a6fd6e11a4945a341d63f37f9c29c57599	byte-identical
evaluation workspace (commit dc6ebc1)	data/veriqbench/combinational/qft/qft_77.qasm	data/veriqbench/combinational/qft/qft_77.qasm	ed9ad2f57014d9ab5a408292b51a03188838dbc5fdbaa0c53fd237f5bb9e4a68	ed9ad2f57014d9ab5a408292b51a03188838dbc5fdbaa0c53fd237f5bb9e4a68	byte-identical
evaluation workspace (commit dc6ebc1)	data/veriqbench/combinational/qft/qft_78.qasm	data/veriqbench/combinational/qft/qft_78.qasm	f4bba81a51d86f7a20a79c197c6e3393c045a798c26b1e88139275a5e25536c1	f4bba81a51d86f7a20a79c197c6e3393c045a798c26b1e88139275a5e25536c1	byte-identical
evaluation workspace (commit dc6ebc1)	data/veriqbench/combinational/qft/qft_79.qasm	data/veriqbench/combinational/qft/qft_79.qasm	a6a3cfd36e9a47ac2326d46346a15ecba999bd911eaf9c29b76be5a1d579e47f	a6a3cfd36e9a47ac2326d46346a15ecba999bd911eaf9c29b76be5a1d579e47f	byte-identical
evaluation workspace (commit dc6ebc1)	data/veriqbench/combinational/qft/qft_8.qasm	data/veriqbench/combinational/qft/qft_8.qasm	fdd69d0bacc99332340c27b0515abc00cefadeae09ec1068f9c5d52e48edbda1	fdd69d0bacc99332340c27b0515abc00cefadeae09ec1068f9c5d52e48edbda1	byte-identical
evaluation workspace (commit dc6ebc1)	data/veriqbench/combinational/qft/qft_80.qasm	data/veriqbench/combinational/qft/qft_80.qasm	b587ef37ca14c0508438b02a19f9ad0e398c7f0d0a4c926c01a694a3e66e4c50	b587ef37ca14c0508438b02a19f9ad0e398c7f0d0a4c926c01a694a3e66e4c50	byte-identical
evaluation workspace (commit dc6ebc1)	data/veriqbench/combinational/qft/qft_81.qasm	data/veriqbench/combinational/qft/qft_81.qasm	d0e290b7578cedc1033ea6b3a9363a331f158a387fb4fb453718dec8dd344c85	d0e290b7578cedc1033ea6b3a9363a331f158a387fb4fb453718dec8dd344c85	byte-identical
evaluation workspace (commit dc6ebc1)	data/veriqbench/combinational/qft/qft_82.qasm	data/veriqbench/combinational/qft/qft_82.qasm	0960cb97b60d0270d1d49ccc9bf1185ecb113bee62f26a7b7782700e5634d7c5	0960cb97b60d0270d1d49ccc9bf1185ecb113bee62f26a7b7782700e5634d7c5	byte-identical
evaluation workspace (commit dc6ebc1)	data/veriqbench/combinational/qft/qft_83.qasm	data/veriqbench/combinational/qft/qft_83.qasm	2d6947bccd02c2465b8c69ddfad9632c2bdad57d73dafbbfd7b15ec771ecbb69	2d6947bccd02c2465b8c69ddfad9632c2bdad57d73dafbbfd7b15ec771ecbb69	byte-identical
evaluation workspace (commit dc6ebc1)	data/veriqbench/combinational/qft/qft_84.qasm	data/veriqbench/combinational/qft/qft_84.qasm	d4ad585f09d3c55d9b40305cfbd1a49a1f45bc3b055317253779d12e49cd5d9f	d4ad585f09d3c55d9b40305cfbd1a49a1f45bc3b055317253779d12e49cd5d9f	byte-identical
evaluation workspace (commit dc6ebc1)	data/veriqbench/combinational/qft/qft_85.qasm	data/veriqbench/combinational/qft/qft_85.qasm	7dc525675681e47bb714c234bcef9504929e3eac056611fc0d0cb2a7efdbb0f3	7dc525675681e47bb714c234bcef9504929e3eac056611fc0d0cb2a7efdbb0f3	byte-identical
evaluation workspace (commit dc6ebc1)	data/veriqbench/combinational/qft/qft_86.qasm	data/veriqbench/combinational/qft/qft_86.qasm	d2e07ce5cf52e6c69ab59ac6fc03ed382a5f5b1e53a54f23d682854e63904da9	d2e07ce5cf52e6c69ab59ac6fc03ed382a5f5b1e53a54f23d682854e63904da9	byte-identical
evaluation workspace (commit dc6ebc1)	data/veriqbench/combinational/qft/qft_87.qasm	data/veriqbench/combinational/qft/qft_87.qasm	06e4e75d4ba83fa438361879973d03452a471dd769a886bc86cead75609bad42	06e4e75d4ba83fa438361879973d03452a471dd769a886bc86cead75609bad42	byte-identical
evaluation workspace (commit dc6ebc1)	data/veriqbench/combinational/qft/qft_88.qasm	data/veriqbench/combinational/qft/qft_88.qasm	9d7fd84f19dc26db3935db55f21ad5ac1f528c69eea48710c0819492c65cfaf3	9d7fd84f19dc26db3935db55f21ad5ac1f528c69eea48710c0819492c65cfaf3	byte-identical
evaluation workspace (commit dc6ebc1)	data/veriqbench/combinational/qft/qft_89.qasm	data/veriqbench/combinational/qft/qft_89.qasm	98d454a5456cd221d22b5b911ff6f53973ffa68b529ffb43fb83c7518f2b3a60	98d454a5456cd221d22b5b911ff6f53973ffa68b529ffb43fb83c7518f2b3a60	byte-identical
evaluation workspace (commit dc6ebc1)	data/veriqbench/combinational/qft/qft_9.qasm	data/veriqbench/combinational/qft/qft_9.qasm	d19f3fbc320f959b5d2b198c3f4a84e90b91ba5475eda4ca28fbe6f4408110c7	d19f3fbc320f959b5d2b198c3f4a84e90b91ba5475eda4ca28fbe6f4408110c7	byte-identical
evaluation workspace (commit dc6ebc1)	data/veriqbench/combinational/qft/qft_90.qasm	data/veriqbench/combinational/qft/qft_90.qasm	8099d6e49d0d49f3d513f3a0398d6ca6b640e4d0f2f7efb4b6a1a061d89f6f55	8099d6e49d0d49f3d513f3a0398d6ca6b640e4d0f2f7efb4b6a1a061d89f6f55	byte-identical
evaluation workspace (commit dc6ebc1)	data/veriqbench/combinational/qft/qft_91.qasm	data/veriqbench/combinational/qft/qft_91.qasm	81ed19c2bda8dda548ccfb65dcf334de5f85ad426ff0b3445f17090c283dd35a	81ed19c2bda8dda548ccfb65dcf334de5f85ad426ff0b3445f17090c283dd35a	byte-identical
evaluation workspace (commit dc6ebc1)	data/veriqbench/combinational/qft/qft_92.qasm	data/veriqbench/combinational/qft/qft_92.qasm	c92c530e62832bb8c51f2e854094c76c558b6d222f36d1fc10f07b6a2ea705e6	c92c530e62832bb8c51f2e854094c76c558b6d222f36d1fc10f07b6a2ea705e6	byte-identical
evaluation workspace (commit dc6ebc1)	data/veriqbench/combinational/qft/qft_93.qasm	data/veriqbench/combinational/qft/qft_93.qasm	8e85d6c990a0674242b51d542c5dec2b8e7a734d055df9f1b89099e7203f9b36	8e85d6c990a0674242b51d542c5dec2b8e7a734d055df9f1b89099e7203f9b36	byte-identical
evaluation workspace (commit dc6ebc1)	data/veriqbench/combinational/qft/qft_94.qasm	data/veriqbench/combinational/qft/qft_94.qasm	7e0bc003a3e6facc160950d544cac4d183009ba7d26c23c7fbf75898dbb8da4a	7e0bc003a3e6facc160950d544cac4d183009ba7d26c23c7fbf75898dbb8da4a	byte-identical
evaluation workspace (commit dc6ebc1)	data/veriqbench/combinational/qft/qft_95.qasm	data/veriqbench/combinational/qft/qft_95.qasm	34563dc128f8ca37d4ce84911bf229b6a0123b24cee84695037b36d26a175186	34563dc128f8ca37d4ce84911bf229b6a0123b24cee84695037b36d26a175186	byte-identical
evaluation workspace (commit dc6ebc1)	data/veriqbench/combinational/qft/qft_96.qasm	data/veriqbench/combinational/qft/qft_96.qasm	eef713f70d0ea3d372d559c80d60b2353292777f028120a35994b0a8628e6dee	eef713f70d0ea3d372d559c80d60b2353292777f028120a35994b0a8628e6dee	byte-identical
evaluation workspace (commit dc6ebc1)	data/veriqbench/combinational/qft/qft_97.qasm	data/veriqbench/combinational/qft/qft_97.qasm	122d71739f47e34f31d295c69a1cca28e741fd03394febbf63ce1f1a67bb5691	122d71739f47e34f31d295c69a1cca28e741fd03394febbf63ce1f1a67bb5691	byte-identical
evaluation workspace (commit dc6ebc1)	data/veriqbench/combinational/qft/qft_98.qasm	data/veriqbench/combinational/qft/qft_98.qasm	b1cf154e82e528463f9cb6bdf006d0db5fb1e1b5f8e1a7ad9b56e3186b9824a1	b1cf154e82e528463f9cb6bdf006d0db5fb1e1b5f8e1a7ad9b56e3186b9824a1	byte-identical
evaluation workspace (commit dc6ebc1)	data/veriqbench/combinational/qft/qft_99.qasm	data/veriqbench/combinational/qft/qft_99.qasm	c452486173e93a727a335cfcb55880c528704a4cc0b76af52b6d3b0c2caeb242	c452486173e93a727a335cfcb55880c528704a4cc0b76af52b6d3b0c2caeb242	byte-identical
evaluation workspace (commit dc6ebc1)	data/veriqbench/combinational/qubit_mapping/Aspen-4/16QBT_16CYC_32GN_1.0P2_0.qasm	data/veriqbench/combinational/qubit_mapping/Aspen-4/16QBT_16CYC_32GN_1.0P2_0.qasm	a10bc0b757a7eedafd489049ae06037993e84fa81f33d3462d6e4d64d89c27ae	a10bc0b757a7eedafd489049ae06037993e84fa81f33d3462d6e4d64d89c27ae	byte-identical
evaluation workspace (commit dc6ebc1)	data/veriqbench/combinational/qubit_mapping/Aspen-4/16QBT_32CYC_64GN_1.0P2_0.qasm	data/veriqbench/combinational/qubit_mapping/Aspen-4/16QBT_32CYC_64GN_1.0P2_0.qasm	68ff4f929870affd982313cab3b464430d543e62227ca6d01629e0b7edd76ae9	68ff4f929870affd982313cab3b464430d543e62227ca6d01629e0b7edd76ae9	byte-identical
evaluation workspace (commit dc6ebc1)	data/veriqbench/combinational/qubit_mapping/Aspen-4/16QBT_4CYC_8GN_1.0P2_0.qasm	data/veriqbench/combinational/qubit_mapping/Aspen-4/16QBT_4CYC_8GN_1.0P2_0.qasm	78d91ed7cf76627d0635f207c58c8c17065041abd54d8f04f7549e20714f1916	78d91ed7cf76627d0635f207c58c8c17065041abd54d8f04f7549e20714f1916	byte-identical
evaluation workspace (commit dc6ebc1)	data/veriqbench/combinational/qubit_mapping/Aspen-4/16QBT_64CYC_128GN_1.0P2_0.qasm	data/veriqbench/combinational/qubit_mapping/Aspen-4/16QBT_64CYC_128GN_1.0P2_0.qasm	909a351ce58a299d8c368ecff4ea511f17f85c7f61b357340e3665e34d314940	909a351ce58a299d8c368ecff4ea511f17f85c7f61b357340e3665e34d314940	byte-identical
evaluation workspace (commit dc6ebc1)	data/veriqbench/combinational/qubit_mapping/Aspen-4/16QBT_8CYC_16GN_1.0P2_0.qasm	data/veriqbench/combinational/qubit_mapping/Aspen-4/16QBT_8CYC_16GN_1.0P2_0.qasm	8ebbeed28a0616e75bb52662a138ae3c060ef2c67c44a885d642493c1eff0ff9	8ebbeed28a0616e75bb52662a138ae3c060ef2c67c44a885d642493c1eff0ff9	byte-identical
evaluation workspace (commit dc6ebc1)	data/veriqbench/combinational/qubit_mapping/Ourense/5QBT_16CYC_16GN_1.0P2_0.qasm	data/veriqbench/combinational/qubit_mapping/Ourense/5QBT_16CYC_16GN_1.0P2_0.qasm	3f5430e42e7427aaf2ffd2deb81d687e21329848032028d7cf245dbdfbd67bc2	3f5430e42e7427aaf2ffd2deb81d687e21329848032028d7cf245dbdfbd67bc2	byte-identical
evaluation workspace (commit dc6ebc1)	data/veriqbench/combinational/qubit_mapping/Ourense/5QBT_32CYC_32GN_1.0P2_0.qasm	data/veriqbench/combinational/qubit_mapping/Ourense/5QBT_32CYC_32GN_1.0P2_0.qasm	5bce743d80c5da5baa8b0af14777e4bd80fbbca0f4c039d9d2cb9ac9a2559a0a	5bce743d80c5da5baa8b0af14777e4bd80fbbca0f4c039d9d2cb9ac9a2559a0a	byte-identical
evaluation workspace (commit dc6ebc1)	data/veriqbench/combinational/qubit_mapping/Ourense/5QBT_4CYC_4GN_1.0P2_0.qasm	data/veriqbench/combinational/qubit_mapping/Ourense/5QBT_4CYC_4GN_1.0P2_0.qasm	d49832581b08fd026f6aafb37fa0bf65943e0458dae4269e7c8fb8c962205e0d	d49832581b08fd026f6aafb37fa0bf65943e0458dae4269e7c8fb8c962205e0d	byte-identical
evaluation workspace (commit dc6ebc1)	data/veriqbench/combinational/qubit_mapping/Ourense/5QBT_64CYC_64GN_1.0P2_0.qasm	data/veriqbench/combinational/qubit_mapping/Ourense/5QBT_64CYC_64GN_1.0P2_0.qasm	e173602f1bb580205a0116facc1b07605250895020e38ee1c722283090df1009	e173602f1bb580205a0116facc1b07605250895020e38ee1c722283090df1009	byte-identical
evaluation workspace (commit dc6ebc1)	data/veriqbench/combinational/qubit_mapping/Ourense/5QBT_8CYC_8GN_1.0P2_0.qasm	data/veriqbench/combinational/qubit_mapping/Ourense/5QBT_8CYC_8GN_1.0P2_0.qasm	5b01b494d2438cf481f81d3ef955f8bb625ff935031e9306e914fe126f32b83d	5b01b494d2438cf481f81d3ef955f8bb625ff935031e9306e914fe126f32b83d	byte-identical
evaluation workspace (commit dc6ebc1)	data/veriqbench/combinational/qubit_mapping/Rochester/53QBT_16CYC_32GN_1.0P2_0.qasm	data/veriqbench/combinational/qubit_mapping/Rochester/53QBT_16CYC_32GN_1.0P2_0.qasm	a1be055d747fa0669b4b852710dd8b6b331b8209a7abf5c5521252052a9563ff	a1be055d747fa0669b4b852710dd8b6b331b8209a7abf5c5521252052a9563ff	byte-identical
evaluation workspace (commit dc6ebc1)	data/veriqbench/combinational/qubit_mapping/Rochester/53QBT_32CYC_64GN_1.0P2_0.qasm	data/veriqbench/combinational/qubit_mapping/Rochester/53QBT_32CYC_64GN_1.0P2_0.qasm	ae0fc1682d42ed1319e6730deab4a62dda62e136a61a445211164cdc3fbdfa0f	ae0fc1682d42ed1319e6730deab4a62dda62e136a61a445211164cdc3fbdfa0f	byte-identical
evaluation workspace (commit dc6ebc1)	data/veriqbench/combinational/qubit_mapping/Rochester/53QBT_4CYC_8GN_1.0P2_0.qasm	data/veriqbench/combinational/qubit_mapping/Rochester/53QBT_4CYC_8GN_1.0P2_0.qasm	7d2f63fd4b551b6167d73c1c5b289faa4f82176b7007ed1ac1fd79b8eb5089d2	7d2f63fd4b551b6167d73c1c5b289faa4f82176b7007ed1ac1fd79b8eb5089d2	byte-identical
evaluation workspace (commit dc6ebc1)	data/veriqbench/combinational/qubit_mapping/Rochester/53QBT_64CYC_128GN_1.0P2_0.qasm	data/veriqbench/combinational/qubit_mapping/Rochester/53QBT_64CYC_128GN_1.0P2_0.qasm	c5ef2867aac13e11c5e5df2c70b8027e7ae9718c871fa1e86128f9add3b13efd	c5ef2867aac13e11c5e5df2c70b8027e7ae9718c871fa1e86128f9add3b13efd	byte-identical
evaluation workspace (commit dc6ebc1)	data/veriqbench/combinational/qubit_mapping/Rochester/53QBT_8CYC_16GN_1.0P2_0.qasm	data/veriqbench/combinational/qubit_mapping/Rochester/53QBT_8CYC_16GN_1.0P2_0.qasm	a083d9fce70306b94ebffc7b2a985ce8c739514ca1e68cb3c877152b86c04149	a083d9fce70306b94ebffc7b2a985ce8c739514ca1e68cb3c877152b86c04149	byte-identical
evaluation workspace (commit dc6ebc1)	data/veriqbench/combinational/qubit_mapping/Sycamore/54QBT_16CYC_32GN_1.0P2_0.qasm	data/veriqbench/combinational/qubit_mapping/Sycamore/54QBT_16CYC_32GN_1.0P2_0.qasm	7599138bc5fa38e711919892d2d5f72abfb4856740f67655e05cceb1dfa97bbc	7599138bc5fa38e711919892d2d5f72abfb4856740f67655e05cceb1dfa97bbc	byte-identical
evaluation workspace (commit dc6ebc1)	data/veriqbench/combinational/qubit_mapping/Sycamore/54QBT_32CYC_64GN_1.0P2_0.qasm	data/veriqbench/combinational/qubit_mapping/Sycamore/54QBT_32CYC_64GN_1.0P2_0.qasm	59a7f1ca618bf7536aa1e1b2e5fc8451db16df3e5277ae3efeccf15e8da2fd94	59a7f1ca618bf7536aa1e1b2e5fc8451db16df3e5277ae3efeccf15e8da2fd94	byte-identical
evaluation workspace (commit dc6ebc1)	data/veriqbench/combinational/qubit_mapping/Sycamore/54QBT_4CYC_8GN_1.0P2_0.qasm	data/veriqbench/combinational/qubit_mapping/Sycamore/54QBT_4CYC_8GN_1.0P2_0.qasm	a84ed818e8d24b577b28f07261ce118bdd0f365cb02ea6853051665e11e023e5	a84ed818e8d24b577b28f07261ce118bdd0f365cb02ea6853051665e11e023e5	byte-identical
evaluation workspace (commit dc6ebc1)	data/veriqbench/combinational/qubit_mapping/Sycamore/54QBT_64CYC_128GN_1.0P2_0.qasm	data/veriqbench/combinational/qubit_mapping/Sycamore/54QBT_64CYC_128GN_1.0P2_0.qasm	f310e075c8212c193ad772b450b648529e913dd5d92b241e98dc1d98d5f80bdc	f310e075c8212c193ad772b450b648529e913dd5d92b241e98dc1d98d5f80bdc	byte-identical
evaluation workspace (commit dc6ebc1)	data/veriqbench/combinational/qubit_mapping/Sycamore/54QBT_8CYC_16GN_1.0P2_0.qasm	data/veriqbench/combinational/qubit_mapping/Sycamore/54QBT_8CYC_16GN_1.0P2_0.qasm	1053a56203dbdc0f123a01ac5abd845c2eec5d027ed88d653b9c5241b18256fe	1053a56203dbdc0f123a01ac5abd845c2eec5d027ed88d653b9c5241b18256fe	byte-identical
evaluation workspace (commit dc6ebc1)	data/veriqbench/combinational/qubit_mapping/Tokyo/20QBT_16CYC_32GN_1.0P2_0.qasm	data/veriqbench/combinational/qubit_mapping/Tokyo/20QBT_16CYC_32GN_1.0P2_0.qasm	a818867739b41d78496bd859cedf215452e774e83d02afb4261b36125fa6c908	a818867739b41d78496bd859cedf215452e774e83d02afb4261b36125fa6c908	byte-identical
evaluation workspace (commit dc6ebc1)	data/veriqbench/combinational/qubit_mapping/Tokyo/20QBT_32CYC_64GN_1.0P2_0.qasm	data/veriqbench/combinational/qubit_mapping/Tokyo/20QBT_32CYC_64GN_1.0P2_0.qasm	c367d4766448edc08e0af3d2940ec95e0858d236a3f8e3aec02388cf582ae168	c367d4766448edc08e0af3d2940ec95e0858d236a3f8e3aec02388cf582ae168	byte-identical
evaluation workspace (commit dc6ebc1)	data/veriqbench/combinational/qubit_mapping/Tokyo/20QBT_4CYC_8GN_1.0P2_0.qasm	data/veriqbench/combinational/qubit_mapping/Tokyo/20QBT_4CYC_8GN_1.0P2_0.qasm	9cffa3addee84fc2fa5bef6be50991c54deed2c45e2a76bae45789d4c38b81f9	9cffa3addee84fc2fa5bef6be50991c54deed2c45e2a76bae45789d4c38b81f9	byte-identical
evaluation workspace (commit dc6ebc1)	data/veriqbench/combinational/qubit_mapping/Tokyo/20QBT_64CYC_128GN_1.0P2_0.qasm	data/veriqbench/combinational/qubit_mapping/Tokyo/20QBT_64CYC_128GN_1.0P2_0.qasm	cdb7b06510c368a31681fa5df732f4329091e76d20d6168a995eb342f04fdf9d	cdb7b06510c368a31681fa5df732f4329091e76d20d6168a995eb342f04fdf9d	byte-identical
evaluation workspace (commit dc6ebc1)	data/veriqbench/combinational/qubit_mapping/Tokyo/20QBT_8CYC_16GN_1.0P2_0.qasm	data/veriqbench/combinational/qubit_mapping/Tokyo/20QBT_8CYC_16GN_1.0P2_0.qasm	c89018c96958b8fed464ffc2969ef83fd364447da2227c571babd35bda3ddde0	c89018c96958b8fed464ffc2969ef83fd364447da2227c571babd35bda3ddde0	byte-identical
evaluation workspace (commit dc6ebc1)	data/veriqbench/combinational/qv/quantum_volume_n10_d10_i0.qasm	data/veriqbench/combinational/qv/quantum_volume_n10_d10_i0.qasm	432cb422b580b73f3f05aaab09559f646bb5664f37cba75ec91dee3633f3b35e	432cb422b580b73f3f05aaab09559f646bb5664f37cba75ec91dee3633f3b35e	byte-identical
evaluation workspace (commit dc6ebc1)	data/veriqbench/combinational/qv/quantum_volume_n10_d15_i0.qasm	data/veriqbench/combinational/qv/quantum_volume_n10_d15_i0.qasm	5c717fd8577e93130954c4a6484d4d0525bba5a294d234e82b35f2527434cca5	5c717fd8577e93130954c4a6484d4d0525bba5a294d234e82b35f2527434cca5	byte-identical
evaluation workspace (commit dc6ebc1)	data/veriqbench/combinational/qv/quantum_volume_n10_d20_i0.qasm	data/veriqbench/combinational/qv/quantum_volume_n10_d20_i0.qasm	4a16f6e4beb787098c5a5c435103c2ae66452063936f4f98fde6a0d6ea26c9be	4a16f6e4beb787098c5a5c435103c2ae66452063936f4f98fde6a0d6ea26c9be	byte-identical
evaluation workspace (commit dc6ebc1)	data/veriqbench/combinational/qv/quantum_volume_n10_d5_i0.qasm	data/veriqbench/combinational/qv/quantum_volume_n10_d5_i0.qasm	35c51184f5d31e5fc2ed6faa0924b3f845ffd77b978c27989698e4aabc85ffbd	35c51184f5d31e5fc2ed6faa0924b3f845ffd77b978c27989698e4aabc85ffbd	byte-identical
evaluation workspace (commit dc6ebc1)	data/veriqbench/combinational/qv/quantum_volume_n11_d5_i0.qasm	data/veriqbench/combinational/qv/quantum_volume_n11_d5_i0.qasm	0b99f23ecf51f28210d9478516c1f63d9aa4e11dd4464859213411a2728996a8	0b99f23ecf51f28210d9478516c1f63d9aa4e11dd4464859213411a2728996a8	byte-identical
evaluation workspace (commit dc6ebc1)	data/veriqbench/combinational/qv/quantum_volume_n12_d5_i0.qasm	data/veriqbench/combinational/qv/quantum_volume_n12_d5_i0.qasm	9c85e22710c54fd11212312d05430dbfcf772b6cc191ac987743cb5485a3f454	9c85e22710c54fd11212312d05430dbfcf772b6cc191ac987743cb5485a3f454	byte-identical
evaluation workspace (commit dc6ebc1)	data/veriqbench/combinational/qv/quantum_volume_n13_d5_i0.qasm	data/veriqbench/combinational/qv/quantum_volume_n13_d5_i0.qasm	2197890a6ac7a16088e24941894100f8f14f9787e92b1f5351fa9be9bd80a1a6	2197890a6ac7a16088e24941894100f8f14f9787e92b1f5351fa9be9bd80a1a6	byte-identical
evaluation workspace (commit dc6ebc1)	data/veriqbench/combinational/qv/quantum_volume_n14_d5_i0.qasm	data/veriqbench/combinational/qv/quantum_volume_n14_d5_i0.qasm	efd5bcfd2d29cccf5f7f229e5a94ca573594abb09431d84d432388675ca56260	efd5bcfd2d29cccf5f7f229e5a94ca573594abb09431d84d432388675ca56260	byte-identical
evaluation workspace (commit dc6ebc1)	data/veriqbench/combinational/qv/quantum_volume_n15_d5_i0.qasm	data/veriqbench/combinational/qv/quantum_volume_n15_d5_i0.qasm	30f11dfb15bbe96a19402d1d10eeb30cce2529fcf4d76f03534f6969e219615e	30f11dfb15bbe96a19402d1d10eeb30cce2529fcf4d76f03534f6969e219615e	byte-identical
evaluation workspace (commit dc6ebc1)	data/veriqbench/combinational/qv/quantum_volume_n16_d5_i0.qasm	data/veriqbench/combinational/qv/quantum_volume_n16_d5_i0.qasm	0d48acb0a2cb40d79ccc8585c00f9eab7c09da9ae267f6ee0d1dedd33d10072a	0d48acb0a2cb40d79ccc8585c00f9eab7c09da9ae267f6ee0d1dedd33d10072a	byte-identical
evaluation workspace (commit dc6ebc1)	data/veriqbench/combinational/qv/quantum_volume_n20_d20_i0.qasm	data/veriqbench/combinational/qv/quantum_volume_n20_d20_i0.qasm	35446be94f506751d27170770b3688c2b26495e39d379afbcf30f6cff7d7a977	35446be94f506751d27170770b3688c2b26495e39d379afbcf30f6cff7d7a977	byte-identical
evaluation workspace (commit dc6ebc1)	data/veriqbench/combinational/qv/quantum_volume_n2_d5_i0.qasm	data/veriqbench/combinational/qv/quantum_volume_n2_d5_i0.qasm	f15730ab684b063f8a9120ab4fc504b9422ef14171a0a716155a65f5564f1329	f15730ab684b063f8a9120ab4fc504b9422ef14171a0a716155a65f5564f1329	byte-identical
evaluation workspace (commit dc6ebc1)	data/veriqbench/combinational/qv/quantum_volume_n30_d20_i0.qasm	data/veriqbench/combinational/qv/quantum_volume_n30_d20_i0.qasm	582c218e88ed448c0cc8d19d0070b423ef4812b46ca8595284adfcfe717a0305	582c218e88ed448c0cc8d19d0070b423ef4812b46ca8595284adfcfe717a0305	byte-identical
evaluation workspace (commit dc6ebc1)	data/veriqbench/combinational/qv/quantum_volume_n3_d5_i0.qasm	data/veriqbench/combinational/qv/quantum_volume_n3_d5_i0.qasm	3c5b2081fcf7d27226949f9830153b4688c9149635f115fc22c08c684b85f9a3	3c5b2081fcf7d27226949f9830153b4688c9149635f115fc22c08c684b85f9a3	byte-identical
evaluation workspace (commit dc6ebc1)	data/veriqbench/combinational/qv/quantum_volume_n40_d20_i0.qasm	data/veriqbench/combinational/qv/quantum_volume_n40_d20_i0.qasm	bcc9faaaa845cf455421580fa94d3f04d71ef0cae6786e974f44b1e8f4542006	bcc9faaaa845cf455421580fa94d3f04d71ef0cae6786e974f44b1e8f4542006	byte-identical
evaluation workspace (commit dc6ebc1)	data/veriqbench/combinational/qv/quantum_volume_n4_d5_i0.qasm	data/veriqbench/combinational/qv/quantum_volume_n4_d5_i0.qasm	1c6b71e6125af8357a825e1dd74f13e5a30448a4d3922f3566f20aaa7cf6c0e1	1c6b71e6125af8357a825e1dd74f13e5a30448a4d3922f3566f20aaa7cf6c0e1	byte-identical
evaluation workspace (commit dc6ebc1)	data/veriqbench/combinational/qv/quantum_volume_n5_d2_i0.qasm	data/veriqbench/combinational/qv/quantum_volume_n5_d2_i0.qasm	a07ffb18d06ecbeeb6711b24a62e83e3ee612a1cc262fd56b2941e88686fd3ea	a07ffb18d06ecbeeb6711b24a62e83e3ee612a1cc262fd56b2941e88686fd3ea	byte-identical
evaluation workspace (commit dc6ebc1)	data/veriqbench/combinational/qv/quantum_volume_n5_d3_i0.qasm	data/veriqbench/combinational/qv/quantum_volume_n5_d3_i0.qasm	7531cd2877886b5d8077fb84bf9033c8158d480fb00aa5399dcf6bca573174d4	7531cd2877886b5d8077fb84bf9033c8158d480fb00aa5399dcf6bca573174d4	byte-identical
evaluation workspace (commit dc6ebc1)	data/veriqbench/combinational/qv/quantum_volume_n5_d4_i0.qasm	data/veriqbench/combinational/qv/quantum_volume_n5_d4_i0.qasm	8b27da70b0010bf86c9a6ed8254bd5de12518e3b9a7371571d260106b074b57b	8b27da70b0010bf86c9a6ed8254bd5de12518e3b9a7371571d260106b074b57b	byte-identical
evaluation workspace (commit dc6ebc1)	data/veriqbench/combinational/qv/quantum_volume_n5_d5_i0.qasm	data/veriqbench/combinational/qv/quantum_volume_n5_d5_i0.qasm	b17d038b8a975453a1a7420e364bba708f51237ef84b1d5339b80e14e7a88d95	b17d038b8a975453a1a7420e364bba708f51237ef84b1d5339b80e14e7a88d95	byte-identical
evaluation workspace (commit dc6ebc1)	data/veriqbench/combinational/qv/quantum_volume_n6_d5_i0.qasm	data/veriqbench/combinational/qv/quantum_volume_n6_d5_i0.qasm	8b42bd74ce56238c50826464e5b138d437a913d73e1053389a8b75da94caabae	8b42bd74ce56238c50826464e5b138d437a913d73e1053389a8b75da94caabae	byte-identical
evaluation workspace (commit dc6ebc1)	data/veriqbench/combinational/qv/quantum_volume_n7_d5_i0.qasm	data/veriqbench/combinational/qv/quantum_volume_n7_d5_i0.qasm	55d2fd7f52648f49ef80d7c8f62d33e99ea3b5f00a71d87b5f97b6d754fd9f42	55d2fd7f52648f49ef80d7c8f62d33e99ea3b5f00a71d87b5f97b6d754fd9f42	byte-identical
evaluation workspace (commit dc6ebc1)	data/veriqbench/combinational/qv/quantum_volume_n8_d5_i0.qasm	data/veriqbench/combinational/qv/quantum_volume_n8_d5_i0.qasm	f6bb169a4863a5f2a817da125465d09f0cecd4c7f8c98415d92b742767cab196	f6bb169a4863a5f2a817da125465d09f0cecd4c7f8c98415d92b742767cab196	byte-identical
evaluation workspace (commit dc6ebc1)	data/veriqbench/combinational/qv/quantum_volume_n9_d5_i0.qasm	data/veriqbench/combinational/qv/quantum_volume_n9_d5_i0.qasm	4bfe0bb170687533f77f26fffae1e75e7f6ed441733f72418041f12d14d43f7a	4bfe0bb170687533f77f26fffae1e75e7f6ed441733f72418041f12d14d43f7a	byte-identical
evaluation workspace (commit dc6ebc1)	data/veriqbench/combinational/rand_cliff/rand_cliff_10_AG.qasm	data/veriqbench/combinational/rand_cliff/rand_cliff_10_AG.qasm	adf05f592fa4f95d103941fefe43d3237a64def6b92031ee34ba4b672c82fde3	adf05f592fa4f95d103941fefe43d3237a64def6b92031ee34ba4b672c82fde3	byte-identical
evaluation workspace (commit dc6ebc1)	data/veriqbench/combinational/rand_cliff/rand_cliff_10_GD.qasm	data/veriqbench/combinational/rand_cliff/rand_cliff_10_GD.qasm	b181bf4c7e57fe48c0966fc229ad8314b95259747ea620de1c940fb169c4fa04	b181bf4c7e57fe48c0966fc229ad8314b95259747ea620de1c940fb169c4fa04	byte-identical
evaluation workspace (commit dc6ebc1)	data/veriqbench/combinational/rand_cliff/rand_cliff_11_AG.qasm	data/veriqbench/combinational/rand_cliff/rand_cliff_11_AG.qasm	48daed6fd0340db6097d919bc7dd2c8f16a9d1e9e3c12e3bc0445099fa7e5d7a	48daed6fd0340db6097d919bc7dd2c8f16a9d1e9e3c12e3bc0445099fa7e5d7a	byte-identical
evaluation workspace (commit dc6ebc1)	data/veriqbench/combinational/rand_cliff/rand_cliff_11_GD.qasm	data/veriqbench/combinational/rand_cliff/rand_cliff_11_GD.qasm	86a796780610b6a5e7783721e87aae783af0df34e1cf63ac7b66eeefa59021b7	86a796780610b6a5e7783721e87aae783af0df34e1cf63ac7b66eeefa59021b7	byte-identical
evaluation workspace (commit dc6ebc1)	data/veriqbench/combinational/rand_cliff/rand_cliff_12_AG.qasm	data/veriqbench/combinational/rand_cliff/rand_cliff_12_AG.qasm	a9dcb18a094dd34e8b7e5db4f94b6f5b95704d4110c8864dee408ee712649d2c	a9dcb18a094dd34e8b7e5db4f94b6f5b95704d4110c8864dee408ee712649d2c	byte-identical
evaluation workspace (commit dc6ebc1)	data/veriqbench/combinational/rand_cliff/rand_cliff_12_GD.qasm	data/veriqbench/combinational/rand_cliff/rand_cliff_12_GD.qasm	d7ac1f347dcc08942fd3712eb8c6b3c898c942e10bff17ba7e6557f8c1c15b67	d7ac1f347dcc08942fd3712eb8c6b3c898c942e10bff17ba7e6557f8c1c15b67	byte-identical
evaluation workspace (commit dc6ebc1)	data/veriqbench/combinational/rand_cliff/rand_cliff_13_AG.qasm	data/veriqbench/combinational/rand_cliff/rand_cliff_13_AG.qasm	72467c6244ff39cd2c5b92960eb19b5bb8fd8147088adc26a3cf8cfa4e54a90a	72467c6244ff39cd2c5b92960eb19b5bb8fd8147088adc26a3cf8cfa4e54a90a	byte-identical
evaluation workspace (commit dc6ebc1)	data/veriqbench/combinational/rand_cliff/rand_cliff_13_GD.qasm	data/veriqbench/combinational/rand_cliff/rand_cliff_13_GD.qasm	c0b2a899a96fea1a8442fc0c7c56e0dd9c92a7587b0b2825e6e2b0bedad1c79f	c0b2a899a96fea1a8442fc0c7c56e0dd9c92a7587b0b2825e6e2b0bedad1c79f	byte-identical
evaluation workspace (commit dc6ebc1)	data/veriqbench/combinational/rand_cliff/rand_cliff_14_AG.qasm	data/veriqbench/combinational/rand_cliff/rand_cliff_14_AG.qasm	50b954f31dee86447ccead0e5674551426ca080f36c8405e3d1258b1705df23b	50b954f31dee86447ccead0e5674551426ca080f36c8405e3d1258b1705df23b	byte-identical
evaluation workspace (commit dc6ebc1)	data/veriqbench/combinational/rand_cliff/rand_cliff_14_GD.qasm	data/veriqbench/combinational/rand_cliff/rand_cliff_14_GD.qasm	e58d99c531aa95c9ea97235dd9cc5cd6a09910ac2cdb9b2762682fdab757d823	e58d99c531aa95c9ea97235dd9cc5cd6a09910ac2cdb9b2762682fdab757d823	byte-identical
evaluation workspace (commit dc6ebc1)	data/veriqbench/combinational/rand_cliff/rand_cliff_15_AG.qasm	data/veriqbench/combinational/rand_cliff/rand_cliff_15_AG.qasm	318d8d9db3567775a403e4d85a7a3241d3af6157a6864f64f60dc54940a2b8d8	318d8d9db3567775a403e4d85a7a3241d3af6157a6864f64f60dc54940a2b8d8	byte-identical
evaluation workspace (commit dc6ebc1)	data/veriqbench/combinational/rand_cliff/rand_cliff_15_GD.qasm	data/veriqbench/combinational/rand_cliff/rand_cliff_15_GD.qasm	647bbf1a4b6c8b2f56594b0a485a8c6c5d2ea1fab3ce835a786c4f3d4d457bf4	647bbf1a4b6c8b2f56594b0a485a8c6c5d2ea1fab3ce835a786c4f3d4d457bf4	byte-identical
evaluation workspace (commit dc6ebc1)	data/veriqbench/combinational/rand_cliff/rand_cliff_16_AG.qasm	data/veriqbench/combinational/rand_cliff/rand_cliff_16_AG.qasm	eb88812faf406df3dbe9f6aec7f50b7c43da0d100452a67930d78ee839edfbae	eb88812faf406df3dbe9f6aec7f50b7c43da0d100452a67930d78ee839edfbae	byte-identical
evaluation workspace (commit dc6ebc1)	data/veriqbench/combinational/rand_cliff/rand_cliff_16_GD.qasm	data/veriqbench/combinational/rand_cliff/rand_cliff_16_GD.qasm	f6fc1e27160e06898d4a9c96ce059047d805f23e9c06dc66f11688caba320f44	f6fc1e27160e06898d4a9c96ce059047d805f23e9c06dc66f11688caba320f44	byte-identical
evaluation workspace (commit dc6ebc1)	data/veriqbench/combinational/rand_cliff/rand_cliff_17_AG.qasm	data/veriqbench/combinational/rand_cliff/rand_cliff_17_AG.qasm	de5829265525ca11b8c007c92d0bc5e4d2ea496688ca66cda6117dede3779d21	de5829265525ca11b8c007c92d0bc5e4d2ea496688ca66cda6117dede3779d21	byte-identical
evaluation workspace (commit dc6ebc1)	data/veriqbench/combinational/rand_cliff/rand_cliff_17_GD.qasm	data/veriqbench/combinational/rand_cliff/rand_cliff_17_GD.qasm	8d8a4c6cabb18c9fc521bf46c792538d9c7438a37130054b4cb68355d89d57ae	8d8a4c6cabb18c9fc521bf46c792538d9c7438a37130054b4cb68355d89d57ae	byte-identical
evaluation workspace (commit dc6ebc1)	data/veriqbench/combinational/rand_cliff/rand_cliff_18_AG.qasm	data/veriqbench/combinational/rand_cliff/rand_cliff_18_AG.qasm	4afe16793ebbc0742df17b22a5007dc095d9055f73e24bc5fedf76658a736733	4afe16793ebbc0742df17b22a5007dc095d9055f73e24bc5fedf76658a736733	byte-identical
evaluation workspace (commit dc6ebc1)	data/veriqbench/combinational/rand_cliff/rand_cliff_18_GD.qasm	data/veriqbench/combinational/rand_cliff/rand_cliff_18_GD.qasm	2ae09ea32b67634c51d34a45544bc8d7436c127bf68de5fc8adc597990fb428a	2ae09ea32b67634c51d34a45544bc8d7436c127bf68de5fc8adc597990fb428a	byte-identical
evaluation workspace (commit dc6ebc1)	data/veriqbench/combinational/rand_cliff/rand_cliff_19_AG.qasm	data/veriqbench/combinational/rand_cliff/rand_cliff_19_AG.qasm	74993ad0c9a479a9ce9dcf96c5b53cdff7dee4aa59f173f71607bcbd948692d9	74993ad0c9a479a9ce9dcf96c5b53cdff7dee4aa59f173f71607bcbd948692d9	byte-identical
evaluation workspace (commit dc6ebc1)	data/veriqbench/combinational/rand_cliff/rand_cliff_19_GD.qasm	data/veriqbench/combinational/rand_cliff/rand_cliff_19_GD.qasm	155b8d5b992ca4ff9e15745d5c08a5970125c5cae8466d7bfe525951135060c7	155b8d5b992ca4ff9e15745d5c08a5970125c5cae8466d7bfe525951135060c7	byte-identical
evaluation workspace (commit dc6ebc1)	data/veriqbench/combinational/rand_cliff/rand_cliff_1_AG.qasm	data/veriqbench/combinational/rand_cliff/rand_cliff_1_AG.qasm	d03b8aa69d109a46775374c9ec55e1ffb36ca2ebf74f8dc822c640b170ebb0de	d03b8aa69d109a46775374c9ec55e1ffb36ca2ebf74f8dc822c640b170ebb0de	byte-identical
evaluation workspace (commit dc6ebc1)	data/veriqbench/combinational/rand_cliff/rand_cliff_1_GD.qasm	data/veriqbench/combinational/rand_cliff/rand_cliff_1_GD.qasm	d07098a8130c5b75d3eb872db626a754e8ccc73d778b8fed05a3a565ee33283b	d07098a8130c5b75d3eb872db626a754e8ccc73d778b8fed05a3a565ee33283b	byte-identical
evaluation workspace (commit dc6ebc1)	data/veriqbench/combinational/rand_cliff/rand_cliff_2_AG.qasm	data/veriqbench/combinational/rand_cliff/rand_cliff_2_AG.qasm	15fce4b32c2ddd12deec3826fa4eed8acbf4d769ce3d26488a336a6c52d24752	15fce4b32c2ddd12deec3826fa4eed8acbf4d769ce3d26488a336a6c52d24752	byte-identical
evaluation workspace (commit dc6ebc1)	data/veriqbench/combinational/rand_cliff/rand_cliff_2_GD.qasm	data/veriqbench/combinational/rand_cliff/rand_cliff_2_GD.qasm	a2699363fac1eb577e83b6f953efd1d30820641e617f59779f24e79c039e7fca	a2699363fac1eb577e83b6f953efd1d30820641e617f59779f24e79c039e7fca	byte-identical
evaluation workspace (commit dc6ebc1)	data/veriqbench/combinational/rand_cliff/rand_cliff_3_AG.qasm	data/veriqbench/combinational/rand_cliff/rand_cliff_3_AG.qasm	04510c96771fd43e6c2ce41f82d4980aced3d895f8d324da42720069d41056b2	04510c96771fd43e6c2ce41f82d4980aced3d895f8d324da42720069d41056b2	byte-identical
evaluation workspace (commit dc6ebc1)	data/veriqbench/combinational/rand_cliff/rand_cliff_3_GD.qasm	data/veriqbench/combinational/rand_cliff/rand_cliff_3_GD.qasm	90c5cb09437f7b5ef8146124e0bd758217c1294601a30723d927cb72b4b14e26	90c5cb09437f7b5ef8146124e0bd758217c1294601a30723d927cb72b4b14e26	byte-identical
evaluation workspace (commit dc6ebc1)	data/veriqbench/combinational/rand_cliff/rand_cliff_4_AG.qasm	data/veriqbench/combinational/rand_cliff/rand_cliff_4_AG.qasm	8add78e5871c0f14be36769fd4e315dcd71f3fe877ba38e88eec0819a451cd1c	8add78e5871c0f14be36769fd4e315dcd71f3fe877ba38e88eec0819a451cd1c	byte-identical
evaluation workspace (commit dc6ebc1)	data/veriqbench/combinational/rand_cliff/rand_cliff_4_GD.qasm	data/veriqbench/combinational/rand_cliff/rand_cliff_4_GD.qasm	82614d9fee92bbf420085ca648b2b1274b61ecaf6aa949051dfea62112942db5	82614d9fee92bbf420085ca648b2b1274b61ecaf6aa949051dfea62112942db5	byte-identical
evaluation workspace (commit dc6ebc1)	data/veriqbench/combinational/rand_cliff/rand_cliff_5_AG.qasm	data/veriqbench/combinational/rand_cliff/rand_cliff_5_AG.qasm	17ae1f5163512eef40e73a08ab63f613abd8174168a828428728bb664cd6d787	17ae1f5163512eef40e73a08ab63f613abd8174168a828428728bb664cd6d787	byte-identical
evaluation workspace (commit dc6ebc1)	data/veriqbench/combinational/rand_cliff/rand_cliff_5_GD.qasm	data/veriqbench/combinational/rand_cliff/rand_cliff_5_GD.qasm	df7346e88a09a62beac4fd4d5393a06a7b403728048ac1a089a23660c57eda53	df7346e88a09a62beac4fd4d5393a06a7b403728048ac1a089a23660c57eda53	byte-identical
evaluation workspace (commit dc6ebc1)	data/veriqbench/combinational/rand_cliff/rand_cliff_6_AG.qasm	data/veriqbench/combinational/rand_cliff/rand_cliff_6_AG.qasm	6bcd7660d517c99d8e1f13f74b11b40b4ed74ee76c3d2509b427034fd54a0a59	6bcd7660d517c99d8e1f13f74b11b40b4ed74ee76c3d2509b427034fd54a0a59	byte-identical
evaluation workspace (commit dc6ebc1)	data/veriqbench/combinational/rand_cliff/rand_cliff_6_GD.qasm	data/veriqbench/combinational/rand_cliff/rand_cliff_6_GD.qasm	6bf2ba9921b0fef3423bf2483f8a89c35f04a98efe235ada810f16e02b469303	6bf2ba9921b0fef3423bf2483f8a89c35f04a98efe235ada810f16e02b469303	byte-identical
evaluation workspace (commit dc6ebc1)	data/veriqbench/combinational/rand_cliff/rand_cliff_7_AG.qasm	data/veriqbench/combinational/rand_cliff/rand_cliff_7_AG.qasm	941f68147856050e54cf06d738ad7c2c54b6965e5b1f9b22f12615c9278f57c0	941f68147856050e54cf06d738ad7c2c54b6965e5b1f9b22f12615c9278f57c0	byte-identical
evaluation workspace (commit dc6ebc1)	data/veriqbench/combinational/rand_cliff/rand_cliff_7_GD.qasm	data/veriqbench/combinational/rand_cliff/rand_cliff_7_GD.qasm	c245fb5cc9505fe0482249d5a21c02596bb83c82363d1a428c9f0e308ef5c4f4	c245fb5cc9505fe0482249d5a21c02596bb83c82363d1a428c9f0e308ef5c4f4	byte-identical
evaluation workspace (commit dc6ebc1)	data/veriqbench/combinational/rand_cliff/rand_cliff_8_AG.qasm	data/veriqbench/combinational/rand_cliff/rand_cliff_8_AG.qasm	c95ba61090e1d47b925706978031d146c867f4ed8dcd01c4eebd15401d547449	c95ba61090e1d47b925706978031d146c867f4ed8dcd01c4eebd15401d547449	byte-identical
evaluation workspace (commit dc6ebc1)	data/veriqbench/combinational/rand_cliff/rand_cliff_8_GD.qasm	data/veriqbench/combinational/rand_cliff/rand_cliff_8_GD.qasm	34d72000983742db60a41e8c3d0cd5dad2c1a5382dd924a551e40ca2a0fff219	34d72000983742db60a41e8c3d0cd5dad2c1a5382dd924a551e40ca2a0fff219	byte-identical
evaluation workspace (commit dc6ebc1)	data/veriqbench/combinational/rand_cliff/rand_cliff_9_AG.qasm	data/veriqbench/combinational/rand_cliff/rand_cliff_9_AG.qasm	cde94bb07371f129c3848d7fdb1af4c2181b5c321fde994df53b7130be3a16b4	cde94bb07371f129c3848d7fdb1af4c2181b5c321fde994df53b7130be3a16b4	byte-identical
evaluation workspace (commit dc6ebc1)	data/veriqbench/combinational/rand_cliff/rand_cliff_9_GD.qasm	data/veriqbench/combinational/rand_cliff/rand_cliff_9_GD.qasm	918031101550935d668b11724597abc8137702c3705b39b2300fbce191bb0af5	918031101550935d668b11724597abc8137702c3705b39b2300fbce191bb0af5	byte-identical
evaluation workspace (commit dc6ebc1)	data/veriqbench/combinational/rev_circuit/2of5d1.qasm	data/veriqbench/combinational/rev_circuit/2of5d1.qasm	c0543bce1e9d5be71b6d0456fea08818f6696e84300c9374a73b61edf01fc2ab	c0543bce1e9d5be71b6d0456fea08818f6696e84300c9374a73b61edf01fc2ab	byte-identical
evaluation workspace (commit dc6ebc1)	data/veriqbench/combinational/rev_circuit/2of5d2.qasm	data/veriqbench/combinational/rev_circuit/2of5d2.qasm	23746738cacb35e66bf9c4fd3f3e93b1c520ecb9d1d414f419ef90fd6e0bdd74	23746738cacb35e66bf9c4fd3f3e93b1c520ecb9d1d414f419ef90fd6e0bdd74	byte-identical
evaluation workspace (commit dc6ebc1)	data/veriqbench/combinational/rev_circuit/2of5d3.qasm	data/veriqbench/combinational/rev_circuit/2of5d3.qasm	8f158bf7bbdc00244cd0859fbccf3202e5ab5afa170c923745f31e8575aa258f	8f158bf7bbdc00244cd0859fbccf3202e5ab5afa170c923745f31e8575aa258f	byte-identical
evaluation workspace (commit dc6ebc1)	data/veriqbench/combinational/rev_circuit/2of5d4-n7-gc12-qc31.qasm	data/veriqbench/combinational/rev_circuit/2of5d4-n7-gc12-qc31.qasm	7faa1a591a0e89a1b77a39cc6640afde581429b04c6c56bc2c0ce9f849e391be	7faa1a591a0e89a1b77a39cc6640afde581429b04c6c56bc2c0ce9f849e391be	byte-identical
evaluation workspace (commit dc6ebc1)	data/veriqbench/combinational/rev_circuit/2of5d5-n7-gc11-qc32.qasm	data/veriqbench/combinational/rev_circuit/2of5d5-n7-gc11-qc32.qasm	1eaba49a25908861db971f8d6e34d5f6f0f2a21460b70a698e6798553271c7dc	1eaba49a25908861db971f8d6e34d5f6f0f2a21460b70a698e6798553271c7dc	byte-identical
evaluation workspace (commit dc6ebc1)	data/veriqbench/combinational/rev_circuit/2of5d6-n6-gc10-qc118.qasm	data/veriqbench/combinational/rev_circuit/2of5d6-n6-gc10-qc118.qasm	02f602d675b87472f22ddfe62310e1aabd3d9033bf16e9a666e7eb21ce5c6db5	02f602d675b87472f22ddfe62310e1aabd3d9033bf16e9a666e7eb21ce5c6db5	byte-identical
evaluation workspace (commit dc6ebc1)	data/veriqbench/combinational/rev_circuit/2of5d7-n6-gc9-qc268.qasm	data/veriqbench/combinational/rev_circuit/2of5d7-n6-gc9-qc268.qasm	b22597c11b22260b5544582179bad9e4e67662385a11c353aec2b97c89d37ed1	b22597c11b22260b5544582179bad9e4e67662385a11c353aec2b97c89d37ed1	byte-identical
evaluation workspace (commit dc6ebc1)	data/veriqbench/combinational/rev_circuit/3_17tc.qasm	data/veriqbench/combinational/rev_circuit/3_17tc.qasm	88f1841502912650cf5871cee70b079dc0caae9d2d46c5d253406a8f172485fe	88f1841502912650cf5871cee70b079dc0caae9d2d46c5d253406a8f172485fe	byte-identical
evaluation workspace (commit dc6ebc1)	data/veriqbench/combinational/rev_circuit/4_49-12-32.qasm	data/veriqbench/combinational/rev_circuit/4_49-12-32.qasm	5755c7b234e536c23f89c8bfd4e10b543095f3477a28426d7390ca4165854ca7	5755c7b234e536c23f89c8bfd4e10b543095f3477a28426d7390ca4165854ca7	byte-identical
evaluation workspace (commit dc6ebc1)	data/veriqbench/combinational/rev_circuit/4_49_fc.qasm	data/veriqbench/combinational/rev_circuit/4_49_fc.qasm	906f9b6b46de7b1bc64763fcc366d51999ffe709864b27de18e12fff7380dfce	906f9b6b46de7b1bc64763fcc366d51999ffe709864b27de18e12fff7380dfce	byte-identical
evaluation workspace (commit dc6ebc1)	data/veriqbench/combinational/rev_circuit/4_49tc1.qasm	data/veriqbench/combinational/rev_circuit/4_49tc1.qasm	ee7e9361dcd27877f299104d0f6d4a84fdd005aea568c194f24ec6f9e26f00bb	ee7e9361dcd27877f299104d0f6d4a84fdd005aea568c194f24ec6f9e26f00bb	byte-identical
evaluation workspace (commit dc6ebc1)	data/veriqbench/combinational/rev_circuit/4b15g_1.qasm	data/veriqbench/combinational/rev_circuit/4b15g_1.qasm	d2dfa4ebf8796b0419d95ba91aaaf6a37763dac8ac8ee3aa7199c9c6384d91e7	d2dfa4ebf8796b0419d95ba91aaaf6a37763dac8ac8ee3aa7199c9c6384d91e7	byte-identical
evaluation workspace (commit dc6ebc1)	data/veriqbench/combinational/rev_circuit/4b15g_2.qasm	data/veriqbench/combinational/rev_circuit/4b15g_2.qasm	ec0da8571163e0411aaff2f49ab6a8d42544cb2c64517bd22f5534b20f3f3b5a	ec0da8571163e0411aaff2f49ab6a8d42544cb2c64517bd22f5534b20f3f3b5a	byte-identical
evaluation workspace (commit dc6ebc1)	data/veriqbench/combinational/rev_circuit/4b15g_3.qasm	data/veriqbench/combinational/rev_circuit/4b15g_3.qasm	c26854df3b85aa197f1769b8ba1975f2d5284b835f0fff2125d887b1e6f5eb27	c26854df3b85aa197f1769b8ba1975f2d5284b835f0fff2125d887b1e6f5eb27	byte-identical
evaluation workspace (commit dc6ebc1)	data/veriqbench/combinational/rev_circuit/4b15g_4.qasm	data/veriqbench/combinational/rev_circuit/4b15g_4.qasm	926772ab5727a10bd6f997aac4329012c8245584c3836cdd791a26b2aa49eb31	926772ab5727a10bd6f997aac4329012c8245584c3836cdd791a26b2aa49eb31	byte-identical
evaluation workspace (commit dc6ebc1)	data/veriqbench/combinational/rev_circuit/4b15g_5.qasm	data/veriqbench/combinational/rev_circuit/4b15g_5.qasm	e1fa53534ff32d67a93b1bb200fa45c57291f8a732018458a8b411b3647925fc	e1fa53534ff32d67a93b1bb200fa45c57291f8a732018458a8b411b3647925fc	byte-identical
evaluation workspace (commit dc6ebc1)	data/veriqbench/combinational/rev_circuit/5bitadder.qasm	data/veriqbench/combinational/rev_circuit/5bitadder.qasm	f91eb4a2b18bdc4a3b2bba7c1831fbbea2293acf8f58cbf5db3d05618b60e65b	f91eb4a2b18bdc4a3b2bba7c1831fbbea2293acf8f58cbf5db3d05618b60e65b	byte-identical
evaluation workspace (commit dc6ebc1)	data/veriqbench/combinational/rev_circuit/5mod5-10-71a.qasm	data/veriqbench/combinational/rev_circuit/5mod5-10-71a.qasm	c957973be253bf33ecef04678cdb67340db939ac52f14b61223617987fd7d0de	c957973be253bf33ecef04678cdb67340db939ac52f14b61223617987fd7d0de	byte-identical
evaluation workspace (commit dc6ebc1)	data/veriqbench/combinational/rev_circuit/5mod5-8.qasm	data/veriqbench/combinational/rev_circuit/5mod5-8.qasm	c957973be253bf33ecef04678cdb67340db939ac52f14b61223617987fd7d0de	c957973be253bf33ecef04678cdb67340db939ac52f14b61223617987fd7d0de	byte-identical
evaluation workspace (commit dc6ebc1)	data/veriqbench/combinational/rev_circuit/5mod5_fc.qasm	data/veriqbench/combinational/rev_circuit/5mod5_fc.qasm	35ef4d699aa2cb3c6b693c8fcc9c0c0b276bd13ad8bca367f97840898d757e03	35ef4d699aa2cb3c6b693c8fcc9c0c0b276bd13ad8bca367f97840898d757e03	byte-identical
evaluation workspace (commit dc6ebc1)	data/veriqbench/combinational/rev_circuit/5mod5tc.qasm	data/veriqbench/combinational/rev_circuit/5mod5tc.qasm	e7d32248623e614016d9f1e569e93799f500488423f8d3197d1e8d992e06b54e	e7d32248623e614016d9f1e569e93799f500488423f8d3197d1e8d992e06b54e	byte-identical
evaluation workspace (commit dc6ebc1)	data/veriqbench/combinational/rev_circuit/6symd2.qasm	data/veriqbench/combinational/rev_circuit/6symd2.qasm	973333a51008ec00649033edb477fcfb1bbc76b389610a5da71c633883b15f2b	973333a51008ec00649033edb477fcfb1bbc76b389610a5da71c633883b15f2b	byte-identical
evaluation workspace (commit dc6ebc1)	data/veriqbench/combinational/rev_circuit/9symd2.qasm	data/veriqbench/combinational/rev_circuit/9symd2.qasm	4307702d988751179b8eca72d36359c61a32ffe6ed54f792b64524e2f82c23c8	4307702d988751179b8eca72d36359c61a32ffe6ed54f792b64524e2f82c23c8	byte-identical
evaluation workspace (commit dc6ebc1)	data/veriqbench/combinational/rev_circuit/cycle10_2.qasm	data/veriqbench/combinational/rev_circuit/cycle10_2.qasm	45f29331a29321127115bf74bd7c0beaecd93fa3144889c02925399ad93513dc	45f29331a29321127115bf74bd7c0beaecd93fa3144889c02925399ad93513dc	byte-identical
evaluation workspace (commit dc6ebc1)	data/veriqbench/combinational/rev_circuit/gf2^100_10297_50297.qasm	data/veriqbench/combinational/rev_circuit/gf2^100_10297_50297.qasm	c0dbf239dbcc8cf32a263ba9b48106c9a6bd074431e279eba2f9e4d5b5cf78b7	c0dbf239dbcc8cf32a263ba9b48106c9a6bd074431e279eba2f9e4d5b5cf78b7	byte-identical
evaluation workspace (commit dc6ebc1)	data/veriqbench/combinational/rev_circuit/gf2^10mult_109_509.qasm	data/veriqbench/combinational/rev_circuit/gf2^10mult_109_509.qasm	cbda8d7badbf32c670a50ac422c2a2ffeaec9d71785658e389590f03a208cbb3	cbda8d7badbf32c670a50ac422c2a2ffeaec9d71785658e389590f03a208cbb3	byte-identical
evaluation workspace (commit dc6ebc1)	data/veriqbench/combinational/rev_circuit/gf2^11mult_131_615.qasm	data/veriqbench/combinational/rev_circuit/gf2^11mult_131_615.qasm	78f42ffd5125d5eac661ba2d3b86a6a342f8fabb99e6cc1c0df63cdf75d7e2c9	78f42ffd5125d5eac661ba2d3b86a6a342f8fabb99e6cc1c0df63cdf75d7e2c9	byte-identical
evaluation workspace (commit dc6ebc1)	data/veriqbench/combinational/rev_circuit/gf2^127mult_16255_80771.qasm	data/veriqbench/combinational/rev_circuit/gf2^127mult_16255_80771.qasm	2b08c5d098e50937778df5fda81d5860d8ab74d4063be0d6d1be92812369b6ae	2b08c5d098e50937778df5fda81d5860d8ab74d4063be0d6d1be92812369b6ae	byte-identical
evaluation workspace (commit dc6ebc1)	data/veriqbench/combinational/rev_circuit/gf2^128mult_16765_82301.qasm	data/veriqbench/combinational/rev_circuit/gf2^128mult_16765_82301.qasm	15a5eb8b3d4a62660ff367d1e30d8388d889c1cce151fd939fc48ccc63102260	15a5eb8b3d4a62660ff367d1e30d8388d889c1cce151fd939fc48ccc63102260	byte-identical
evaluation workspace (commit dc6ebc1)	data/veriqbench/combinational/rev_circuit/gf2^12mult_177_753.qasm	data/veriqbench/combinational/rev_circuit/gf2^12mult_177_753.qasm	75b59b84bfd806ac75ac5a5291edfee0932b38710047b1cdeb4d7ae29963b288	75b59b84bfd806ac75ac5a5291edfee0932b38710047b1cdeb4d7ae29963b288	byte-identical
evaluation workspace (commit dc6ebc1)	data/veriqbench/combinational/rev_circuit/gf2^131mult-17811-86455.qasm	data/veriqbench/combinational/rev_circuit/gf2^131mult-17811-86455.qasm	7fea6281d0aa2282a8f2ccc87f2dd9e67a88f8149281d22c4a16eee603b26c25	7fea6281d0aa2282a8f2ccc87f2dd9e67a88f8149281d22c4a16eee603b26c25	byte-identical
evaluation workspace (commit dc6ebc1)	data/veriqbench/combinational/rev_circuit/gf2^13mult_205_881.qasm	data/veriqbench/combinational/rev_circuit/gf2^13mult_205_881.qasm	173d272bf1c4ac9b42fa88da118c9b804b2bdf422eb8e23cf71cfad5bfbfa615	173d272bf1c4ac9b42fa88da118c9b804b2bdf422eb8e23cf71cfad5bfbfa615	byte-identical
evaluation workspace (commit dc6ebc1)	data/veriqbench/combinational/rev_circuit/gf2^14mult_235_1019.qasm	data/veriqbench/combinational/rev_circuit/gf2^14mult_235_1019.qasm	1ad74a6b385762f2a16ac9fdc486e4f3ca207c033e41d8237d56f22902cb231d	1ad74a6b385762f2a16ac9fdc486e4f3ca207c033e41d8237d56f22902cb231d	byte-identical
evaluation workspace (commit dc6ebc1)	data/veriqbench/combinational/rev_circuit/gf2^15mult_239_1139.qasm	data/veriqbench/combinational/rev_circuit/gf2^15mult_239_1139.qasm	e6cbf2531ee4acfd49c57b1462dd5f231c8f2021b953224f8409c060128d4cdd	e6cbf2531ee4acfd49c57b1462dd5f231c8f2021b953224f8409c060128d4cdd	byte-identical
evaluation workspace (commit dc6ebc1)	data/veriqbench/combinational/rev_circuit/gf2^163mutl-27055-133331.qasm	data/veriqbench/combinational/rev_circuit/gf2^163mutl-27055-133331.qasm	7c8357a1486c360f72d94983c4627beb0f8efff2c8701d5d8dd6f8afce0ab36d	7c8357a1486c360f72d94983c4627beb0f8efff2c8701d5d8dd6f8afce0ab36d	byte-identical
evaluation workspace (commit dc6ebc1)	data/veriqbench/combinational/rev_circuit/gf2^16mult_301_1325.qasm	data/veriqbench/combinational/rev_circuit/gf2^16mult_301_1325.qasm	b8b63d8ef94cadb35e77c934570ed1436f7390a3246a8cd741d5abbf700ce16d	b8b63d8ef94cadb35e77c934570ed1436f7390a3246a8cd741d5abbf700ce16d	byte-identical
evaluation workspace (commit dc6ebc1)	data/veriqbench/combinational/rev_circuit/gf2^17mult_305_1461.qasm	data/veriqbench/combinational/rev_circuit/gf2^17mult_305_1461.qasm	654f32a5bdf8838d2754aa86508146692768391bf064eef0a9009cd5b9fd924f	654f32a5bdf8838d2754aa86508146692768391bf064eef0a9009cd5b9fd924f	byte-identical
evaluation workspace (commit dc6ebc1)	data/veriqbench/combinational/rev_circuit/gf2^18mult_375_1671.qasm	data/veriqbench/combinational/rev_circuit/gf2^18mult_375_1671.qasm	db8adbea09057360acd0c9d5ad21a279189ccaa26a9a23414e53f311386ac7f7	db8adbea09057360acd0c9d5ad21a279189ccaa26a9a23414e53f311386ac7f7	byte-identical
evaluation workspace (commit dc6ebc1)	data/veriqbench/combinational/rev_circuit/gf2^19mult_415_1859.qasm	data/veriqbench/combinational/rev_circuit/gf2^19mult_415_1859.qasm	4ff9de8f5f401deb06c9d5ca1160a9b8dcd9fc546685bc02aacfb1ba35facbab	4ff9de8f5f401deb06c9d5ca1160a9b8dcd9fc546685bc02aacfb1ba35facbab	byte-identical
evaluation workspace (commit dc6ebc1)	data/veriqbench/combinational/rev_circuit/gf2^20mult_419_2019.qasm	data/veriqbench/combinational/rev_circuit/gf2^20mult_419_2019.qasm	2fa05f4d077098e74be8f5cd25f2682d485842f16c2fec91adb0f54bd127cd5f	2fa05f4d077098e74be8f5cd25f2682d485842f16c2fec91adb0f54bd127cd5f	byte-identical
evaluation workspace (commit dc6ebc1)	data/veriqbench/combinational/rev_circuit/gf2^32mult_1117_5213.qasm	data/veriqbench/combinational/rev_circuit/gf2^32mult_1117_5213.qasm	0b068b284d2de6e5069992f5be9441606dbbe6248046715c48b4f34cef6097c1	0b068b284d2de6e5069992f5be9441606dbbe6248046715c48b4f34cef6097c1	byte-identical
evaluation workspace (commit dc6ebc1)	data/veriqbench/combinational/rev_circuit/gf2^32mult_1179_5275.qasm	data/veriqbench/combinational/rev_circuit/gf2^32mult_1179_5275.qasm	c716a8ac2b185ea5a554b7a50b2c4cf553a36c9d809618c9a8d29dd5558dc890	c716a8ac2b185ea5a554b7a50b2c4cf553a36c9d809618c9a8d29dd5558dc890	byte-identical
evaluation workspace (commit dc6ebc1)	data/veriqbench/combinational/rev_circuit/gf2^3mult_11_47.qasm	data/veriqbench/combinational/rev_circuit/gf2^3mult_11_47.qasm	b449f2cd2908017b53ee04f04b4e757480f8025213b446f89c0b6e2a7635270f	b449f2cd2908017b53ee04f04b4e757480f8025213b446f89c0b6e2a7635270f	byte-identical
evaluation workspace (commit dc6ebc1)	data/veriqbench/combinational/rev_circuit/gf2^4mult_19_83.qasm	data/veriqbench/combinational/rev_circuit/gf2^4mult_19_83.qasm	85285c8ac408ee80c64e99aa79c5c0f81b7f3b40c3d1d321c5cdf33c97f47a57	85285c8ac408ee80c64e99aa79c5c0f81b7f3b40c3d1d321c5cdf33c97f47a57	byte-identical
evaluation workspace (commit dc6ebc1)	data/veriqbench/combinational/rev_circuit/gf2^50_2647_12647.qasm	data/veriqbench/combinational/rev_circuit/gf2^50_2647_12647.qasm	a96fb18fdafe81c5d6236a4e90daccbc49c217c9051bf1f99ff310878455c925	a96fb18fdafe81c5d6236a4e90daccbc49c217c9051bf1f99ff310878455c925	byte-identical
evaluation workspace (commit dc6ebc1)	data/veriqbench/combinational/rev_circuit/gf2^5mult_29_129.qasm	data/veriqbench/combinational/rev_circuit/gf2^5mult_29_129.qasm	4d2973c309c5657bf2feec22883f5b056fcca2e2c5af87fcabfdb27196ff4c72	4d2973c309c5657bf2feec22883f5b056fcca2e2c5af87fcabfdb27196ff4c72	byte-identical
evaluation workspace (commit dc6ebc1)	data/veriqbench/combinational/rev_circuit/gf2^64mult_4285_20669.qasm	data/veriqbench/combinational/rev_circuit/gf2^64mult_4285_20669.qasm	fab5f2f7114e8d11e3c3b34c05d86924ff94842d894dd9aaa685ce16cc3f0c3e	fab5f2f7114e8d11e3c3b34c05d86924ff94842d894dd9aaa685ce16cc3f0c3e	byte-identical
evaluation workspace (commit dc6ebc1)	data/veriqbench/combinational/rev_circuit/gf2^6mult_41_185.qasm	data/veriqbench/combinational/rev_circuit/gf2^6mult_41_185.qasm	f89948a1859e3d94b71aa9c12c6141999f5b575a08bf630b3461c7358d937b63	f89948a1859e3d94b71aa9c12c6141999f5b575a08bf630b3461c7358d937b63	byte-identical
evaluation workspace (commit dc6ebc1)	data/veriqbench/combinational/rev_circuit/gf2^7mult_55_251.qasm	data/veriqbench/combinational/rev_circuit/gf2^7mult_55_251.qasm	b3c02278140f7e06f199135aaf334dc5c3960b0b39ff3a843140ce7c650d4bcb	b3c02278140f7e06f199135aaf334dc5c3960b0b39ff3a843140ce7c650d4bcb	byte-identical
evaluation workspace (commit dc6ebc1)	data/veriqbench/combinational/rev_circuit/gf2^8mult_85_341.qasm	data/veriqbench/combinational/rev_circuit/gf2^8mult_85_341.qasm	4863c09f5501995c0ef060be3f71cbf531fc8bbfaa89609d9f19e5a03f743040	4863c09f5501995c0ef060be3f71cbf531fc8bbfaa89609d9f19e5a03f743040	byte-identical
evaluation workspace (commit dc6ebc1)	data/veriqbench/combinational/rev_circuit/gf2^9mult_89_413.qasm	data/veriqbench/combinational/rev_circuit/gf2^9mult_89_413.qasm	a6936b85240e52815c97a4cbdf5c0e7f01ab7a8bb05b1d04d9b2cb0e15816894	a6936b85240e52815c97a4cbdf5c0e7f01ab7a8bb05b1d04d9b2cb0e15816894	byte-identical
evaluation workspace (commit dc6ebc1)	data/veriqbench/combinational/rev_circuit/ham15-109-214.qasm	data/veriqbench/combinational/rev_circuit/ham15-109-214.qasm	1cbdc83ccbabf60210db0ee32632049828d4afc5460cda5d448a2d47a6924380	1cbdc83ccbabf60210db0ee32632049828d4afc5460cda5d448a2d47a6924380	byte-identical
evaluation workspace (commit dc6ebc1)	data/veriqbench/combinational/rev_circuit/ham15-70.qasm	data/veriqbench/combinational/rev_circuit/ham15-70.qasm	1cbdc83ccbabf60210db0ee32632049828d4afc5460cda5d448a2d47a6924380	1cbdc83ccbabf60210db0ee32632049828d4afc5460cda5d448a2d47a6924380	byte-identical
evaluation workspace (commit dc6ebc1)	data/veriqbench/combinational/rev_circuit/ham15tc1.qasm	data/veriqbench/combinational/rev_circuit/ham15tc1.qasm	22459373860764aef1330db918c578c8351f43791e923203ff9a1ce3b331c123	22459373860764aef1330db918c578c8351f43791e923203ff9a1ce3b331c123	byte-identical
evaluation workspace (commit dc6ebc1)	data/veriqbench/combinational/rev_circuit/ham3_fc.qasm	data/veriqbench/combinational/rev_circuit/ham3_fc.qasm	25e7b1c44885432dad7e0ec1ad6ad033be7127ea33264278fa977902098f3aa5	25e7b1c44885432dad7e0ec1ad6ad033be7127ea33264278fa977902098f3aa5	byte-identical
evaluation workspace (commit dc6ebc1)	data/veriqbench/combinational/rev_circuit/ham3tc.qasm	data/veriqbench/combinational/rev_circuit/ham3tc.qasm	d2492e7d88cc887546b4cfcac0a98c43c57f605eff922729282c2a3bcddadec7	d2492e7d88cc887546b4cfcac0a98c43c57f605eff922729282c2a3bcddadec7	byte-identical
evaluation workspace (commit dc6ebc1)	data/veriqbench/combinational/rev_circuit/ham7-21-69.qasm	data/veriqbench/combinational/rev_circuit/ham7-21-69.qasm	cc44c5efbe9e5a97a0ecbb572b7518c05158e832af57080f86827ae40633b61a	cc44c5efbe9e5a97a0ecbb572b7518c05158e832af57080f86827ae40633b61a	byte-identical
evaluation workspace (commit dc6ebc1)	data/veriqbench/combinational/rev_circuit/ham7-25-49.qasm	data/veriqbench/combinational/rev_circuit/ham7-25-49.qasm	cc44c5efbe9e5a97a0ecbb572b7518c05158e832af57080f86827ae40633b61a	cc44c5efbe9e5a97a0ecbb572b7518c05158e832af57080f86827ae40633b61a	byte-identical
evaluation workspace (commit dc6ebc1)	data/veriqbench/combinational/rev_circuit/ham7tc.qasm	data/veriqbench/combinational/rev_circuit/ham7tc.qasm	855aab750e8c73e320c247755db55e2a35844528b38b6a77149f92d381c4927f	855aab750e8c73e320c247755db55e2a35844528b38b6a77149f92d381c4927f	byte-identical
evaluation workspace (commit dc6ebc1)	data/veriqbench/combinational/rev_circuit/hwb07-n7-gc612-qc1737.qasm	data/veriqbench/combinational/rev_circuit/hwb07-n7-gc612-qc1737.qasm	66aa41feaf899604d46daee5ccf559a86237ba0cf15775c5bc8734edaed67095	66aa41feaf899604d46daee5ccf559a86237ba0cf15775c5bc8734edaed67095	byte-identical
evaluation workspace (commit dc6ebc1)	data/veriqbench/combinational/rev_circuit/hwb08-n8-gc1604-qc4862.qasm	data/veriqbench/combinational/rev_circuit/hwb08-n8-gc1604-qc4862.qasm	24a439a2639e1cb7df73cf61a205c658d6dbf96d0f356fbf750f6612fac15b72	24a439a2639e1cb7df73cf61a205c658d6dbf96d0f356fbf750f6612fac15b72	byte-identical
evaluation workspace (commit dc6ebc1)	data/veriqbench/combinational/rev_circuit/hwb09-n9-gc4014-qc12293.qasm	data/veriqbench/combinational/rev_circuit/hwb09-n9-gc4014-qc12293.qasm	4a3b51b6d9d8aea071d1fd66706ae96c770f1fcb3cd211a51bba4caf8e23baa9	4a3b51b6d9d8aea071d1fd66706ae96c770f1fcb3cd211a51bba4caf8e23baa9	byte-identical
evaluation workspace (commit dc6ebc1)	data/veriqbench/combinational/rev_circuit/hwb10-3595-117460a.qasm	data/veriqbench/combinational/rev_circuit/hwb10-3595-117460a.qasm	c254705763939d7764422ef5dd7203e07ed12ba332697bed4093e8e8f77534dc	c254705763939d7764422ef5dd7203e07ed12ba332697bed4093e8e8f77534dc	byte-identical
evaluation workspace (commit dc6ebc1)	data/veriqbench/combinational/rev_circuit/hwb10-3631.qasm	data/veriqbench/combinational/rev_circuit/hwb10-3631.qasm	c254705763939d7764422ef5dd7203e07ed12ba332697bed4093e8e8f77534dc	c254705763939d7764422ef5dd7203e07ed12ba332697bed4093e8e8f77534dc	byte-identical
evaluation workspace (commit dc6ebc1)	data/veriqbench/combinational/rev_circuit/hwb10-4540-46597a.qasm	data/veriqbench/combinational/rev_circuit/hwb10-4540-46597a.qasm	822c1d31d36736becbb6a069d9ac6fb694109997f247a3d29e3e358469b4e25f	822c1d31d36736becbb6a069d9ac6fb694109997f247a3d29e3e358469b4e25f	byte-identical
evaluation workspace (commit dc6ebc1)	data/veriqbench/combinational/rev_circuit/hwb10-n10-gc8262-qc26099.qasm	data/veriqbench/combinational/rev_circuit/hwb10-n10-gc8262-qc26099.qasm	6ca85d2913252d50b0b17f6d2183b3414c977e5a189933dfc670e981fa958ce5	6ca85d2913252d50b0b17f6d2183b3414c977e5a189933dfc670e981fa958ce5	byte-identical
evaluation workspace (commit dc6ebc1)	data/veriqbench/combinational/rev_circuit/hwb1000ps.qasm	data/veriqbench/combinational/rev_circuit/hwb1000ps.qasm	2474b2c4cf532805101247cbf4bf182d1d7bb4ab5fd5d083edbfa08cd6e6b690	2474b2c4cf532805101247cbf4bf182d1d7bb4ab5fd5d083edbfa08cd6e6b690	byte-identical
evaluation workspace (commit dc6ebc1)	data/veriqbench/combinational/rev_circuit/hwb100ps.qasm	data/veriqbench/combinational/rev_circuit/hwb100ps.qasm	4e01cf55edef7487b2355468a8b63306e6e87ca08e2abca1b6b98dd937bbe440	4e01cf55edef7487b2355468a8b63306e6e87ca08e2abca1b6b98dd937bbe440	byte-identical
evaluation workspace (commit dc6ebc1)	data/veriqbench/combinational/rev_circuit/hwb10_12288_35618.qasm	data/veriqbench/combinational/rev_circuit/hwb10_12288_35618.qasm	d8d79fe93eb40c740a609a41afa5b6393704924d380104d0e245e626f3828fe4	d8d79fe93eb40c740a609a41afa5b6393704924d380104d0e245e626f3828fe4	byte-identical
evaluation workspace (commit dc6ebc1)	data/veriqbench/combinational/rev_circuit/hwb10ps.qasm	data/veriqbench/combinational/rev_circuit/hwb10ps.qasm	6bcc92d4258060b76abb7b0a54efb4a8686fcded98ad970b46427600c071e5f3	6bcc92d4258060b76abb7b0a54efb4a8686fcded98ad970b46427600c071e5f3	byte-identical
evaluation workspace (commit dc6ebc1)	data/veriqbench/combinational/rev_circuit/hwb11-11600-122144a.qasm	data/veriqbench/combinational/rev_circuit/hwb11-11600-122144a.qasm	0e322490fdda4659d57accc552d68bb9534c027fff9e9526c47448292b834417	0e322490fdda4659d57accc552d68bb9534c027fff9e9526c47448292b834417	byte-identical
evaluation workspace (commit dc6ebc1)	data/veriqbench/combinational/rev_circuit/hwb11-8214.qasm	data/veriqbench/combinational/rev_circuit/hwb11-8214.qasm	5492a17351d6ec9e2d49a48e6a1cf6deda295976a4ed3e0e960db42c11507374	5492a17351d6ec9e2d49a48e6a1cf6deda295976a4ed3e0e960db42c11507374	byte-identical
evaluation workspace (commit dc6ebc1)	data/veriqbench/combinational/rev_circuit/hwb11-9314.qasm	data/veriqbench/combinational/rev_circuit/hwb11-9314.qasm	5492a17351d6ec9e2d49a48e6a1cf6deda295976a4ed3e0e960db42c11507374	5492a17351d6ec9e2d49a48e6a1cf6deda295976a4ed3e0e960db42c11507374	byte-identical
evaluation workspace (commit dc6ebc1)	data/veriqbench/combinational/rev_circuit/hwb11-n11-gc21447-qc69153.qasm	data/veriqbench/combinational/rev_circuit/hwb11-n11-gc21447-qc69153.qasm	a4312e7afcc503c6f4ed6ee577eeee048c4c0d604b432ea569b64079325516f3	a4312e7afcc503c6f4ed6ee577eeee048c4c0d604b432ea569b64079325516f3	byte-identical
evaluation workspace (commit dc6ebc1)	data/veriqbench/combinational/rev_circuit/hwb11_32261_90745.qasm	data/veriqbench/combinational/rev_circuit/hwb11_32261_90745.qasm	4d5dcba188e0758080d566b3d39c77bc9922316a1a2992e714ea24b398e619c3	4d5dcba188e0758080d566b3d39c77bc9922316a1a2992e714ea24b398e619c3	byte-identical
evaluation workspace (commit dc6ebc1)	data/veriqbench/combinational/rev_circuit/hwb11ps.qasm	data/veriqbench/combinational/rev_circuit/hwb11ps.qasm	5ad07ec7938b8290bf6f4f04c3d7f61f63370cf60fb95fbaccd408f06ed09365	5ad07ec7938b8290bf6f4f04c3d7f61f63370cf60fb95fbaccd408f06ed09365	byte-identical
evaluation workspace (commit dc6ebc1)	data/veriqbench/combinational/rev_circuit/hwb12-n12-gc42113-qc134334.qasm	data/veriqbench/combinational/rev_circuit/hwb12-n12-gc42113-qc134334.qasm	0bd78fb330179b50ed5f3a94618546c3c0df1d84bbb861c9fe88bfec037fefe6	0bd78fb330179b50ed5f3a94618546c3c0df1d84bbb861c9fe88bfec037fefe6	byte-identical
evaluation workspace (commit dc6ebc1)	data/veriqbench/combinational/rev_circuit/hwb12_55998_198928.qasm	data/veriqbench/combinational/rev_circuit/hwb12_55998_198928.qasm	db2564b69e36b6eef54f3d6c412a61d9acd3e54eed528b6f78448563f0c4f0dd	db2564b69e36b6eef54f3d6c412a61d9acd3e54eed528b6f78448563f0c4f0dd	byte-identical
evaluation workspace (commit dc6ebc1)	data/veriqbench/combinational/rev_circuit/hwb12ps.qasm	data/veriqbench/combinational/rev_circuit/hwb12ps.qasm	563de1e6fa645443678574044ed9ccbccc8375ed4a92b3d0cb59f369af336152	563de1e6fa645443678574044ed9ccbccc8375ed4a92b3d0cb59f369af336152	byte-identical
evaluation workspace (commit dc6ebc1)	data/veriqbench/combinational/rev_circuit/hwb13ps.qasm	data/veriqbench/combinational/rev_circuit/hwb13ps.qasm	e4eccc778af0754665bd2d890a2a162fddd77b7f6fd8ed3588e634a99eae8164	e4eccc778af0754665bd2d890a2a162fddd77b7f6fd8ed3588e634a99eae8164	byte-identical
evaluation workspace (commit dc6ebc1)	data/veriqbench/combinational/rev_circuit/hwb14ps.qasm	data/veriqbench/combinational/rev_circuit/hwb14ps.qasm	a3ff553165a6134452affa73d9ff11a3477432205a79fa2c6d2ce1be3d3edeab	a3ff553165a6134452affa73d9ff11a3477432205a79fa2c6d2ce1be3d3edeab	byte-identical
evaluation workspace (commit dc6ebc1)	data/veriqbench/combinational/rev_circuit/hwb15ps.qasm	data/veriqbench/combinational/rev_circuit/hwb15ps.qasm	1fc73917d74c949700ec38615367b35b1d49814adc3fb9c3616f4d8569dab327	1fc73917d74c949700ec38615367b35b1d49814adc3fb9c3616f4d8569dab327	byte-identical
evaluation workspace (commit dc6ebc1)	data/veriqbench/combinational/rev_circuit/hwb16ps.qasm	data/veriqbench/combinational/rev_circuit/hwb16ps.qasm	a9b7589f95950f42ec6c8beeb030b2ddf36c157098a37e3d58fdd901ebf9278b	a9b7589f95950f42ec6c8beeb030b2ddf36c157098a37e3d58fdd901ebf9278b	byte-identical
evaluation workspace (commit dc6ebc1)	data/veriqbench/combinational/rev_circuit/hwb200ps.qasm	data/veriqbench/combinational/rev_circuit/hwb200ps.qasm	ab7c39b2ed38912d69786209e32893e18b2d00d52ae84223e71cecbf59bff87d	ab7c39b2ed38912d69786209e32893e18b2d00d52ae84223e71cecbf59bff87d	byte-identical
evaluation workspace (commit dc6ebc1)	data/veriqbench/combinational/rev_circuit/hwb20ps.qasm	data/veriqbench/combinational/rev_circuit/hwb20ps.qasm	80935648a687ae7f9cc47391f1b7b452b8c5a71d6c91997832cadbcab193d664	80935648a687ae7f9cc47391f1b7b452b8c5a71d6c91997832cadbcab193d664	byte-identical
evaluation workspace (commit dc6ebc1)	data/veriqbench/combinational/rev_circuit/hwb4-11-21.qasm	data/veriqbench/combinational/rev_circuit/hwb4-11-21.qasm	38b7e8a67a955ba7acb0ed173b94739957ecfce31414b1405fdd2f773ebda302	38b7e8a67a955ba7acb0ed173b94739957ecfce31414b1405fdd2f773ebda302	byte-identical
evaluation workspace (commit dc6ebc1)	data/veriqbench/combinational/rev_circuit/hwb4-11-23.qasm	data/veriqbench/combinational/rev_circuit/hwb4-11-23.qasm	5755c7b234e536c23f89c8bfd4e10b543095f3477a28426d7390ca4165854ca7	5755c7b234e536c23f89c8bfd4e10b543095f3477a28426d7390ca4165854ca7	byte-identical
evaluation workspace (commit dc6ebc1)	data/veriqbench/combinational/rev_circuit/hwb4_fc.qasm	data/veriqbench/combinational/rev_circuit/hwb4_fc.qasm	5755c7b234e536c23f89c8bfd4e10b543095f3477a28426d7390ca4165854ca7	5755c7b234e536c23f89c8bfd4e10b543095f3477a28426d7390ca4165854ca7	byte-identical
evaluation workspace (commit dc6ebc1)	data/veriqbench/combinational/rev_circuit/hwb4tc.qasm	data/veriqbench/combinational/rev_circuit/hwb4tc.qasm	93d697b83a03deaa8230957d089b04911cb7cf99c432d448fa173d5d75516f90	93d697b83a03deaa8230957d089b04911cb7cf99c432d448fa173d5d75516f90	byte-identical
evaluation workspace (commit dc6ebc1)	data/veriqbench/combinational/rev_circuit/hwb5-24-102.qasm	data/veriqbench/combinational/rev_circuit/hwb5-24-102.qasm	cf10301a3fc6605729c27d8408a09fbed7ec506014fb6b45be6703151efe3611	cf10301a3fc6605729c27d8408a09fbed7ec506014fb6b45be6703151efe3611	byte-identical
evaluation workspace (commit dc6ebc1)	data/veriqbench/combinational/rev_circuit/hwb5-24-114.qasm	data/veriqbench/combinational/rev_circuit/hwb5-24-114.qasm	d12b76f7c6a741655a49ec1f33fc184dc34e23b6ea4b3dfed938ff030fb3f1e5	d12b76f7c6a741655a49ec1f33fc184dc34e23b6ea4b3dfed938ff030fb3f1e5	byte-identical
evaluation workspace (commit dc6ebc1)	data/veriqbench/combinational/rev_circuit/hwb5-33-71.qasm	data/veriqbench/combinational/rev_circuit/hwb5-33-71.qasm	fd298f72989386917b5e692c77dbde163e10f52b30ed73c506d4800eafa31a11	fd298f72989386917b5e692c77dbde163e10f52b30ed73c506d4800eafa31a11	byte-identical
evaluation workspace (commit dc6ebc1)	data/veriqbench/combinational/rev_circuit/hwb500ps.qasm	data/veriqbench/combinational/rev_circuit/hwb500ps.qasm	11ad9f7b3fdcb6fdc0b25ce60e62f11cc57029aec4cf3570f5d7ec45e70ad310	11ad9f7b3fdcb6fdc0b25ce60e62f11cc57029aec4cf3570f5d7ec45e70ad310	byte-identical
evaluation workspace (commit dc6ebc1)	data/veriqbench/combinational/rev_circuit/hwb50ps.qasm	data/veriqbench/combinational/rev_circuit/hwb50ps.qasm	67673cf295039a08d4e3ca88d61563c2620e8c4cb70fc81080656b0887aeacad	67673cf295039a08d4e3ca88d61563c2620e8c4cb70fc81080656b0887aeacad	byte-identical
evaluation workspace (commit dc6ebc1)	data/veriqbench/combinational/rev_circuit/hwb5_31_91.qasm	data/veriqbench/combinational/rev_circuit/hwb5_31_91.qasm	f279f65063bf15f6be6e1a525d6777e5c706bbe5f6e74939110794715131f4ff	f279f65063bf15f6be6e1a525d6777e5c706bbe5f6e74939110794715131f4ff	byte-identical
evaluation workspace (commit dc6ebc1)	data/veriqbench/combinational/rev_circuit/hwb5_fc.qasm	data/veriqbench/combinational/rev_circuit/hwb5_fc.qasm	d12b76f7c6a741655a49ec1f33fc184dc34e23b6ea4b3dfed938ff030fb3f1e5	d12b76f7c6a741655a49ec1f33fc184dc34e23b6ea4b3dfed938ff030fb3f1e5	byte-identical
evaluation workspace (commit dc6ebc1)	data/veriqbench/combinational/rev_circuit/hwb5ps.qasm	data/veriqbench/combinational/rev_circuit/hwb5ps.qasm	8880d309ce45c23ea348bc0ec83ecfdf436a37a8632b06163ab1e6bb41e69140	8880d309ce45c23ea348bc0ec83ecfdf436a37a8632b06163ab1e6bb41e69140	byte-identical
evaluation workspace (commit dc6ebc1)	data/veriqbench/combinational/rev_circuit/hwb5tc.qasm	data/veriqbench/combinational/rev_circuit/hwb5tc.qasm	7349c174ff13b209b1daaed0c4f80e16513508da3839097c5f27e8df55abf665	7349c174ff13b209b1daaed0c4f80e16513508da3839097c5f27e8df55abf665	byte-identical
evaluation workspace (commit dc6ebc1)	data/veriqbench/combinational/rev_circuit/hwb6-42-150.qasm	data/veriqbench/combinational/rev_circuit/hwb6-42-150.qasm	c957973be253bf33ecef04678cdb67340db939ac52f14b61223617987fd7d0de	c957973be253bf33ecef04678cdb67340db939ac52f14b61223617987fd7d0de	byte-identical
evaluation workspace (commit dc6ebc1)	data/veriqbench/combinational/rev_circuit/hwb6_47_107.qasm	data/veriqbench/combinational/rev_circuit/hwb6_47_107.qasm	2b734592550d260ee9a49112267d27c31dc533be6ddb299df826e854b5f29dea	2b734592550d260ee9a49112267d27c31dc533be6ddb299df826e854b5f29dea	byte-identical
evaluation workspace (commit dc6ebc1)	data/veriqbench/combinational/rev_circuit/hwb6_fc.qasm	data/veriqbench/combinational/rev_circuit/hwb6_fc.qasm	c957973be253bf33ecef04678cdb67340db939ac52f14b61223617987fd7d0de	c957973be253bf33ecef04678cdb67340db939ac52f14b61223617987fd7d0de	byte-identical
evaluation workspace (commit dc6ebc1)	data/veriqbench/combinational/rev_circuit/hwb6ps.qasm	data/veriqbench/combinational/rev_circuit/hwb6ps.qasm	3f3a47529864c009b8d86ebfb50249cdda6091aece1afdc517ec08f634ce5d29	3f3a47529864c009b8d86ebfb50249cdda6091aece1afdc517ec08f634ce5d29	byte-identical
evaluation workspace (commit dc6ebc1)	data/veriqbench/combinational/rev_circuit/hwb6tc.qasm	data/veriqbench/combinational/rev_circuit/hwb6tc.qasm	24a98ca45ecf7cf9e5c9a6ffaab43b8ac93129561850ea4165938002b7193538	24a98ca45ecf7cf9e5c9a6ffaab43b8ac93129561850ea4165938002b7193538	byte-identical
evaluation workspace (commit dc6ebc1)	data/veriqbench/combinational/rev_circuit/hwb7-236.qasm	data/veriqbench/combinational/rev_circuit/hwb7-236.qasm	cc44c5efbe9e5a97a0ecbb572b7518c05158e832af57080f86827ae40633b61a	cc44c5efbe9e5a97a0ecbb572b7518c05158e832af57080f86827ae40633b61a	byte-identical
evaluation workspace (commit dc6ebc1)	data/veriqbench/combinational/rev_circuit/hwb7-331-2609a.qasm	data/veriqbench/combinational/rev_circuit/hwb7-331-2609a.qasm	cd34b9d8716d9a1da55320b049105a3606df5b1bf704befa7498f3f1994062ef	cd34b9d8716d9a1da55320b049105a3606df5b1bf704befa7498f3f1994062ef	byte-identical
evaluation workspace (commit dc6ebc1)	data/veriqbench/combinational/rev_circuit/hwb7_fc.qasm	data/veriqbench/combinational/rev_circuit/hwb7_fc.qasm	0f179fe2a462669c3c80d0073b1f0037458fcfd1a59adec1c37ffc588da328a1	0f179fe2a462669c3c80d0073b1f0037458fcfd1a59adec1c37ffc588da328a1	byte-identical
evaluation workspace (commit dc6ebc1)	data/veriqbench/combinational/rev_circuit/hwb7ps.qasm	data/veriqbench/combinational/rev_circuit/hwb7ps.qasm	9a22ca5e9f2655725365f32f7e4c4d781a9e894e6e7bd2f9a75002d53c72e9f1	9a22ca5e9f2655725365f32f7e4c4d781a9e894e6e7bd2f9a75002d53c72e9f1	byte-identical
evaluation workspace (commit dc6ebc1)	data/veriqbench/combinational/rev_circuit/hwb7tc.qasm	data/veriqbench/combinational/rev_circuit/hwb7tc.qasm	279f688bfab72d15c0aba3d6170037ba06f65dbcb20c3c6de198578cfbc644a8	279f688bfab72d15c0aba3d6170037ba06f65dbcb20c3c6de198578cfbc644a8	byte-identical
evaluation workspace (commit dc6ebc1)	data/veriqbench/combinational/rev_circuit/hwb8-614-12745a.qasm	data/veriqbench/combinational/rev_circuit/hwb8-614-12745a.qasm	462ad9048cded220eb2cb56d89c57596e02da35c5a5a82afba226268c67b3051	462ad9048cded220eb2cb56d89c57596e02da35c5a5a82afba226268c67b3051	byte-identical
evaluation workspace (commit dc6ebc1)	data/veriqbench/combinational/rev_circuit/hwb8-637.qasm	data/veriqbench/combinational/rev_circuit/hwb8-637.qasm	462ad9048cded220eb2cb56d89c57596e02da35c5a5a82afba226268c67b3051	462ad9048cded220eb2cb56d89c57596e02da35c5a5a82afba226268c67b3051	byte-identical
evaluation workspace (commit dc6ebc1)	data/veriqbench/combinational/rev_circuit/hwb8-749-6197a.qasm	data/veriqbench/combinational/rev_circuit/hwb8-749-6197a.qasm	462ad9048cded220eb2cb56d89c57596e02da35c5a5a82afba226268c67b3051	462ad9048cded220eb2cb56d89c57596e02da35c5a5a82afba226268c67b3051	byte-identical
evaluation workspace (commit dc6ebc1)	data/veriqbench/combinational/rev_circuit/hwb8_2710_6940.qasm	data/veriqbench/combinational/rev_circuit/hwb8_2710_6940.qasm	dee08f2b17935ef59029e56de459723ad518020f9b0e726bcf65f759b7002c24	dee08f2b17935ef59029e56de459723ad518020f9b0e726bcf65f759b7002c24	byte-identical
evaluation workspace (commit dc6ebc1)	data/veriqbench/combinational/rev_circuit/hwb8ps.qasm	data/veriqbench/combinational/rev_circuit/hwb8ps.qasm	6dd25ecf42d2bb7b19b700e74de6c01cd77ef37cea945fd58cbd7c3bc87759c4	6dd25ecf42d2bb7b19b700e74de6c01cd77ef37cea945fd58cbd7c3bc87759c4	byte-identical
evaluation workspace (commit dc6ebc1)	data/veriqbench/combinational/rev_circuit/hwb9-1541.qasm	data/veriqbench/combinational/rev_circuit/hwb9-1541.qasm	ea07189a38e0f701db563ebbc6ebf5f1b7887e5cb25b07a9e988e4afd1064faf	ea07189a38e0f701db563ebbc6ebf5f1b7887e5cb25b07a9e988e4afd1064faf	byte-identical
evaluation workspace (commit dc6ebc1)	data/veriqbench/combinational/rev_circuit/hwb9-1544.qasm	data/veriqbench/combinational/rev_circuit/hwb9-1544.qasm	3f6586a308cfb85f636cc5dc64a46e68176e981c081ba3e7e2f18f31b7e2e5e9	3f6586a308cfb85f636cc5dc64a46e68176e981c081ba3e7e2f18f31b7e2e5e9	byte-identical
evaluation workspace (commit dc6ebc1)	data/veriqbench/combinational/rev_circuit/hwb9-1959-20378a.qasm	data/veriqbench/combinational/rev_circuit/hwb9-1959-20378a.qasm	1ad3ea435cba5891f141b8ac59fe5ca40918116d1d31665f596d0fcdc30a83b1	1ad3ea435cba5891f141b8ac59fe5ca40918116d1d31665f596d0fcdc30a83b1	byte-identical
evaluation workspace (commit dc6ebc1)	data/veriqbench/combinational/rev_circuit/hwb9_6563_16173.qasm	data/veriqbench/combinational/rev_circuit/hwb9_6563_16173.qasm	96dfe8b91d3110c010703d9086c36a31564e59db77942854b0dc3a84beb88b3d	96dfe8b91d3110c010703d9086c36a31564e59db77942854b0dc3a84beb88b3d	byte-identical
evaluation workspace (commit dc6ebc1)	data/veriqbench/combinational/rev_circuit/hwb9ps.qasm	data/veriqbench/combinational/rev_circuit/hwb9ps.qasm	86246aeb17c3274bb7f4f09cd59359f430afbe4988d7594b640d9c7f2648fe20	86246aeb17c3274bb7f4f09cd59359f430afbe4988d7594b640d9c7f2648fe20	byte-identical
evaluation workspace (commit dc6ebc1)	data/veriqbench/combinational/rev_circuit/mod1024adder.qasm	data/veriqbench/combinational/rev_circuit/mod1024adder.qasm	bce3ef0b95d2a591cfdc40867af5be647d545167df7840fe91a70f65c3fa94eb	bce3ef0b95d2a591cfdc40867af5be647d545167df7840fe91a70f65c3fa94eb	byte-identical
evaluation workspace (commit dc6ebc1)	data/veriqbench/combinational/rev_circuit/mod5adder-15.qasm	data/veriqbench/combinational/rev_circuit/mod5adder-15.qasm	c957973be253bf33ecef04678cdb67340db939ac52f14b61223617987fd7d0de	c957973be253bf33ecef04678cdb67340db939ac52f14b61223617987fd7d0de	byte-identical
evaluation workspace (commit dc6ebc1)	data/veriqbench/combinational/rev_circuit/mod5adder-17-69.qasm	data/veriqbench/combinational/rev_circuit/mod5adder-17-69.qasm	c957973be253bf33ecef04678cdb67340db939ac52f14b61223617987fd7d0de	c957973be253bf33ecef04678cdb67340db939ac52f14b61223617987fd7d0de	byte-identical
evaluation workspace (commit dc6ebc1)	data/veriqbench/combinational/rev_circuit/mod5adder-17-81.qasm	data/veriqbench/combinational/rev_circuit/mod5adder-17-81.qasm	c957973be253bf33ecef04678cdb67340db939ac52f14b61223617987fd7d0de	c957973be253bf33ecef04678cdb67340db939ac52f14b61223617987fd7d0de	byte-identical
evaluation workspace (commit dc6ebc1)	data/veriqbench/combinational/rev_circuit/mod5adders.qasm	data/veriqbench/combinational/rev_circuit/mod5adders.qasm	37079fa6a6794b0e797ac3748c65971b30ff4bde9e35b7968c17862de28c99cd	37079fa6a6794b0e797ac3748c65971b30ff4bde9e35b7968c17862de28c99cd	byte-identical
evaluation workspace (commit dc6ebc1)	data/veriqbench/combinational/rev_circuit/mod5d1.qasm	data/veriqbench/combinational/rev_circuit/mod5d1.qasm	fc1dbbe5c0a7d1166661a6e5ff1a7a126c30de546c782613c3e1cadfd7f4be45	fc1dbbe5c0a7d1166661a6e5ff1a7a126c30de546c782613c3e1cadfd7f4be45	byte-identical
evaluation workspace (commit dc6ebc1)	data/veriqbench/combinational/rev_circuit/mod5d2.qasm	data/veriqbench/combinational/rev_circuit/mod5d2.qasm	b5d36a5aba1aea3257ddce69eba1902a1a3824f2095dcd197b62b2de8a4133c9	b5d36a5aba1aea3257ddce69eba1902a1a3824f2095dcd197b62b2de8a4133c9	byte-identical
evaluation workspace (commit dc6ebc1)	data/veriqbench/combinational/rev_circuit/mod5d4.qasm	data/veriqbench/combinational/rev_circuit/mod5d4.qasm	707bdc277ff9144a5867978196e2cffb7633f9e06b6249c21b1e07375ae51260	707bdc277ff9144a5867978196e2cffb7633f9e06b6249c21b1e07375ae51260	byte-identical
evaluation workspace (commit dc6ebc1)	data/veriqbench/combinational/rev_circuit/mod5mils.qasm	data/veriqbench/combinational/rev_circuit/mod5mils.qasm	d12b76f7c6a741655a49ec1f33fc184dc34e23b6ea4b3dfed938ff030fb3f1e5	d12b76f7c6a741655a49ec1f33fc184dc34e23b6ea4b3dfed938ff030fb3f1e5	byte-identical
evaluation workspace (commit dc6ebc1)	data/veriqbench/combinational/rev_circuit/mod_4mod5-n5-gc4-qc13.qasm	data/veriqbench/combinational/rev_circuit/mod_4mod5-n5-gc4-qc13.qasm	3eccd32813c4f6494ea227cee04dc8e0e9bb95b9541069733d09f24126846207	3eccd32813c4f6494ea227cee04dc8e0e9bb95b9541069733d09f24126846207	byte-identical
evaluation workspace (commit dc6ebc1)	data/veriqbench/combinational/rev_circuit/mod_5mod5-n6-gc7-qc429.qasm	data/veriqbench/combinational/rev_circuit/mod_5mod5-n6-gc7-qc429.qasm	10c7cd11230057795f1e64894685d6f9e4ce8e6ea76513dde748d9eb8e67ef7d	10c7cd11230057795f1e64894685d6f9e4ce8e6ea76513dde748d9eb8e67ef7d	byte-identical
evaluation workspace (commit dc6ebc1)	data/veriqbench/combinational/rev_circuit/mspk_4_49_12.qasm	data/veriqbench/combinational/rev_circuit/mspk_4_49_12.qasm	170599cbb073dcf0be330c307f4fc377355c8f4293ba710960a4e25e9380c923	170599cbb073dcf0be330c307f4fc377355c8f4293ba710960a4e25e9380c923	byte-identical
evaluation workspace (commit dc6ebc1)	data/veriqbench/combinational/rev_circuit/mspk_4_49_13.qasm	data/veriqbench/combinational/rev_circuit/mspk_4_49_13.qasm	6253e05399a0d34e8027d82ce808ae1076b6293a6d6cccd49245750708467b00	6253e05399a0d34e8027d82ce808ae1076b6293a6d6cccd49245750708467b00	byte-identical
evaluation workspace (commit dc6ebc1)	data/veriqbench/combinational/rev_circuit/mspk_4_49_14.qasm	data/veriqbench/combinational/rev_circuit/mspk_4_49_14.qasm	58486ae92a6c6971ca72940ac976c5384a4cce1d1a240c9675dc4b15af293bb9	58486ae92a6c6971ca72940ac976c5384a4cce1d1a240c9675dc4b15af293bb9	byte-identical
evaluation workspace (commit dc6ebc1)	data/veriqbench/combinational/rev_circuit/mspk_4b15g_1.qasm	data/veriqbench/combinational/rev_circuit/mspk_4b15g_1.qasm	bba9435f26e33dab428f8adcee2b4e08393d63db59d7778a9070365806200c41	bba9435f26e33dab428f8adcee2b4e08393d63db59d7778a9070365806200c41	byte-identical
evaluation workspace (commit dc6ebc1)	data/veriqbench/combinational/rev_circuit/mspk_4b15g_2.qasm	data/veriqbench/combinational/rev_circuit/mspk_4b15g_2.qasm	1502193901ec224fd52f92fff107c5f1ebbf99238fa685620c9f7ae267771183	1502193901ec224fd52f92fff107c5f1ebbf99238fa685620c9f7ae267771183	byte-identical
evaluation workspace (commit dc6ebc1)	data/veriqbench/combinational/rev_circuit/mspk_4b15g_3.qasm	data/veriqbench/combinational/rev_circuit/mspk_4b15g_3.qasm	b16109b61bebcc1b821fce972d638b8b2b36f8ec64c6e118e8ce34a24f1e93fd	b16109b61bebcc1b821fce972d638b8b2b36f8ec64c6e118e8ce34a24f1e93fd	byte-identical
evaluation workspace (commit dc6ebc1)	data/veriqbench/combinational/rev_circuit/mspk_4b15g_4.qasm	data/veriqbench/combinational/rev_circuit/mspk_4b15g_4.qasm	22cb151ebfb63427e62db953d43f0a315fbde5a2563084c1f3f9967d70a99372	22cb151ebfb63427e62db953d43f0a315fbde5a2563084c1f3f9967d70a99372	byte-identical
evaluation workspace (commit dc6ebc1)	data/veriqbench/combinational/rev_circuit/mspk_4b15g_5.qasm	data/veriqbench/combinational/rev_circuit/mspk_4b15g_5.qasm	23a8b04c4ef805e3a19ad9e98c3b598232bbb97b3152d19782ca7eaeccea2e8c	23a8b04c4ef805e3a19ad9e98c3b598232bbb97b3152d19782ca7eaeccea2e8c	byte-identical
evaluation workspace (commit dc6ebc1)	data/veriqbench/combinational/rev_circuit/mspk_hwb4_12.qasm	data/veriqbench/combinational/rev_circuit/mspk_hwb4_12.qasm	57c97df6535c97b7d3adcd39d51d2dbd999cf0cc24a7288e3a30ef173d480b95	57c97df6535c97b7d3adcd39d51d2dbd999cf0cc24a7288e3a30ef173d480b95	byte-identical
evaluation workspace (commit dc6ebc1)	data/veriqbench/combinational/rev_circuit/mspk_hwb4_13.qasm	data/veriqbench/combinational/rev_circuit/mspk_hwb4_13.qasm	0ff65091025181e6d6ac05fe81e61be3bee311d60376880e4ade7255f812fbe5	0ff65091025181e6d6ac05fe81e61be3bee311d60376880e4ade7255f812fbe5	byte-identical
evaluation workspace (commit dc6ebc1)	data/veriqbench/combinational/rev_circuit/mspk_hwb5_31_91_opt_38_80.qasm	data/veriqbench/combinational/rev_circuit/mspk_hwb5_31_91_opt_38_80.qasm	c0ec178a1f27146a4421d8ed5403be0824f15a049dfc2c71947864ebec5f8ee0	c0ec178a1f27146a4421d8ed5403be0824f15a049dfc2c71947864ebec5f8ee0	byte-identical
evaluation workspace (commit dc6ebc1)	data/veriqbench/combinational/rev_circuit/mspk_nth_prime5_inc_29_91_opt_36_80.qasm	data/veriqbench/combinational/rev_circuit/mspk_nth_prime5_inc_29_91_opt_36_80.qasm	785ee24b1432ef40756cd3350a0c55498a5ad6fd5f653dd5a109ef8b6d007c76	785ee24b1432ef40756cd3350a0c55498a5ad6fd5f653dd5a109ef8b6d007c76	byte-identical
evaluation workspace (commit dc6ebc1)	data/veriqbench/combinational/rev_circuit/mspk_nth_primes4_11.qasm	data/veriqbench/combinational/rev_circuit/mspk_nth_primes4_11.qasm	761a14ab921ef85de31ded1b25109e8b53d3107de254314e75ce6d1d722be304	761a14ab921ef85de31ded1b25109e8b53d3107de254314e75ce6d1d722be304	byte-identical
evaluation workspace (commit dc6ebc1)	data/veriqbench/combinational/rev_circuit/mspk_nth_primes4_12.qasm	data/veriqbench/combinational/rev_circuit/mspk_nth_primes4_12.qasm	ac8b5bde319b41118e026db83ad6ddde8b52c3994c43f621f5722bcd22060349	ac8b5bde319b41118e026db83ad6ddde8b52c3994c43f621f5722bcd22060349	byte-identical
evaluation workspace (commit dc6ebc1)	data/veriqbench/combinational/rev_circuit/mspk_nth_primes4_13.qasm	data/veriqbench/combinational/rev_circuit/mspk_nth_primes4_13.qasm	d09d92a96ac1a10fd71d6f010bde0b42eb1b4901d0e66baf0527ae207179133f	d09d92a96ac1a10fd71d6f010bde0b42eb1b4901d0e66baf0527ae207179133f	byte-identical
evaluation workspace (commit dc6ebc1)	data/veriqbench/combinational/rev_circuit/mspk_nth_primes4_14.qasm	data/veriqbench/combinational/rev_circuit/mspk_nth_primes4_14.qasm	e799480fa5aed768a7a258bdf1b0b1a7daea964c7c4a4475b6e640233cad732c	e799480fa5aed768a7a258bdf1b0b1a7daea964c7c4a4475b6e640233cad732c	byte-identical
evaluation workspace (commit dc6ebc1)	data/veriqbench/combinational/rev_circuit/nth_prime07_inc-n7-gc440-qc10989.qasm	data/veriqbench/combinational/rev_circuit/nth_prime07_inc-n7-gc440-qc10989.qasm	1f16e2686fff4344717ce4b7df7f39965f47a992fdefc1f50c42daf23f07927e	1f16e2686fff4344717ce4b7df7f39965f47a992fdefc1f50c42daf23f07927e	byte-identical
evaluation workspace (commit dc6ebc1)	data/veriqbench/combinational/rev_circuit/nth_prime07_inc-n7-gc489-qc10898.qasm	data/veriqbench/combinational/rev_circuit/nth_prime07_inc-n7-gc489-qc10898.qasm	5969933e73479ed9a3a80757153c0c84733a1b9955fbf207eeec6f6b44586129	5969933e73479ed9a3a80757153c0c84733a1b9955fbf207eeec6f6b44586129	byte-identical
evaluation workspace (commit dc6ebc1)	data/veriqbench/combinational/rev_circuit/nth_prime07_inc-n7-gc839-qc2284.qasm	data/veriqbench/combinational/rev_circuit/nth_prime07_inc-n7-gc839-qc2284.qasm	e2dc50928f738ad94b7f8668c56eac556dbdcedeb165e580d7837876fd76291d	e2dc50928f738ad94b7f8668c56eac556dbdcedeb165e580d7837876fd76291d	byte-identical
evaluation workspace (commit dc6ebc1)	data/veriqbench/combinational/rev_circuit/nth_prime08_inc-n8-gc1692-qc6339.qasm	data/veriqbench/combinational/rev_circuit/nth_prime08_inc-n8-gc1692-qc6339.qasm	9480ecf0e0d4c02dd0559b2ff6ba8b2df54e23e4cd37256e6c2bf7a90b66f8c0	9480ecf0e0d4c02dd0559b2ff6ba8b2df54e23e4cd37256e6c2bf7a90b66f8c0	byte-identical
evaluation workspace (commit dc6ebc1)	data/veriqbench/combinational/rev_circuit/nth_prime08_inc-n8-gc986-qc10227.qasm	data/veriqbench/combinational/rev_circuit/nth_prime08_inc-n8-gc986-qc10227.qasm	623a315465358eee2278cf6cbe30abcfea50a7fbca52c0ef3c19c60241287004	623a315465358eee2278cf6cbe30abcfea50a7fbca52c0ef3c19c60241287004	byte-identical
evaluation workspace (commit dc6ebc1)	data/veriqbench/combinational/rev_circuit/nth_prime09_inc-n10-gc2234-qc22181.qasm	data/veriqbench/combinational/rev_circuit/nth_prime09_inc-n10-gc2234-qc22181.qasm	42d619fb394dd03dd0d1b59864f0ddebf461ec9797dd66530b334dde05af6d4a	42d619fb394dd03dd0d1b59864f0ddebf461ec9797dd66530b334dde05af6d4a	byte-identical
evaluation workspace (commit dc6ebc1)	data/veriqbench/combinational/rev_circuit/nth_prime09_inc-n10-gc3956-qc19464.qasm	data/veriqbench/combinational/rev_circuit/nth_prime09_inc-n10-gc3956-qc19464.qasm	789848cc5134c46749dd20694d2c36fab2b90726731eb802341180f59c207aa5	789848cc5134c46749dd20694d2c36fab2b90726731eb802341180f59c207aa5	byte-identical
evaluation workspace (commit dc6ebc1)	data/veriqbench/combinational/rev_circuit/nth_prime10_inc-n11-gc5207-qc50152.qasm	data/veriqbench/combinational/rev_circuit/nth_prime10_inc-n11-gc5207-qc50152.qasm	2b4cae45ad41601d89f8227771dc29cab4fe6f67128eff73899f28039ab754a4	2b4cae45ad41601d89f8227771dc29cab4fe6f67128eff73899f28039ab754a4	byte-identical
evaluation workspace (commit dc6ebc1)	data/veriqbench/combinational/rev_circuit/nth_prime10_inc_16626_40299.qasm	data/veriqbench/combinational/rev_circuit/nth_prime10_inc_16626_40299.qasm	bcc968baa96792d0c727975ca20c4a7ce9b50fea444ec1bb5ea7cfb1218a29f4	bcc968baa96792d0c727975ca20c4a7ce9b50fea444ec1bb5ea7cfb1218a29f4	byte-identical
evaluation workspace (commit dc6ebc1)	data/veriqbench/combinational/rev_circuit/nth_prime11_inc-n12-gc11765-qc124408.qasm	data/veriqbench/combinational/rev_circuit/nth_prime11_inc-n12-gc11765-qc124408.qasm	aaca1bf451fdb10ceef1e1b3ed48dfc231a466b35d4f0b8d6973058211acbdb4	aaca1bf451fdb10ceef1e1b3ed48dfc231a466b35d4f0b8d6973058211acbdb4	byte-identical
evaluation workspace (commit dc6ebc1)	data/veriqbench/combinational/rev_circuit/nth_prime11_inc_35335_95431.qasm	data/veriqbench/combinational/rev_circuit/nth_prime11_inc_35335_95431.qasm	e24eb63b3474af2fd58bc284c06b9ca524de6b1d9e1bcc74df22a818e03242e1	e24eb63b3474af2fd58bc284c06b9ca524de6b1d9e1bcc74df22a818e03242e1	byte-identical
evaluation workspace (commit dc6ebc1)	data/veriqbench/combinational/rev_circuit/nth_prime12_inc_75933_208227.qasm	data/veriqbench/combinational/rev_circuit/nth_prime12_inc_75933_208227.qasm	7e56b1e2a5d3f567d19da07f65c552c87a1517cc90acf2c72c2e856eef3297c7	7e56b1e2a5d3f567d19da07f65c552c87a1517cc90acf2c72c2e856eef3297c7	byte-identical
evaluation workspace (commit dc6ebc1)	data/veriqbench/combinational/rev_circuit/nth_prime3_inc.qasm	data/veriqbench/combinational/rev_circuit/nth_prime3_inc.qasm	994399d8aa283b43f91818417bf791747861bbf0fd6ef9e257b304ac7745960e	994399d8aa283b43f91818417bf791747861bbf0fd6ef9e257b304ac7745960e	byte-identical
evaluation workspace (commit dc6ebc1)	data/veriqbench/combinational/rev_circuit/nth_prime4_inc_15_51.qasm	data/veriqbench/combinational/rev_circuit/nth_prime4_inc_15_51.qasm	a536641eeec32e492143d5102373c0f6b734a93ea58811ab9c7a1216821b41b5	a536641eeec32e492143d5102373c0f6b734a93ea58811ab9c7a1216821b41b5	byte-identical
evaluation workspace (commit dc6ebc1)	data/veriqbench/combinational/rev_circuit/nth_prime4_inc_d1.qasm	data/veriqbench/combinational/rev_circuit/nth_prime4_inc_d1.qasm	dddebc31a1198d3c72112bec7d9a98af0d58964a741d1582289720772eadb5ae	dddebc31a1198d3c72112bec7d9a98af0d58964a741d1582289720772eadb5ae	byte-identical
evaluation workspace (commit dc6ebc1)	data/veriqbench/combinational/rev_circuit/nth_prime4_inc_d2.qasm	data/veriqbench/combinational/rev_circuit/nth_prime4_inc_d2.qasm	557318a56df8998cb39fd1bf546d7581eaa9511ff57da87e81f569735ea045c6	557318a56df8998cb39fd1bf546d7581eaa9511ff57da87e81f569735ea045c6	byte-identical
evaluation workspace (commit dc6ebc1)	data/veriqbench/combinational/rev_circuit/nth_prime5_inc-28-96.qasm	data/veriqbench/combinational/rev_circuit/nth_prime5_inc-28-96.qasm	c8a25517ffc4599083057fe596e1f043af1990e2b5c39149293f0932417bb723	c8a25517ffc4599083057fe596e1f043af1990e2b5c39149293f0932417bb723	byte-identical
evaluation workspace (commit dc6ebc1)	data/veriqbench/combinational/rev_circuit/nth_prime5_inc_25_103.qasm	data/veriqbench/combinational/rev_circuit/nth_prime5_inc_25_103.qasm	49cb14f6ca9fdb166d32ad09d12865dcdd06882067ebfb00576c6d6c087dbf78	49cb14f6ca9fdb166d32ad09d12865dcdd06882067ebfb00576c6d6c087dbf78	byte-identical
evaluation workspace (commit dc6ebc1)	data/veriqbench/combinational/rev_circuit/nth_prime5_inc_29_91.qasm	data/veriqbench/combinational/rev_circuit/nth_prime5_inc_29_91.qasm	49ace4b50b4707ad192ace40677da59622b79b1bed7c6ed06e8606f73e8fa285	49ace4b50b4707ad192ace40677da59622b79b1bed7c6ed06e8606f73e8fa285	byte-identical
evaluation workspace (commit dc6ebc1)	data/veriqbench/combinational/rev_circuit/nth_prime6_inc-57-485.qasm	data/veriqbench/combinational/rev_circuit/nth_prime6_inc-57-485.qasm	f7a9c6893715242fd6166420e1f2536100aed46cbe9dc6957ff07f2d2f6170eb	f7a9c6893715242fd6166420e1f2536100aed46cbe9dc6957ff07f2d2f6170eb	byte-identical
evaluation workspace (commit dc6ebc1)	data/veriqbench/combinational/rev_circuit/nth_prime6_inc_55_667.qasm	data/veriqbench/combinational/rev_circuit/nth_prime6_inc_55_667.qasm	a7f57d04c6d4e0f65719b0f2929dc8515a326f462029d215f6eaa318e65e4822	a7f57d04c6d4e0f65719b0f2929dc8515a326f462029d215f6eaa318e65e4822	byte-identical
evaluation workspace (commit dc6ebc1)	data/veriqbench/combinational/rev_circuit/nth_prime7_inc_1427_3172.qasm	data/veriqbench/combinational/rev_circuit/nth_prime7_inc_1427_3172.qasm	669dd2eda7e5efa3d01b7d918635bd75a70f28b1230c60f10afafb210ebf3f57	669dd2eda7e5efa3d01b7d918635bd75a70f28b1230c60f10afafb210ebf3f57	byte-identical
evaluation workspace (commit dc6ebc1)	data/veriqbench/combinational/rev_circuit/nth_prime8_inc_3346_7618.qasm	data/veriqbench/combinational/rev_circuit/nth_prime8_inc_3346_7618.qasm	e7bac99e6acfa4fcfe88be5d824e9638484b132f962ddf54dc67c99026ea0948	e7bac99e6acfa4fcfe88be5d824e9638484b132f962ddf54dc67c99026ea0948	byte-identical
evaluation workspace (commit dc6ebc1)	data/veriqbench/combinational/rev_circuit/nth_prime9_inc_7522_17975.qasm	data/veriqbench/combinational/rev_circuit/nth_prime9_inc_7522_17975.qasm	9990fc35e00e29fd2d8d4974a8b1aad4967a1c965d44c683b50e63af54ffc226	9990fc35e00e29fd2d8d4974a8b1aad4967a1c965d44c683b50e63af54ffc226	byte-identical
evaluation workspace (commit dc6ebc1)	data/veriqbench/combinational/rev_circuit/permanent2x2-gc3-qc39.qasm	data/veriqbench/combinational/rev_circuit/permanent2x2-gc3-qc39.qasm	c644e5b0d3ca84414e6d9eb5da7715b6002305b67a64c35330a5b63c2c48ec65	c644e5b0d3ca84414e6d9eb5da7715b6002305b67a64c35330a5b63c2c48ec65	byte-identical
evaluation workspace (commit dc6ebc1)	data/veriqbench/combinational/rev_circuit/permanent3x3-gc30-qc1872.qasm	data/veriqbench/combinational/rev_circuit/permanent3x3-gc30-qc1872.qasm	a715f3ab69f8263484b2a6d8d1380c3f32a636818449ef92ec2edad4c5fe181c	a715f3ab69f8263484b2a6d8d1380c3f32a636818449ef92ec2edad4c5fe181c	byte-identical
evaluation workspace (commit dc6ebc1)	data/veriqbench/combinational/rev_circuit/permanent3x3p3.qasm	data/veriqbench/combinational/rev_circuit/permanent3x3p3.qasm	a21938288fc131d0e4384c0d8e31561e24b15ea45151f1715461082da94ceb1e	a21938288fc131d0e4384c0d8e31561e24b15ea45151f1715461082da94ceb1e	byte-identical
evaluation workspace (commit dc6ebc1)	data/veriqbench/combinational/rev_circuit/rd32.qasm	data/veriqbench/combinational/rev_circuit/rd32.qasm	ff7887775041a54080cb345fe884d4a54a646b9af7c546cb98e25e17e392b49f	ff7887775041a54080cb345fe884d4a54a646b9af7c546cb98e25e17e392b49f	byte-identical
evaluation workspace (commit dc6ebc1)	data/veriqbench/combinational/rev_circuit/rd53-16-67.qasm	data/veriqbench/combinational/rev_circuit/rd53-16-67.qasm	cc44c5efbe9e5a97a0ecbb572b7518c05158e832af57080f86827ae40633b61a	cc44c5efbe9e5a97a0ecbb572b7518c05158e832af57080f86827ae40633b61a	byte-identical
evaluation workspace (commit dc6ebc1)	data/veriqbench/combinational/rev_circuit/rd53d1-n7-gc11-qc96.qasm	data/veriqbench/combinational/rev_circuit/rd53d1-n7-gc11-qc96.qasm	cba1196e04803965bf3374257e0cdf1fd8a16f9d50f38348a52917418a890fe3	cba1196e04803965bf3374257e0cdf1fd8a16f9d50f38348a52917418a890fe3	byte-identical
evaluation workspace (commit dc6ebc1)	data/veriqbench/combinational/rev_circuit/rd53d1-n7-gc12-qc82.qasm	data/veriqbench/combinational/rev_circuit/rd53d1-n7-gc12-qc82.qasm	e6173781fbae609ad3007716fc598f5bab4541fdf0d531f15416fde8d00c5a9d	e6173781fbae609ad3007716fc598f5bab4541fdf0d531f15416fde8d00c5a9d	byte-identical
evaluation workspace (commit dc6ebc1)	data/veriqbench/combinational/rev_circuit/rd53d1-n7-gc12-qc95.qasm	data/veriqbench/combinational/rev_circuit/rd53d1-n7-gc12-qc95.qasm	df74fd81666d5d4efb68ea9b41edcb54d1a5e05a9d077ea01b989b158b76d5b9	df74fd81666d5d4efb68ea9b41edcb54d1a5e05a9d077ea01b989b158b76d5b9	byte-identical
evaluation workspace (commit dc6ebc1)	data/veriqbench/combinational/rev_circuit/rd53d1.qasm	data/veriqbench/combinational/rev_circuit/rd53d1.qasm	00ec405f75818ba58087141fa3659b8aae963cc65ac04cc800d023a1136c47ba	00ec405f75818ba58087141fa3659b8aae963cc65ac04cc800d023a1136c47ba	byte-identical
evaluation workspace (commit dc6ebc1)	data/veriqbench/combinational/rev_circuit/rd53d15.qasm	data/veriqbench/combinational/rev_circuit/rd53d15.qasm	c39b7f0b5039543c9676176408d9265c30fdd21208b6fbd3d1072ceaac2de50b	c39b7f0b5039543c9676176408d9265c30fdd21208b6fbd3d1072ceaac2de50b	byte-identical
evaluation workspace (commit dc6ebc1)	data/veriqbench/combinational/rev_circuit/rd53d1mils.qasm	data/veriqbench/combinational/rev_circuit/rd53d1mils.qasm	c12d38d33e7ed489d138cf7d585c8d6ad2a460c96031484bd5ae68c4e11a6a6c	c12d38d33e7ed489d138cf7d585c8d6ad2a460c96031484bd5ae68c4e11a6a6c	byte-identical
evaluation workspace (commit dc6ebc1)	data/veriqbench/combinational/rev_circuit/rd53d2.qasm	data/veriqbench/combinational/rev_circuit/rd53d2.qasm	3bf0f525457e4c01dfc886e0311258d7d93a2f4ff989d85b0222fad65b5337a4	3bf0f525457e4c01dfc886e0311258d7d93a2f4ff989d85b0222fad65b5337a4	byte-identical
evaluation workspace (commit dc6ebc1)	data/veriqbench/combinational/rev_circuit/rd53rcmg.qasm	data/veriqbench/combinational/rev_circuit/rd53rcmg.qasm	f393dd252b22f86bd2f18d14625f051bd46dfbd106ff25700435259f106f0da7	f393dd252b22f86bd2f18d14625f051bd46dfbd106ff25700435259f106f0da7	byte-identical
evaluation workspace (commit dc6ebc1)	data/veriqbench/combinational/rev_circuit/rd73d2-n9-gc296-qc43421.qasm	data/veriqbench/combinational/rev_circuit/rd73d2-n9-gc296-qc43421.qasm	6af3cc34e049f32f3bf81a96e87bf4306c994deb65838c1af404d38afee6c417	6af3cc34e049f32f3bf81a96e87bf4306c994deb65838c1af404d38afee6c417	byte-identical
evaluation workspace (commit dc6ebc1)	data/veriqbench/combinational/rev_circuit/rd73d2-n9-gc835-qc4069.qasm	data/veriqbench/combinational/rev_circuit/rd73d2-n9-gc835-qc4069.qasm	997f14cb7f629e16688fdc0a92e19ecee84001f4e49527edca691063343e82f6	997f14cb7f629e16688fdc0a92e19ecee84001f4e49527edca691063343e82f6	byte-identical
evaluation workspace (commit dc6ebc1)	data/veriqbench/combinational/rev_circuit/rd73d2.qasm	data/veriqbench/combinational/rev_circuit/rd73d2.qasm	51234b81fa49aca6ba86241501d7dc2eb2ea36ae17b48f55f1daaefaafbff506	51234b81fa49aca6ba86241501d7dc2eb2ea36ae17b48f55f1daaefaafbff506	byte-identical
evaluation workspace (commit dc6ebc1)	data/veriqbench/combinational/rev_circuit/rd84d1-n11-gc2560-qc12397.qasm	data/veriqbench/combinational/rev_circuit/rd84d1-n11-gc2560-qc12397.qasm	2aebaffc97bbef60cc380271c30202776ce53bcc482c670b2bbaa325e785fa68	2aebaffc97bbef60cc380271c30202776ce53bcc482c670b2bbaa325e785fa68	byte-identical
evaluation workspace (commit dc6ebc1)	data/veriqbench/combinational/rev_circuit/rd84d1-n11-gc679-qc359384.qasm	data/veriqbench/combinational/rev_circuit/rd84d1-n11-gc679-qc359384.qasm	fbd1e5b3822deab588c82c917938b759cc70b877f24741bf57dee3d1815e1508	fbd1e5b3822deab588c82c917938b759cc70b877f24741bf57dee3d1815e1508	byte-identical
evaluation workspace (commit dc6ebc1)	data/veriqbench/combinational/rev_circuit/rd84d1.qasm	data/veriqbench/combinational/rev_circuit/rd84d1.qasm	2c63a5f6cc7e3d07c6b0ebb1c2cc65dfbb4090f80018114b35f18c0ce93fda38	2c63a5f6cc7e3d07c6b0ebb1c2cc65dfbb4090f80018114b35f18c0ce93fda38	byte-identical
evaluation workspace (commit dc6ebc1)	data/veriqbench/combinational/rev_circuit/symmetric_6-n7-gc14-qc1308.qasm	data/veriqbench/combinational/rev_circuit/symmetric_6-n7-gc14-qc1308.qasm	5890825242601b609607b4d10f2e585214c022f00e3fae5765417babb2a211a5	5890825242601b609607b4d10f2e585214c022f00e3fae5765417babb2a211a5	byte-identical
evaluation workspace (commit dc6ebc1)	data/veriqbench/combinational/rev_circuit/symmetric_6-n7-gc15-qc825.qasm	data/veriqbench/combinational/rev_circuit/symmetric_6-n7-gc15-qc825.qasm	de948473d5fcd75ac04482bd6928668b478d1c65fdf6374cea9e60031b3b5c2b	de948473d5fcd75ac04482bd6928668b478d1c65fdf6374cea9e60031b3b5c2b	byte-identical
evaluation workspace (commit dc6ebc1)	data/veriqbench/combinational/rev_circuit/symmetric_6-n7-gc41-qc206.qasm	data/veriqbench/combinational/rev_circuit/symmetric_6-n7-gc41-qc206.qasm	c461f14583c889b3f41ca891d3a8d9f62e900cd120c70a5eb3562081a9b2ead7	c461f14583c889b3f41ca891d3a8d9f62e900cd120c70a5eb3562081a9b2ead7	byte-identical
evaluation workspace (commit dc6ebc1)	data/veriqbench/combinational/rev_circuit/symmetric_9-n10-gc347-qc1975.qasm	data/veriqbench/combinational/rev_circuit/symmetric_9-n10-gc347-qc1975.qasm	fae986e6815b77fe018fbd8c0cfe916ef49f7b8fdaa21e1b7c88f95d619b67d7	fae986e6815b77fe018fbd8c0cfe916ef49f7b8fdaa21e1b7c88f95d619b67d7	byte-identical
evaluation workspace (commit dc6ebc1)	data/veriqbench/combinational/rev_circuit/symmetric_9-n10-gc73-qc61928.qasm	data/veriqbench/combinational/rev_circuit/symmetric_9-n10-gc73-qc61928.qasm	1d312476c6c5322cf7dd4c89ed29f633918afd638ddcfe1d25bbca4b430c57a4	1d312476c6c5322cf7dd4c89ed29f633918afd638ddcfe1d25bbca4b430c57a4	byte-identical
evaluation workspace (commit dc6ebc1)	data/veriqbench/combinational/rev_circuit/symmetric_9-n10-gc74-qc31819.qasm	data/veriqbench/combinational/rev_circuit/symmetric_9-n10-gc74-qc31819.qasm	297ca2ef697cd4c7a4744659bb6ef6c68328ec4ccfce05587dd18ced217b8797	297ca2ef697cd4c7a4744659bb6ef6c68328ec4ccfce05587dd18ced217b8797	byte-identical
evaluation workspace (commit dc6ebc1)	data/veriqbench/combinational/supre_circuit/inst_10x10_10_0.qasm	data/veriqbench/combinational/supre_circuit/inst_10x10_10_0.qasm	305a0da5ee0d7eb7c3d2b9db4a355f00fa5273c8cafed7b1a1efc42982ec39f7	305a0da5ee0d7eb7c3d2b9db4a355f00fa5273c8cafed7b1a1efc42982ec39f7	byte-identical
evaluation workspace (commit dc6ebc1)	data/veriqbench/combinational/supre_circuit/inst_12x12_10_0.qasm	data/veriqbench/combinational/supre_circuit/inst_12x12_10_0.qasm	f41b588bfa1f5c2d2c40c5bb21139b60ea0343ec2457dc8d70bb523ff668b390	f41b588bfa1f5c2d2c40c5bb21139b60ea0343ec2457dc8d70bb523ff668b390	byte-identical
evaluation workspace (commit dc6ebc1)	data/veriqbench/combinational/supre_circuit/inst_7x7_10_0.qasm	data/veriqbench/combinational/supre_circuit/inst_7x7_10_0.qasm	e5a4638d60970fa77be427057d1a25467fc86a0e32939adc969be185f2c4f819	e5a4638d60970fa77be427057d1a25467fc86a0e32939adc969be185f2c4f819	byte-identical
evaluation workspace (commit dc6ebc1)	data/veriqbench/combinational/supre_circuit/inst_8x8_10_0.qasm	data/veriqbench/combinational/supre_circuit/inst_8x8_10_0.qasm	ae512ee3bfcece87569fb47a936a991191f64cea8c5142a5cd0f88a7ca25b168	ae512ee3bfcece87569fb47a936a991191f64cea8c5142a5cd0f88a7ca25b168	byte-identical
evaluation workspace (commit dc6ebc1)	data/veriqbench/combinational/supre_circuit/inst_9x9_10_0.qasm	data/veriqbench/combinational/supre_circuit/inst_9x9_10_0.qasm	91f3576bee228d39275a04942f8c5c66b3d276161a7159dcb9a268a7763156a0	91f3576bee228d39275a04942f8c5c66b3d276161a7159dcb9a268a7763156a0	byte-identical
evaluation workspace (commit dc6ebc1)	data/veriqbench/dynamic/dqc_bitflip_code.qasm	data/veriqbench/dynamic/dqc_bitflip_code.qasm	1d21cbc61973408bd6d6b8dec3d1e56cff33ff72e70c2700257305f891815039	1d21cbc61973408bd6d6b8dec3d1e56cff33ff72e70c2700257305f891815039	byte-identical
evaluation workspace (commit dc6ebc1)	data/veriqbench/dynamic/dqc_phaseflip_code.qasm	data/veriqbench/dynamic/dqc_phaseflip_code.qasm	02b9057e321df559d2b7df90ce71260a41d1515af1478cc01f72d7a028e96d2d	02b9057e321df559d2b7df90ce71260a41d1515af1478cc01f72d7a028e96d2d	byte-identical
evaluation workspace (commit dc6ebc1)	data/veriqbench/dynamic/dqc_state_injection_S.qasm	data/veriqbench/dynamic/dqc_state_injection_S.qasm	effa565c6253c49252fbc63a5d0723c926796ad60f338bfaefaea2301737b912	effa565c6253c49252fbc63a5d0723c926796ad60f338bfaefaea2301737b912	byte-identical
evaluation workspace (commit dc6ebc1)	data/veriqbench/dynamic/dqc_state_injection_T.qasm	data/veriqbench/dynamic/dqc_state_injection_T.qasm	b74333370f96a6a9857e19036f14baa0f4a5c005833d2127268c8b1624c8db5b	b74333370f96a6a9857e19036f14baa0f4a5c005833d2127268c8b1624c8db5b	byte-identical
evaluation workspace (commit dc6ebc1)	data/veriqbench/dynamic/dqc_teleportation.qasm	data/veriqbench/dynamic/dqc_teleportation.qasm	e1913a07f3d44710c16753db1f8eb16e19b2cd545c5fd4d79c09f75a2aee554a	e1913a07f3d44710c16753db1f8eb16e19b2cd545c5fd4d79c09f75a2aee554a	byte-identical
evaluation workspace (commit dc6ebc1)	data/veriqbench/dynamic/pe/dqc_pe_10.qasm	data/veriqbench/dynamic/pe/dqc_pe_10.qasm	2cdf787da6ab9c6fd4ebc8d1c526934ada46bfde2785aef944155edf3df8b0fd	2cdf787da6ab9c6fd4ebc8d1c526934ada46bfde2785aef944155edf3df8b0fd	byte-identical
evaluation workspace (commit dc6ebc1)	data/veriqbench/dynamic/pe/dqc_pe_100.qasm	data/veriqbench/dynamic/pe/dqc_pe_100.qasm	e3e8811ec6039009680f659f4eac1e702568a6be6bbd0a84b75c3a80419deb79	e3e8811ec6039009680f659f4eac1e702568a6be6bbd0a84b75c3a80419deb79	byte-identical
evaluation workspace (commit dc6ebc1)	data/veriqbench/dynamic/pe/dqc_pe_11.qasm	data/veriqbench/dynamic/pe/dqc_pe_11.qasm	6bf223d7e8afb079142ad75c8f99324d0ae993a968d0fc31817cd3fdc94fd323	6bf223d7e8afb079142ad75c8f99324d0ae993a968d0fc31817cd3fdc94fd323	byte-identical
evaluation workspace (commit dc6ebc1)	data/veriqbench/dynamic/pe/dqc_pe_12.qasm	data/veriqbench/dynamic/pe/dqc_pe_12.qasm	7ca4ef61e6406602069eba165310a4998c08e1abdc908231100255329a70ead9	7ca4ef61e6406602069eba165310a4998c08e1abdc908231100255329a70ead9	byte-identical
evaluation workspace (commit dc6ebc1)	data/veriqbench/dynamic/pe/dqc_pe_13.qasm	data/veriqbench/dynamic/pe/dqc_pe_13.qasm	6746cc05651bca7dd7cdbe90166132f0d41c0c6817c7516af2d2620ee8570154	6746cc05651bca7dd7cdbe90166132f0d41c0c6817c7516af2d2620ee8570154	byte-identical
evaluation workspace (commit dc6ebc1)	data/veriqbench/dynamic/pe/dqc_pe_14.qasm	data/veriqbench/dynamic/pe/dqc_pe_14.qasm	46c47b94219948a7cbc3d86ca3c72aef8f93d5bba5b95b502032c8aaaedfc023	46c47b94219948a7cbc3d86ca3c72aef8f93d5bba5b95b502032c8aaaedfc023	byte-identical
evaluation workspace (commit dc6ebc1)	data/veriqbench/dynamic/pe/dqc_pe_15.qasm	data/veriqbench/dynamic/pe/dqc_pe_15.qasm	49bd27e3378ad397ddc342ac0ee2cb077529da3147b4f9cb6148637a07f4a2dd	49bd27e3378ad397ddc342ac0ee2cb077529da3147b4f9cb6148637a07f4a2dd	byte-identical
evaluation workspace (commit dc6ebc1)	data/veriqbench/dynamic/pe/dqc_pe_16.qasm	data/veriqbench/dynamic/pe/dqc_pe_16.qasm	3b3feb2a84d33429ba3fbdfc3e90dc9c086d8ae56cb900e9d0bc4619bd19dde1	3b3feb2a84d33429ba3fbdfc3e90dc9c086d8ae56cb900e9d0bc4619bd19dde1	byte-identical
evaluation workspace (commit dc6ebc1)	data/veriqbench/dynamic/pe/dqc_pe_17.qasm	data/veriqbench/dynamic/pe/dqc_pe_17.qasm	72683d0e07649df2f30d5e92824633684daa71df6ed884cf5fb087757c22ff6c	72683d0e07649df2f30d5e92824633684daa71df6ed884cf5fb087757c22ff6c	byte-identical
evaluation workspace (commit dc6ebc1)	data/veriqbench/dynamic/pe/dqc_pe_18.qasm	data/veriqbench/dynamic/pe/dqc_pe_18.qasm	03821b9ab83191bdeca0e677dff63584c1d4f882afbbb104d6f922341a098655	03821b9ab83191bdeca0e677dff63584c1d4f882afbbb104d6f922341a098655	byte-identical
evaluation workspace (commit dc6ebc1)	data/veriqbench/dynamic/pe/dqc_pe_19.qasm	data/veriqbench/dynamic/pe/dqc_pe_19.qasm	db0cc85651baf597e323d7403255a4cbf4ff9b63d0810b25fa630df9e23cad74	db0cc85651baf597e323d7403255a4cbf4ff9b63d0810b25fa630df9e23cad74	byte-identical
evaluation workspace (commit dc6ebc1)	data/veriqbench/dynamic/pe/dqc_pe_2.qasm	data/veriqbench/dynamic/pe/dqc_pe_2.qasm	eb23fb106239a442d42eee07e4c23aacf0dd596a7b242122b27e46281b09a50c	eb23fb106239a442d42eee07e4c23aacf0dd596a7b242122b27e46281b09a50c	byte-identical
evaluation workspace (commit dc6ebc1)	data/veriqbench/dynamic/pe/dqc_pe_20.qasm	data/veriqbench/dynamic/pe/dqc_pe_20.qasm	8b97b1eb39a5516961e44f436eb82e12f821b6c0e652e60d6127f77171f228a3	8b97b1eb39a5516961e44f436eb82e12f821b6c0e652e60d6127f77171f228a3	byte-identical
evaluation workspace (commit dc6ebc1)	data/veriqbench/dynamic/pe/dqc_pe_21.qasm	data/veriqbench/dynamic/pe/dqc_pe_21.qasm	25329ded6a81e3986f580334c011e5ad3ba6e6f9fdd97da46bf47ea68d96942a	25329ded6a81e3986f580334c011e5ad3ba6e6f9fdd97da46bf47ea68d96942a	byte-identical
evaluation workspace (commit dc6ebc1)	data/veriqbench/dynamic/pe/dqc_pe_22.qasm	data/veriqbench/dynamic/pe/dqc_pe_22.qasm	c8f740072be85d9ba1105098caba01445ed957739761dfc507e4f96dc85a73dc	c8f740072be85d9ba1105098caba01445ed957739761dfc507e4f96dc85a73dc	byte-identical
evaluation workspace (commit dc6ebc1)	data/veriqbench/dynamic/pe/dqc_pe_23.qasm	data/veriqbench/dynamic/pe/dqc_pe_23.qasm	c1bb1a1ebcd999c8af9ec4a5ff60477b475274b0a2f0ae0f846b361ea54f6308	c1bb1a1ebcd999c8af9ec4a5ff60477b475274b0a2f0ae0f846b361ea54f6308	byte-identical
evaluation workspace (commit dc6ebc1)	data/veriqbench/dynamic/pe/dqc_pe_24.qasm	data/veriqbench/dynamic/pe/dqc_pe_24.qasm	560d9154105e997b7d85b6b381270dd0ad2c61328312d44f05dc952f26037461	560d9154105e997b7d85b6b381270dd0ad2c61328312d44f05dc952f26037461	byte-identical
evaluation workspace (commit dc6ebc1)	data/veriqbench/dynamic/pe/dqc_pe_25.qasm	data/veriqbench/dynamic/pe/dqc_pe_25.qasm	e51375b1cc76a53547cb60701a9c57d2b8782d95766ed7720868d098cadb1fa7	e51375b1cc76a53547cb60701a9c57d2b8782d95766ed7720868d098cadb1fa7	byte-identical
evaluation workspace (commit dc6ebc1)	data/veriqbench/dynamic/pe/dqc_pe_26.qasm	data/veriqbench/dynamic/pe/dqc_pe_26.qasm	d080eea7438ba873e6d4dd2a9c51fd863b0114d9a55f4ed27d6d20c5d38d389f	d080eea7438ba873e6d4dd2a9c51fd863b0114d9a55f4ed27d6d20c5d38d389f	byte-identical
evaluation workspace (commit dc6ebc1)	data/veriqbench/dynamic/pe/dqc_pe_27.qasm	data/veriqbench/dynamic/pe/dqc_pe_27.qasm	67992a2b53d1212d504e97b7e230dc277ef7bd604d4140dcc7ddbaa6fef885a7	67992a2b53d1212d504e97b7e230dc277ef7bd604d4140dcc7ddbaa6fef885a7	byte-identical
evaluation workspace (commit dc6ebc1)	data/veriqbench/dynamic/pe/dqc_pe_28.qasm	data/veriqbench/dynamic/pe/dqc_pe_28.qasm	f73e1c138051514c48ae669683ced8f9286e8e93eb308b7df76080f59959d106	f73e1c138051514c48ae669683ced8f9286e8e93eb308b7df76080f59959d106	byte-identical
evaluation workspace (commit dc6ebc1)	data/veriqbench/dynamic/pe/dqc_pe_29.qasm	data/veriqbench/dynamic/pe/dqc_pe_29.qasm	315934aadc68b596be800caa912856e3d759981eebbe3a10030a25e229262657	315934aadc68b596be800caa912856e3d759981eebbe3a10030a25e229262657	byte-identical
evaluation workspace (commit dc6ebc1)	data/veriqbench/dynamic/pe/dqc_pe_3.qasm	data/veriqbench/dynamic/pe/dqc_pe_3.qasm	03e3635028afb41f33bcf690bd318b011cec429bad7b2c8d7cbadc794fc6ef55	03e3635028afb41f33bcf690bd318b011cec429bad7b2c8d7cbadc794fc6ef55	byte-identical
evaluation workspace (commit dc6ebc1)	data/veriqbench/dynamic/pe/dqc_pe_30.qasm	data/veriqbench/dynamic/pe/dqc_pe_30.qasm	8e34baa3d4901cab07939bd44fccd8c812f707719c6d6130f3afb314ac09c31e	8e34baa3d4901cab07939bd44fccd8c812f707719c6d6130f3afb314ac09c31e	byte-identical
evaluation workspace (commit dc6ebc1)	data/veriqbench/dynamic/pe/dqc_pe_31.qasm	data/veriqbench/dynamic/pe/dqc_pe_31.qasm	5ee393e3b3dd3b5c4e53dd29a6f0295f28d02dbfaa84028a37170b6604175f0f	5ee393e3b3dd3b5c4e53dd29a6f0295f28d02dbfaa84028a37170b6604175f0f	byte-identical
evaluation workspace (commit dc6ebc1)	data/veriqbench/dynamic/pe/dqc_pe_32.qasm	data/veriqbench/dynamic/pe/dqc_pe_32.qasm	81dbb134d527375f537f15c0a5c5fe0fcabd030e6f1ab77d5e8b9383d555abf8	81dbb134d527375f537f15c0a5c5fe0fcabd030e6f1ab77d5e8b9383d555abf8	byte-identical
evaluation workspace (commit dc6ebc1)	data/veriqbench/dynamic/pe/dqc_pe_33.qasm	data/veriqbench/dynamic/pe/dqc_pe_33.qasm	e1acd6dc7833561770935fe78f2162577784d24111bf1db16f32ad3d54579f3b	e1acd6dc7833561770935fe78f2162577784d24111bf1db16f32ad3d54579f3b	byte-identical
evaluation workspace (commit dc6ebc1)	data/veriqbench/dynamic/pe/dqc_pe_34.qasm	data/veriqbench/dynamic/pe/dqc_pe_34.qasm	762d409fd7facdd5112e17ac6ae58fe5d9693de0c0eecd9abffbb4987a436368	762d409fd7facdd5112e17ac6ae58fe5d9693de0c0eecd9abffbb4987a436368	byte-identical
evaluation workspace (commit dc6ebc1)	data/veriqbench/dynamic/pe/dqc_pe_35.qasm	data/veriqbench/dynamic/pe/dqc_pe_35.qasm	857159720718f5249cbec01f301feacdd59e1cf588403ba653f5dcc46192defe	857159720718f5249cbec01f301feacdd59e1cf588403ba653f5dcc46192defe	byte-identical
evaluation workspace (commit dc6ebc1)	data/veriqbench/dynamic/pe/dqc_pe_36.qasm	data/veriqbench/dynamic/pe/dqc_pe_36.qasm	396006327433d014bd14b18ee01d1bc0c07e5f07213123ccb06e30c48e2f7da4	396006327433d014bd14b18ee01d1bc0c07e5f07213123ccb06e30c48e2f7da4	byte-identical
evaluation workspace (commit dc6ebc1)	data/veriqbench/dynamic/pe/dqc_pe_37.qasm	data/veriqbench/dynamic/pe/dqc_pe_37.qasm	68e50952dee12c052b718011d456d18d0f16506f9ea9152d93ecfa4205d6db36	68e50952dee12c052b718011d456d18d0f16506f9ea9152d93ecfa4205d6db36	byte-identical
evaluation workspace (commit dc6ebc1)	data/veriqbench/dynamic/pe/dqc_pe_38.qasm	data/veriqbench/dynamic/pe/dqc_pe_38.qasm	ee26bffb490e14b86a6075f5b3e0f952dfb34dca678cd11f9510510b564f3449	ee26bffb490e14b86a6075f5b3e0f952dfb34dca678cd11f9510510b564f3449	byte-identical
evaluation workspace (commit dc6ebc1)	data/veriqbench/dynamic/pe/dqc_pe_39.qasm	data/veriqbench/dynamic/pe/dqc_pe_39.qasm	c519dd24e733ebb135c3c6bb6d155412d09a31b189d57216fa43707b00673097	c519dd24e733ebb135c3c6bb6d155412d09a31b189d57216fa43707b00673097	byte-identical
evaluation workspace (commit dc6ebc1)	data/veriqbench/dynamic/pe/dqc_pe_4.qasm	data/veriqbench/dynamic/pe/dqc_pe_4.qasm	962bd61b8c3b70cae7b67d7ed080973ccc855f6a0710b3fdbc2145f4d2928096	962bd61b8c3b70cae7b67d7ed080973ccc855f6a0710b3fdbc2145f4d2928096	byte-identical
evaluation workspace (commit dc6ebc1)	data/veriqbench/dynamic/pe/dqc_pe_40.qasm	data/veriqbench/dynamic/pe/dqc_pe_40.qasm	af9acea8a2589cbac10851fb74c3f82cacfad4186e452bd533cec679d00b0438	af9acea8a2589cbac10851fb74c3f82cacfad4186e452bd533cec679d00b0438	byte-identical
evaluation workspace (commit dc6ebc1)	data/veriqbench/dynamic/pe/dqc_pe_41.qasm	data/veriqbench/dynamic/pe/dqc_pe_41.qasm	6afd00939518800bf68c36473d357e188fe272536b2718c9897382bbe37e9484	6afd00939518800bf68c36473d357e188fe272536b2718c9897382bbe37e9484	byte-identical
evaluation workspace (commit dc6ebc1)	data/veriqbench/dynamic/pe/dqc_pe_42.qasm	data/veriqbench/dynamic/pe/dqc_pe_42.qasm	325e56308e1c44352038f085802808f7adef09e28ea469e45396b45cd5bb2c66	325e56308e1c44352038f085802808f7adef09e28ea469e45396b45cd5bb2c66	byte-identical
evaluation workspace (commit dc6ebc1)	data/veriqbench/dynamic/pe/dqc_pe_43.qasm	data/veriqbench/dynamic/pe/dqc_pe_43.qasm	01b1a0e07057c8d65b4359efc0ba3e1ce6fce9d47e7e3d469d3c884e2124b869	01b1a0e07057c8d65b4359efc0ba3e1ce6fce9d47e7e3d469d3c884e2124b869	byte-identical
evaluation workspace (commit dc6ebc1)	data/veriqbench/dynamic/pe/dqc_pe_44.qasm	data/veriqbench/dynamic/pe/dqc_pe_44.qasm	aa448ab14aed7ee42a230568da02b3621507becaebbc3fcecfc43ee935e800e5	aa448ab14aed7ee42a230568da02b3621507becaebbc3fcecfc43ee935e800e5	byte-identical
evaluation workspace (commit dc6ebc1)	data/veriqbench/dynamic/pe/dqc_pe_45.qasm	data/veriqbench/dynamic/pe/dqc_pe_45.qasm	21854a45de57a639611e4a7031d12782e71f62d18932cbb1bf0606978df17298	21854a45de57a639611e4a7031d12782e71f62d18932cbb1bf0606978df17298	byte-identical
evaluation workspace (commit dc6ebc1)	data/veriqbench/dynamic/pe/dqc_pe_46.qasm	data/veriqbench/dynamic/pe/dqc_pe_46.qasm	bcce922c36ad558dc8aea3b2b5148c9c2f007836eef1a327fc94b4013d18dcb4	bcce922c36ad558dc8aea3b2b5148c9c2f007836eef1a327fc94b4013d18dcb4	byte-identical
evaluation workspace (commit dc6ebc1)	data/veriqbench/dynamic/pe/dqc_pe_47.qasm	data/veriqbench/dynamic/pe/dqc_pe_47.qasm	0e9414bad264d34e32239f2c65d318c0b2bcabddd195afa1ec7215b39dae894e	0e9414bad264d34e32239f2c65d318c0b2bcabddd195afa1ec7215b39dae894e	byte-identical
evaluation workspace (commit dc6ebc1)	data/veriqbench/dynamic/pe/dqc_pe_48.qasm	data/veriqbench/dynamic/pe/dqc_pe_48.qasm	d79fa4f4739cc889f61f844d921d46f2a79bbc59a5d5816e626260b3a30f98a3	d79fa4f4739cc889f61f844d921d46f2a79bbc59a5d5816e626260b3a30f98a3	byte-identical
evaluation workspace (commit dc6ebc1)	data/veriqbench/dynamic/pe/dqc_pe_49.qasm	data/veriqbench/dynamic/pe/dqc_pe_49.qasm	a5fdcc329e64888dcf592a24059b0878764654414bbbdb6667082b00545789b4	a5fdcc329e64888dcf592a24059b0878764654414bbbdb6667082b00545789b4	byte-identical
evaluation workspace (commit dc6ebc1)	data/veriqbench/dynamic/pe/dqc_pe_5.qasm	data/veriqbench/dynamic/pe/dqc_pe_5.qasm	b62f1f01f3b43dc38fb14339b7228d4bee190de01da79df9925ef5b3d4de6584	b62f1f01f3b43dc38fb14339b7228d4bee190de01da79df9925ef5b3d4de6584	byte-identical
evaluation workspace (commit dc6ebc1)	data/veriqbench/dynamic/pe/dqc_pe_50.qasm	data/veriqbench/dynamic/pe/dqc_pe_50.qasm	08963585fcf5d6ed149fd907398eb6c467317503f5d8c2c798f556363ec35c95	08963585fcf5d6ed149fd907398eb6c467317503f5d8c2c798f556363ec35c95	byte-identical
evaluation workspace (commit dc6ebc1)	data/veriqbench/dynamic/pe/dqc_pe_51.qasm	data/veriqbench/dynamic/pe/dqc_pe_51.qasm	46fd1f4203f9ba10c460f463201c02bfa5e0487c50a7a290722b3dce63b9e1de	46fd1f4203f9ba10c460f463201c02bfa5e0487c50a7a290722b3dce63b9e1de	byte-identical
evaluation workspace (commit dc6ebc1)	data/veriqbench/dynamic/pe/dqc_pe_52.qasm	data/veriqbench/dynamic/pe/dqc_pe_52.qasm	d035f6db1432a21d1c514a0a446b9f77ab0b6cb93a669aecb458e556ef3a4943	d035f6db1432a21d1c514a0a446b9f77ab0b6cb93a669aecb458e556ef3a4943	byte-identical
evaluation workspace (commit dc6ebc1)	data/veriqbench/dynamic/pe/dqc_pe_53.qasm	data/veriqbench/dynamic/pe/dqc_pe_53.qasm	17df884efe1743cf1af46a4d1385c8bce532ca454a7853a8260697a8bdf850c2	17df884efe1743cf1af46a4d1385c8bce532ca454a7853a8260697a8bdf850c2	byte-identical
evaluation workspace (commit dc6ebc1)	data/veriqbench/dynamic/pe/dqc_pe_54.qasm	data/veriqbench/dynamic/pe/dqc_pe_54.qasm	a7602043c98435d9e582426903f1cf8412596c29d1992fc120ebcc6ceae08dda	a7602043c98435d9e582426903f1cf8412596c29d1992fc120ebcc6ceae08dda	byte-identical
evaluation workspace (commit dc6ebc1)	data/veriqbench/dynamic/pe/dqc_pe_55.qasm	data/veriqbench/dynamic/pe/dqc_pe_55.qasm	9c3833d7c2c5fb08c51cd64fee7d7316c12c006803885aba5987bd6d82a0cc0a	9c3833d7c2c5fb08c51cd64fee7d7316c12c006803885aba5987bd6d82a0cc0a	byte-identical
evaluation workspace (commit dc6ebc1)	data/veriqbench/dynamic/pe/dqc_pe_56.qasm	data/veriqbench/dynamic/pe/dqc_pe_56.qasm	2e79d9ed55502d03b1f21878435ff039f5e0e58b71faaa81e9ab6c8cdd1bfae8	2e79d9ed55502d03b1f21878435ff039f5e0e58b71faaa81e9ab6c8cdd1bfae8	byte-identical
evaluation workspace (commit dc6ebc1)	data/veriqbench/dynamic/pe/dqc_pe_57.qasm	data/veriqbench/dynamic/pe/dqc_pe_57.qasm	7bdda9922deaed71a272d605a58a5fb75e60a476449fe0dbd00ae211d339e9b4	7bdda9922deaed71a272d605a58a5fb75e60a476449fe0dbd00ae211d339e9b4	byte-identical
evaluation workspace (commit dc6ebc1)	data/veriqbench/dynamic/pe/dqc_pe_58.qasm	data/veriqbench/dynamic/pe/dqc_pe_58.qasm	c9150df7f0b3b6da84d34cdfc5b35587c5c56ee6378b6baa38ddfd59d1ac20cd	c9150df7f0b3b6da84d34cdfc5b35587c5c56ee6378b6baa38ddfd59d1ac20cd	byte-identical
evaluation workspace (commit dc6ebc1)	data/veriqbench/dynamic/pe/dqc_pe_59.qasm	data/veriqbench/dynamic/pe/dqc_pe_59.qasm	591c28b7fda86a39311b76ba1dab96aa72fad2829a30a30313b540bd33c085bf	591c28b7fda86a39311b76ba1dab96aa72fad2829a30a30313b540bd33c085bf	byte-identical
evaluation workspace (commit dc6ebc1)	data/veriqbench/dynamic/pe/dqc_pe_6.qasm	data/veriqbench/dynamic/pe/dqc_pe_6.qasm	8b4323672e06c78ce0394a1a173ef8f9139c59f48c9dd41fe27c9db2e01fa19d	8b4323672e06c78ce0394a1a173ef8f9139c59f48c9dd41fe27c9db2e01fa19d	byte-identical
evaluation workspace (commit dc6ebc1)	data/veriqbench/dynamic/pe/dqc_pe_60.qasm	data/veriqbench/dynamic/pe/dqc_pe_60.qasm	32bd4f3642644f1e33515fde2c858278575412066e6dc57f1e981ca4625ee074	32bd4f3642644f1e33515fde2c858278575412066e6dc57f1e981ca4625ee074	byte-identical
evaluation workspace (commit dc6ebc1)	data/veriqbench/dynamic/pe/dqc_pe_61.qasm	data/veriqbench/dynamic/pe/dqc_pe_61.qasm	c997250682f70dc96677370d0534e4dd863a0e4e8b5a675156eaee95e6c6647a	c997250682f70dc96677370d0534e4dd863a0e4e8b5a675156eaee95e6c6647a	byte-identical
evaluation workspace (commit dc6ebc1)	data/veriqbench/dynamic/pe/dqc_pe_62.qasm	data/veriqbench/dynamic/pe/dqc_pe_62.qasm	2ebd3271fcb57061acf9e5c0e79320bfb93609247d0f8c3b4287337908e82b8f	2ebd3271fcb57061acf9e5c0e79320bfb93609247d0f8c3b4287337908e82b8f	byte-identical
evaluation workspace (commit dc6ebc1)	data/veriqbench/dynamic/pe/dqc_pe_63.qasm	data/veriqbench/dynamic/pe/dqc_pe_63.qasm	6fb6cf96bf1ec47418db93127d477eb337acf1a1ff66b52cd202486616a4ca82	6fb6cf96bf1ec47418db93127d477eb337acf1a1ff66b52cd202486616a4ca82	byte-identical
evaluation workspace (commit dc6ebc1)	data/veriqbench/dynamic/pe/dqc_pe_64.qasm	data/veriqbench/dynamic/pe/dqc_pe_64.qasm	a197b4896bafc04eb88cce3c120e3fb21a9d6072101289b9ed68abb72805515c	a197b4896bafc04eb88cce3c120e3fb21a9d6072101289b9ed68abb72805515c	byte-identical
evaluation workspace (commit dc6ebc1)	data/veriqbench/dynamic/pe/dqc_pe_65.qasm	data/veriqbench/dynamic/pe/dqc_pe_65.qasm	0bdcbc3be2af963aa205b321e31f6bb5f6f2c55652276058cccc614cd6512174	0bdcbc3be2af963aa205b321e31f6bb5f6f2c55652276058cccc614cd6512174	byte-identical
evaluation workspace (commit dc6ebc1)	data/veriqbench/dynamic/pe/dqc_pe_66.qasm	data/veriqbench/dynamic/pe/dqc_pe_66.qasm	ad539071e4719edff54861a695854e17ef686bfc4d5d5a1b44c78ed121c32d36	ad539071e4719edff54861a695854e17ef686bfc4d5d5a1b44c78ed121c32d36	byte-identical
evaluation workspace (commit dc6ebc1)	data/veriqbench/dynamic/pe/dqc_pe_67.qasm	data/veriqbench/dynamic/pe/dqc_pe_67.qasm	e424859a951c091d3466a2ec5e7b40da01dd659e4a774837497a4c2d5884687f	e424859a951c091d3466a2ec5e7b40da01dd659e4a774837497a4c2d5884687f	byte-identical
evaluation workspace (commit dc6ebc1)	data/veriqbench/dynamic/pe/dqc_pe_68.qasm	data/veriqbench/dynamic/pe/dqc_pe_68.qasm	ed51c6ecb9bd995294d191714e0c97ad6136d47fa0e7aafab8f3c057e7198d75	ed51c6ecb9bd995294d191714e0c97ad6136d47fa0e7aafab8f3c057e7198d75	byte-identical
evaluation workspace (commit dc6ebc1)	data/veriqbench/dynamic/pe/dqc_pe_69.qasm	data/veriqbench/dynamic/pe/dqc_pe_69.qasm	b0531a1f1ed532b4a48f456b37c4a0184fd5e720d0986abbe04bc141cfd7561e	b0531a1f1ed532b4a48f456b37c4a0184fd5e720d0986abbe04bc141cfd7561e	byte-identical
evaluation workspace (commit dc6ebc1)	data/veriqbench/dynamic/pe/dqc_pe_7.qasm	data/veriqbench/dynamic/pe/dqc_pe_7.qasm	9cf5e856627326c142039e137e2b4c6081d08733df535884e1b7c20541058ec1	9cf5e856627326c142039e137e2b4c6081d08733df535884e1b7c20541058ec1	byte-identical
evaluation workspace (commit dc6ebc1)	data/veriqbench/dynamic/pe/dqc_pe_70.qasm	data/veriqbench/dynamic/pe/dqc_pe_70.qasm	b14efd4cf27f6d37d588d59c319b767e5fb7e76ad09ac3150ce88895e1ea04d3	b14efd4cf27f6d37d588d59c319b767e5fb7e76ad09ac3150ce88895e1ea04d3	byte-identical
evaluation workspace (commit dc6ebc1)	data/veriqbench/dynamic/pe/dqc_pe_71.qasm	data/veriqbench/dynamic/pe/dqc_pe_71.qasm	8b436f042e030e425326beeabf15a4126e8b9f4e8aa55741ae0c22b9c240af7f	8b436f042e030e425326beeabf15a4126e8b9f4e8aa55741ae0c22b9c240af7f	byte-identical
evaluation workspace (commit dc6ebc1)	data/veriqbench/dynamic/pe/dqc_pe_72.qasm	data/veriqbench/dynamic/pe/dqc_pe_72.qasm	7930cc46c30348b0f5edf317fdaead8f76e8dafdb3b1e46a72e955de4462a3bb	7930cc46c30348b0f5edf317fdaead8f76e8dafdb3b1e46a72e955de4462a3bb	byte-identical
evaluation workspace (commit dc6ebc1)	data/veriqbench/dynamic/pe/dqc_pe_73.qasm	data/veriqbench/dynamic/pe/dqc_pe_73.qasm	fdfbb1a5a1097ebb4fbb51ae09e4d11b8fb60ae5a111cfc58858ec426a154fa7	fdfbb1a5a1097ebb4fbb51ae09e4d11b8fb60ae5a111cfc58858ec426a154fa7	byte-identical
evaluation workspace (commit dc6ebc1)	data/veriqbench/dynamic/pe/dqc_pe_74.qasm	data/veriqbench/dynamic/pe/dqc_pe_74.qasm	a66a7efd29b70e6de8bd0500c7cb2496f10033c96d0418013b93e2d9175633ab	a66a7efd29b70e6de8bd0500c7cb2496f10033c96d0418013b93e2d9175633ab	byte-identical
evaluation workspace (commit dc6ebc1)	data/veriqbench/dynamic/pe/dqc_pe_75.qasm	data/veriqbench/dynamic/pe/dqc_pe_75.qasm	5b3c9857c44c142aab17cd59d1e035a2e4be7b3846ee3af8993fa0b1074179cd	5b3c9857c44c142aab17cd59d1e035a2e4be7b3846ee3af8993fa0b1074179cd	byte-identical
evaluation workspace (commit dc6ebc1)	data/veriqbench/dynamic/pe/dqc_pe_76.qasm	data/veriqbench/dynamic/pe/dqc_pe_76.qasm	c6ce3df6e708ca4dbcb8743c13366e195889fb71c59c9318247f3e00d5beeaae	c6ce3df6e708ca4dbcb8743c13366e195889fb71c59c9318247f3e00d5beeaae	byte-identical
evaluation workspace (commit dc6ebc1)	data/veriqbench/dynamic/pe/dqc_pe_77.qasm	data/veriqbench/dynamic/pe/dqc_pe_77.qasm	ab1dc597addd69113576c2e52d35ed8c30d48dfae0168b699b0a3641d7317833	ab1dc597addd69113576c2e52d35ed8c30d48dfae0168b699b0a3641d7317833	byte-identical
evaluation workspace (commit dc6ebc1)	data/veriqbench/dynamic/pe/dqc_pe_78.qasm	data/veriqbench/dynamic/pe/dqc_pe_78.qasm	c600ef921289c415e415af5e867a6eb9eaf8e8132d8995a3d9e432b14705eb93	c600ef921289c415e415af5e867a6eb9eaf8e8132d8995a3d9e432b14705eb93	byte-identical
evaluation workspace (commit dc6ebc1)	data/veriqbench/dynamic/pe/dqc_pe_79.qasm	data/veriqbench/dynamic/pe/dqc_pe_79.qasm	30b67e342f19d02e7e966bbbdc1e955a8a3c80a3c1742ea0e876288cad9b87c6	30b67e342f19d02e7e966bbbdc1e955a8a3c80a3c1742ea0e876288cad9b87c6	byte-identical
evaluation workspace (commit dc6ebc1)	data/veriqbench/dynamic/pe/dqc_pe_8.qasm	data/veriqbench/dynamic/pe/dqc_pe_8.qasm	dda5601e940d1d6d8695cfece14c6a9b802cd8159a3c089e23a10cf64b4f861a	dda5601e940d1d6d8695cfece14c6a9b802cd8159a3c089e23a10cf64b4f861a	byte-identical
evaluation workspace (commit dc6ebc1)	data/veriqbench/dynamic/pe/dqc_pe_80.qasm	data/veriqbench/dynamic/pe/dqc_pe_80.qasm	9905e83005771ac279f97a66950ec5b459061a6afdd2c004fc4c193d0ed291c8	9905e83005771ac279f97a66950ec5b459061a6afdd2c004fc4c193d0ed291c8	byte-identical
evaluation workspace (commit dc6ebc1)	data/veriqbench/dynamic/pe/dqc_pe_81.qasm	data/veriqbench/dynamic/pe/dqc_pe_81.qasm	ff513bd3d1259dec213dbd67287c1cb631cf856d60d09bc7a2440499d505d4ab	ff513bd3d1259dec213dbd67287c1cb631cf856d60d09bc7a2440499d505d4ab	byte-identical
evaluation workspace (commit dc6ebc1)	data/veriqbench/dynamic/pe/dqc_pe_82.qasm	data/veriqbench/dynamic/pe/dqc_pe_82.qasm	269f414a00b9663e0907f93fd65e6226e01adb145e05127ed9c4181b05685bcf	269f414a00b9663e0907f93fd65e6226e01adb145e05127ed9c4181b05685bcf	byte-identical
evaluation workspace (commit dc6ebc1)	data/veriqbench/dynamic/pe/dqc_pe_83.qasm	data/veriqbench/dynamic/pe/dqc_pe_83.qasm	94662554723c6088753f93f2a473d4735745c5c919c05d2fe030beb235dc62f7	94662554723c6088753f93f2a473d4735745c5c919c05d2fe030beb235dc62f7	byte-identical
evaluation workspace (commit dc6ebc1)	data/veriqbench/dynamic/pe/dqc_pe_84.qasm	data/veriqbench/dynamic/pe/dqc_pe_84.qasm	7615238725f1e7a5866387a3765c1cf7a94721fb0e7d563e01dd0719405afa75	7615238725f1e7a5866387a3765c1cf7a94721fb0e7d563e01dd0719405afa75	byte-identical
evaluation workspace (commit dc6ebc1)	data/veriqbench/dynamic/pe/dqc_pe_85.qasm	data/veriqbench/dynamic/pe/dqc_pe_85.qasm	b91fc2d1d25c935dfaf3fb74eeb4652e08ca7fb1d6caff5ea9d4617cb9f12514	b91fc2d1d25c935dfaf3fb74eeb4652e08ca7fb1d6caff5ea9d4617cb9f12514	byte-identical
evaluation workspace (commit dc6ebc1)	data/veriqbench/dynamic/pe/dqc_pe_86.qasm	data/veriqbench/dynamic/pe/dqc_pe_86.qasm	69aeb63131f1b1d8ce2a329908c28078a5b863cb98366833a98d6ae22df6f3ef	69aeb63131f1b1d8ce2a329908c28078a5b863cb98366833a98d6ae22df6f3ef	byte-identical
evaluation workspace (commit dc6ebc1)	data/veriqbench/dynamic/pe/dqc_pe_87.qasm	data/veriqbench/dynamic/pe/dqc_pe_87.qasm	7e5c5497c355b855cfe40ce84409b3eab56a624aa6ee2d1cecff1f5533363299	7e5c5497c355b855cfe40ce84409b3eab56a624aa6ee2d1cecff1f5533363299	byte-identical
evaluation workspace (commit dc6ebc1)	data/veriqbench/dynamic/pe/dqc_pe_88.qasm	data/veriqbench/dynamic/pe/dqc_pe_88.qasm	2edb2c83b7821d4ca2a4d1f8c90ca953d2f7d60905b81263dda5c6781d0859b5	2edb2c83b7821d4ca2a4d1f8c90ca953d2f7d60905b81263dda5c6781d0859b5	byte-identical
evaluation workspace (commit dc6ebc1)	data/veriqbench/dynamic/pe/dqc_pe_89.qasm	data/veriqbench/dynamic/pe/dqc_pe_89.qasm	42032c0531098e06f78a5698a5298b6b7a2ad21f70fc49d664a9fccfa9cf1d69	42032c0531098e06f78a5698a5298b6b7a2ad21f70fc49d664a9fccfa9cf1d69	byte-identical
evaluation workspace (commit dc6ebc1)	data/veriqbench/dynamic/pe/dqc_pe_9.qasm	data/veriqbench/dynamic/pe/dqc_pe_9.qasm	316511d839fbadd277997fafa43e68dc2166423805b6a91b274f6fad1d30f23c	316511d839fbadd277997fafa43e68dc2166423805b6a91b274f6fad1d30f23c	byte-identical
evaluation workspace (commit dc6ebc1)	data/veriqbench/dynamic/pe/dqc_pe_90.qasm	data/veriqbench/dynamic/pe/dqc_pe_90.qasm	1140bd46fda1be1422978c545155afbe794407f1ec55c8a919cbbeeaf6d01e67	1140bd46fda1be1422978c545155afbe794407f1ec55c8a919cbbeeaf6d01e67	byte-identical
evaluation workspace (commit dc6ebc1)	data/veriqbench/dynamic/pe/dqc_pe_91.qasm	data/veriqbench/dynamic/pe/dqc_pe_91.qasm	abfa1cc5a83ff93ad2f3504996bf95a7a7548b713b1302243db3be4cbbd63cb5	abfa1cc5a83ff93ad2f3504996bf95a7a7548b713b1302243db3be4cbbd63cb5	byte-identical
evaluation workspace (commit dc6ebc1)	data/veriqbench/dynamic/pe/dqc_pe_92.qasm	data/veriqbench/dynamic/pe/dqc_pe_92.qasm	5e43e26eb012b48eb52492471eed877c5ea4f28a683f13d80706c17765b272f0	5e43e26eb012b48eb52492471eed877c5ea4f28a683f13d80706c17765b272f0	byte-identical
evaluation workspace (commit dc6ebc1)	data/veriqbench/dynamic/pe/dqc_pe_93.qasm	data/veriqbench/dynamic/pe/dqc_pe_93.qasm	470e906e90eb71f2b602825ef361939c4d26ccf57b1afae50d8b60144d941e3d	470e906e90eb71f2b602825ef361939c4d26ccf57b1afae50d8b60144d941e3d	byte-identical
evaluation workspace (commit dc6ebc1)	data/veriqbench/dynamic/pe/dqc_pe_94.qasm	data/veriqbench/dynamic/pe/dqc_pe_94.qasm	11f8723cf3724114ed4a5fdd2cfb115d3c5fd553d7a256bee119b26c43b90d8b	11f8723cf3724114ed4a5fdd2cfb115d3c5fd553d7a256bee119b26c43b90d8b	byte-identical
evaluation workspace (commit dc6ebc1)	data/veriqbench/dynamic/pe/dqc_pe_95.qasm	data/veriqbench/dynamic/pe/dqc_pe_95.qasm	6df909ba54f3e8dc6a3bc55a1a97dff55cd0e26a086884ea4ef2542c622e3ec4	6df909ba54f3e8dc6a3bc55a1a97dff55cd0e26a086884ea4ef2542c622e3ec4	byte-identical
evaluation workspace (commit dc6ebc1)	data/veriqbench/dynamic/pe/dqc_pe_96.qasm	data/veriqbench/dynamic/pe/dqc_pe_96.qasm	e1723eaa9c2b369f2ef424b17d8805a8838145ee1f42560f1d7cdb2e5c1a0cf8	e1723eaa9c2b369f2ef424b17d8805a8838145ee1f42560f1d7cdb2e5c1a0cf8	byte-identical
evaluation workspace (commit dc6ebc1)	data/veriqbench/dynamic/pe/dqc_pe_97.qasm	data/veriqbench/dynamic/pe/dqc_pe_97.qasm	7f89281d94e00e35a30d237832f67bcb057f1e54815957f996ab4fd9b89ec0f0	7f89281d94e00e35a30d237832f67bcb057f1e54815957f996ab4fd9b89ec0f0	byte-identical
evaluation workspace (commit dc6ebc1)	data/veriqbench/dynamic/pe/dqc_pe_98.qasm	data/veriqbench/dynamic/pe/dqc_pe_98.qasm	9ba808bcb372a1cfe50f8cfe5fbc759aa27ec5961c3c921c5b5c9996712a2642	9ba808bcb372a1cfe50f8cfe5fbc759aa27ec5961c3c921c5b5c9996712a2642	byte-identical
evaluation workspace (commit dc6ebc1)	data/veriqbench/dynamic/pe/dqc_pe_99.qasm	data/veriqbench/dynamic/pe/dqc_pe_99.qasm	89d77ec1bb9aa494d9d70d9880f53e6f9dc5957da63718f4f547243b9ec83377	89d77ec1bb9aa494d9d70d9880f53e6f9dc5957da63718f4f547243b9ec83377	byte-identical
evaluation workspace (commit dc6ebc1)	data/veriqbench/dynamic/qft/dqc_qft_10.qasm	data/veriqbench/dynamic/qft/dqc_qft_10.qasm	630c470dbe49d48ac35e869fa3c888a7d6209c76da6444d7db79c14b81887e12	630c470dbe49d48ac35e869fa3c888a7d6209c76da6444d7db79c14b81887e12	byte-identical
evaluation workspace (commit dc6ebc1)	data/veriqbench/dynamic/qft/dqc_qft_100.qasm	data/veriqbench/dynamic/qft/dqc_qft_100.qasm	2c7e074552b08ee4fbdd222dfcc068b27ea52ca2de68a6dfa537ff6958c9c4d9	2c7e074552b08ee4fbdd222dfcc068b27ea52ca2de68a6dfa537ff6958c9c4d9	byte-identical
evaluation workspace (commit dc6ebc1)	data/veriqbench/dynamic/qft/dqc_qft_11.qasm	data/veriqbench/dynamic/qft/dqc_qft_11.qasm	5e97038a0aac4ef546f1cd11576eed5d04131b7a92b91dc3e96fa0c6a279821c	5e97038a0aac4ef546f1cd11576eed5d04131b7a92b91dc3e96fa0c6a279821c	byte-identical
evaluation workspace (commit dc6ebc1)	data/veriqbench/dynamic/qft/dqc_qft_12.qasm	data/veriqbench/dynamic/qft/dqc_qft_12.qasm	0b9bb96861748cc9fcf7a14db87184ae3b788b2fcafeb016aa48b7db5a243e2a	0b9bb96861748cc9fcf7a14db87184ae3b788b2fcafeb016aa48b7db5a243e2a	byte-identical
evaluation workspace (commit dc6ebc1)	data/veriqbench/dynamic/qft/dqc_qft_13.qasm	data/veriqbench/dynamic/qft/dqc_qft_13.qasm	1cd9f205b70986a09883068ca9aacf5fdcecf7c059d0aee4c01eeab7223fce72	1cd9f205b70986a09883068ca9aacf5fdcecf7c059d0aee4c01eeab7223fce72	byte-identical
evaluation workspace (commit dc6ebc1)	data/veriqbench/dynamic/qft/dqc_qft_14.qasm	data/veriqbench/dynamic/qft/dqc_qft_14.qasm	da9b1aeb068ff06b8e518e93101c1cee6baa4853e25f0d07ce1f88f0efff95e7	da9b1aeb068ff06b8e518e93101c1cee6baa4853e25f0d07ce1f88f0efff95e7	byte-identical
evaluation workspace (commit dc6ebc1)	data/veriqbench/dynamic/qft/dqc_qft_15.qasm	data/veriqbench/dynamic/qft/dqc_qft_15.qasm	2b462cadfffbfec4ad10d2639056971f00f3a63b636476934fe803484e09a4f7	2b462cadfffbfec4ad10d2639056971f00f3a63b636476934fe803484e09a4f7	byte-identical
evaluation workspace (commit dc6ebc1)	data/veriqbench/dynamic/qft/dqc_qft_16.qasm	data/veriqbench/dynamic/qft/dqc_qft_16.qasm	4553502f9b2ca9a25022bd1ec4ac814a83e3fda0e020faba375d9cd7d38d6dc0	4553502f9b2ca9a25022bd1ec4ac814a83e3fda0e020faba375d9cd7d38d6dc0	byte-identical
evaluation workspace (commit dc6ebc1)	data/veriqbench/dynamic/qft/dqc_qft_17.qasm	data/veriqbench/dynamic/qft/dqc_qft_17.qasm	3c2a9c065ccdba572b8de53773b1f3f4631460bd55b86a9ff6ab84e42ebc811a	3c2a9c065ccdba572b8de53773b1f3f4631460bd55b86a9ff6ab84e42ebc811a	byte-identical
evaluation workspace (commit dc6ebc1)	data/veriqbench/dynamic/qft/dqc_qft_18.qasm	data/veriqbench/dynamic/qft/dqc_qft_18.qasm	b07bd56f2f7b417ca64826e863df1dcfe4bffb0ebd12d63e912ec187cbd8cfde	b07bd56f2f7b417ca64826e863df1dcfe4bffb0ebd12d63e912ec187cbd8cfde	byte-identical
evaluation workspace (commit dc6ebc1)	data/veriqbench/dynamic/qft/dqc_qft_19.qasm	data/veriqbench/dynamic/qft/dqc_qft_19.qasm	2062f8fc8aee0ca750443a7df51d5f33d91d1501919fbda180959d0ddd87a124	2062f8fc8aee0ca750443a7df51d5f33d91d1501919fbda180959d0ddd87a124	byte-identical
evaluation workspace (commit dc6ebc1)	data/veriqbench/dynamic/qft/dqc_qft_2.qasm	data/veriqbench/dynamic/qft/dqc_qft_2.qasm	c8e9043f88dadde5313a6ae67dc92f4c0ea1e6c766e9233cd774149ced8c8e00	c8e9043f88dadde5313a6ae67dc92f4c0ea1e6c766e9233cd774149ced8c8e00	byte-identical
evaluation workspace (commit dc6ebc1)	data/veriqbench/dynamic/qft/dqc_qft_20.qasm	data/veriqbench/dynamic/qft/dqc_qft_20.qasm	9bc8f930854eeb36bff4521834100d68aa6e45afe1f37e205bc063d624d7170b	9bc8f930854eeb36bff4521834100d68aa6e45afe1f37e205bc063d624d7170b	byte-identical
evaluation workspace (commit dc6ebc1)	data/veriqbench/dynamic/qft/dqc_qft_21.qasm	data/veriqbench/dynamic/qft/dqc_qft_21.qasm	44e4e1c811938c5cc1c60fb8db47022882469fb6393b3c8a924be7a9b06d0be9	44e4e1c811938c5cc1c60fb8db47022882469fb6393b3c8a924be7a9b06d0be9	byte-identical
evaluation workspace (commit dc6ebc1)	data/veriqbench/dynamic/qft/dqc_qft_22.qasm	data/veriqbench/dynamic/qft/dqc_qft_22.qasm	d083a8402147d62ea293ac6082bfd73b8d63431b091402c4ca90984a51283c86	d083a8402147d62ea293ac6082bfd73b8d63431b091402c4ca90984a51283c86	byte-identical
evaluation workspace (commit dc6ebc1)	data/veriqbench/dynamic/qft/dqc_qft_23.qasm	data/veriqbench/dynamic/qft/dqc_qft_23.qasm	b195ff51bdf577e05d54cd788d2a370da4db1fa3c525da282b18917c445ee6db	b195ff51bdf577e05d54cd788d2a370da4db1fa3c525da282b18917c445ee6db	byte-identical
evaluation workspace (commit dc6ebc1)	data/veriqbench/dynamic/qft/dqc_qft_24.qasm	data/veriqbench/dynamic/qft/dqc_qft_24.qasm	ee5aa2a123b5b552581632b4dc2ecfe555441a3f24def356c6554cd33def0576	ee5aa2a123b5b552581632b4dc2ecfe555441a3f24def356c6554cd33def0576	byte-identical
evaluation workspace (commit dc6ebc1)	data/veriqbench/dynamic/qft/dqc_qft_25.qasm	data/veriqbench/dynamic/qft/dqc_qft_25.qasm	a82a79d9b429ec7ff00b2b9ed8e0a3f1bd85f66d70bd8b689951d50e8601f221	a82a79d9b429ec7ff00b2b9ed8e0a3f1bd85f66d70bd8b689951d50e8601f221	byte-identical
evaluation workspace (commit dc6ebc1)	data/veriqbench/dynamic/qft/dqc_qft_26.qasm	data/veriqbench/dynamic/qft/dqc_qft_26.qasm	f94c336ff4764835623717cfd1f49068da743cfa1b66618dd6756776118bebf3	f94c336ff4764835623717cfd1f49068da743cfa1b66618dd6756776118bebf3	byte-identical
evaluation workspace (commit dc6ebc1)	data/veriqbench/dynamic/qft/dqc_qft_27.qasm	data/veriqbench/dynamic/qft/dqc_qft_27.qasm	73b717fb01ded031ec2df64c615747dd26b2f64b39f5e335e707361a4ec909c5	73b717fb01ded031ec2df64c615747dd26b2f64b39f5e335e707361a4ec909c5	byte-identical
evaluation workspace (commit dc6ebc1)	data/veriqbench/dynamic/qft/dqc_qft_28.qasm	data/veriqbench/dynamic/qft/dqc_qft_28.qasm	8b0ed33794e2aed172e86d9ce5c4eccb5950c94e02011b0951e2ba649a9df40b	8b0ed33794e2aed172e86d9ce5c4eccb5950c94e02011b0951e2ba649a9df40b	byte-identical
evaluation workspace (commit dc6ebc1)	data/veriqbench/dynamic/qft/dqc_qft_29.qasm	data/veriqbench/dynamic/qft/dqc_qft_29.qasm	fddc47359c2246f9415feb278e108146a548ebb2d0ff496ab5bb88003e6f91b6	fddc47359c2246f9415feb278e108146a548ebb2d0ff496ab5bb88003e6f91b6	byte-identical
evaluation workspace (commit dc6ebc1)	data/veriqbench/dynamic/qft/dqc_qft_3.qasm	data/veriqbench/dynamic/qft/dqc_qft_3.qasm	267ff168314e470147d6d1dd8fd07b465967b65f6f3da69938b572d50d299407	267ff168314e470147d6d1dd8fd07b465967b65f6f3da69938b572d50d299407	byte-identical
evaluation workspace (commit dc6ebc1)	data/veriqbench/dynamic/qft/dqc_qft_30.qasm	data/veriqbench/dynamic/qft/dqc_qft_30.qasm	50e64a2a555af44af69b687d80812d60fd8ef6c2526ee6fd5e5fa4bb7b0bac8e	50e64a2a555af44af69b687d80812d60fd8ef6c2526ee6fd5e5fa4bb7b0bac8e	byte-identical
evaluation workspace (commit dc6ebc1)	data/veriqbench/dynamic/qft/dqc_qft_31.qasm	data/veriqbench/dynamic/qft/dqc_qft_31.qasm	b8783f18afde73c3fcea91629b8a2f417ed044565709ef611b1de6ba176f1138	b8783f18afde73c3fcea91629b8a2f417ed044565709ef611b1de6ba176f1138	byte-identical
evaluation workspace (commit dc6ebc1)	data/veriqbench/dynamic/qft/dqc_qft_32.qasm	data/veriqbench/dynamic/qft/dqc_qft_32.qasm	9e093729aa954da4c78f6f988b46e19b0a263e6080f5f3286d364815ffdfca4a	9e093729aa954da4c78f6f988b46e19b0a263e6080f5f3286d364815ffdfca4a	byte-identical
evaluation workspace (commit dc6ebc1)	data/veriqbench/dynamic/qft/dqc_qft_33.qasm	data/veriqbench/dynamic/qft/dqc_qft_33.qasm	a2307425391932ad7b7523ea546d219c330439e64089303304bd0737ae3ddf9b	a2307425391932ad7b7523ea546d219c330439e64089303304bd0737ae3ddf9b	byte-identical
evaluation workspace (commit dc6ebc1)	data/veriqbench/dynamic/qft/dqc_qft_34.qasm	data/veriqbench/dynamic/qft/dqc_qft_34.qasm	a9345acee10fad71f8c0316f854d340b7873c048a4a77b0d1b3b37c749eb23fd	a9345acee10fad71f8c0316f854d340b7873c048a4a77b0d1b3b37c749eb23fd	byte-identical
evaluation workspace (commit dc6ebc1)	data/veriqbench/dynamic/qft/dqc_qft_35.qasm	data/veriqbench/dynamic/qft/dqc_qft_35.qasm	94949863f6d802c22c87db659c90d6ffb446e7936bcf352d6d3a9183fd333c95	94949863f6d802c22c87db659c90d6ffb446e7936bcf352d6d3a9183fd333c95	byte-identical
evaluation workspace (commit dc6ebc1)	data/veriqbench/dynamic/qft/dqc_qft_36.qasm	data/veriqbench/dynamic/qft/dqc_qft_36.qasm	db593aba2676f4d754990709ec7cacb07bc24252fa56dafdf71ca736412ac260	db593aba2676f4d754990709ec7cacb07bc24252fa56dafdf71ca736412ac260	byte-identical
evaluation workspace (commit dc6ebc1)	data/veriqbench/dynamic/qft/dqc_qft_37.qasm	data/veriqbench/dynamic/qft/dqc_qft_37.qasm	c102a94ce3f04d519a3176c4d04cc251112f7615e5391dce31fa7b49fcc651dc	c102a94ce3f04d519a3176c4d04cc251112f7615e5391dce31fa7b49fcc651dc	byte-identical
evaluation workspace (commit dc6ebc1)	data/veriqbench/dynamic/qft/dqc_qft_38.qasm	data/veriqbench/dynamic/qft/dqc_qft_38.qasm	63662f9ff6d711a426c6440f36891541c0ba4f570c5169d8e31f684982835bff	63662f9ff6d711a426c6440f36891541c0ba4f570c5169d8e31f684982835bff	byte-identical
evaluation workspace (commit dc6ebc1)	data/veriqbench/dynamic/qft/dqc_qft_39.qasm	data/veriqbench/dynamic/qft/dqc_qft_39.qasm	200b56d7c97f47962214edfeded1af4e476b7ac92ad8fdcfafc12636edb2472d	200b56d7c97f47962214edfeded1af4e476b7ac92ad8fdcfafc12636edb2472d	byte-identical
evaluation workspace (commit dc6ebc1)	data/veriqbench/dynamic/qft/dqc_qft_4.qasm	data/veriqbench/dynamic/qft/dqc_qft_4.qasm	80d07ff871b8982d0c38dbc9e327b2f0fa52088d2bcccbd2a7e024038c6411fe	80d07ff871b8982d0c38dbc9e327b2f0fa52088d2bcccbd2a7e024038c6411fe	byte-identical
evaluation workspace (commit dc6ebc1)	data/veriqbench/dynamic/qft/dqc_qft_40.qasm	data/veriqbench/dynamic/qft/dqc_qft_40.qasm	8b14ccd141f818a5c5456e4b360d48342c423f41ddb54264ed4ad2fef33e3e00	8b14ccd141f818a5c5456e4b360d48342c423f41ddb54264ed4ad2fef33e3e00	byte-identical
evaluation workspace (commit dc6ebc1)	data/veriqbench/dynamic/qft/dqc_qft_41.qasm	data/veriqbench/dynamic/qft/dqc_qft_41.qasm	481b1c05bffc88e86292e5491514ce37320e3e5c6a7697e9a01484e686a90af3	481b1c05bffc88e86292e5491514ce37320e3e5c6a7697e9a01484e686a90af3	byte-identical
evaluation workspace (commit dc6ebc1)	data/veriqbench/dynamic/qft/dqc_qft_42.qasm	data/veriqbench/dynamic/qft/dqc_qft_42.qasm	702c5dd1533dd017e65f0aea74f5a1163f88fdbb9f050009bd3411d4107c5b71	702c5dd1533dd017e65f0aea74f5a1163f88fdbb9f050009bd3411d4107c5b71	byte-identical
evaluation workspace (commit dc6ebc1)	data/veriqbench/dynamic/qft/dqc_qft_43.qasm	data/veriqbench/dynamic/qft/dqc_qft_43.qasm	3b307c0daad5bd26561e42acf144236b6b0e8655b78162bac636c481256ecbc4	3b307c0daad5bd26561e42acf144236b6b0e8655b78162bac636c481256ecbc4	byte-identical
evaluation workspace (commit dc6ebc1)	data/veriqbench/dynamic/qft/dqc_qft_44.qasm	data/veriqbench/dynamic/qft/dqc_qft_44.qasm	b922346dd95083e2ab6bdd7aeca39fedaf5e188c2b73ea34fc8ef24f21372e4b	b922346dd95083e2ab6bdd7aeca39fedaf5e188c2b73ea34fc8ef24f21372e4b	byte-identical
evaluation workspace (commit dc6ebc1)	data/veriqbench/dynamic/qft/dqc_qft_45.qasm	data/veriqbench/dynamic/qft/dqc_qft_45.qasm	bdbcac30dfdcb2b339f81fe4ec7daa5e58a06f401497f8ddaab81fbc4c6bfbfa	bdbcac30dfdcb2b339f81fe4ec7daa5e58a06f401497f8ddaab81fbc4c6bfbfa	byte-identical
evaluation workspace (commit dc6ebc1)	data/veriqbench/dynamic/qft/dqc_qft_46.qasm	data/veriqbench/dynamic/qft/dqc_qft_46.qasm	4672332e5a618b6df0325b8eeb5dc8c90cf48e6074495609e334870005dfb398	4672332e5a618b6df0325b8eeb5dc8c90cf48e6074495609e334870005dfb398	byte-identical
evaluation workspace (commit dc6ebc1)	data/veriqbench/dynamic/qft/dqc_qft_47.qasm	data/veriqbench/dynamic/qft/dqc_qft_47.qasm	042dff8ac09911945d43dd77032f1b6839e8a7c55670cd05c9ad970ee53f5cf4	042dff8ac09911945d43dd77032f1b6839e8a7c55670cd05c9ad970ee53f5cf4	byte-identical
evaluation workspace (commit dc6ebc1)	data/veriqbench/dynamic/qft/dqc_qft_48.qasm	data/veriqbench/dynamic/qft/dqc_qft_48.qasm	dc9b42d958edf1237ee71bc5b3897da4034ea6f6f426e3fe4072bd0f4827656d	dc9b42d958edf1237ee71bc5b3897da4034ea6f6f426e3fe4072bd0f4827656d	byte-identical
evaluation workspace (commit dc6ebc1)	data/veriqbench/dynamic/qft/dqc_qft_49.qasm	data/veriqbench/dynamic/qft/dqc_qft_49.qasm	606ea40fa74f21c8e659517cae12dba6bff762581bd7a21c1645416ab7c610da	606ea40fa74f21c8e659517cae12dba6bff762581bd7a21c1645416ab7c610da	byte-identical
evaluation workspace (commit dc6ebc1)	data/veriqbench/dynamic/qft/dqc_qft_5.qasm	data/veriqbench/dynamic/qft/dqc_qft_5.qasm	968f01fdb35de16b7aba7e6171ed0772b24be5afc24d45a2f66a4985a4fb32d9	968f01fdb35de16b7aba7e6171ed0772b24be5afc24d45a2f66a4985a4fb32d9	byte-identical
evaluation workspace (commit dc6ebc1)	data/veriqbench/dynamic/qft/dqc_qft_50.qasm	data/veriqbench/dynamic/qft/dqc_qft_50.qasm	e29418a547e73010ebb4aa71871afff1aa27537afbd80cd15f86c2b97d8c83b6	e29418a547e73010ebb4aa71871afff1aa27537afbd80cd15f86c2b97d8c83b6	byte-identical
evaluation workspace (commit dc6ebc1)	data/veriqbench/dynamic/qft/dqc_qft_51.qasm	data/veriqbench/dynamic/qft/dqc_qft_51.qasm	b69f170d7980bddfdff1c266176f5b0ece412f97115ecefb685f2ab37baab598	b69f170d7980bddfdff1c266176f5b0ece412f97115ecefb685f2ab37baab598	byte-identical
evaluation workspace (commit dc6ebc1)	data/veriqbench/dynamic/qft/dqc_qft_52.qasm	data/veriqbench/dynamic/qft/dqc_qft_52.qasm	3754fb0900da566d6a2778cf38fbc0073c0cb8a90d939bb4f67a14045ca4068d	3754fb0900da566d6a2778cf38fbc0073c0cb8a90d939bb4f67a14045ca4068d	byte-identical
evaluation workspace (commit dc6ebc1)	data/veriqbench/dynamic/qft/dqc_qft_53.qasm	data/veriqbench/dynamic/qft/dqc_qft_53.qasm	a0a44640dd3dff45827743f0d8a26d876a68c0def6b8d59963e416a5f8b35721	a0a44640dd3dff45827743f0d8a26d876a68c0def6b8d59963e416a5f8b35721	byte-identical
evaluation workspace (commit dc6ebc1)	data/veriqbench/dynamic/qft/dqc_qft_54.qasm	data/veriqbench/dynamic/qft/dqc_qft_54.qasm	c351d6300ed44b2ce2fad49564077191495f6bde5b4603a3be51b7c40ed228a1	c351d6300ed44b2ce2fad49564077191495f6bde5b4603a3be51b7c40ed228a1	byte-identical
evaluation workspace (commit dc6ebc1)	data/veriqbench/dynamic/qft/dqc_qft_55.qasm	data/veriqbench/dynamic/qft/dqc_qft_55.qasm	e4f910a69e075e638cb12ce63637c0e52e8a387f34af0d8f5fcc4951a1b67a45	e4f910a69e075e638cb12ce63637c0e52e8a387f34af0d8f5fcc4951a1b67a45	byte-identical
evaluation workspace (commit dc6ebc1)	data/veriqbench/dynamic/qft/dqc_qft_56.qasm	data/veriqbench/dynamic/qft/dqc_qft_56.qasm	6630936ae280d4957f1bd08be4921cb48533cf9721d370dd5c3923a6ed9e6a38	6630936ae280d4957f1bd08be4921cb48533cf9721d370dd5c3923a6ed9e6a38	byte-identical
evaluation workspace (commit dc6ebc1)	data/veriqbench/dynamic/qft/dqc_qft_57.qasm	data/veriqbench/dynamic/qft/dqc_qft_57.qasm	e530202ec776de6f13d14b5b5dd5ac21c035656ba5a25dfb1dccde007f6b6da9	e530202ec776de6f13d14b5b5dd5ac21c035656ba5a25dfb1dccde007f6b6da9	byte-identical
evaluation workspace (commit dc6ebc1)	data/veriqbench/dynamic/qft/dqc_qft_58.qasm	data/veriqbench/dynamic/qft/dqc_qft_58.qasm	96c10d9b6cf38c5ee8c0d4ff35fcfc5d4b4d6b0e74b0a32a1414b742540a095a	96c10d9b6cf38c5ee8c0d4ff35fcfc5d4b4d6b0e74b0a32a1414b742540a095a	byte-identical
evaluation workspace (commit dc6ebc1)	data/veriqbench/dynamic/qft/dqc_qft_59.qasm	data/veriqbench/dynamic/qft/dqc_qft_59.qasm	d77a360593834ff2fd0f33055f40716eaf00ad7baae47ed9d91249ab8bbc61cb	d77a360593834ff2fd0f33055f40716eaf00ad7baae47ed9d91249ab8bbc61cb	byte-identical
evaluation workspace (commit dc6ebc1)	data/veriqbench/dynamic/qft/dqc_qft_6.qasm	data/veriqbench/dynamic/qft/dqc_qft_6.qasm	ef363c7e96587aa09049365af3d8e1b29ff4550a778389841013c463b0cc94fe	ef363c7e96587aa09049365af3d8e1b29ff4550a778389841013c463b0cc94fe	byte-identical
evaluation workspace (commit dc6ebc1)	data/veriqbench/dynamic/qft/dqc_qft_60.qasm	data/veriqbench/dynamic/qft/dqc_qft_60.qasm	d1f4b0108cd6f0fef31a44e697f78f318418f2bf13a3f1c02c78c55e8c4125d2	d1f4b0108cd6f0fef31a44e697f78f318418f2bf13a3f1c02c78c55e8c4125d2	byte-identical
evaluation workspace (commit dc6ebc1)	data/veriqbench/dynamic/qft/dqc_qft_61.qasm	data/veriqbench/dynamic/qft/dqc_qft_61.qasm	863260855ccc611300ce4b8ddafb3454c38fa2c9eb0d506d170bd31aa870768e	863260855ccc611300ce4b8ddafb3454c38fa2c9eb0d506d170bd31aa870768e	byte-identical
evaluation workspace (commit dc6ebc1)	data/veriqbench/dynamic/qft/dqc_qft_62.qasm	data/veriqbench/dynamic/qft/dqc_qft_62.qasm	8ed0174dc8a7a16d6da1de0ef7c2fbc4dbe6bdc8a0c61301e914a7b0088990f4	8ed0174dc8a7a16d6da1de0ef7c2fbc4dbe6bdc8a0c61301e914a7b0088990f4	byte-identical
evaluation workspace (commit dc6ebc1)	data/veriqbench/dynamic/qft/dqc_qft_63.qasm	data/veriqbench/dynamic/qft/dqc_qft_63.qasm	6f8e8718cf1e5102c035690ec875a539e1a98b766acc889c7e39e4d4336098f8	6f8e8718cf1e5102c035690ec875a539e1a98b766acc889c7e39e4d4336098f8	byte-identical
evaluation workspace (commit dc6ebc1)	data/veriqbench/dynamic/qft/dqc_qft_64.qasm	data/veriqbench/dynamic/qft/dqc_qft_64.qasm	bd41b3f2c105fbf8aebffd6fcf8af0f3696a9dc337e9fc4c93049330bad127b5	bd41b3f2c105fbf8aebffd6fcf8af0f3696a9dc337e9fc4c93049330bad127b5	byte-identical
evaluation workspace (commit dc6ebc1)	data/veriqbench/dynamic/qft/dqc_qft_65.qasm	data/veriqbench/dynamic/qft/dqc_qft_65.qasm	bf7674272d53d4e920b647091d455ec6628d5c79fb534c48906901226fcb7223	bf7674272d53d4e920b647091d455ec6628d5c79fb534c48906901226fcb7223	byte-identical
evaluation workspace (commit dc6ebc1)	data/veriqbench/dynamic/qft/dqc_qft_66.qasm	data/veriqbench/dynamic/qft/dqc_qft_66.qasm	17c935f3467dc4427dd4213214650a3c9d53fdfc787a988de7ff8447b6e22d94	17c935f3467dc4427dd4213214650a3c9d53fdfc787a988de7ff8447b6e22d94	byte-identical
evaluation workspace (commit dc6ebc1)	data/veriqbench/dynamic/qft/dqc_qft_67.qasm	data/veriqbench/dynamic/qft/dqc_qft_67.qasm	47ef78dedee66cb3fc741c58368988d52131393f89531f33f1db37aa3c394445	47ef78dedee66cb3fc741c58368988d52131393f89531f33f1db37aa3c394445	byte-identical
evaluation workspace (commit dc6ebc1)	data/veriqbench/dynamic/qft/dqc_qft_68.qasm	data/veriqbench/dynamic/qft/dqc_qft_68.qasm	1f18db1e8693d217c635b16a29b64342f23571248fb17c825daf1a3329ba28f3	1f18db1e8693d217c635b16a29b64342f23571248fb17c825daf1a3329ba28f3	byte-identical
evaluation workspace (commit dc6ebc1)	data/veriqbench/dynamic/qft/dqc_qft_69.qasm	data/veriqbench/dynamic/qft/dqc_qft_69.qasm	d5b5846e1e19b188b75328e4993a6a93e1da5aaadf04a360d7771adbc117b774	d5b5846e1e19b188b75328e4993a6a93e1da5aaadf04a360d7771adbc117b774	byte-identical
evaluation workspace (commit dc6ebc1)	data/veriqbench/dynamic/qft/dqc_qft_7.qasm	data/veriqbench/dynamic/qft/dqc_qft_7.qasm	4000d91c9c653c13a27f3294c8ed768c8e4890a6695ab572d7bed644dc354ca2	4000d91c9c653c13a27f3294c8ed768c8e4890a6695ab572d7bed644dc354ca2	byte-identical
evaluation workspace (commit dc6ebc1)	data/veriqbench/dynamic/qft/dqc_qft_70.qasm	data/veriqbench/dynamic/qft/dqc_qft_70.qasm	d849038de7552aa32cb23df898377f63f6b52bec5a490ec87619c98b0aed1b57	d849038de7552aa32cb23df898377f63f6b52bec5a490ec87619c98b0aed1b57	byte-identical
evaluation workspace (commit dc6ebc1)	data/veriqbench/dynamic/qft/dqc_qft_71.qasm	data/veriqbench/dynamic/qft/dqc_qft_71.qasm	3bc1f80d469bddfabda4872ac7bc19e988cb66fff98943abae8e02f1a14b3af3	3bc1f80d469bddfabda4872ac7bc19e988cb66fff98943abae8e02f1a14b3af3	byte-identical
evaluation workspace (commit dc6ebc1)	data/veriqbench/dynamic/qft/dqc_qft_72.qasm	data/veriqbench/dynamic/qft/dqc_qft_72.qasm	39d42a506b04fadc5d00501941439ba3599da5b9781d6815da7edf6f22455e58	39d42a506b04fadc5d00501941439ba3599da5b9781d6815da7edf6f22455e58	byte-identical
evaluation workspace (commit dc6ebc1)	data/veriqbench/dynamic/qft/dqc_qft_73.qasm	data/veriqbench/dynamic/qft/dqc_qft_73.qasm	fb654d1b0495e54ba65c30958122f10df0663eccba01556469144ab70f7d67f0	fb654d1b0495e54ba65c30958122f10df0663eccba01556469144ab70f7d67f0	byte-identical
evaluation workspace (commit dc6ebc1)	data/veriqbench/dynamic/qft/dqc_qft_74.qasm	data/veriqbench/dynamic/qft/dqc_qft_74.qasm	8eaa67e4cabb0013573d3283cb32a3cc9a78c22365917b6843238d0866c1cda1	8eaa67e4cabb0013573d3283cb32a3cc9a78c22365917b6843238d0866c1cda1	byte-identical
evaluation workspace (commit dc6ebc1)	data/veriqbench/dynamic/qft/dqc_qft_75.qasm	data/veriqbench/dynamic/qft/dqc_qft_75.qasm	e66b81a3f6309d6d41af8b88440c510cf07a38a082dcf539fd8224847d5b0e79	e66b81a3f6309d6d41af8b88440c510cf07a38a082dcf539fd8224847d5b0e79	byte-identical
evaluation workspace (commit dc6ebc1)	data/veriqbench/dynamic/qft/dqc_qft_76.qasm	data/veriqbench/dynamic/qft/dqc_qft_76.qasm	d1a0b9c7246242e31e026c2c06bb13eea10e5c8a82527b399de833ac4fca2a94	d1a0b9c7246242e31e026c2c06bb13eea10e5c8a82527b399de833ac4fca2a94	byte-identical
evaluation workspace (commit dc6ebc1)	data/veriqbench/dynamic/qft/dqc_qft_77.qasm	data/veriqbench/dynamic/qft/dqc_qft_77.qasm	1b3a3dfbdf687647da51a12e23f86617fb20a09078f1941383ff415feab3de51	1b3a3dfbdf687647da51a12e23f86617fb20a09078f1941383ff415feab3de51	byte-identical
evaluation workspace (commit dc6ebc1)	data/veriqbench/dynamic/qft/dqc_qft_78.qasm	data/veriqbench/dynamic/qft/dqc_qft_78.qasm	0a0d481262f772a7662cd61937ce6d27ce00311aca90ce301e46d84afd06ae31	0a0d481262f772a7662cd61937ce6d27ce00311aca90ce301e46d84afd06ae31	byte-identical
evaluation workspace (commit dc6ebc1)	data/veriqbench/dynamic/qft/dqc_qft_79.qasm	data/veriqbench/dynamic/qft/dqc_qft_79.qasm	6230da938cea671d335c2c3ea7434da92fcb53992cbbec3a8d1cfd1d2fde94fb	6230da938cea671d335c2c3ea7434da92fcb53992cbbec3a8d1cfd1d2fde94fb	byte-identical
evaluation workspace (commit dc6ebc1)	data/veriqbench/dynamic/qft/dqc_qft_8.qasm	data/veriqbench/dynamic/qft/dqc_qft_8.qasm	50fb6e256952daedc5cff2dc11e80214e34f07050ed0002747e9f2ea938b5ec3	50fb6e256952daedc5cff2dc11e80214e34f07050ed0002747e9f2ea938b5ec3	byte-identical
evaluation workspace (commit dc6ebc1)	data/veriqbench/dynamic/qft/dqc_qft_80.qasm	data/veriqbench/dynamic/qft/dqc_qft_80.qasm	23d80886be18a0b0343249c67200e7d3dc58ff87bb292db927c4d4299853fe6a	23d80886be18a0b0343249c67200e7d3dc58ff87bb292db927c4d4299853fe6a	byte-identical
evaluation workspace (commit dc6ebc1)	data/veriqbench/dynamic/qft/dqc_qft_81.qasm	data/veriqbench/dynamic/qft/dqc_qft_81.qasm	bb1b8d7d31c43e4fbebb015ed15de1e1bbcfbffde7c874f5fca5bcd71f67b433	bb1b8d7d31c43e4fbebb015ed15de1e1bbcfbffde7c874f5fca5bcd71f67b433	byte-identical
evaluation workspace (commit dc6ebc1)	data/veriqbench/dynamic/qft/dqc_qft_82.qasm	data/veriqbench/dynamic/qft/dqc_qft_82.qasm	1840a57537dfd65b657cc6f150e034e027a164a3d61e37b8e891b8c479870aff	1840a57537dfd65b657cc6f150e034e027a164a3d61e37b8e891b8c479870aff	byte-identical
evaluation workspace (commit dc6ebc1)	data/veriqbench/dynamic/qft/dqc_qft_83.qasm	data/veriqbench/dynamic/qft/dqc_qft_83.qasm	fe0554861f701fa7fd94660256e1b8c3395fb87c1a943218b8efb23bb1728a44	fe0554861f701fa7fd94660256e1b8c3395fb87c1a943218b8efb23bb1728a44	byte-identical
evaluation workspace (commit dc6ebc1)	data/veriqbench/dynamic/qft/dqc_qft_84.qasm	data/veriqbench/dynamic/qft/dqc_qft_84.qasm	a4c55fb72e4d92ad90182236507521a121a37e1b86bea3c1e1f6a358454960f8	a4c55fb72e4d92ad90182236507521a121a37e1b86bea3c1e1f6a358454960f8	byte-identical
evaluation workspace (commit dc6ebc1)	data/veriqbench/dynamic/qft/dqc_qft_85.qasm	data/veriqbench/dynamic/qft/dqc_qft_85.qasm	a07a005c5bbc8229e66a9ec7e3647da452d29863be39025c1876f57ae3dd7739	a07a005c5bbc8229e66a9ec7e3647da452d29863be39025c1876f57ae3dd7739	byte-identical
evaluation workspace (commit dc6ebc1)	data/veriqbench/dynamic/qft/dqc_qft_86.qasm	data/veriqbench/dynamic/qft/dqc_qft_86.qasm	e3a08520a62e3964a31401d735fce7bf8290506d1e6ab78451ac78c3cc303fb8	e3a08520a62e3964a31401d735fce7bf8290506d1e6ab78451ac78c3cc303fb8	byte-identical
evaluation workspace (commit dc6ebc1)	data/veriqbench/dynamic/qft/dqc_qft_87.qasm	data/veriqbench/dynamic/qft/dqc_qft_87.qasm	50c07435a5b385f613df6c1e25b8fe5b05fa80e11c61a24af259fa3046ed639d	50c07435a5b385f613df6c1e25b8fe5b05fa80e11c61a24af259fa3046ed639d	byte-identical
evaluation workspace (commit dc6ebc1)	data/veriqbench/dynamic/qft/dqc_qft_88.qasm	data/veriqbench/dynamic/qft/dqc_qft_88.qasm	ff1122794dbcb907bf1cb027aa47a1165fdee795d41621ace991aeaea7995d17	ff1122794dbcb907bf1cb027aa47a1165fdee795d41621ace991aeaea7995d17	byte-identical
evaluation workspace (commit dc6ebc1)	data/veriqbench/dynamic/qft/dqc_qft_89.qasm	data/veriqbench/dynamic/qft/dqc_qft_89.qasm	dd572a0120bd85e8f13d209a9b11ce91bb27c7c0850c88d8e4aa9544bc3755f8	dd572a0120bd85e8f13d209a9b11ce91bb27c7c0850c88d8e4aa9544bc3755f8	byte-identical
evaluation workspace (commit dc6ebc1)	data/veriqbench/dynamic/qft/dqc_qft_9.qasm	data/veriqbench/dynamic/qft/dqc_qft_9.qasm	dc9ed0b249f6a32f3015e18930c421cae01805bfdc7c476689c8e3edb5bb2c22	dc9ed0b249f6a32f3015e18930c421cae01805bfdc7c476689c8e3edb5bb2c22	byte-identical
evaluation workspace (commit dc6ebc1)	data/veriqbench/dynamic/qft/dqc_qft_90.qasm	data/veriqbench/dynamic/qft/dqc_qft_90.qasm	57c8a1a0999d9b05d32a4a310137249e1eb9c09e0e25f75577db6cc3ac0835b4	57c8a1a0999d9b05d32a4a310137249e1eb9c09e0e25f75577db6cc3ac0835b4	byte-identical
evaluation workspace (commit dc6ebc1)	data/veriqbench/dynamic/qft/dqc_qft_91.qasm	data/veriqbench/dynamic/qft/dqc_qft_91.qasm	08ea974f81a783c64e732daa9de3615cde8cf2fe23d43c892d915e398bf164c0	08ea974f81a783c64e732daa9de3615cde8cf2fe23d43c892d915e398bf164c0	byte-identical
evaluation workspace (commit dc6ebc1)	data/veriqbench/dynamic/qft/dqc_qft_92.qasm	data/veriqbench/dynamic/qft/dqc_qft_92.qasm	f2f731cd7702f0d35a698922ed616cca5698f8c871f4a2ffc42f2f7fc4878e7e	f2f731cd7702f0d35a698922ed616cca5698f8c871f4a2ffc42f2f7fc4878e7e	byte-identical
evaluation workspace (commit dc6ebc1)	data/veriqbench/dynamic/qft/dqc_qft_93.qasm	data/veriqbench/dynamic/qft/dqc_qft_93.qasm	4aaa1cffb533c35ae8100a415210a6d644449e6b0ba64e2493ff6a6b040da9c8	4aaa1cffb533c35ae8100a415210a6d644449e6b0ba64e2493ff6a6b040da9c8	byte-identical
evaluation workspace (commit dc6ebc1)	data/veriqbench/dynamic/qft/dqc_qft_94.qasm	data/veriqbench/dynamic/qft/dqc_qft_94.qasm	e8784451542a89129ca69a57d54a785bdd52cce7bc2fab47823e5baefe0a4eb6	e8784451542a89129ca69a57d54a785bdd52cce7bc2fab47823e5baefe0a4eb6	byte-identical
evaluation workspace (commit dc6ebc1)	data/veriqbench/dynamic/qft/dqc_qft_95.qasm	data/veriqbench/dynamic/qft/dqc_qft_95.qasm	9d03ab6acf2309b2ae3bcf42404a5830b35c2ee81632917af753a6088361091a	9d03ab6acf2309b2ae3bcf42404a5830b35c2ee81632917af753a6088361091a	byte-identical
evaluation workspace (commit dc6ebc1)	data/veriqbench/dynamic/qft/dqc_qft_96.qasm	data/veriqbench/dynamic/qft/dqc_qft_96.qasm	a8f972e8459a96e447f6fed253712da5125e88252779ef1884b1aec6571c2a7b	a8f972e8459a96e447f6fed253712da5125e88252779ef1884b1aec6571c2a7b	byte-identical
evaluation workspace (commit dc6ebc1)	data/veriqbench/dynamic/qft/dqc_qft_97.qasm	data/veriqbench/dynamic/qft/dqc_qft_97.qasm	6aa5afd33acb37bb33f35b4fa8ecb61ea7137d74234b45d526ec194ba5e04e57	6aa5afd33acb37bb33f35b4fa8ecb61ea7137d74234b45d526ec194ba5e04e57	byte-identical
evaluation workspace (commit dc6ebc1)	data/veriqbench/dynamic/qft/dqc_qft_98.qasm	data/veriqbench/dynamic/qft/dqc_qft_98.qasm	1dde0b5e7ed8ef2e5860b3a1dd7fc19e6e29b27d35b16ee0c714cb29508d9ec3	1dde0b5e7ed8ef2e5860b3a1dd7fc19e6e29b27d35b16ee0c714cb29508d9ec3	byte-identical
evaluation workspace (commit dc6ebc1)	data/veriqbench/dynamic/qft/dqc_qft_99.qasm	data/veriqbench/dynamic/qft/dqc_qft_99.qasm	b05f915dd7992d9fbf079c0ee277780ae149284678fd1e0dba634e1f7af4a9cd	b05f915dd7992d9fbf079c0ee277780ae149284678fd1e0dba634e1f7af4a9cd	byte-identical
evaluation workspace (commit dc6ebc1)	data/veriqbench/sequential/qctrl-1.a.qasm	data/veriqbench/sequential/qctrl-1.a.qasm	6d0b042f2051d20ed3e4d4166a880b6234d67195433c2d2fd9dd7376698486b3	6d0b042f2051d20ed3e4d4166a880b6234d67195433c2d2fd9dd7376698486b3	byte-identical
evaluation workspace (commit dc6ebc1)	data/veriqbench/sequential/qctrl-1.b.qasm	data/veriqbench/sequential/qctrl-1.b.qasm	68ba5df4f754d25deb0cf79440d067f5547b25485b1e27c3f544b4b9507a4278	68ba5df4f754d25deb0cf79440d067f5547b25485b1e27c3f544b4b9507a4278	byte-identical
evaluation workspace (commit dc6ebc1)	data/veriqbench/sequential/qctrl-2.a.qasm	data/veriqbench/sequential/qctrl-2.a.qasm	66eb8c80389ca2c06cdd6766d9e3ea1da0befaadef36765e10d2b2e0b223cebf	66eb8c80389ca2c06cdd6766d9e3ea1da0befaadef36765e10d2b2e0b223cebf	byte-identical
evaluation workspace (commit dc6ebc1)	data/veriqbench/sequential/qctrl-2.b.qasm	data/veriqbench/sequential/qctrl-2.b.qasm	42f0689d9a7e3e0625c80999e8433ab75178775e5276afce3b469c870a1daf1d	42f0689d9a7e3e0625c80999e8433ab75178775e5276afce3b469c870a1daf1d	byte-identical
evaluation workspace (commit dc6ebc1)	data/veriqbench/sequential/qft-large-1.a.qasm	data/veriqbench/sequential/qft-large-1.a.qasm	04124ffe724eba8333c4f8000f6612485c87da3e9cba9449f706ae9a9346fcbe	04124ffe724eba8333c4f8000f6612485c87da3e9cba9449f706ae9a9346fcbe	byte-identical
evaluation workspace (commit dc6ebc1)	data/veriqbench/sequential/qft-large-1.b.qasm	data/veriqbench/sequential/qft-large-1.b.qasm	84d8cb897091d6b45170a276af0385657efdc88533f1767ca1ab45bcfb07087d	84d8cb897091d6b45170a276af0385657efdc88533f1767ca1ab45bcfb07087d	byte-identical
evaluation workspace (commit dc6ebc1)	data/veriqbench/sequential/qft-large-2.a.qasm	data/veriqbench/sequential/qft-large-2.a.qasm	6536b0e4862f8388ed86e8ffcabeddc40f079ca20aaae2f8c7a246d258958803	6536b0e4862f8388ed86e8ffcabeddc40f079ca20aaae2f8c7a246d258958803	byte-identical
evaluation workspace (commit dc6ebc1)	data/veriqbench/sequential/qft-large-2.b.qasm	data/veriqbench/sequential/qft-large-2.b.qasm	bbcef4458f7f521558089ac9e984a56ea96efc4d285a1a3c0c4bb19920002659	bbcef4458f7f521558089ac9e984a56ea96efc4d285a1a3c0c4bb19920002659	byte-identical
evaluation workspace (commit dc6ebc1)	data/veriqbench/sequential/qft-large-3.a.qasm	data/veriqbench/sequential/qft-large-3.a.qasm	3753a3106f0258e4488dc70de0c7209f36eb60272a6f67cc889a257e2af68845	3753a3106f0258e4488dc70de0c7209f36eb60272a6f67cc889a257e2af68845	byte-identical
evaluation workspace (commit dc6ebc1)	data/veriqbench/sequential/qft-large-3.b.qasm	data/veriqbench/sequential/qft-large-3.b.qasm	f522d0afa7df1e13d8daa8f75c9086caba7c898411b9ae97a3c6ac38a1ef6f85	f522d0afa7df1e13d8daa8f75c9086caba7c898411b9ae97a3c6ac38a1ef6f85	byte-identical
evaluation workspace (commit dc6ebc1)	data/veriqbench/sequential/qft-small-1.a.qasm	data/veriqbench/sequential/qft-small-1.a.qasm	5678171beddacb52736a75f7cd70eb24bda6636b649d401157e47e71ad13ab05	5678171beddacb52736a75f7cd70eb24bda6636b649d401157e47e71ad13ab05	byte-identical
evaluation workspace (commit dc6ebc1)	data/veriqbench/sequential/qft-small-1.b.qasm	data/veriqbench/sequential/qft-small-1.b.qasm	6fa735558d3b3e8599766b68957747d644d4c276895b15279d89a8cb4f8701f5	6fa735558d3b3e8599766b68957747d644d4c276895b15279d89a8cb4f8701f5	byte-identical
evaluation workspace (commit dc6ebc1)	data/veriqbench/sequential/qft-small-2.a.qasm	data/veriqbench/sequential/qft-small-2.a.qasm	5678171beddacb52736a75f7cd70eb24bda6636b649d401157e47e71ad13ab05	5678171beddacb52736a75f7cd70eb24bda6636b649d401157e47e71ad13ab05	byte-identical
evaluation workspace (commit dc6ebc1)	data/veriqbench/sequential/qft-small-2.b.qasm	data/veriqbench/sequential/qft-small-2.b.qasm	792f9ed556a2f5f9f42e84da9f9ab7842b07d23727d75b8d8bcc440f2ba9bdef	792f9ed556a2f5f9f42e84da9f9ab7842b07d23727d75b8d8bcc440f2ba9bdef	byte-identical
evaluation workspace (commit dc6ebc1)	data/veriqbench/sequential/qhalf-adder.a.qasm	data/veriqbench/sequential/qhalf-adder.a.qasm	5e935c079708aefb00a1d9b950dd3b6fb29ff06290dd8eae78f1adc33a7b3941	5e935c079708aefb00a1d9b950dd3b6fb29ff06290dd8eae78f1adc33a7b3941	byte-identical
evaluation workspace (commit dc6ebc1)	data/veriqbench/sequential/qhalf-adder.b.qasm	data/veriqbench/sequential/qhalf-adder.b.qasm	69ecc265e9e451750b813879902cf1dfaea3d0891ee10541751ee921ea625ef6	69ecc265e9e451750b813879902cf1dfaea3d0891ee10541751ee921ea625ef6	byte-identical
evaluation workspace (commit dc6ebc1)	data/veriqbench/sequential/qrus-1.a.qasm	data/veriqbench/sequential/qrus-1.a.qasm	3ab66be2616d57cbf75e7283154d0356725fdcb1219d3a2fb3a0696329f5b127	3ab66be2616d57cbf75e7283154d0356725fdcb1219d3a2fb3a0696329f5b127	byte-identical
evaluation workspace (commit dc6ebc1)	data/veriqbench/sequential/qrus-1.b.qasm	data/veriqbench/sequential/qrus-1.b.qasm	4d3705249e2579ec08f7b350b99795112114c6e66cc8ca53ff4cda964bb1bacb	4d3705249e2579ec08f7b350b99795112114c6e66cc8ca53ff4cda964bb1bacb	byte-identical
evaluation workspace (commit dc6ebc1)	data/veriqbench/sequential/qrus-2.a.qasm	data/veriqbench/sequential/qrus-2.a.qasm	9e6caa9fc2de9af8149b698d33f0e4e6aba15f39729900025126370f589ca3db	9e6caa9fc2de9af8149b698d33f0e4e6aba15f39729900025126370f589ca3db	byte-identical
evaluation workspace (commit dc6ebc1)	data/veriqbench/sequential/qrus-2.b.qasm	data/veriqbench/sequential/qrus-2.b.qasm	57a09d92cff77a29f0adf2c83bb0f887fd42c5de9da56357e84b1f30056225fd	57a09d92cff77a29f0adf2c83bb0f887fd42c5de9da56357e84b1f30056225fd	byte-identical
evaluation workspace (commit dc6ebc1)	data/veriqbench/sequential/qwalk-diff.a.qasm	data/veriqbench/sequential/qwalk-diff.a.qasm	55735222767e0d24c3d0f1c1395ad6052fe0f0a1a4a3b70d07dfba2381b6dcfc	55735222767e0d24c3d0f1c1395ad6052fe0f0a1a4a3b70d07dfba2381b6dcfc	byte-identical
evaluation workspace (commit dc6ebc1)	data/veriqbench/sequential/qwalk-diff.b.qasm	data/veriqbench/sequential/qwalk-diff.b.qasm	dd8348a28b6c64c4d66ab5962c2d563c881e72b79fb12151bf34ad63f7b2d9d5	dd8348a28b6c64c4d66ab5962c2d563c881e72b79fb12151bf34ad63f7b2d9d5	byte-identical
evaluation workspace (commit dc6ebc1)	data/veriqbench/sequential/qwalk-irr.a.qasm	data/veriqbench/sequential/qwalk-irr.a.qasm	3293846009ab794f72732c62a43e82791398473e7d69833054a2799f1d54dff1	3293846009ab794f72732c62a43e82791398473e7d69833054a2799f1d54dff1	byte-identical
evaluation workspace (commit dc6ebc1)	data/veriqbench/sequential/qwalk-irr.b.qasm	data/veriqbench/sequential/qwalk-irr.b.qasm	d44e42414ec2c2d6a442d025f1e4e8818bb4e146fbdb19a824f10d0b5ed2cdb9	d44e42414ec2c2d6a442d025f1e4e8818bb4e146fbdb19a824f10d0b5ed2cdb9	byte-identical
evaluation workspace (commit dc6ebc1)	data/veriqbench/sequential/qwalk-large-1.a.qasm	data/veriqbench/sequential/qwalk-large-1.a.qasm	5251b609051395a7382b807e38676d89f97efe1381e527b87a195fc6b481c342	5251b609051395a7382b807e38676d89f97efe1381e527b87a195fc6b481c342	byte-identical
evaluation workspace (commit dc6ebc1)	data/veriqbench/sequential/qwalk-large-1.b.qasm	data/veriqbench/sequential/qwalk-large-1.b.qasm	e957ce0d20aedb79f0857130133634f6dd9fcd8d094ee43ccee2c18fe6f86999	e957ce0d20aedb79f0857130133634f6dd9fcd8d094ee43ccee2c18fe6f86999	byte-identical
evaluation workspace (commit dc6ebc1)	data/veriqbench/sequential/qwalk-large-2.a.qasm	data/veriqbench/sequential/qwalk-large-2.a.qasm	7e16b851a5d772ad92d564515656c5824e4fc1d0d617ba2ef10982e9a6a01ace	7e16b851a5d772ad92d564515656c5824e4fc1d0d617ba2ef10982e9a6a01ace	byte-identical
evaluation workspace (commit dc6ebc1)	data/veriqbench/sequential/qwalk-large-2.b.qasm	data/veriqbench/sequential/qwalk-large-2.b.qasm	d227a2621bdccd4ca0d5c447f43a560aa3e9793d2ad9ff0443be691847564e78	d227a2621bdccd4ca0d5c447f43a560aa3e9793d2ad9ff0443be691847564e78	byte-identical
evaluation workspace (commit dc6ebc1)	data/veriqbench/sequential/qwalk-large-3.a.qasm	data/veriqbench/sequential/qwalk-large-3.a.qasm	2d4deffce7866a0111e1fdcaae23417c40b1c93cd2e6f220eb95f36dc59691d1	2d4deffce7866a0111e1fdcaae23417c40b1c93cd2e6f220eb95f36dc59691d1	byte-identical
evaluation workspace (commit dc6ebc1)	data/veriqbench/sequential/qwalk-large-3.b.qasm	data/veriqbench/sequential/qwalk-large-3.b.qasm	17e43bdf56116930a6735372010e928e355f56e422a891777bfaa90624a8fe32	17e43bdf56116930a6735372010e928e355f56e422a891777bfaa90624a8fe32	byte-identical
evaluation workspace (commit dc6ebc1)	data/veriqbench/sequential/qwalk-small-1.a.qasm	data/veriqbench/sequential/qwalk-small-1.a.qasm	028654e8d24af60bc0bae80b4ff35d47a598cdfaead43a8c08b498432251d158	028654e8d24af60bc0bae80b4ff35d47a598cdfaead43a8c08b498432251d158	byte-identical
evaluation workspace (commit dc6ebc1)	data/veriqbench/sequential/qwalk-small-1.b.qasm	data/veriqbench/sequential/qwalk-small-1.b.qasm	c0bca3dbef31e392f8d6c06d65fecbc904b4c1b65af6727b94b4f08d9d108aed	c0bca3dbef31e392f8d6c06d65fecbc904b4c1b65af6727b94b4f08d9d108aed	byte-identical
evaluation workspace (commit dc6ebc1)	data/veriqbench/sequential/qwalk-small-2.a.qasm	data/veriqbench/sequential/qwalk-small-2.a.qasm	0ea242fe5c4f326c91ed6c7aa7459111283b3bd544a2f2f922f79b4a4332a7c8	0ea242fe5c4f326c91ed6c7aa7459111283b3bd544a2f2f922f79b4a4332a7c8	byte-identical
evaluation workspace (commit dc6ebc1)	data/veriqbench/sequential/qwalk-small-2.b.qasm	data/veriqbench/sequential/qwalk-small-2.b.qasm	66b9f315fe50d7a60da60ca254abfb428dcfefcdd267bb59d659e00f650c1955	66b9f315fe50d7a60da60ca254abfb428dcfefcdd267bb59d659e00f650c1955	byte-identical
evaluation workspace (commit dc6ebc1)	data/veriqbench/sequential/qwalk-sym-1.a.qasm	data/veriqbench/sequential/qwalk-sym-1.a.qasm	55735222767e0d24c3d0f1c1395ad6052fe0f0a1a4a3b70d07dfba2381b6dcfc	55735222767e0d24c3d0f1c1395ad6052fe0f0a1a4a3b70d07dfba2381b6dcfc	byte-identical
evaluation workspace (commit dc6ebc1)	data/veriqbench/sequential/qwalk-sym-1.b.qasm	data/veriqbench/sequential/qwalk-sym-1.b.qasm	76249a5fe03a7a5d46eb52e85f542ca5e81495e99c5160d16934fb657c5cd482	76249a5fe03a7a5d46eb52e85f542ca5e81495e99c5160d16934fb657c5cd482	byte-identical
evaluation workspace (commit dc6ebc1)	data/veriqbench/sequential/qwalk-sym-2.a.qasm	data/veriqbench/sequential/qwalk-sym-2.a.qasm	0c34895f39a7c3ca16affcb1f8bc71f0e6b7a829fe7a5493413c41de15e262dc	0c34895f39a7c3ca16affcb1f8bc71f0e6b7a829fe7a5493413c41de15e262dc	byte-identical
evaluation workspace (commit dc6ebc1)	data/veriqbench/sequential/qwalk-sym-2.b.qasm	data/veriqbench/sequential/qwalk-sym-2.b.qasm	d1f34a117cf249213eb44317b241d9bdd1f0d3499813ec1bcd6edf79dbf0eff9	d1f34a117cf249213eb44317b241d9bdd1f0d3499813ec1bcd6edf79dbf0eff9	byte-identical
evaluation workspace (commit dc6ebc1)	data/veriqbench/sequential/qwalk-sym-3.a.qasm	data/veriqbench/sequential/qwalk-sym-3.a.qasm	bfa077f441c055b053a12050f05b8786fd195172b00df6471c62f9c38dcd3e32	bfa077f441c055b053a12050f05b8786fd195172b00df6471c62f9c38dcd3e32	byte-identical
evaluation workspace (commit dc6ebc1)	data/veriqbench/sequential/qwalk-sym-3.b.qasm	data/veriqbench/sequential/qwalk-sym-3.b.qasm	e9ff14a77910232408fe1fff82d5347b2af904138598705105a3f1a65bd37a16	e9ff14a77910232408fe1fff82d5347b2af904138598705105a3f1a65bd37a16	byte-identical
evaluation workspace (commit dc6ebc1)	data/veriqbench/variational/EfficientSU2/eff_10.qasm	data/veriqbench/variational/EfficientSU2/eff_10.qasm	e223bfc88d36f3a29fb1fd8dbbbbcc396e83ca4dd9a42ca25cdd49aaa0228b83	e223bfc88d36f3a29fb1fd8dbbbbcc396e83ca4dd9a42ca25cdd49aaa0228b83	byte-identical
evaluation workspace (commit dc6ebc1)	data/veriqbench/variational/EfficientSU2/eff_11.qasm	data/veriqbench/variational/EfficientSU2/eff_11.qasm	99afebffdc2735645eafa113775e7c79f855ba3e70eb20dd230ab4c31a458946	99afebffdc2735645eafa113775e7c79f855ba3e70eb20dd230ab4c31a458946	byte-identical
evaluation workspace (commit dc6ebc1)	data/veriqbench/variational/EfficientSU2/eff_12.qasm	data/veriqbench/variational/EfficientSU2/eff_12.qasm	2fd771141c4736f531962ead8d0bd5f566012912f8b72dfa7ba7b44392dd4d63	2fd771141c4736f531962ead8d0bd5f566012912f8b72dfa7ba7b44392dd4d63	byte-identical
evaluation workspace (commit dc6ebc1)	data/veriqbench/variational/EfficientSU2/eff_13.qasm	data/veriqbench/variational/EfficientSU2/eff_13.qasm	12b301cee566e4339ed64a0a9a603ebd7cf83e6e0501888156d8a3e2a9e63a45	12b301cee566e4339ed64a0a9a603ebd7cf83e6e0501888156d8a3e2a9e63a45	byte-identical
evaluation workspace (commit dc6ebc1)	data/veriqbench/variational/EfficientSU2/eff_1_4.qasm	data/veriqbench/variational/EfficientSU2/eff_1_4.qasm	d9aba3a52316de2b812bbbef7760127843d9191c62463d32773b927301bbe239	d9aba3a52316de2b812bbbef7760127843d9191c62463d32773b927301bbe239	byte-identical
evaluation workspace (commit dc6ebc1)	data/veriqbench/variational/EfficientSU2/eff_2_4.qasm	data/veriqbench/variational/EfficientSU2/eff_2_4.qasm	b81f3e01470477167378ba4acc3e7f5e078cb32c53fe114878820c244a7b5ddd	b81f3e01470477167378ba4acc3e7f5e078cb32c53fe114878820c244a7b5ddd	byte-identical
evaluation workspace (commit dc6ebc1)	data/veriqbench/variational/EfficientSU2/eff_3_4.qasm	data/veriqbench/variational/EfficientSU2/eff_3_4.qasm	4de07b351b04ec396b3f5a1848513e0672b8fe63405452b813a2a380e20d0bb7	4de07b351b04ec396b3f5a1848513e0672b8fe63405452b813a2a380e20d0bb7	byte-identical
evaluation workspace (commit dc6ebc1)	data/veriqbench/variational/EfficientSU2/eff_4_4.qasm	data/veriqbench/variational/EfficientSU2/eff_4_4.qasm	4e6b618cc37d3c8500241bbdf7eafbfa1d21d20eece87f3d4116b1ae875bbbf6	4e6b618cc37d3c8500241bbdf7eafbfa1d21d20eece87f3d4116b1ae875bbbf6	byte-identical
evaluation workspace (commit dc6ebc1)	data/veriqbench/variational/EfficientSU2/eff_5_4.qasm	data/veriqbench/variational/EfficientSU2/eff_5_4.qasm	617e6e0885de16cab5a378ea3a337e538acf71d4b376efbdc7df01382a0869cc	617e6e0885de16cab5a378ea3a337e538acf71d4b376efbdc7df01382a0869cc	byte-identical
evaluation workspace (commit dc6ebc1)	data/veriqbench/variational/HFVQE/hf_10_0_5.qasm	data/veriqbench/variational/HFVQE/hf_10_0_5.qasm	9159af3d6b2d74e0c5b76dda152950de927743323d65293f298ac5a1a1ae8077	9159af3d6b2d74e0c5b76dda152950de927743323d65293f298ac5a1a1ae8077	byte-identical
evaluation workspace (commit dc6ebc1)	data/veriqbench/variational/HFVQE/hf_10_0_9.qasm	data/veriqbench/variational/HFVQE/hf_10_0_9.qasm	c76b5626b64e35b4e6ec87fb61f885de6139104988d39b8c6f4832fa6b5fb39b	c76b5626b64e35b4e6ec87fb61f885de6139104988d39b8c6f4832fa6b5fb39b	byte-identical
evaluation workspace (commit dc6ebc1)	data/veriqbench/variational/HFVQE/hf_10_1_3.qasm	data/veriqbench/variational/HFVQE/hf_10_1_3.qasm	0642b251b01d4e5b1973bbb15be77e438e7ae0d1ed031d59ff6bb95a2c1ad0c3	0642b251b01d4e5b1973bbb15be77e438e7ae0d1ed031d59ff6bb95a2c1ad0c3	byte-identical
evaluation workspace (commit dc6ebc1)	data/veriqbench/variational/HFVQE/hf_10_1_7.qasm	data/veriqbench/variational/HFVQE/hf_10_1_7.qasm	733e7f7c13f471b3a6f7572036627ced86833ddeb084b93caaac542fa1ec8fb2	733e7f7c13f471b3a6f7572036627ced86833ddeb084b93caaac542fa1ec8fb2	byte-identical
evaluation workspace (commit dc6ebc1)	data/veriqbench/variational/HFVQE/hf_10_2_1.qasm	data/veriqbench/variational/HFVQE/hf_10_2_1.qasm	f18dcf20ca27973010f82de84b6449f18a79b750ef62c203a19c44109fe33703	f18dcf20ca27973010f82de84b6449f18a79b750ef62c203a19c44109fe33703	byte-identical
evaluation workspace (commit dc6ebc1)	data/veriqbench/variational/HFVQE/hf_10_2_5.qasm	data/veriqbench/variational/HFVQE/hf_10_2_5.qasm	0bc99bcb3c33af21ed7301b49f052a2eb0adf1edd483a11d99da6e45ba168d5c	0bc99bcb3c33af21ed7301b49f052a2eb0adf1edd483a11d99da6e45ba168d5c	byte-identical
evaluation workspace (commit dc6ebc1)	data/veriqbench/variational/HFVQE/hf_12_0_5.qasm	data/veriqbench/variational/HFVQE/hf_12_0_5.qasm	b9dfabd8fe5e77469a53c42b74f60e7d36fdf2183f01030c216628c416c64edb	b9dfabd8fe5e77469a53c42b74f60e7d36fdf2183f01030c216628c416c64edb	byte-identical
evaluation workspace (commit dc6ebc1)	data/veriqbench/variational/HFVQE/hf_12_0_9.qasm	data/veriqbench/variational/HFVQE/hf_12_0_9.qasm	eaa24292f5a29a0470d0c9d7db87f26a8d868b41426b006ba6f5f837320c4eb5	eaa24292f5a29a0470d0c9d7db87f26a8d868b41426b006ba6f5f837320c4eb5	byte-identical
evaluation workspace (commit dc6ebc1)	data/veriqbench/variational/HFVQE/hf_12_1_3.qasm	data/veriqbench/variational/HFVQE/hf_12_1_3.qasm	62092b8216d645e4b48d0879165ce19b2ae9bd58b115b6c2ff1812536d8eaeaa	62092b8216d645e4b48d0879165ce19b2ae9bd58b115b6c2ff1812536d8eaeaa	byte-identical
evaluation workspace (commit dc6ebc1)	data/veriqbench/variational/HFVQE/hf_12_1_7.qasm	data/veriqbench/variational/HFVQE/hf_12_1_7.qasm	6e50eae51cb097963dd2fa9beb551aace23c5b775e6bdc8f3dbe52cd5996a155	6e50eae51cb097963dd2fa9beb551aace23c5b775e6bdc8f3dbe52cd5996a155	byte-identical
evaluation workspace (commit dc6ebc1)	data/veriqbench/variational/HFVQE/hf_12_2_1.qasm	data/veriqbench/variational/HFVQE/hf_12_2_1.qasm	288ff5237cdd082976818923d401ca3515aba675c86d4839eb454fc74ebcb3d1	288ff5237cdd082976818923d401ca3515aba675c86d4839eb454fc74ebcb3d1	byte-identical
evaluation workspace (commit dc6ebc1)	data/veriqbench/variational/HFVQE/hf_12_2_5.qasm	data/veriqbench/variational/HFVQE/hf_12_2_5.qasm	35bbe3341fbc2e801b6f61e6c4072900624f9a2ca04e728d83ae8de265c330c8	35bbe3341fbc2e801b6f61e6c4072900624f9a2ca04e728d83ae8de265c330c8	byte-identical
evaluation workspace (commit dc6ebc1)	data/veriqbench/variational/HFVQE/hf_6_0_5.qasm	data/veriqbench/variational/HFVQE/hf_6_0_5.qasm	04ee5f6189a2797ed9f60836dad56f2f9af4d06e7a3b4e753e7f9796b78747b3	04ee5f6189a2797ed9f60836dad56f2f9af4d06e7a3b4e753e7f9796b78747b3	byte-identical
evaluation workspace (commit dc6ebc1)	data/veriqbench/variational/HFVQE/hf_6_0_9.qasm	data/veriqbench/variational/HFVQE/hf_6_0_9.qasm	815ec9732f7c152fc00d0818f70c8d8dfdcc7efb4dcfac1b4566e20d6113fc8c	815ec9732f7c152fc00d0818f70c8d8dfdcc7efb4dcfac1b4566e20d6113fc8c	byte-identical
evaluation workspace (commit dc6ebc1)	data/veriqbench/variational/HFVQE/hf_6_1_3.qasm	data/veriqbench/variational/HFVQE/hf_6_1_3.qasm	43a574de9c2662e48ed9aa780791e40fa2f1b513f73fdb8c401d536510462b48	43a574de9c2662e48ed9aa780791e40fa2f1b513f73fdb8c401d536510462b48	byte-identical
evaluation workspace (commit dc6ebc1)	data/veriqbench/variational/HFVQE/hf_6_1_7.qasm	data/veriqbench/variational/HFVQE/hf_6_1_7.qasm	bef5555654b8a12dde6ab0540ed5dc5633f3004f8e840e8ea28ded951b4674d1	bef5555654b8a12dde6ab0540ed5dc5633f3004f8e840e8ea28ded951b4674d1	byte-identical
evaluation workspace (commit dc6ebc1)	data/veriqbench/variational/HFVQE/hf_6_2_1.qasm	data/veriqbench/variational/HFVQE/hf_6_2_1.qasm	7c2efb90763fd6926073bb8b09e140fc688251620092a7366bc7738da8898867	7c2efb90763fd6926073bb8b09e140fc688251620092a7366bc7738da8898867	byte-identical
evaluation workspace (commit dc6ebc1)	data/veriqbench/variational/HFVQE/hf_6_2_5.qasm	data/veriqbench/variational/HFVQE/hf_6_2_5.qasm	f843f0e53ccafd3e183509a84f05e4e8227e49dd7e67f6944c921aa306b800bd	f843f0e53ccafd3e183509a84f05e4e8227e49dd7e67f6944c921aa306b800bd	byte-identical
evaluation workspace (commit dc6ebc1)	data/veriqbench/variational/HFVQE/hf_8_0_5.qasm	data/veriqbench/variational/HFVQE/hf_8_0_5.qasm	114c18a3391abfbb459ff88da1753ba912179094d2323f1df05763c22d3cae8b	114c18a3391abfbb459ff88da1753ba912179094d2323f1df05763c22d3cae8b	byte-identical
evaluation workspace (commit dc6ebc1)	data/veriqbench/variational/HFVQE/hf_8_0_9.qasm	data/veriqbench/variational/HFVQE/hf_8_0_9.qasm	04d344f02e13a87eff91baa6c52b5e486db627c2503755b02d241a5b79364298	04d344f02e13a87eff91baa6c52b5e486db627c2503755b02d241a5b79364298	byte-identical
evaluation workspace (commit dc6ebc1)	data/veriqbench/variational/HFVQE/hf_8_1_3.qasm	data/veriqbench/variational/HFVQE/hf_8_1_3.qasm	6f79e09e9c6fcfa6aef9f96a6dbe4e198f6e0e3644bdda062c64a424772e40dd	6f79e09e9c6fcfa6aef9f96a6dbe4e198f6e0e3644bdda062c64a424772e40dd	byte-identical
evaluation workspace (commit dc6ebc1)	data/veriqbench/variational/HFVQE/hf_8_1_7.qasm	data/veriqbench/variational/HFVQE/hf_8_1_7.qasm	78e29dfdcf90a8d95a29091815b6fb9344e4cfe4d397934bec4e11e4f7834ccb	78e29dfdcf90a8d95a29091815b6fb9344e4cfe4d397934bec4e11e4f7834ccb	byte-identical
evaluation workspace (commit dc6ebc1)	data/veriqbench/variational/HFVQE/hf_8_2_1.qasm	data/veriqbench/variational/HFVQE/hf_8_2_1.qasm	c7750daa0224c043cb376dabe8c4e7d3ee28084140de958479688ca0969aefd0	c7750daa0224c043cb376dabe8c4e7d3ee28084140de958479688ca0969aefd0	byte-identical
evaluation workspace (commit dc6ebc1)	data/veriqbench/variational/HFVQE/hf_8_2_5.qasm	data/veriqbench/variational/HFVQE/hf_8_2_5.qasm	b07845c0b24f4ff45c51ccf54119de35b093408a58160832497513b44c079317	b07845c0b24f4ff45c51ccf54119de35b093408a58160832497513b44c079317	byte-identical
evaluation workspace (commit dc6ebc1)	data/veriqbench/variational/QAOA/qaoa_10.qasm	data/veriqbench/variational/QAOA/qaoa_10.qasm	7ea21e4c999454e66711f190c4f5b8faefae3574771b9f4f223812950f7f949c	7ea21e4c999454e66711f190c4f5b8faefae3574771b9f4f223812950f7f949c	byte-identical
evaluation workspace (commit dc6ebc1)	data/veriqbench/variational/QAOA/qaoa_100.qasm	data/veriqbench/variational/QAOA/qaoa_100.qasm	d000225aeea0aa1c9f69077faf55e26155f8b3bfc7c740712df796c05f3c9d5c	d000225aeea0aa1c9f69077faf55e26155f8b3bfc7c740712df796c05f3c9d5c	byte-identical
evaluation workspace (commit dc6ebc1)	data/veriqbench/variational/QAOA/qaoa_121.qasm	data/veriqbench/variational/QAOA/qaoa_121.qasm	5bd8d51d567a88c1387cb70de85a1e17a78d1d8f10ac54e9b923cbc09c265c0e	5bd8d51d567a88c1387cb70de85a1e17a78d1d8f10ac54e9b923cbc09c265c0e	byte-identical
evaluation workspace (commit dc6ebc1)	data/veriqbench/variational/QAOA/qaoa_144.qasm	data/veriqbench/variational/QAOA/qaoa_144.qasm	4769ee6fbbbba85b55b2f1ecdbdbf38f11ad9ed61211c18bb19c03ee5e896ed4	4769ee6fbbbba85b55b2f1ecdbdbf38f11ad9ed61211c18bb19c03ee5e896ed4	byte-identical
evaluation workspace (commit dc6ebc1)	data/veriqbench/variational/QAOA/qaoa_15.qasm	data/veriqbench/variational/QAOA/qaoa_15.qasm	932cad109a4493e9bd3aefbac6f02bebf9d80c38b43f59c27e324ea66a4b29f3	932cad109a4493e9bd3aefbac6f02bebf9d80c38b43f59c27e324ea66a4b29f3	byte-identical
evaluation workspace (commit dc6ebc1)	data/veriqbench/variational/QAOA/qaoa_169.qasm	data/veriqbench/variational/QAOA/qaoa_169.qasm	baa4a2ba518311a793653af2d55be5e24eaef935f42396b08e1e79673f778a17	baa4a2ba518311a793653af2d55be5e24eaef935f42396b08e1e79673f778a17	byte-identical
evaluation workspace (commit dc6ebc1)	data/veriqbench/variational/QAOA/qaoa_196.qasm	data/veriqbench/variational/QAOA/qaoa_196.qasm	854849472e675e172ba6d00a6a15609f5248ad8e0729742c6d071b7740f70cdb	854849472e675e172ba6d00a6a15609f5248ad8e0729742c6d071b7740f70cdb	byte-identical
evaluation workspace (commit dc6ebc1)	data/veriqbench/variational/QAOA/qaoa_20.qasm	data/veriqbench/variational/QAOA/qaoa_20.qasm	4892d365ac4839c527445ca035f485b50846e001110d8b034043100ebbf4e068	4892d365ac4839c527445ca035f485b50846e001110d8b034043100ebbf4e068	byte-identical
evaluation workspace (commit dc6ebc1)	data/veriqbench/variational/QAOA/qaoa_225.qasm	data/veriqbench/variational/QAOA/qaoa_225.qasm	c2ae8ffcfe480d45d67c15fa0eacf17613d09318d997db2e5334b633f6ce4216	c2ae8ffcfe480d45d67c15fa0eacf17613d09318d997db2e5334b633f6ce4216	byte-identical
evaluation workspace (commit dc6ebc1)	data/veriqbench/variational/QAOA/qaoa_25.qasm	data/veriqbench/variational/QAOA/qaoa_25.qasm	5b3c3d4a683ce73b2a7fb2cca649991c61f9eb780b7f197e4848349dbe9ad774	5b3c3d4a683ce73b2a7fb2cca649991c61f9eb780b7f197e4848349dbe9ad774	byte-identical
evaluation workspace (commit dc6ebc1)	data/veriqbench/variational/QAOA/qaoa_30.qasm	data/veriqbench/variational/QAOA/qaoa_30.qasm	1e3f14dad487dc4202e2d6dc759ca44e7ca37bf29a127539ea34446f405cf1ae	1e3f14dad487dc4202e2d6dc759ca44e7ca37bf29a127539ea34446f405cf1ae	byte-identical
evaluation workspace (commit dc6ebc1)	data/veriqbench/variational/QAOA/qaoa_35.qasm	data/veriqbench/variational/QAOA/qaoa_35.qasm	8b22a3d4354f54216d0fe3665171f151b4c70313c11a1849b9b6f31f692fde46	8b22a3d4354f54216d0fe3665171f151b4c70313c11a1849b9b6f31f692fde46	byte-identical
evaluation workspace (commit dc6ebc1)	data/veriqbench/variational/QAOA/qaoa_40.qasm	data/veriqbench/variational/QAOA/qaoa_40.qasm	254bb23b86da5e752799bbd2b09021908bf2e70aeb07d1107135da9880bcb31b	254bb23b86da5e752799bbd2b09021908bf2e70aeb07d1107135da9880bcb31b	byte-identical
evaluation workspace (commit dc6ebc1)	data/veriqbench/variational/QAOA/qaoa_45.qasm	data/veriqbench/variational/QAOA/qaoa_45.qasm	854377329d47a8306a397c98372421b95ec1c5b9d46006e03e7cd3d0d4537786	854377329d47a8306a397c98372421b95ec1c5b9d46006e03e7cd3d0d4537786	byte-identical
evaluation workspace (commit dc6ebc1)	data/veriqbench/variational/QAOA/qaoa_48.qasm	data/veriqbench/variational/QAOA/qaoa_48.qasm	f9ef83fd86adbf9f0bb12d10071a32ecd308abfcb618d374681dbf05aca65ba7	f9ef83fd86adbf9f0bb12d10071a32ecd308abfcb618d374681dbf05aca65ba7	byte-identical
evaluation workspace (commit dc6ebc1)	data/veriqbench/variational/QAOA/qaoa_6.qasm	data/veriqbench/variational/QAOA/qaoa_6.qasm	0e7f38fafadda78f100bb7baad38f5f4b2de6e16aebaddf98e5de951a644d55c	0e7f38fafadda78f100bb7baad38f5f4b2de6e16aebaddf98e5de951a644d55c	byte-identical
evaluation workspace (commit dc6ebc1)	data/veriqbench/variational/QAOA/qaoa_64.qasm	data/veriqbench/variational/QAOA/qaoa_64.qasm	a1228d330763b0514fe1edc026f639d7ed4109590b23956d02da80e06422d5bf	a1228d330763b0514fe1edc026f639d7ed4109590b23956d02da80e06422d5bf	byte-identical
evaluation workspace (commit dc6ebc1)	data/veriqbench/variational/QAOA/qaoa_72.qasm	data/veriqbench/variational/QAOA/qaoa_72.qasm	88c0c56ddce3b3029935b5a6b9d4adc7e11e0e981b01705b752ba8dbb199ba00	88c0c56ddce3b3029935b5a6b9d4adc7e11e0e981b01705b752ba8dbb199ba00	byte-identical
evaluation workspace (commit dc6ebc1)	data/veriqbench/variational/QAOA/qaoa_80.qasm	data/veriqbench/variational/QAOA/qaoa_80.qasm	405f1f07c83cd9532448d37bbd896e110ea6d6270fd66d2a2f2cab080653e070	405f1f07c83cd9532448d37bbd896e110ea6d6270fd66d2a2f2cab080653e070	byte-identical
evaluation workspace (commit dc6ebc1)	data/veriqbench/variational/QCNN/qcnn_16.qasm	data/veriqbench/variational/QCNN/qcnn_16.qasm	8aba5a7b2b75521fec2bc03579d2da5b4814af587512a4da163f6d15d5ccced6	8aba5a7b2b75521fec2bc03579d2da5b4814af587512a4da163f6d15d5ccced6	byte-identical
evaluation workspace (commit dc6ebc1)	data/veriqbench/variational/QCNN/qcnn_4.qasm	data/veriqbench/variational/QCNN/qcnn_4.qasm	b65fc58597a8fdba263a50df520964335fb9f52e61ed2a4021c12c2d199828cc	b65fc58597a8fdba263a50df520964335fb9f52e61ed2a4021c12c2d199828cc	byte-identical
evaluation workspace (commit dc6ebc1)	data/veriqbench/variational/QCNN/qcnn_8.qasm	data/veriqbench/variational/QCNN/qcnn_8.qasm	51c1603d26e2a7dd97e19b89d9160b8cbc229d5805882a1976cb4438f43ef51b	51c1603d26e2a7dd97e19b89d9160b8cbc229d5805882a1976cb4438f43ef51b	byte-identical
evaluation workspace (commit dc6ebc1)	data/veriqbench/variational/examples/HEA_5.qasm	data/veriqbench/variational/examples/HEA_5.qasm	475f2e03d48f8a82ffc18063d503403350b0eeeee512d822c0f3cf8a4776a14a	475f2e03d48f8a82ffc18063d503403350b0eeeee512d822c0f3cf8a4776a14a	byte-identical
evaluation workspace (commit dc6ebc1)	data/veriqbench/variational/examples/SPA_5.qasm	data/veriqbench/variational/examples/SPA_5.qasm	ccc398f703ad76d527889bee7038312d4191aec70a7f1f78778050400b24ea35	ccc398f703ad76d527889bee7038312d4191aec70a7f1f78778050400b24ea35	byte-identical
evaluation workspace (commit dc6ebc1)	data/veriqbench/variational/examples/UCC_5.qasm	data/veriqbench/variational/examples/UCC_5.qasm	f48efd85ba19c1a9bc0e480ed75b9ca688bfc45c8ff876253a7076a71d348d0d	f48efd85ba19c1a9bc0e480ed75b9ca688bfc45c8ff876253a7076a71d348d0d	byte-identical
evaluation workspace (commit dc6ebc1)	data/qasmbench/medium/bv_n14.qasm	data/qasmbench/medium/bv_n14.qasm	c98cf8b70ed55423525f55bebe8293fd69a97a33472d83cbf5d39693b6ed5e14	c98cf8b70ed55423525f55bebe8293fd69a97a33472d83cbf5d39693b6ed5e14	byte-identical
evaluation workspace (commit dc6ebc1)	data/qasmbench/medium/cc_n12.qasm	data/qasmbench/medium/cc_n12.qasm	67cd81d8392049d251e32e4ad1d7399706c054f829f1ab347c3995fe72d914af	67cd81d8392049d251e32e4ad1d7399706c054f829f1ab347c3995fe72d914af	byte-identical
evaluation workspace (commit dc6ebc1)	data/qasmbench/medium/multiply_n13.qasm	data/qasmbench/medium/multiply_n13.qasm	6d00a50a97f2224ddbb993ed3d82b1928cc1397997fc0347296d7fc42d731755	6d00a50a97f2224ddbb993ed3d82b1928cc1397997fc0347296d7fc42d731755	byte-identical
evaluation workspace (commit dc6ebc1)	data/qasmbench/medium/sat_n11.qasm	data/qasmbench/medium/sat_n11.qasm	a876bce6261e0c6b2eff07cca8606a6937fe37ba46d8b1c28cc735d9c8fa325e	a876bce6261e0c6b2eff07cca8606a6937fe37ba46d8b1c28cc735d9c8fa325e	byte-identical
evaluation workspace (commit dc6ebc1)	data/qasmbench/medium/seca_n11.qasm	data/qasmbench/medium/seca_n11.qasm	42ed28a2fe7ef6e8f3498a4b4fe326886ba3ee730569874e6d6f928a4efb1b6a	42ed28a2fe7ef6e8f3498a4b4fe326886ba3ee730569874e6d6f928a4efb1b6a	byte-identical
evaluation workspace (commit dc6ebc1)	data/qasmbench/small/adder_n10.qasm	data/qasmbench/small/adder_n10.qasm	89af975627593648e7aca6ac6cb936d2c872093c1eedcaa1b2ab4fa14b602624	89af975627593648e7aca6ac6cb936d2c872093c1eedcaa1b2ab4fa14b602624	byte-identical
evaluation workspace (commit dc6ebc1)	data/qasmbench/small/adder_n4.qasm	data/qasmbench/small/adder_n4.qasm	30f0be9eb50d37ab2de7c87676e32ff7c66bc67eff32dfeafa0cf69951d92438	30f0be9eb50d37ab2de7c87676e32ff7c66bc67eff32dfeafa0cf69951d92438	byte-identical
evaluation workspace (commit dc6ebc1)	data/qasmbench/small/basis_change_n3.qasm	data/qasmbench/small/basis_change_n3.qasm	2d998840327e516c71142442f6d9c2924962a8fad2e12e70a2c90d53a78be851	2d998840327e516c71142442f6d9c2924962a8fad2e12e70a2c90d53a78be851	byte-identical
evaluation workspace (commit dc6ebc1)	data/qasmbench/small/basis_test_n4.qasm	data/qasmbench/small/basis_test_n4.qasm	a6056d13a17783d499e4a8a87c62508534633ca0668225b49a8bf7c3c7e18a4a	a6056d13a17783d499e4a8a87c62508534633ca0668225b49a8bf7c3c7e18a4a	byte-identical
evaluation workspace (commit dc6ebc1)	data/qasmbench/small/bb84_n8.qasm	data/qasmbench/small/bb84_n8.qasm	32cb8b0b9a82ab794e99a69e24cce92fd313f37a4725cc61be2f1d761df4fd82	32cb8b0b9a82ab794e99a69e24cce92fd313f37a4725cc61be2f1d761df4fd82	byte-identical
evaluation workspace (commit dc6ebc1)	data/qasmbench/small/bell_n4.qasm	data/qasmbench/small/bell_n4.qasm	1f3a1115385d87f6a444189776e521d6bba1d300f96454e85cb58bb3e297bf81	1f3a1115385d87f6a444189776e521d6bba1d300f96454e85cb58bb3e297bf81	byte-identical
evaluation workspace (commit dc6ebc1)	data/qasmbench/small/cat_state_n4.qasm	data/qasmbench/small/cat_state_n4.qasm	caa882935bb73087db2edbee2aa77133965bdda3aec9687166f9e96b9a2ef8ff	caa882935bb73087db2edbee2aa77133965bdda3aec9687166f9e96b9a2ef8ff	byte-identical
evaluation workspace (commit dc6ebc1)	data/qasmbench/small/deutsch_n2.qasm	data/qasmbench/small/deutsch_n2.qasm	56a7b3389495fb497df1a331abb7d4f64ac57d397aaa1c1169d0ac33a10889cd	56a7b3389495fb497df1a331abb7d4f64ac57d397aaa1c1169d0ac33a10889cd	byte-identical
evaluation workspace (commit dc6ebc1)	data/qasmbench/small/error_correctiond3_n5.qasm	data/qasmbench/small/error_correctiond3_n5.qasm	c33b5a03491bceb26ca6d494632936614df035a352d437369eca28087ae72ff5	c33b5a03491bceb26ca6d494632936614df035a352d437369eca28087ae72ff5	byte-identical
evaluation workspace (commit dc6ebc1)	data/qasmbench/small/fredkin_n3.qasm	data/qasmbench/small/fredkin_n3.qasm	5ede0e9d4cdc723afcdb515f16f984bf47cf53423e12fcafc10ee03bd9577996	5ede0e9d4cdc723afcdb515f16f984bf47cf53423e12fcafc10ee03bd9577996	byte-identical
evaluation workspace (commit dc6ebc1)	data/qasmbench/small/grover_n2.qasm	data/qasmbench/small/grover_n2.qasm	afd134759fa0eefb9f84a88d3e9f156cd54e83b10177d02c33bb6f519c08b813	afd134759fa0eefb9f84a88d3e9f156cd54e83b10177d02c33bb6f519c08b813	byte-identical
evaluation workspace (commit dc6ebc1)	data/qasmbench/small/hs4_n4.qasm	data/qasmbench/small/hs4_n4.qasm	f362ca9ffd7f045f517dfe4d67350794ac998f4eb427586a804eed9379340f63	f362ca9ffd7f045f517dfe4d67350794ac998f4eb427586a804eed9379340f63	byte-identical
evaluation workspace (commit dc6ebc1)	data/qasmbench/small/inverseqft_n4.qasm	data/qasmbench/small/inverseqft_n4.qasm	2b950bb566ea547918adcea27b13defb3ad31fb10bf3b4ccb25d51e91b5527b1	2b950bb566ea547918adcea27b13defb3ad31fb10bf3b4ccb25d51e91b5527b1	byte-identical
evaluation workspace (commit dc6ebc1)	data/qasmbench/small/ipea_n2.qasm	data/qasmbench/small/ipea_n2.qasm	78a11d6fadec00a0a119d9e40641124a40fd8b4eebacfb36e81ed525775e4ee8	78a11d6fadec00a0a119d9e40641124a40fd8b4eebacfb36e81ed525775e4ee8	byte-identical
evaluation workspace (commit dc6ebc1)	data/qasmbench/small/iswap_n2.qasm	data/qasmbench/small/iswap_n2.qasm	0c6d4dffaeb32c5758511cb51d5f89bcb6c97f3f60c1f5e3cbbeabb53c53ed50	0c6d4dffaeb32c5758511cb51d5f89bcb6c97f3f60c1f5e3cbbeabb53c53ed50	byte-identical
evaluation workspace (commit dc6ebc1)	data/qasmbench/small/linearsolver_n3.qasm	data/qasmbench/small/linearsolver_n3.qasm	ad98aaab04fdd11eed43b6839122909c568ff848dd0b97ed09c11346dd592c42	ad98aaab04fdd11eed43b6839122909c568ff848dd0b97ed09c11346dd592c42	byte-identical
evaluation workspace (commit dc6ebc1)	data/qasmbench/small/lpn_n5.qasm	data/qasmbench/small/lpn_n5.qasm	4216e9b4fdf9f22e6ae4f92a67aac8c634209093db4e3f0290f5413165b4de87	4216e9b4fdf9f22e6ae4f92a67aac8c634209093db4e3f0290f5413165b4de87	byte-identical
evaluation workspace (commit dc6ebc1)	data/qasmbench/small/pea_n5.qasm	data/qasmbench/small/pea_n5.qasm	0ab8129a30be0350c68704b5fcd91f2dfb4c868303c5ad761af411f277f91660	0ab8129a30be0350c68704b5fcd91f2dfb4c868303c5ad761af411f277f91660	byte-identical
evaluation workspace (commit dc6ebc1)	data/qasmbench/small/qaoa_n3.qasm	data/qasmbench/small/qaoa_n3.qasm	4dc17a12b187cc3cf02962cf023a36de4cc48ed3923343ab9ef84e3daf89f5c7	4dc17a12b187cc3cf02962cf023a36de4cc48ed3923343ab9ef84e3daf89f5c7	byte-identical
evaluation workspace (commit dc6ebc1)	data/qasmbench/small/qec_en_n5.qasm	data/qasmbench/small/qec_en_n5.qasm	d7b95967326b65050c5e645c180f2361f8cb3513dae7936de0e0cf53a63fec58	d7b95967326b65050c5e645c180f2361f8cb3513dae7936de0e0cf53a63fec58	byte-identical
evaluation workspace (commit dc6ebc1)	data/qasmbench/small/qec_sm_n5.qasm	data/qasmbench/small/qec_sm_n5.qasm	dcf8d069188a5cf96a04aaaed23ff6f78e3663523c429609676e066a90332598	dcf8d069188a5cf96a04aaaed23ff6f78e3663523c429609676e066a90332598	byte-identical
evaluation workspace (commit dc6ebc1)	data/qasmbench/small/qft_n4.qasm	data/qasmbench/small/qft_n4.qasm	62c6c8c7ddd95ac2b5367420b9925dbf82d6fb45725f089f01619a639621ad60	62c6c8c7ddd95ac2b5367420b9925dbf82d6fb45725f089f01619a639621ad60	byte-identical
evaluation workspace (commit dc6ebc1)	data/qasmbench/small/qpe_n9.qasm	data/qasmbench/small/qpe_n9.qasm	b341d904913f8a41f22fee387a7939ec9b43873e5f2efeb739d57317ef2b4523	b341d904913f8a41f22fee387a7939ec9b43873e5f2efeb739d57317ef2b4523	byte-identical
evaluation workspace (commit dc6ebc1)	data/qasmbench/small/qrng_n4.qasm	data/qasmbench/small/qrng_n4.qasm	627d604f685cebe71f4d079cea6a9266a8d6a136279b6199b32cbc010079a184	627d604f685cebe71f4d079cea6a9266a8d6a136279b6199b32cbc010079a184	byte-identical
evaluation workspace (commit dc6ebc1)	data/qasmbench/small/quantumwalks_n2.qasm	data/qasmbench/small/quantumwalks_n2.qasm	dea93828107b2b17f6381ed75cb8d985bc8790be74a7378179b441932a84e80b	dea93828107b2b17f6381ed75cb8d985bc8790be74a7378179b441932a84e80b	byte-identical
evaluation workspace (commit dc6ebc1)	data/qasmbench/small/sat_n7.qasm	data/qasmbench/small/sat_n7.qasm	8b1f5b293141114e9f550d05fa04958f88f819e7d7aa7b1ef691c6158b0bd926	8b1f5b293141114e9f550d05fa04958f88f819e7d7aa7b1ef691c6158b0bd926	byte-identical
evaluation workspace (commit dc6ebc1)	data/qasmbench/small/shor_n5.qasm	data/qasmbench/small/shor_n5.qasm	e4dace5c3769f934e9c94786e9e12e5b2106960792a0812816cce36bc3b1a615	e4dace5c3769f934e9c94786e9e12e5b2106960792a0812816cce36bc3b1a615	byte-identical
evaluation workspace (commit dc6ebc1)	data/qasmbench/small/simon_n6.qasm	data/qasmbench/small/simon_n6.qasm	756eee6bf939d1b5879da3ff1bae66cfd2599b9b96515f336ecde6f9ca512fc9	756eee6bf939d1b5879da3ff1bae66cfd2599b9b96515f336ecde6f9ca512fc9	byte-identical
evaluation workspace (commit dc6ebc1)	data/qasmbench/small/teleportation_n3.qasm	data/qasmbench/small/teleportation_n3.qasm	71891c017af93f74cf72b1f222b26d02650ec23242ba9c96b0e8c34da93a5bd6	71891c017af93f74cf72b1f222b26d02650ec23242ba9c96b0e8c34da93a5bd6	byte-identical
evaluation workspace (commit dc6ebc1)	data/qasmbench/small/toffoli_n3.qasm	data/qasmbench/small/toffoli_n3.qasm	3cd72f83491b25a3c7c94fa826f85fe13f1af28079268b2c34e144299380968f	3cd72f83491b25a3c7c94fa826f85fe13f1af28079268b2c34e144299380968f	byte-identical
evaluation workspace (commit dc6ebc1)	data/qasmbench/small/variational_n4.qasm	data/qasmbench/small/variational_n4.qasm	df4ced794da7fd4ca56eb2b02bce53ee77207bec77286cb4626115c6a9b6357d	df4ced794da7fd4ca56eb2b02bce53ee77207bec77286cb4626115c6a9b6357d	byte-identical
evaluation workspace (commit dc6ebc1)	data/qasmbench/small/vqe_n4.qasm	data/qasmbench/small/vqe_n4.qasm	f6777e4fdd8eadcbc8a85a5135e797a96d3b91b3f494593a5b8c9fdcd37530c6	f6777e4fdd8eadcbc8a85a5135e797a96d3b91b3f494593a5b8c9fdcd37530c6	byte-identical
evaluation workspace (commit dc6ebc1)	data/qasmbench/small/vqe_uccsd_n4.qasm	data/qasmbench/small/vqe_uccsd_n4.qasm	be59c8aa33b7cc3b997187e09c24e5f59223cfe79a0c38016d3615d828fed1dd	be59c8aa33b7cc3b997187e09c24e5f59223cfe79a0c38016d3615d828fed1dd	byte-identical
evaluation workspace (commit dc6ebc1)	data/qasmbench/small/wstate_n3.qasm	data/qasmbench/small/wstate_n3.qasm	9077432a88fea0f3da2c3b24558333c1a329261b20836ba82b253418d8c7b0dd	9077432a88fea0f3da2c3b24558333c1a329261b20836ba82b253418d8c7b0dd	byte-identical
four-edge implementation	src/qdg.py	reported_results/rq4_ablation/src/qdg.py	a4cb99c4a2505473b7aea9caf2ec9a5ecb9cdb00ff2760994fef89049049f134	a4cb99c4a2505473b7aea9caf2ec9a5ecb9cdb00ff2760994fef89049049f134	byte-identical
four-edge implementation	src/slicer.py	reported_results/rq4_ablation/src/slicer.py	321e4e03efc2af3571945e1be7453f22f84417e258fb19221000d959a54920bd	321e4e03efc2af3571945e1be7453f22f84417e258fb19221000d959a54920bd	byte-identical
four-edge implementation	src/ablation.py	reported_results/rq4_ablation/src/ablation.py	02d6cce53497ad1cbe673ec54f593753562bb50e2ea205650bf9f4450d90cd80	02d6cce53497ad1cbe673ec54f593753562bb50e2ea205650bf9f4450d90cd80	byte-identical
four-edge implementation	src/simulate.py	reported_results/rq4_ablation/src/simulate.py	4946fe75b245d989b257585ada0927dfa396eb6174fad7ec9d67416a0895d629	4946fe75b245d989b257585ada0927dfa396eb6174fad7ec9d67416a0895d629	byte-identical
four-edge implementation	src/metrics.py	reported_results/rq4_ablation/src/metrics.py	dde12e3d26e2751cc919141759bde43614ecb291c7fb3c04e1d32832efe97d8f	dde12e3d26e2751cc919141759bde43614ecb291c7fb3c04e1d32832efe97d8f	byte-identical
four-edge implementation	src/circuit_loader.py	reported_results/rq4_ablation/src/circuit_loader.py	d5c9d66433712f4083b87492d81a3280c4898c0d13ac94d1fd1cfdb2d270d85c	d5c9d66433712f4083b87492d81a3280c4898c0d13ac94d1fd1cfdb2d270d85c	byte-identical
submitted artifact (Jul 7)	results/TAB_ablation.csv	reported_results/rq4_ablation/reported/TAB_ablation.csv	12ca2be3f66927575a58da99b3d8e96a30926dc8a2e1c76c94e21474c9e32ffa	12ca2be3f66927575a58da99b3d8e96a30926dc8a2e1c76c94e21474c9e32ffa	byte-identical
four-edge implementation (archived run, Jun 23)	results/per_circuit_results.json	reported_results/rq4_ablation/archived_69_circuits/per_circuit_results.json	7e5d2320a35c4f7e8f99d5c8f9cfb9e9076a7a694bff5f3e6468e833dbf276e6	7e5d2320a35c4f7e8f99d5c8f9cfb9e9076a7a694bff5f3e6468e833dbf276e6	byte-identical
four-edge implementation (archived run, Jun 23)	results/variant_metrics.json	reported_results/rq4_ablation/archived_69_circuits/variant_metrics.json	bdba3b364a4aef2445e8a70cfde86c2f16faa621e6a6769c593504d7270dd5e5	bdba3b364a4aef2445e8a70cfde86c2f16faa621e6a6769c593504d7270dd5e5	byte-identical
four-edge implementation (archived run, Jun 23)	results/results.json	reported_results/rq4_ablation/archived_69_circuits/results.json	b3c7acaa8e686e9e34aa286e1b219cd3472e71633506328b80a13629a15d43ea	b3c7acaa8e686e9e34aa286e1b219cd3472e71633506328b80a13629a15d43ea	byte-identical
four-edge implementation (archived run, Jun 23)	results/run_metadata.json	reported_results/rq4_ablation/archived_69_circuits/run_metadata.json	43c164306b87802353dbc4d14687b25382a327122d52f812b0b880bc58a0ea3d	43c164306b87802353dbc4d14687b25382a327122d52f812b0b880bc58a0ea3d	byte-identical
submitted artifact (Jul 7)	isabelle/SemanticPreservation_v2.thy	reported_results/rq6_isabelle/SemanticPreservation_v2.thy	7246017e131febc0a2885c8c51f04acc3d4b86a452943304111268de52e09e19	7246017e131febc0a2885c8c51f04acc3d4b86a452943304111268de52e09e19	byte-identical
submitted artifact (Jul 7)	isabelle/ROOT	reported_results/rq6_isabelle/ROOT	82a05ec4d369de21f84b56c9ddb1308a2683c62a5470dfed7bd54e2a6d025089	82a05ec4d369de21f84b56c9ddb1308a2683c62a5470dfed7bd54e2a6d025089	byte-identical
four-edge implementation (archived run, Jun 23)	run_hardware.py	reported_results/rq7_hardware/run_hardware.py	9fb5d0e0b2af138acb2ac02bf17c7fbb0c914062591cb4ebd8d959d378c4e795	9fb5d0e0b2af138acb2ac02bf17c7fbb0c914062591cb4ebd8d959d378c4e795	byte-identical
submitted artifact (Jul 7)	scripts/recompute_hardware_tvd.py	reported_results/rq7_hardware/scripts/recompute_hardware_tvd.py	b5f2d557941de246af8601194297ba22a0ea89bc764610fe0c06e36e153ed9b5	b5f2d557941de246af8601194297ba22a0ea89bc764610fe0c06e36e153ed9b5	byte-identical
submitted artifact (Jul 7)	data/ibm_cleveland_jobs/job-d8tje0lposuc738orbo0-info.json	reported_results/rq7_hardware/data/ibm_cleveland_jobs/job-d8tje0lposuc738orbo0-info.json	6bb6700f424c43b202b8a1f56471578e8570c6de19ded7af0237afe274798066	9486e463469f79908fad97cc898c74a756b985079c1f27bba5f403204f5c6368	user_id redacted
submitted artifact (Jul 7)	data/ibm_cleveland_jobs/job-d8tje0lposuc738orbo0-result.json	reported_results/rq7_hardware/data/ibm_cleveland_jobs/job-d8tje0lposuc738orbo0-result.json	c0089d11eaa7f9bf5949ba292fca3d8f4b4e6f9c4c652031fcff61cfe7739f1f	c0089d11eaa7f9bf5949ba292fca3d8f4b4e6f9c4c652031fcff61cfe7739f1f	byte-identical
submitted artifact (Jul 7)	data/ibm_cleveland_jobs/job-d8tje2kbp3hs7384lmc0-info.json	reported_results/rq7_hardware/data/ibm_cleveland_jobs/job-d8tje2kbp3hs7384lmc0-info.json	b592cb1f1d7042d3eec3d82c58f83841be9848e0774d990e2af1802a49d94622	851ed7385844caeb8efc4fd49ecaf3b15e55444cee13788d0ed458b80983face	user_id redacted
submitted artifact (Jul 7)	data/ibm_cleveland_jobs/job-d8tje2kbp3hs7384lmc0-result.json	reported_results/rq7_hardware/data/ibm_cleveland_jobs/job-d8tje2kbp3hs7384lmc0-result.json	828d8a487575bca385df58cf33a85c0d078308b1e2afd21a58b3c3ed85f4d689	828d8a487575bca385df58cf33a85c0d078308b1e2afd21a58b3c3ed85f4d689	byte-identical
submitted artifact (Jul 7)	data/ibm_cleveland_jobs/job-d8tje4kbp3hs7384lmeg-info.json	reported_results/rq7_hardware/data/ibm_cleveland_jobs/job-d8tje4kbp3hs7384lmeg-info.json	3590eff013968297b81642ffbf5dd538488c0d8802bbd638fd197f4509201f3e	3d9ae6b0b22a58b3bd58aafc645b8e91d1771a096e397016c641728d9639d1e1	user_id redacted
submitted artifact (Jul 7)	data/ibm_cleveland_jobs/job-d8tje4kbp3hs7384lmeg-result.json	reported_results/rq7_hardware/data/ibm_cleveland_jobs/job-d8tje4kbp3hs7384lmeg-result.json	175013ecc1fe0f19a80a730911e89e1848147b509c61911e8e73aca51cea1ebe	175013ecc1fe0f19a80a730911e89e1848147b509c61911e8e73aca51cea1ebe	byte-identical
submitted artifact (Jul 7)	data/ibm_cleveland_jobs/job-d8tjlulposuc738orlm0-info.json	reported_results/rq7_hardware/data/ibm_cleveland_jobs/job-d8tjlulposuc738orlm0-info.json	262bc1964c73f8b9fc9513e18bc7f8ed42219d3f74e86fd52b98a51e12ef16ba	5aa84eabef11602d2c9db43424c850984d39dcebd1840f19a18a594e0c7a7063	user_id redacted
submitted artifact (Jul 7)	data/ibm_cleveland_jobs/job-d8tjlulposuc738orlm0-result.json	reported_results/rq7_hardware/data/ibm_cleveland_jobs/job-d8tjlulposuc738orlm0-result.json	97012307e0d404ff568f3c713bd7e31d588f41fe5a4a6a1e530642d8fb22c34c	97012307e0d404ff568f3c713bd7e31d588f41fe5a4a6a1e530642d8fb22c34c	byte-identical
submitted artifact (Jul 7)	data/ibm_cleveland_jobs/job-d8tjm0cbp3hs7384m14g-info.json	reported_results/rq7_hardware/data/ibm_cleveland_jobs/job-d8tjm0cbp3hs7384m14g-info.json	45ae661a53a6a1f796c4d8091571654e68f76ebce3cf8abeb666f9084cc609e1	60195d4639547035e2d9b495013b03f06d48fe565615c5e3830560dc3bbf090e	user_id redacted
submitted artifact (Jul 7)	data/ibm_cleveland_jobs/job-d8tjm0cbp3hs7384m14g-result.json	reported_results/rq7_hardware/data/ibm_cleveland_jobs/job-d8tjm0cbp3hs7384m14g-result.json	c84f49aab369f8a4e4a37ad132a353b21d64d11e547110eb3f77ddbbf6935ab5	c84f49aab369f8a4e4a37ad132a353b21d64d11e547110eb3f77ddbbf6935ab5	byte-identical
submitted artifact (Jul 7)	data/ibm_cleveland_jobs/job-d8tjm2cbp3hs7384m17g-info.json	reported_results/rq7_hardware/data/ibm_cleveland_jobs/job-d8tjm2cbp3hs7384m17g-info.json	1336d0f9bba9f5f8740630fc29d8e5a2f809049fea051a3643f72c73c930b0b6	59f9b5aa7447b09c71d9d2f99eff81f73f53c043ee3394c4325073b893cd5cc8	user_id redacted
submitted artifact (Jul 7)	data/ibm_cleveland_jobs/job-d8tjm2cbp3hs7384m17g-result.json	reported_results/rq7_hardware/data/ibm_cleveland_jobs/job-d8tjm2cbp3hs7384m17g-result.json	5e529016f912bd55bc26b6a72f2c49f9d776b25a9f8f8129634f4984196d4f96	5e529016f912bd55bc26b6a72f2c49f9d776b25a9f8f8129634f4984196d4f96	byte-identical
submitted artifact (Jul 7)	data/ibm_cleveland_jobs/job-d8tjunkbp3hs7384mc80-info.json	reported_results/rq7_hardware/data/ibm_cleveland_jobs/job-d8tjunkbp3hs7384mc80-info.json	5ce4b5472d7e2cf7a871e336f31435dddef18eeb5d165242c1106d14f016342e	2a902c7436b9b543af40e4b0a8ee62daa73e1d14bbef178a1f426a54f407ecdd	user_id redacted
submitted artifact (Jul 7)	data/ibm_cleveland_jobs/job-d8tjunkbp3hs7384mc80-result.json	reported_results/rq7_hardware/data/ibm_cleveland_jobs/job-d8tjunkbp3hs7384mc80-result.json	903e4bc4da549fa2de5fdb8b520c46c063a99598d554dfaf77b971016872bc13	903e4bc4da549fa2de5fdb8b520c46c063a99598d554dfaf77b971016872bc13	byte-identical
submitted artifact (Jul 7)	data/ibm_cleveland_jobs/job-d8tjuq5posuc738os0q0-info.json	reported_results/rq7_hardware/data/ibm_cleveland_jobs/job-d8tjuq5posuc738os0q0-info.json	29e2773ff3f9170e9fc2c9930e9e5e8fe97a248b8ff94b9210c870e71335efd0	c416114f5f4e88ed96f870b92e552128b685e46ac1dbd16433f67381ade0e38a	user_id redacted
submitted artifact (Jul 7)	data/ibm_cleveland_jobs/job-d8tjuq5posuc738os0q0-result.json	reported_results/rq7_hardware/data/ibm_cleveland_jobs/job-d8tjuq5posuc738os0q0-result.json	824c604abcac99eed9e06289b32b8fad062aef454cab693dca044ac6d6bf3d53	824c604abcac99eed9e06289b32b8fad062aef454cab693dca044ac6d6bf3d53	byte-identical
submitted artifact (Jul 7)	data/ibm_cleveland_jobs/job-d8tjus4tqbtc73d0h6eg-info.json	reported_results/rq7_hardware/data/ibm_cleveland_jobs/job-d8tjus4tqbtc73d0h6eg-info.json	d797c7d9bb5373af3b0d95663ac1874ba66c655064c6c090dac2c63c861980c1	b6c6468dc351e499591ae8a6faa4923b55c863386634033c237802fb8642ebe3	user_id redacted
submitted artifact (Jul 7)	data/ibm_cleveland_jobs/job-d8tjus4tqbtc73d0h6eg-result.json	reported_results/rq7_hardware/data/ibm_cleveland_jobs/job-d8tjus4tqbtc73d0h6eg-result.json	28a04f030382076d60d996305fffad2d48aef92e41b249002f9b1b4cfed97356	28a04f030382076d60d996305fffad2d48aef92e41b249002f9b1b4cfed97356	byte-identical
submitted artifact (Jul 7)	data/ibm_cleveland_jobs/job-d8tjutsbp3hs7384mcg0-info.json	reported_results/rq7_hardware/data/ibm_cleveland_jobs/job-d8tjutsbp3hs7384mcg0-info.json	feeb2afa135f531d311db57c4d912d71ec6509c57e0c61da1ec52d9440eccac3	2301e128156b2fd0aa60f818fb80ba16cbdb41a4d8cc388ef2e0cd6df29d6cb9	user_id redacted
submitted artifact (Jul 7)	data/ibm_cleveland_jobs/job-d8tjutsbp3hs7384mcg0-result.json	reported_results/rq7_hardware/data/ibm_cleveland_jobs/job-d8tjutsbp3hs7384mcg0-result.json	48d64159acbc590ac42f51464d8cdc8c886199abd0ef07f83ecf43ee7e391fca	48d64159acbc590ac42f51464d8cdc8c886199abd0ef07f83ecf43ee7e391fca	byte-identical
submitted artifact (Jul 7)	data/ibm_cleveland_jobs/job-d8tjuvkbp3hs7384mci0-info.json	reported_results/rq7_hardware/data/ibm_cleveland_jobs/job-d8tjuvkbp3hs7384mci0-info.json	160a19fb52125aab18809b396a688b92459adb484844bd03542f71e22e92f77f	71a706e6bda863fd8ec50134b5b8e79b52fc79be375f1bf615374c1dec35e78d	user_id redacted
submitted artifact (Jul 7)	data/ibm_cleveland_jobs/job-d8tjuvkbp3hs7384mci0-result.json	reported_results/rq7_hardware/data/ibm_cleveland_jobs/job-d8tjuvkbp3hs7384mci0-result.json	aa38f07ecb49476829e923f4a745007481de2c4c0e1a5c2b26732ce00c019598	aa38f07ecb49476829e923f4a745007481de2c4c0e1a5c2b26732ce00c019598	byte-identical
submitted artifact (Jul 7)	data/ibm_cleveland_jobs/job-d8tjv1cbp3hs7384mcl0-info.json	reported_results/rq7_hardware/data/ibm_cleveland_jobs/job-d8tjv1cbp3hs7384mcl0-info.json	efa3f6af8e11f4766de9138e67315c5454a897a132e65c977774cd3127596c43	274cb631dfd94c5a7e5e328706e228b0d8d8cf460f0ba1c5b2e7f8e9caaabaff	user_id redacted
submitted artifact (Jul 7)	data/ibm_cleveland_jobs/job-d8tjv1cbp3hs7384mcl0-result.json	reported_results/rq7_hardware/data/ibm_cleveland_jobs/job-d8tjv1cbp3hs7384mcl0-result.json	f7f37fd580658977bd0f351cde7ff471d77445031722b3a8efe86f4a69a3c50d	f7f37fd580658977bd0f351cde7ff471d77445031722b3a8efe86f4a69a3c50d	byte-identical
submitted artifact (Jul 7)	data/ibm_cleveland_jobs/job-d8tle2ktqbtc73d0iuu0-info.json	reported_results/rq7_hardware/data/ibm_cleveland_jobs/job-d8tle2ktqbtc73d0iuu0-info.json	b79e9018e34c9f5c05addddaae484cc24a52b7c2f2bfcd805363d86cef562947	f5dea48318b65293d71fb8b40bebf02378a29e0792d705f1922af9ea9f033b14	user_id redacted
submitted artifact (Jul 7)	data/ibm_cleveland_jobs/job-d8tle2ktqbtc73d0iuu0-result.json	reported_results/rq7_hardware/data/ibm_cleveland_jobs/job-d8tle2ktqbtc73d0iuu0-result.json	d93bc202721af523a8f5a2f298b41391c71ff539acdc9decf3f42528850a63e7	d93bc202721af523a8f5a2f298b41391c71ff539acdc9decf3f42528850a63e7	byte-identical
submitted artifact (Jul 7)	data/ibm_cleveland_jobs/job-d8tle4cbp3hs7384o660-info.json	reported_results/rq7_hardware/data/ibm_cleveland_jobs/job-d8tle4cbp3hs7384o660-info.json	27065fc90a2a57e22f49802a3d76a8fd34fd34b32eef3eaef2b41e3e52b88c06	d9e7dabc974bf8c7609be3c23cb99092f815a7b81c95ec9496b04cca4762f86e	user_id redacted
submitted artifact (Jul 7)	data/ibm_cleveland_jobs/job-d8tle4cbp3hs7384o660-result.json	reported_results/rq7_hardware/data/ibm_cleveland_jobs/job-d8tle4cbp3hs7384o660-result.json	e736197adf31cff78b0abca9565ec771aaca66e4b80326a3a78ad914b371b273	e736197adf31cff78b0abca9565ec771aaca66e4b80326a3a78ad914b371b273	byte-identical
submitted artifact (Jul 7)	data/ibm_cleveland_jobs/job-d8tle6dposuc738otpp0-info.json	reported_results/rq7_hardware/data/ibm_cleveland_jobs/job-d8tle6dposuc738otpp0-info.json	c9a2647a114a895892f7fa4bba7bb85c7d2ef3cd3a519f78c78dd428d7982bcd	39ba55804662a9fb1fd5bf384c6604f63deaac2058ae12aa4b90657cf8a7be03	user_id redacted
submitted artifact (Jul 7)	data/ibm_cleveland_jobs/job-d8tle6dposuc738otpp0-result.json	reported_results/rq7_hardware/data/ibm_cleveland_jobs/job-d8tle6dposuc738otpp0-result.json	217c37eb6f77ab89a030295aaef8568a9e3626f4f6aa573317937892bd40f203	217c37eb6f77ab89a030295aaef8568a9e3626f4f6aa573317937892bd40f203	byte-identical
submitted artifact (Jul 7)	data/ibm_cleveland_jobs/job-d8tle84bp3hs7384o6cg-info.json	reported_results/rq7_hardware/data/ibm_cleveland_jobs/job-d8tle84bp3hs7384o6cg-info.json	7c7181fd5fc4af8163d6e7958224084c9a72247c978265dc6048325ffdd2e86a	bb65a1ea51579448155f70cb397b13a53cba1d616df9b1ba807293f62a435464	user_id redacted
submitted artifact (Jul 7)	data/ibm_cleveland_jobs/job-d8tle84bp3hs7384o6cg-result.json	reported_results/rq7_hardware/data/ibm_cleveland_jobs/job-d8tle84bp3hs7384o6cg-result.json	07381851c2c941cb9f54b3aaac1f4bffbc643b1589ba8bb3f89572644a1b7acb	07381851c2c941cb9f54b3aaac1f4bffbc643b1589ba8bb3f89572644a1b7acb	byte-identical
submitted artifact (Jul 7)	data/ibm_cleveland_jobs/job-d8tlea4tqbtc73d0iv70-info.json	reported_results/rq7_hardware/data/ibm_cleveland_jobs/job-d8tlea4tqbtc73d0iv70-info.json	296c65236f44b9fdeb0bad29202e41325daecb66b6a29a9ac8ed4c66315053f0	dcd8fcd88c1eaadb562fbb0c562b1c688708233a16df509cda6d6056029c5c74	user_id redacted
submitted artifact (Jul 7)	data/ibm_cleveland_jobs/job-d8tlea4tqbtc73d0iv70-result.json	reported_results/rq7_hardware/data/ibm_cleveland_jobs/job-d8tlea4tqbtc73d0iv70-result.json	5fbb3d9cc473a31fb1c986495f7d862d4d0a21e343c41847d24b8c79d823a3d1	5fbb3d9cc473a31fb1c986495f7d862d4d0a21e343c41847d24b8c79d823a3d1	byte-identical
submitted artifact (Jul 7)	data/ibm_cleveland_jobs/job-d8tledctqbtc73d0ivb0-info.json	reported_results/rq7_hardware/data/ibm_cleveland_jobs/job-d8tledctqbtc73d0ivb0-info.json	ce11dd9a5618318f96b65978a1ef8a0e6e41e07bbd29ef561cb152b991315097	b6288a96efe53c7ef0c77d7af5e4f99af261af9c01d304c1616f364428cad424	user_id redacted
submitted artifact (Jul 7)	data/ibm_cleveland_jobs/job-d8tledctqbtc73d0ivb0-result.json	reported_results/rq7_hardware/data/ibm_cleveland_jobs/job-d8tledctqbtc73d0ivb0-result.json	dbf0bca07c98d12da033689421c883f75e514effa1110d913dcf39c5bff52c26	dbf0bca07c98d12da033689421c883f75e514effa1110d913dcf39c5bff52c26	byte-identical
submitted artifact (Jul 7)	results/TAB_hardware_ibmq.csv	reported_results/rq7_hardware/reported/TAB_hardware_ibmq.csv	f4e947aa2abdfa9825cd289d33bc5ffd58d565746e2b971e2bcee8d8d8821153	f4e947aa2abdfa9825cd289d33bc5ffd58d565746e2b971e2bcee8d8d8821153	byte-identical
method prototype (Jun 28)	qdg.py	described_method/qdg.py	ef4be0d5ea0238c44f3716e27bee980875f2d9e5da20fdb92247fa4caca60dac	ef4be0d5ea0238c44f3716e27bee980875f2d9e5da20fdb92247fa4caca60dac	byte-identical
method prototype (Jun 28)	qasm_loader.py	described_method/qasm_loader.py	59ad75948f3c3bc28e046de49770de6c394b4c1cafcf75819d5ab2a8d3013258	59ad75948f3c3bc28e046de49770de6c394b4c1cafcf75819d5ab2a8d3013258	byte-identical
method prototype (Jun 28)	main.py	described_method/main.py	6629683693cdaec019cfefccef62ed1e6a1fc446bd6adf4aa39c2307dfe20919	6629683693cdaec019cfefccef62ed1e6a1fc446bd6adf4aa39c2307dfe20919	byte-identical
method prototype (Jun 28)	analysis.py	described_method/analysis.py	f54ad5cbb5b77d4021cadb9f1d8c80191fbeb097428180e74196d00173a742da	f54ad5cbb5b77d4021cadb9f1d8c80191fbeb097428180e74196d00173a742da	byte-identical
method prototype (Jun 28)	stats_utils.py	described_method/stats_utils.py	74f19daba2962799651572c4d3966e0425db45c3d1ee2c84004c92214722371e	74f19daba2962799651572c4d3966e0425db45c3d1ee2c84004c92214722371e	byte-identical
method prototype (Jun 28)	data_preprocessing.py	described_method/data_preprocessing.py	0503ee0b0ba72ea68e49c2e5b1bb6e50499c45e1575a45802f074abb46bf2cd6	0503ee0b0ba72ea68e49c2e5b1bb6e50499c45e1575a45802f074abb46bf2cd6	byte-identical
method prototype (Jun 28)	figures_qpdg.py	described_method/figures_qpdg.py	a018dd4a843b758b08ca714c649955b0c38f2d3c8a8f8730d9315625b9885b55	a018dd4a843b758b08ca714c649955b0c38f2d3c8a8f8730d9315625b9885b55	byte-identical
method prototype (Jun 28)	requirements.txt	described_method/requirements.txt	232854a2b5439fbb0b03174d9d582c55ce840251826717f4a41da63d6ac18fbc	232854a2b5439fbb0b03174d9d582c55ce840251826717f4a41da63d6ac18fbc	byte-identical
evaluation workspace (git commit 1bba771, results/)	results.3suite.json	described_method/beta_run/results.3suite.json	fbaf14c779a219ef15d952793a594e6e9bee820e7421a3497126a8d34ff18ca5	fbaf14c779a219ef15d952793a594e6e9bee820e7421a3497126a8d34ff18ca5	byte-identical
evaluation workspace (git commit 1bba771, results/)	run_3suite_exact.log	described_method/beta_run/run_3suite_exact.log	b0f2e0dd16783396331dde41f46c7c09b90b50242f5bdd8ea23ca5cc359e28db	b0f2e0dd16783396331dde41f46c7c09b90b50242f5bdd8ea23ca5cc359e28db	byte-identical
evaluation workspace (git commit 1bba771, results/)	corpus_meta.json	described_method/beta_run/corpus_meta.json	4d8e926885683e55e54f2c831146ba1608b75f8163e4b40603db9cb00734b706	4d8e926885683e55e54f2c831146ba1608b75f8163e4b40603db9cb00734b706	byte-identical
written for this package		README.md		6c2f0f13f97b29ac943802ef0e8b27944c8c79362589d40a7b562a18040be3e8	new file
written for this package		PROVENANCE.md		922634e7f433927395042260f3e28acaebc96a2c717478e299d9d77362ec1212	new file
written for this package		reproduce.sh		61e539c6be13a0457b4974a807e33ac807bc3237f93514a688f423194de81609	new file
written for this package		fetch_data.py		6279c4e868d0a77a9983713bcef6dacc3299af98474a693ebd87dc274c988c11	new file
written for this package		data/README.md		1cc30a5b7be9071b317f56597ff04e71974dc130aebd3c5aeeafa2a181279f30	new file
written for this package		data/qasmbench_layout.tsv		160e5be191daefc8f9211431153018f16ec04b77c791ec1beb8ea2f66bb22193	new file
written for this package		reported_results/rq1_rq3_rq5/README.md		3012974d1d7387432e20526239c02fca63a5633d81659be5efdfed8c75bca507	new file
written for this package		reported_results/rq1_rq3_rq5/regenerate.py		f9dffd2e6c16fddd3dc907592ef23d7c88d3ff615a5249cf635df2dcd4650a56	new file
written for this package		reported_results/rq4_ablation/README.md		add1747c7db7b79d5dd8c2a2f9fda61241c5ce6999b155d35fa917df5151d303	new file
written for this package		reported_results/rq6_isabelle/README.md		4c5d3c37929262ea7ea6610e0469cdbc6f861a69b0018bd53ba989c65c44f444	new file
written for this package		reported_results/rq7_hardware/README.md		6d291f8a820de507da3b553240cc71a57f2d516dae4c9a82f37773e3750a4802	new file
written for this package		reported_results/rq7_hardware/regenerate.py		845441366d70bd2fd32eeb5163c43bf79a6f6428cd81529629422c9929deb8eb	new file
written for this package		described_method/README.md		62b073c332e6e566916b2b6232260005b8fafbb78c1648816865d9ab40f10f3f	new file
written for this package		submitted_snapshot.README.md		9ca96c5c11b1bb1cf99ec43250bdaae7bbf24bd7382312da67b41f2dd9ce015e	new file
written for this package		described_method/beta_run/README.md		c794f389af87b76b847b2888e036c43a40750279eb98e0eac86e0532321250e9	new file
written for this package		described_method/beta_run/regenerate.py		bf5a1bc7ba3ba25b80b1344881590ee3f542d039d9ac8823d51d2defe2f30cd9	new file
written for this package		redrawn_figures/README.md		32362be2dae51f9ebd44d3ea395d6966ce378c6abff9b731ca1ab32f80525284	new file
written for this package		redrawn_figures/fig1_qpdg_teleportation.py		8a89e6bee0d5a56ae8c88b5b5d40b40e25edce020711eded03c760a720a43021	new file
written for this package		redrawn_figures/fig4_proof_obligations.py		7354f980c6aa1a5c23892bffd2179d5ee55479e2f8ea6b5c783a96203eae2790	new file
corrected experiment (new)		corrected_results/DEVIATIONS.md		7e3736d91ec580f75e437bfe38ef04e2a974a7314366d7ba80f500b815cb6904	new result or code
corrected experiment (new)		corrected_results/PROTOCOL.md		842ef5e5beeb834078ed441f63901b177eb0b0abe0771bfa51e03a3a8d2d965f	new result or code
corrected experiment (new)		corrected_results/PROTOCOL_HISTORY.txt		3dd0493f7317015571ac3bc3fa9f309a28643c485b65f076288e09945cc8ee65	new result or code
corrected experiment (new)		corrected_results/PROTOCOL_RQ5.md		575182af966c3cc4db27979d115f2683c1ece9b11af87493349b39a1bfa0ffc8	new result or code
corrected experiment (new)		corrected_results/README.md		5e0a4b2c81ee4b2db945512486b502ea1963facbe131583204f795399e2511a2	new result or code
corrected experiment (new)		corrected_results/common/__init__.py		e3b0c44298fc1c149afbf4c8996fb92427ae41e4649b934ca495991b7852b855	new result or code
corrected experiment (new)		corrected_results/common/corpus.py		347543c7ee9d230183971d16089affb70a6d3b89d4f039e9a141d5149901deb2	new result or code
corrected experiment (new)		corrected_results/common/evaluate.py		ef21f31536dfd1ae0edfbc044f49cdf87ad4e11079783cc960d02c07be84e586	new result or code
corrected experiment (new)		corrected_results/common/oracle.py		bb056356143275a6ac1b4db0304b469b5114566d77c0e857a37f678055ddcee0	new result or code
corrected experiment (new)		corrected_results/figures/fig2_ablation_rerun.png		22a0f19329544325ee5b0566cf12addecebfc2136f2451e4b938d0bbf02d5917	new result or code
corrected experiment (new)		corrected_results/figures/fig2_ablation_rerun.py		dd9ad4e1ab7ee525ab38b679599f2f12311b74c39eb7cd28b35ffdfb07eeb617	new result or code
corrected experiment (new)		corrected_results/method_eval/__init__.py		e3b0c44298fc1c149afbf4c8996fb92427ae41e4649b934ca495991b7852b855	new result or code
corrected experiment (new)		corrected_results/method_eval/control_fix.py		ab43319dfca6dacfd30febd19150aed78b68793a2369dc91aedb50437475a85e	new result or code
corrected experiment (new)		corrected_results/method_eval/run.py		facbdd3e788886776229974c99040400073cdc51ba82979b9d9f56a51bcf4529	new result or code
corrected experiment (new)		corrected_results/regenerate.py		2335796395c322bafae2094a8cf815630145cc62c165af460f356558bb3684c0	new result or code
corrected experiment (new)		corrected_results/requirements.lock		3fd24b1228e3c07cbd44e5795390eabe9279943b618286027120a77c406b83c1	new result or code
corrected experiment (new)		corrected_results/results/method_primary/TAB1_method.csv		edc01f01a43d9c8ba43d0f9d8f4c1b4adb7c9f26b7c9102732f078606d19f3e5	new result or code
corrected experiment (new)		corrected_results/results/method_primary/TAB_per_corpus_method.csv		53dde97d604cf8e2a12a4854505586084bd3bf1625d429a7362da4cad014abc0	new result or code
corrected experiment (new)		corrected_results/results/method_primary/excluded.json		b94f3577688d6de10b9f0d8093782237664114fafcee550d9fbb110e66f9e31d	new result or code
corrected experiment (new)		corrected_results/results/method_primary/forward_records.csv		ceb0cc5e10134e8b9d36f97528a58bffb2177628f723de4aee5f0f136e2c3a57	new result or code
corrected experiment (new)		corrected_results/results/method_primary/slice_records.csv		d3b664c1e8305a489bbfdccda866f4fc8a4408a54447d3fd7a8d65b35b52722c	new result or code
corrected experiment (new)		corrected_results/results/method_primary/tests.json		1ea528d12026b0576d1b26da759f1ed20af6fe2c16e348c40def5c7895f219aa	new result or code
corrected experiment (new)		corrected_results/results/method_secondary/TAB1_method.csv		68653bba0e1669a2d4eb3572a5709174e9f5bec402ad3c62ff6966d34f820315	new result or code
corrected experiment (new)		corrected_results/results/method_secondary/TAB_per_corpus_method.csv		12cdaeb8bec6f7f39f9be2d912889314ebbbdd6108e1cf6d7f8d386dd055ae8a	new result or code
corrected experiment (new)		corrected_results/results/method_secondary/excluded.json		b94f3577688d6de10b9f0d8093782237664114fafcee550d9fbb110e66f9e31d	new result or code
corrected experiment (new)		corrected_results/results/method_secondary/forward_records.csv		b6dd70bfe336e77995756444fbfa31c28f996b2add3c4934d27dcfa8bf9166e7	new result or code
corrected experiment (new)		corrected_results/results/method_secondary/slice_records.csv		7c49075c1de7e7e99eae78e290b6f399c4a5df137b3f5657f9e43bdac8d64fe4	new result or code
corrected experiment (new)		corrected_results/results/method_secondary/tests.json		81672533ded67200e6288e5c9af890ca159f2ae0f709600b89224f6155f53c0a	new result or code
corrected experiment (new)		corrected_results/results/rq4_ablation/TAB_ablation_rerun.csv		c246ce57cb80c2da077a2d9bfbf7cdd15a6316960c5b6193aabaaa24171feaa1	new result or code
corrected experiment (new)		corrected_results/results/rq4_ablation/excluded.json		4ac4f7a253f7696874a7fe278c22f6371f9a32c95f7b1c29ae372283370358f1	new result or code
corrected experiment (new)		corrected_results/results/rq4_ablation/records.csv		f76a0eb8d357081464c67404876b3f064e5779f240c6245081dd114c87546424	new result or code
corrected experiment (new)		corrected_results/results/rq4_ablation/tests.json		3a57c593ecaaf0000f328557b930035d6e7bed220b80a706978362718cb59293	new result or code
corrected experiment (new)		corrected_results/results/rq5_scalability/TAB_scalability_end_to_end.csv		c68e5bf9e3ad27faae34171f1253309928136d748fed707f48f0873afb5d035a	new result or code
corrected experiment (new)		corrected_results/results/rq5_scalability/TAB_scalability_structural.csv		6605e5660f1e0ee8ae6259020802f7cf45ae762400caffd8c7bffa8fccb1ff2e	new result or code
corrected experiment (new)		corrected_results/results/rq5_scalability/error_diagnosis.csv		263f8649bcb73ae6c1726b2b7b888d92edac50291840854f56a00aa81daa450e	new result or code
corrected experiment (new)		corrected_results/results/rq5_scalability/machine.json		1d53f90a45e7c8c08617a6982a88ac22e0a30049d9fdfb8f2c8170703ab98f4e	new result or code
corrected experiment (new)		corrected_results/results_m1.log		7d234e02a766558f79efea39ebc57165e410e444ebb507f85836ca7373ab034e	new result or code
corrected experiment (new)		corrected_results/results_m2.log		20f0dd9120dd88a28fc403c882633fa24bf129239a5f3b04cc48adf1bda1d8c9	new result or code
corrected experiment (new)		corrected_results/results_rq4.log		d71fca019da079d52461f6fc296367601e431d2d5aa6881a73e076b6a0322c6d	new result or code
corrected experiment (new)		corrected_results/results_rq5.log		c2e9b0b3ab6a42b88e33a00d19ce74d025a1001f59348257ba64cbda2aaf0ca1	new result or code
corrected experiment (new)		corrected_results/rq4_ablation_rerun/__init__.py		e3b0c44298fc1c149afbf4c8996fb92427ae41e4649b934ca495991b7852b855	new result or code
corrected experiment (new)		corrected_results/rq4_ablation_rerun/run.py		3f166c9b43d6f7b3a8ec7d979e74a0e0b70e2bd6f5d87981b997881d074a927b	new result or code
corrected experiment (new)		corrected_results/rq5_scalability/__init__.py		e3b0c44298fc1c149afbf4c8996fb92427ae41e4649b934ca495991b7852b855	new result or code
corrected experiment (new)		corrected_results/rq5_scalability/run.py		44f4354c42df7fe776e88c6d9fc8f68522f71bcdbbb1d66a2b1f3b18c3d6187e	new result or code
corrected experiment (new)		corrected_results/run_all.sh		be1f1615f80b465c6c08e4624eedb6210edc0a9936de15d94060be84d87c83bb	new result or code
corrected experiment (new)		corrected_results/runs.log		315028e7fc06c3455e7aac3402c0df87bc922b775990ac098abf3742b72f7dcb	new result or code
corrected experiment (new)		corrected_results/tests/test_oracle.py		86db6a3936e550ff28808eab5058cda1844641b348f8bd68148e1b8633766428	new result or code
