corpus,circuit,path,n_qubits,n_ops,dynamic,target,variant,slice_size_fraction,fidelity,trace_distance,sound
QASMBench,deutsch_n2,qasmbench/small/deutsch_n2.qasm,2,5,0,0,QSlice-full,1.0,0.9999999999999991,0.0,1
QASMBench,deutsch_n2,qasmbench/small/deutsch_n2.qasm,2,5,0,0,QDG-no-ED,0.6,0.49999999999999956,0.4999999999999998,0
QASMBench,deutsch_n2,qasmbench/small/deutsch_n2.qasm,2,5,0,0,QDG-no-MD,1.0,0.9999999999999991,0.0,1
QASMBench,deutsch_n2,qasmbench/small/deutsch_n2.qasm,2,5,0,0,QDG-no-UED,0.8,4.229597927627877e-33,0.9999999999999996,0
QASMBench,deutsch_n2,qasmbench/small/deutsch_n2.qasm,2,5,0,0,QDG-no-CD,1.0,0.9999999999999991,0.0,1
QASMBench,deutsch_n2,qasmbench/small/deutsch_n2.qasm,2,5,0,0,Classical PDG,0.6,0.49999999999999956,0.4999999999999998,0
QASMBench,deutsch_n2,qasmbench/small/deutsch_n2.qasm,2,5,0,0,Causal-cone,1.0,0.9999999999999991,0.0,1
QASMBench,deutsch_n2,qasmbench/small/deutsch_n2.qasm,2,5,0,1,QSlice-full,0.8,0.9999999999999991,0.0,1
QASMBench,deutsch_n2,qasmbench/small/deutsch_n2.qasm,2,5,0,1,QDG-no-ED,0.6,0.9999999999999993,1.1102230246251565e-16,1
QASMBench,deutsch_n2,qasmbench/small/deutsch_n2.qasm,2,5,0,1,QDG-no-MD,0.8,0.9999999999999991,0.0,1
QASMBench,deutsch_n2,qasmbench/small/deutsch_n2.qasm,2,5,0,1,QDG-no-UED,0.8,0.9999999999999991,0.0,1
QASMBench,deutsch_n2,qasmbench/small/deutsch_n2.qasm,2,5,0,1,QDG-no-CD,0.8,0.9999999999999991,0.0,1
QASMBench,deutsch_n2,qasmbench/small/deutsch_n2.qasm,2,5,0,1,Classical PDG,0.6,0.9999999999999993,1.1102230246251565e-16,1
QASMBench,deutsch_n2,qasmbench/small/deutsch_n2.qasm,2,5,0,1,Causal-cone,0.8,0.9999999999999991,0.0,1
QASMBench,ipea_n2,qasmbench/small/ipea_n2.qasm,2,40,1,0,QSlice-full,0.75,0.9999999999999998,1.5000652787475792e-16,1
QASMBench,ipea_n2,qasmbench/small/ipea_n2.qasm,2,40,1,0,QDG-no-ED,0.4,0.9999999999999997,1.1514119450475486e-16,1
QASMBench,ipea_n2,qasmbench/small/ipea_n2.qasm,2,40,1,0,QDG-no-MD,0.15,0.9999999999999998,1.5000652787475792e-16,1
QASMBench,ipea_n2,qasmbench/small/ipea_n2.qasm,2,40,1,0,QDG-no-UED,0.225,0.9999999999999997,1.1514119450475486e-16,1
QASMBench,ipea_n2,qasmbench/small/ipea_n2.qasm,2,40,1,0,QDG-no-CD,0.5,0.9999999999999998,1.5000652787475792e-16,1
QASMBench,ipea_n2,qasmbench/small/ipea_n2.qasm,2,40,1,0,Classical PDG,0.15,0.9999999999999998,1.5000652787475792e-16,1
QASMBench,ipea_n2,qasmbench/small/ipea_n2.qasm,2,40,1,0,Causal-cone,0.15,0.9999999999999998,1.5000652787475792e-16,1
QASMBench,ipea_n2,qasmbench/small/ipea_n2.qasm,2,40,1,1,QSlice-full,0.8,0.9999999999999997,5.551115123125783e-17,1
QASMBench,ipea_n2,qasmbench/small/ipea_n2.qasm,2,40,1,1,QDG-no-ED,0.375,0.9999999999999998,1.1102230246251565e-16,1
QASMBench,ipea_n2,qasmbench/small/ipea_n2.qasm,2,40,1,1,QDG-no-MD,0.8,0.9999999999999997,5.551115123125783e-17,1
QASMBench,ipea_n2,qasmbench/small/ipea_n2.qasm,2,40,1,1,QDG-no-UED,0.8,0.9999999999999997,5.551115123125783e-17,1
QASMBench,ipea_n2,qasmbench/small/ipea_n2.qasm,2,40,1,1,QDG-no-CD,0.8,0.9999999999999997,5.551115123125783e-17,1
QASMBench,ipea_n2,qasmbench/small/ipea_n2.qasm,2,40,1,1,Classical PDG,0.375,0.9999999999999998,1.1102230246251565e-16,1
QASMBench,ipea_n2,qasmbench/small/ipea_n2.qasm,2,40,1,1,Causal-cone,0.8,0.9999999999999997,5.551115123125783e-17,1
QASMBench,iswap_n2,qasmbench/small/iswap_n2.qasm,2,9,0,0,QSlice-full,1.0,0.9999999999999987,0.0,1
QASMBench,iswap_n2,qasmbench/small/iswap_n2.qasm,2,9,0,0,QDG-no-ED,0.7777777777777778,0.49999999999999944,0.49999999999999967,0
QASMBench,iswap_n2,qasmbench/small/iswap_n2.qasm,2,9,0,0,QDG-no-MD,1.0,0.9999999999999987,0.0,1
QASMBench,iswap_n2,qasmbench/small/iswap_n2.qasm,2,9,0,0,QDG-no-UED,1.0,0.9999999999999987,0.0,1
QASMBench,iswap_n2,qasmbench/small/iswap_n2.qasm,2,9,0,0,QDG-no-CD,1.0,0.9999999999999987,0.0,1
QASMBench,iswap_n2,qasmbench/small/iswap_n2.qasm,2,9,0,0,Classical PDG,0.7777777777777778,0.49999999999999944,0.49999999999999967,0
QASMBench,iswap_n2,qasmbench/small/iswap_n2.qasm,2,9,0,0,Causal-cone,1.0,0.9999999999999987,0.0,1
QASMBench,iswap_n2,qasmbench/small/iswap_n2.qasm,2,9,0,1,QSlice-full,0.8888888888888888,0.9999999999999989,1.1102230246251565e-16,1
QASMBench,iswap_n2,qasmbench/small/iswap_n2.qasm,2,9,0,1,QDG-no-ED,0.4444444444444444,0.49999999999999956,0.7071067811865472,0
QASMBench,iswap_n2,qasmbench/small/iswap_n2.qasm,2,9,0,1,QDG-no-MD,0.8888888888888888,0.9999999999999989,1.1102230246251565e-16,1
QASMBench,iswap_n2,qasmbench/small/iswap_n2.qasm,2,9,0,1,QDG-no-UED,0.8888888888888888,0.9999999999999989,1.1102230246251565e-16,1
QASMBench,iswap_n2,qasmbench/small/iswap_n2.qasm,2,9,0,1,QDG-no-CD,0.8888888888888888,0.9999999999999989,1.1102230246251565e-16,1
QASMBench,iswap_n2,qasmbench/small/iswap_n2.qasm,2,9,0,1,Classical PDG,0.4444444444444444,0.49999999999999956,0.7071067811865472,0
QASMBench,iswap_n2,qasmbench/small/iswap_n2.qasm,2,9,0,1,Causal-cone,0.8888888888888888,0.9999999999999989,1.1102230246251565e-16,1
QASMBench,quantumwalks_n2,qasmbench/small/quantumwalks_n2.qasm,2,11,0,0,QSlice-full,0.9090909090909091,1.0,5.605063087764203e-17,1
QASMBench,quantumwalks_n2,qasmbench/small/quantumwalks_n2.qasm,2,11,0,0,QDG-no-ED,0.6363636363636364,0.5500554098583705,0.49748878047987716,0
QASMBench,quantumwalks_n2,qasmbench/small/quantumwalks_n2.qasm,2,11,0,0,QDG-no-MD,0.9090909090909091,1.0,5.605063087764203e-17,1
QASMBench,quantumwalks_n2,qasmbench/small/quantumwalks_n2.qasm,2,11,0,0,QDG-no-UED,0.9090909090909091,1.0,5.605063087764203e-17,1
QASMBench,quantumwalks_n2,qasmbench/small/quantumwalks_n2.qasm,2,11,0,0,QDG-no-CD,0.9090909090909091,1.0,5.605063087764203e-17,1
QASMBench,quantumwalks_n2,qasmbench/small/quantumwalks_n2.qasm,2,11,0,0,Classical PDG,0.6363636363636364,0.5500554098583705,0.49748878047987716,0
QASMBench,quantumwalks_n2,qasmbench/small/quantumwalks_n2.qasm,2,11,0,0,Causal-cone,0.9090909090909091,1.0,5.605063087764203e-17,1
QASMBench,quantumwalks_n2,qasmbench/small/quantumwalks_n2.qasm,2,11,0,1,QSlice-full,1.0,0.9999999999999999,0.0,1
QASMBench,quantumwalks_n2,qasmbench/small/quantumwalks_n2.qasm,2,11,0,1,QDG-no-ED,0.6363636363636364,0.9968459128393788,0.025465156782934963,0
QASMBench,quantumwalks_n2,qasmbench/small/quantumwalks_n2.qasm,2,11,0,1,QDG-no-MD,1.0,0.9999999999999999,0.0,1
QASMBench,quantumwalks_n2,qasmbench/small/quantumwalks_n2.qasm,2,11,0,1,QDG-no-UED,1.0,0.9999999999999999,0.0,1
QASMBench,quantumwalks_n2,qasmbench/small/quantumwalks_n2.qasm,2,11,0,1,QDG-no-CD,1.0,0.9999999999999999,0.0,1
QASMBench,quantumwalks_n2,qasmbench/small/quantumwalks_n2.qasm,2,11,0,1,Classical PDG,0.6363636363636364,0.9968459128393788,0.025465156782934963,0
QASMBench,quantumwalks_n2,qasmbench/small/quantumwalks_n2.qasm,2,11,0,1,Causal-cone,1.0,0.9999999999999999,0.0,1
QASMBench,grover_n2,qasmbench/small/grover_n2.qasm,2,16,0,0,QSlice-full,0.8125,0.9999999999999971,1.1448655218642803e-16,1
QASMBench,grover_n2,qasmbench/small/grover_n2.qasm,2,16,0,0,QDG-no-ED,0.4375,0.49999999999999906,0.4999999999999992,0
QASMBench,grover_n2,qasmbench/small/grover_n2.qasm,2,16,0,0,QDG-no-MD,0.8125,0.9999999999999971,1.1448655218642803e-16,1
QASMBench,grover_n2,qasmbench/small/grover_n2.qasm,2,16,0,0,QDG-no-UED,0.5625,0.49999999999999883,0.7071067811865467,0
QASMBench,grover_n2,qasmbench/small/grover_n2.qasm,2,16,0,0,QDG-no-CD,0.8125,0.9999999999999971,1.1448655218642803e-16,1
QASMBench,grover_n2,qasmbench/small/grover_n2.qasm,2,16,0,0,Classical PDG,0.4375,0.49999999999999906,0.4999999999999992,0
QASMBench,grover_n2,qasmbench/small/grover_n2.qasm,2,16,0,0,Causal-cone,0.8125,0.9999999999999971,1.1448655218642803e-16,1
QASMBench,grover_n2,qasmbench/small/grover_n2.qasm,2,16,0,1,QSlice-full,1.0,0.9999999999999969,0.0,1
QASMBench,grover_n2,qasmbench/small/grover_n2.qasm,2,16,0,1,QDG-no-ED,0.6875,0.49999999999999867,0.7071067811865466,0
QASMBench,grover_n2,qasmbench/small/grover_n2.qasm,2,16,0,1,QDG-no-MD,1.0,0.9999999999999969,0.0,1
QASMBench,grover_n2,qasmbench/small/grover_n2.qasm,2,16,0,1,QDG-no-UED,1.0,0.9999999999999969,0.0,1
QASMBench,grover_n2,qasmbench/small/grover_n2.qasm,2,16,0,1,QDG-no-CD,1.0,0.9999999999999969,0.0,1
QASMBench,grover_n2,qasmbench/small/grover_n2.qasm,2,16,0,1,Classical PDG,0.6875,0.49999999999999867,0.7071067811865466,0
QASMBench,grover_n2,qasmbench/small/grover_n2.qasm,2,16,0,1,Causal-cone,1.0,0.9999999999999969,0.0,1
QASMBench,wstate_n3,qasmbench/small/wstate_n3.qasm,3,6,0,0,QSlice-full,1.0,0.9999999999999988,0.0,1
QASMBench,wstate_n3,qasmbench/small/wstate_n3.qasm,3,6,0,0,QDG-no-ED,0.8333333333333334,0.9999999999999988,0.0,1
QASMBench,wstate_n3,qasmbench/small/wstate_n3.qasm,3,6,0,0,QDG-no-MD,1.0,0.9999999999999988,0.0,1
QASMBench,wstate_n3,qasmbench/small/wstate_n3.qasm,3,6,0,0,QDG-no-UED,1.0,0.9999999999999988,0.0,1
QASMBench,wstate_n3,qasmbench/small/wstate_n3.qasm,3,6,0,0,QDG-no-CD,1.0,0.9999999999999988,0.0,1
QASMBench,wstate_n3,qasmbench/small/wstate_n3.qasm,3,6,0,0,Classical PDG,0.8333333333333334,0.9999999999999988,0.0,1
QASMBench,wstate_n3,qasmbench/small/wstate_n3.qasm,3,6,0,0,Causal-cone,1.0,0.9999999999999988,0.0,1
QASMBench,wstate_n3,qasmbench/small/wstate_n3.qasm,3,6,0,1,QSlice-full,1.0,0.9999999999999988,0.0,1
QASMBench,wstate_n3,qasmbench/small/wstate_n3.qasm,3,6,0,1,QDG-no-ED,0.6666666666666666,0.33333257054168763,0.6666674294583114,0
QASMBench,wstate_n3,qasmbench/small/wstate_n3.qasm,3,6,0,1,QDG-no-MD,1.0,0.9999999999999988,0.0,1
QASMBench,wstate_n3,qasmbench/small/wstate_n3.qasm,3,6,0,1,QDG-no-UED,1.0,0.9999999999999988,0.0,1
QASMBench,wstate_n3,qasmbench/small/wstate_n3.qasm,3,6,0,1,QDG-no-CD,1.0,0.9999999999999988,0.0,1
QASMBench,wstate_n3,qasmbench/small/wstate_n3.qasm,3,6,0,1,Classical PDG,0.6666666666666666,0.33333257054168763,0.6666674294583114,0
QASMBench,wstate_n3,qasmbench/small/wstate_n3.qasm,3,6,0,1,Causal-cone,1.0,0.9999999999999988,0.0,1
QASMBench,wstate_n3,qasmbench/small/wstate_n3.qasm,3,6,0,2,QSlice-full,0.5,0.9999999999999988,0.0,1
QASMBench,wstate_n3,qasmbench/small/wstate_n3.qasm,3,6,0,2,QDG-no-ED,0.16666666666666666,0.6666674294583115,0.3333325705416882,0
QASMBench,wstate_n3,qasmbench/small/wstate_n3.qasm,3,6,0,2,QDG-no-MD,0.5,0.9999999999999988,0.0,1
QASMBench,wstate_n3,qasmbench/small/wstate_n3.qasm,3,6,0,2,QDG-no-UED,0.5,0.9999999999999988,0.0,1
QASMBench,wstate_n3,qasmbench/small/wstate_n3.qasm,3,6,0,2,QDG-no-CD,0.5,0.9999999999999988,0.0,1
QASMBench,wstate_n3,qasmbench/small/wstate_n3.qasm,3,6,0,2,Classical PDG,0.16666666666666666,0.6666674294583115,0.3333325705416882,0
QASMBench,wstate_n3,qasmbench/small/wstate_n3.qasm,3,6,0,2,Causal-cone,0.5,0.9999999999999988,0.0,1
QASMBench,teleportation_n3,qasmbench/small/teleportation_n3.qasm,3,8,0,0,QSlice-full,1.0,0.999999999999998,0.0,1
QASMBench,teleportation_n3,qasmbench/small/teleportation_n3.qasm,3,8,0,0,QDG-no-ED,0.75,0.9999999999999982,1.1102230246251565e-16,1
QASMBench,teleportation_n3,qasmbench/small/teleportation_n3.qasm,3,8,0,0,QDG-no-MD,1.0,0.999999999999998,0.0,1
QASMBench,teleportation_n3,qasmbench/small/teleportation_n3.qasm,3,8,0,0,QDG-no-UED,1.0,0.999999999999998,0.0,1
QASMBench,teleportation_n3,qasmbench/small/teleportation_n3.qasm,3,8,0,0,QDG-no-CD,1.0,0.999999999999998,0.0,1
QASMBench,teleportation_n3,qasmbench/small/teleportation_n3.qasm,3,8,0,0,Classical PDG,0.75,0.9999999999999982,1.1102230246251565e-16,1
QASMBench,teleportation_n3,qasmbench/small/teleportation_n3.qasm,3,8,0,0,Causal-cone,1.0,0.999999999999998,0.0,1
QASMBench,teleportation_n3,qasmbench/small/teleportation_n3.qasm,3,8,0,1,QSlice-full,0.875,0.9999999999999982,8.326672684688674e-17,1
QASMBench,teleportation_n3,qasmbench/small/teleportation_n3.qasm,3,8,0,1,QDG-no-ED,0.25,0.49999999999999956,0.5,0
QASMBench,teleportation_n3,qasmbench/small/teleportation_n3.qasm,3,8,0,1,QDG-no-MD,0.875,0.9999999999999982,8.326672684688674e-17,1
QASMBench,teleportation_n3,qasmbench/small/teleportation_n3.qasm,3,8,0,1,QDG-no-UED,0.875,0.9999999999999982,8.326672684688674e-17,1
QASMBench,teleportation_n3,qasmbench/small/teleportation_n3.qasm,3,8,0,1,QDG-no-CD,0.875,0.9999999999999982,8.326672684688674e-17,1
QASMBench,teleportation_n3,qasmbench/small/teleportation_n3.qasm,3,8,0,1,Classical PDG,0.25,0.49999999999999956,0.5,0
QASMBench,teleportation_n3,qasmbench/small/teleportation_n3.qasm,3,8,0,1,Causal-cone,0.875,0.9999999999999982,8.326672684688674e-17,1
QASMBench,teleportation_n3,qasmbench/small/teleportation_n3.qasm,3,8,0,2,QSlice-full,0.75,0.9999999999999982,8.326672684688674e-17,1
QASMBench,teleportation_n3,qasmbench/small/teleportation_n3.qasm,3,8,0,2,QDG-no-ED,0.25,0.9999999999999989,3.608224830031759e-16,1
QASMBench,teleportation_n3,qasmbench/small/teleportation_n3.qasm,3,8,0,2,QDG-no-MD,0.75,0.9999999999999982,8.326672684688674e-17,1
QASMBench,teleportation_n3,qasmbench/small/teleportation_n3.qasm,3,8,0,2,QDG-no-UED,0.75,0.9999999999999982,8.326672684688674e-17,1
QASMBench,teleportation_n3,qasmbench/small/teleportation_n3.qasm,3,8,0,2,QDG-no-CD,0.75,0.9999999999999982,8.326672684688674e-17,1
QASMBench,teleportation_n3,qasmbench/small/teleportation_n3.qasm,3,8,0,2,Classical PDG,0.25,0.9999999999999989,3.608224830031759e-16,1
QASMBench,teleportation_n3,qasmbench/small/teleportation_n3.qasm,3,8,0,2,Causal-cone,0.75,0.9999999999999982,8.326672684688674e-17,1
QASMBench,qaoa_n3,qasmbench/small/qaoa_n3.qasm,3,15,0,0,QSlice-full,0.8,0.9999999999999989,5.551115123125783e-17,1
QASMBench,qaoa_n3,qasmbench/small/qaoa_n3.qasm,3,15,0,0,QDG-no-ED,0.4,0.6246337805978424,0.3753662194021575,0
QASMBench,qaoa_n3,qasmbench/small/qaoa_n3.qasm,3,15,0,0,QDG-no-MD,0.8,0.9999999999999989,5.551115123125783e-17,1
QASMBench,qaoa_n3,qasmbench/small/qaoa_n3.qasm,3,15,0,0,QDG-no-UED,0.8,0.9999999999999989,5.551115123125783e-17,1
QASMBench,qaoa_n3,qasmbench/small/qaoa_n3.qasm,3,15,0,0,QDG-no-CD,0.8,0.9999999999999989,5.551115123125783e-17,1
QASMBench,qaoa_n3,qasmbench/small/qaoa_n3.qasm,3,15,0,0,Classical PDG,0.4,0.6246337805978424,0.3753662194021575,0
QASMBench,qaoa_n3,qasmbench/small/qaoa_n3.qasm,3,15,0,0,Causal-cone,0.8,0.9999999999999989,5.551115123125783e-17,1
QASMBench,qaoa_n3,qasmbench/small/qaoa_n3.qasm,3,15,0,1,QSlice-full,0.9333333333333333,0.9999999999999989,1.7772239894833368e-16,1
QASMBench,qaoa_n3,qasmbench/small/qaoa_n3.qasm,3,15,0,1,QDG-no-ED,0.4666666666666667,0.6541050860552733,0.3458949156903751,0
QASMBench,qaoa_n3,qasmbench/small/qaoa_n3.qasm,3,15,0,1,QDG-no-MD,0.9333333333333333,0.9999999999999989,1.7772239894833368e-16,1
QASMBench,qaoa_n3,qasmbench/small/qaoa_n3.qasm,3,15,0,1,QDG-no-UED,0.9333333333333333,0.9999999999999989,1.7772239894833368e-16,1
QASMBench,qaoa_n3,qasmbench/small/qaoa_n3.qasm,3,15,0,1,QDG-no-CD,0.9333333333333333,0.9999999999999989,1.7772239894833368e-16,1
QASMBench,qaoa_n3,qasmbench/small/qaoa_n3.qasm,3,15,0,1,Classical PDG,0.4666666666666667,0.6541050860552733,0.3458949156903751,0
QASMBench,qaoa_n3,qasmbench/small/qaoa_n3.qasm,3,15,0,1,Causal-cone,0.9333333333333333,0.9999999999999989,1.7772239894833368e-16,1
QASMBench,qaoa_n3,qasmbench/small/qaoa_n3.qasm,3,15,0,2,QSlice-full,0.8,0.9999999999999989,5.887846720064155e-17,1
QASMBench,qaoa_n3,qasmbench/small/qaoa_n3.qasm,3,15,0,2,QDG-no-ED,0.5333333333333333,0.6008009191268648,0.4058727142088345,0
QASMBench,qaoa_n3,qasmbench/small/qaoa_n3.qasm,3,15,0,2,QDG-no-MD,0.8,0.9999999999999989,5.887846720064155e-17,1
QASMBench,qaoa_n3,qasmbench/small/qaoa_n3.qasm,3,15,0,2,QDG-no-UED,0.8,0.9999999999999989,5.887846720064155e-17,1
QASMBench,qaoa_n3,qasmbench/small/qaoa_n3.qasm,3,15,0,2,QDG-no-CD,0.8,0.9999999999999989,5.887846720064155e-17,1
QASMBench,qaoa_n3,qasmbench/small/qaoa_n3.qasm,3,15,0,2,Classical PDG,0.5333333333333333,0.6008009191268648,0.4058727142088345,0
QASMBench,qaoa_n3,qasmbench/small/qaoa_n3.qasm,3,15,0,2,Causal-cone,0.8,0.9999999999999989,5.887846720064155e-17,1
QASMBench,toffoli_n3,qasmbench/small/toffoli_n3.qasm,3,18,0,0,QSlice-full,0.8333333333333334,0.9999999999999984,1.1102230246251565e-16,1
QASMBench,toffoli_n3,qasmbench/small/toffoli_n3.qasm,3,18,0,0,QDG-no-ED,0.3333333333333333,0.9999999999999989,3.3306690738754696e-16,1
QASMBench,toffoli_n3,qasmbench/small/toffoli_n3.qasm,3,18,0,0,QDG-no-MD,0.8333333333333334,0.9999999999999984,1.1102230246251565e-16,1
QASMBench,toffoli_n3,qasmbench/small/toffoli_n3.qasm,3,18,0,0,QDG-no-UED,0.8333333333333334,0.9999999999999984,1.1102230246251565e-16,1
QASMBench,toffoli_n3,qasmbench/small/toffoli_n3.qasm,3,18,0,0,QDG-no-CD,0.8333333333333334,0.9999999999999984,1.1102230246251565e-16,1
QASMBench,toffoli_n3,qasmbench/small/toffoli_n3.qasm,3,18,0,0,Classical PDG,0.3333333333333333,0.9999999999999989,3.3306690738754696e-16,1
QASMBench,toffoli_n3,qasmbench/small/toffoli_n3.qasm,3,18,0,0,Causal-cone,0.8333333333333334,0.9999999999999984,1.1102230246251565e-16,1
QASMBench,toffoli_n3,qasmbench/small/toffoli_n3.qasm,3,18,0,1,QSlice-full,0.8888888888888888,0.9999999999999984,1.1102230246251565e-16,1
QASMBench,toffoli_n3,qasmbench/small/toffoli_n3.qasm,3,18,0,1,QDG-no-ED,0.4444444444444444,0.9999999999999987,2.220446049250313e-16,1
QASMBench,toffoli_n3,qasmbench/small/toffoli_n3.qasm,3,18,0,1,QDG-no-MD,0.8888888888888888,0.9999999999999984,1.1102230246251565e-16,1
QASMBench,toffoli_n3,qasmbench/small/toffoli_n3.qasm,3,18,0,1,QDG-no-UED,0.8888888888888888,0.9999999999999984,1.1102230246251565e-16,1
QASMBench,toffoli_n3,qasmbench/small/toffoli_n3.qasm,3,18,0,1,QDG-no-CD,0.8888888888888888,0.9999999999999984,1.1102230246251565e-16,1
QASMBench,toffoli_n3,qasmbench/small/toffoli_n3.qasm,3,18,0,1,Classical PDG,0.4444444444444444,0.9999999999999987,2.220446049250313e-16,1
QASMBench,toffoli_n3,qasmbench/small/toffoli_n3.qasm,3,18,0,1,Causal-cone,0.8888888888888888,0.9999999999999984,1.1102230246251565e-16,1
QASMBench,toffoli_n3,qasmbench/small/toffoli_n3.qasm,3,18,0,2,QSlice-full,0.7777777777777778,0.9999999999999983,5.551115123125783e-17,1
QASMBench,toffoli_n3,qasmbench/small/toffoli_n3.qasm,3,18,0,2,QDG-no-ED,0.5555555555555556,2.078277177533449e-32,0.9999999999999992,0
QASMBench,toffoli_n3,qasmbench/small/toffoli_n3.qasm,3,18,0,2,QDG-no-MD,0.7777777777777778,0.9999999999999983,5.551115123125783e-17,1
QASMBench,toffoli_n3,qasmbench/small/toffoli_n3.qasm,3,18,0,2,QDG-no-UED,0.7777777777777778,0.9999999999999983,5.551115123125783e-17,1
QASMBench,toffoli_n3,qasmbench/small/toffoli_n3.qasm,3,18,0,2,QDG-no-CD,0.7777777777777778,0.9999999999999983,5.551115123125783e-17,1
QASMBench,toffoli_n3,qasmbench/small/toffoli_n3.qasm,3,18,0,2,Classical PDG,0.5555555555555556,2.078277177533449e-32,0.9999999999999992,0
QASMBench,toffoli_n3,qasmbench/small/toffoli_n3.qasm,3,18,0,2,Causal-cone,0.7777777777777778,0.9999999999999983,5.551115123125783e-17,1
QASMBench,fredkin_n3,qasmbench/small/fredkin_n3.qasm,3,19,0,0,QSlice-full,0.7894736842105263,0.9999999999999984,1.1102230246251565e-16,1
QASMBench,fredkin_n3,qasmbench/small/fredkin_n3.qasm,3,19,0,0,QDG-no-ED,0.3157894736842105,0.9999999999999989,3.3306690738754696e-16,1
QASMBench,fredkin_n3,qasmbench/small/fredkin_n3.qasm,3,19,0,0,QDG-no-MD,0.7894736842105263,0.9999999999999984,1.1102230246251565e-16,1
QASMBench,fredkin_n3,qasmbench/small/fredkin_n3.qasm,3,19,0,0,QDG-no-UED,0.7368421052631579,0.9999999999999987,2.220446049250313e-16,1
QASMBench,fredkin_n3,qasmbench/small/fredkin_n3.qasm,3,19,0,0,QDG-no-CD,0.7894736842105263,0.9999999999999984,1.1102230246251565e-16,1
QASMBench,fredkin_n3,qasmbench/small/fredkin_n3.qasm,3,19,0,0,Classical PDG,0.3157894736842105,0.9999999999999989,3.3306690738754696e-16,1
QASMBench,fredkin_n3,qasmbench/small/fredkin_n3.qasm,3,19,0,0,Causal-cone,0.7894736842105263,0.9999999999999984,1.1102230246251565e-16,1
QASMBench,fredkin_n3,qasmbench/small/fredkin_n3.qasm,3,19,0,1,QSlice-full,1.0,0.9999999999999982,0.0,1
QASMBench,fredkin_n3,qasmbench/small/fredkin_n3.qasm,3,19,0,1,QDG-no-ED,0.5789473684210527,5.577060207443594e-34,0.9999999999999992,0
QASMBench,fredkin_n3,qasmbench/small/fredkin_n3.qasm,3,19,0,1,QDG-no-MD,1.0,0.9999999999999982,0.0,1
QASMBench,fredkin_n3,qasmbench/small/fredkin_n3.qasm,3,19,0,1,QDG-no-UED,0.9473684210526315,0.49999999999999917,0.49999999999999956,0
QASMBench,fredkin_n3,qasmbench/small/fredkin_n3.qasm,3,19,0,1,QDG-no-CD,1.0,0.9999999999999982,0.0,1
QASMBench,fredkin_n3,qasmbench/small/fredkin_n3.qasm,3,19,0,1,Classical PDG,0.5789473684210527,5.577060207443594e-34,0.9999999999999992,0
QASMBench,fredkin_n3,qasmbench/small/fredkin_n3.qasm,3,19,0,1,Causal-cone,1.0,0.9999999999999982,0.0,1
QASMBench,fredkin_n3,qasmbench/small/fredkin_n3.qasm,3,19,0,2,QSlice-full,1.0,0.9999999999999982,0.0,1
QASMBench,fredkin_n3,qasmbench/small/fredkin_n3.qasm,3,19,0,2,QDG-no-ED,0.5263157894736842,6.359947660284861e-33,0.9999999999999992,0
QASMBench,fredkin_n3,qasmbench/small/fredkin_n3.qasm,3,19,0,2,QDG-no-MD,1.0,0.9999999999999982,0.0,1
QASMBench,fredkin_n3,qasmbench/small/fredkin_n3.qasm,3,19,0,2,QDG-no-UED,1.0,0.9999999999999982,0.0,1
QASMBench,fredkin_n3,qasmbench/small/fredkin_n3.qasm,3,19,0,2,QDG-no-CD,1.0,0.9999999999999982,0.0,1
QASMBench,fredkin_n3,qasmbench/small/fredkin_n3.qasm,3,19,0,2,Classical PDG,0.5263157894736842,6.359947660284861e-33,0.9999999999999992,0
QASMBench,fredkin_n3,qasmbench/small/fredkin_n3.qasm,3,19,0,2,Causal-cone,1.0,0.9999999999999982,0.0,1
QASMBench,linearsolver_n3,qasmbench/small/linearsolver_n3.qasm,3,19,0,0,QSlice-full,0.8947368421052632,0.9999999999999964,1.0615016190767433e-16,1
QASMBench,linearsolver_n3,qasmbench/small/linearsolver_n3.qasm,3,19,0,0,QDG-no-ED,0.3157894736842105,0.9182313249575912,0.08176867504240692,0
QASMBench,linearsolver_n3,qasmbench/small/linearsolver_n3.qasm,3,19,0,0,QDG-no-MD,0.8947368421052632,0.9999999999999964,1.0615016190767433e-16,1
QASMBench,linearsolver_n3,qasmbench/small/linearsolver_n3.qasm,3,19,0,0,QDG-no-UED,0.3684210526315789,0.7740119683959349,0.41823132495759274,0
QASMBench,linearsolver_n3,qasmbench/small/linearsolver_n3.qasm,3,19,0,0,QDG-no-CD,0.8947368421052632,0.9999999999999964,1.0615016190767433e-16,1
QASMBench,linearsolver_n3,qasmbench/small/linearsolver_n3.qasm,3,19,0,0,Classical PDG,0.3157894736842105,0.9182313249575912,0.08176867504240692,0
QASMBench,linearsolver_n3,qasmbench/small/linearsolver_n3.qasm,3,19,0,0,Causal-cone,0.8947368421052632,0.9999999999999964,1.0615016190767433e-16,1
QASMBench,linearsolver_n3,qasmbench/small/linearsolver_n3.qasm,3,19,0,1,QSlice-full,0.8421052631578947,0.9999999999999968,1.666875604590377e-16,1
QASMBench,linearsolver_n3,qasmbench/small/linearsolver_n3.qasm,3,19,0,1,QDG-no-ED,0.42105263157894735,0.9999999999999976,5.551501412739886e-16,1
QASMBench,linearsolver_n3,qasmbench/small/linearsolver_n3.qasm,3,19,0,1,QDG-no-MD,0.8421052631578947,0.9999999999999968,1.666875604590377e-16,1
QASMBench,linearsolver_n3,qasmbench/small/linearsolver_n3.qasm,3,19,0,1,QDG-no-UED,0.6842105263157895,0.9999999999999968,1.6656002996401464e-16,1
QASMBench,linearsolver_n3,qasmbench/small/linearsolver_n3.qasm,3,19,0,1,QDG-no-CD,0.8421052631578947,0.9999999999999968,1.666875604590377e-16,1
QASMBench,linearsolver_n3,qasmbench/small/linearsolver_n3.qasm,3,19,0,1,Classical PDG,0.42105263157894735,0.9999999999999976,5.551501412739886e-16,1
QASMBench,linearsolver_n3,qasmbench/small/linearsolver_n3.qasm,3,19,0,1,Causal-cone,0.8421052631578947,0.9999999999999968,1.666875604590377e-16,1
QASMBench,linearsolver_n3,qasmbench/small/linearsolver_n3.qasm,3,19,0,2,QSlice-full,0.8421052631578947,0.9999999999999968,1.3877787807814457e-16,1
QASMBench,linearsolver_n3,qasmbench/small/linearsolver_n3.qasm,3,19,0,2,QDG-no-ED,0.47368421052631576,0.9999999999999974,4.440892098500626e-16,1
QASMBench,linearsolver_n3,qasmbench/small/linearsolver_n3.qasm,3,19,0,2,QDG-no-MD,0.8421052631578947,0.9999999999999968,1.3877787807814457e-16,1
QASMBench,linearsolver_n3,qasmbench/small/linearsolver_n3.qasm,3,19,0,2,QDG-no-UED,0.8421052631578947,0.9999999999999968,1.3877787807814457e-16,1
QASMBench,linearsolver_n3,qasmbench/small/linearsolver_n3.qasm,3,19,0,2,QDG-no-CD,0.8421052631578947,0.9999999999999968,1.3877787807814457e-16,1
QASMBench,linearsolver_n3,qasmbench/small/linearsolver_n3.qasm,3,19,0,2,Classical PDG,0.47368421052631576,0.9999999999999974,4.440892098500626e-16,1
QASMBench,linearsolver_n3,qasmbench/small/linearsolver_n3.qasm,3,19,0,2,Causal-cone,0.8421052631578947,0.9999999999999968,1.3877787807814457e-16,1
QASMBench,basis_change_n3,qasmbench/small/basis_change_n3.qasm,3,33,0,0,QSlice-full,0.7575757575757576,0.9999999999999994,8.621980386306444e-17,1
QASMBench,basis_change_n3,qasmbench/small/basis_change_n3.qasm,3,33,0,0,QDG-no-ED,0.2727272727272727,0.9990068806969823,0.031513795439728085,0
QASMBench,basis_change_n3,qasmbench/small/basis_change_n3.qasm,3,33,0,0,QDG-no-MD,0.7575757575757576,0.9999999999999994,8.621980386306444e-17,1
QASMBench,basis_change_n3,qasmbench/small/basis_change_n3.qasm,3,33,0,0,QDG-no-UED,0.3939393939393939,0.8088589573295948,0.2861361001575639,0
QASMBench,basis_change_n3,qasmbench/small/basis_change_n3.qasm,3,33,0,0,QDG-no-CD,0.7575757575757576,0.9999999999999994,8.621980386306444e-17,1
QASMBench,basis_change_n3,qasmbench/small/basis_change_n3.qasm,3,33,0,0,Classical PDG,0.2727272727272727,0.9990068806969823,0.031513795439728085,0
QASMBench,basis_change_n3,qasmbench/small/basis_change_n3.qasm,3,33,0,0,Causal-cone,0.7575757575757576,0.9999999999999994,8.621980386306444e-17,1
QASMBench,basis_change_n3,qasmbench/small/basis_change_n3.qasm,3,33,0,1,QSlice-full,0.9696969696969697,0.9999999999999994,5.95514852993938e-17,1
QASMBench,basis_change_n3,qasmbench/small/basis_change_n3.qasm,3,33,0,1,QDG-no-ED,0.6363636363636364,0.9587381537198348,0.20313012154814597,0
QASMBench,basis_change_n3,qasmbench/small/basis_change_n3.qasm,3,33,0,1,QDG-no-MD,0.9696969696969697,0.9999999999999994,5.95514852993938e-17,1
QASMBench,basis_change_n3,qasmbench/small/basis_change_n3.qasm,3,33,0,1,QDG-no-UED,0.9696969696969697,0.9999999999999994,5.95514852993938e-17,1
QASMBench,basis_change_n3,qasmbench/small/basis_change_n3.qasm,3,33,0,1,QDG-no-CD,0.9696969696969697,0.9999999999999994,5.95514852993938e-17,1
QASMBench,basis_change_n3,qasmbench/small/basis_change_n3.qasm,3,33,0,1,Classical PDG,0.6363636363636364,0.9587381537198348,0.20313012154814597,0
QASMBench,basis_change_n3,qasmbench/small/basis_change_n3.qasm,3,33,0,1,Causal-cone,0.9696969696969697,0.9999999999999994,5.95514852993938e-17,1
QASMBench,basis_change_n3,qasmbench/small/basis_change_n3.qasm,3,33,0,2,QSlice-full,0.9696969696969697,0.9999999999999994,5.551115123125783e-17,1
QASMBench,basis_change_n3,qasmbench/small/basis_change_n3.qasm,3,33,0,2,QDG-no-ED,0.3939393939393939,0.6532560036057455,0.5888497230994119,0
QASMBench,basis_change_n3,qasmbench/small/basis_change_n3.qasm,3,33,0,2,QDG-no-MD,0.9696969696969697,0.9999999999999994,5.551115123125783e-17,1
QASMBench,basis_change_n3,qasmbench/small/basis_change_n3.qasm,3,33,0,2,QDG-no-UED,0.9696969696969697,0.9999999999999994,5.551115123125783e-17,1
QASMBench,basis_change_n3,qasmbench/small/basis_change_n3.qasm,3,33,0,2,QDG-no-CD,0.9696969696969697,0.9999999999999994,5.551115123125783e-17,1
QASMBench,basis_change_n3,qasmbench/small/basis_change_n3.qasm,3,33,0,2,Classical PDG,0.3939393939393939,0.6532560036057455,0.5888497230994119,0
QASMBench,basis_change_n3,qasmbench/small/basis_change_n3.qasm,3,33,0,2,Causal-cone,0.9696969696969697,0.9999999999999994,5.551115123125783e-17,1
QASMBench,cat_state_n4,qasmbench/small/cat_state_n4.qasm,4,4,0,0,QSlice-full,0.5,0.9999999999999996,0.0,1
QASMBench,cat_state_n4,qasmbench/small/cat_state_n4.qasm,4,4,0,0,QDG-no-ED,0.5,0.9999999999999996,0.0,1
QASMBench,cat_state_n4,qasmbench/small/cat_state_n4.qasm,4,4,0,0,QDG-no-MD,0.5,0.9999999999999996,0.0,1
QASMBench,cat_state_n4,qasmbench/small/cat_state_n4.qasm,4,4,0,0,QDG-no-UED,0.5,0.9999999999999996,0.0,1
QASMBench,cat_state_n4,qasmbench/small/cat_state_n4.qasm,4,4,0,0,QDG-no-CD,0.5,0.9999999999999996,0.0,1
QASMBench,cat_state_n4,qasmbench/small/cat_state_n4.qasm,4,4,0,0,Classical PDG,0.5,0.9999999999999996,0.0,1
QASMBench,cat_state_n4,qasmbench/small/cat_state_n4.qasm,4,4,0,0,Causal-cone,0.5,0.9999999999999996,0.0,1
QASMBench,cat_state_n4,qasmbench/small/cat_state_n4.qasm,4,4,0,1,QSlice-full,0.75,0.9999999999999996,0.0,1
QASMBench,cat_state_n4,qasmbench/small/cat_state_n4.qasm,4,4,0,1,QDG-no-ED,0.5,0.4999999999999999,0.5,0
QASMBench,cat_state_n4,qasmbench/small/cat_state_n4.qasm,4,4,0,1,QDG-no-MD,0.75,0.9999999999999996,0.0,1
QASMBench,cat_state_n4,qasmbench/small/cat_state_n4.qasm,4,4,0,1,QDG-no-UED,0.75,0.9999999999999996,0.0,1
QASMBench,cat_state_n4,qasmbench/small/cat_state_n4.qasm,4,4,0,1,QDG-no-CD,0.75,0.9999999999999996,0.0,1
QASMBench,cat_state_n4,qasmbench/small/cat_state_n4.qasm,4,4,0,1,Classical PDG,0.5,0.4999999999999999,0.5,0
QASMBench,cat_state_n4,qasmbench/small/cat_state_n4.qasm,4,4,0,1,Causal-cone,0.75,0.9999999999999996,0.0,1
QASMBench,cat_state_n4,qasmbench/small/cat_state_n4.qasm,4,4,0,2,QSlice-full,1.0,0.9999999999999996,0.0,1
QASMBench,cat_state_n4,qasmbench/small/cat_state_n4.qasm,4,4,0,2,QDG-no-ED,0.5,0.4999999999999999,0.5,0
QASMBench,cat_state_n4,qasmbench/small/cat_state_n4.qasm,4,4,0,2,QDG-no-MD,1.0,0.9999999999999996,0.0,1
QASMBench,cat_state_n4,qasmbench/small/cat_state_n4.qasm,4,4,0,2,QDG-no-UED,1.0,0.9999999999999996,0.0,1
QASMBench,cat_state_n4,qasmbench/small/cat_state_n4.qasm,4,4,0,2,QDG-no-CD,1.0,0.9999999999999996,0.0,1
QASMBench,cat_state_n4,qasmbench/small/cat_state_n4.qasm,4,4,0,2,Classical PDG,0.5,0.4999999999999999,0.5,0
QASMBench,cat_state_n4,qasmbench/small/cat_state_n4.qasm,4,4,0,2,Causal-cone,1.0,0.9999999999999996,0.0,1
QASMBench,cat_state_n4,qasmbench/small/cat_state_n4.qasm,4,4,0,3,QSlice-full,1.0,0.9999999999999996,0.0,1
QASMBench,cat_state_n4,qasmbench/small/cat_state_n4.qasm,4,4,0,3,QDG-no-ED,0.25,0.4999999999999999,0.5,0
QASMBench,cat_state_n4,qasmbench/small/cat_state_n4.qasm,4,4,0,3,QDG-no-MD,1.0,0.9999999999999996,0.0,1
QASMBench,cat_state_n4,qasmbench/small/cat_state_n4.qasm,4,4,0,3,QDG-no-UED,1.0,0.9999999999999996,0.0,1
QASMBench,cat_state_n4,qasmbench/small/cat_state_n4.qasm,4,4,0,3,QDG-no-CD,1.0,0.9999999999999996,0.0,1
QASMBench,cat_state_n4,qasmbench/small/cat_state_n4.qasm,4,4,0,3,Classical PDG,0.25,0.4999999999999999,0.5,0
QASMBench,cat_state_n4,qasmbench/small/cat_state_n4.qasm,4,4,0,3,Causal-cone,1.0,0.9999999999999996,0.0,1
QASMBench,inverseqft_n4,qasmbench/small/inverseqft_n4.qasm,4,17,1,0,QSlice-full,0.17647058823529413,0.9999999999999996,2.220446049250313e-16,1
QASMBench,inverseqft_n4,qasmbench/small/inverseqft_n4.qasm,4,17,1,0,QDG-no-ED,0.17647058823529413,0.9999999999999996,2.220446049250313e-16,1
QASMBench,inverseqft_n4,qasmbench/small/inverseqft_n4.qasm,4,17,1,0,QDG-no-MD,0.058823529411764705,1.0,0.0,1
QASMBench,inverseqft_n4,qasmbench/small/inverseqft_n4.qasm,4,17,1,0,QDG-no-UED,0.11764705882352941,0.4999999999999999,0.5,0
QASMBench,inverseqft_n4,qasmbench/small/inverseqft_n4.qasm,4,17,1,0,QDG-no-CD,0.17647058823529413,0.9999999999999996,2.220446049250313e-16,1
QASMBench,inverseqft_n4,qasmbench/small/inverseqft_n4.qasm,4,17,1,0,Classical PDG,0.058823529411764705,1.0,0.0,1
QASMBench,inverseqft_n4,qasmbench/small/inverseqft_n4.qasm,4,17,1,0,Causal-cone,0.058823529411764705,1.0,0.0,1
QASMBench,inverseqft_n4,qasmbench/small/inverseqft_n4.qasm,4,17,1,1,QSlice-full,0.4117647058823529,0.9999999999999996,2.220446049250313e-16,1
QASMBench,inverseqft_n4,qasmbench/small/inverseqft_n4.qasm,4,17,1,1,QDG-no-ED,0.4117647058823529,0.9999999999999996,2.220446049250313e-16,1
QASMBench,inverseqft_n4,qasmbench/small/inverseqft_n4.qasm,4,17,1,1,QDG-no-MD,0.058823529411764705,1.0,0.0,1
QASMBench,inverseqft_n4,qasmbench/small/inverseqft_n4.qasm,4,17,1,1,QDG-no-UED,0.11764705882352941,0.4999999999999999,0.5,0
QASMBench,inverseqft_n4,qasmbench/small/inverseqft_n4.qasm,4,17,1,1,QDG-no-CD,0.17647058823529413,0.4999999999999999,0.5,0
QASMBench,inverseqft_n4,qasmbench/small/inverseqft_n4.qasm,4,17,1,1,Classical PDG,0.058823529411764705,1.0,0.0,1
QASMBench,inverseqft_n4,qasmbench/small/inverseqft_n4.qasm,4,17,1,1,Causal-cone,0.058823529411764705,1.0,0.0,1
QASMBench,inverseqft_n4,qasmbench/small/inverseqft_n4.qasm,4,17,1,2,QSlice-full,0.7058823529411765,1.0,5.147610002774014e-35,1
QASMBench,inverseqft_n4,qasmbench/small/inverseqft_n4.qasm,4,17,1,2,QDG-no-ED,0.7058823529411765,1.0,5.147610002774014e-35,1
QASMBench,inverseqft_n4,qasmbench/small/inverseqft_n4.qasm,4,17,1,2,QDG-no-MD,0.058823529411764705,1.0,0.0,1
QASMBench,inverseqft_n4,qasmbench/small/inverseqft_n4.qasm,4,17,1,2,QDG-no-UED,0.11764705882352941,0.4999999999999999,0.5,0
QASMBench,inverseqft_n4,qasmbench/small/inverseqft_n4.qasm,4,17,1,2,QDG-no-CD,0.17647058823529413,0.4999999999999999,0.5,0
QASMBench,inverseqft_n4,qasmbench/small/inverseqft_n4.qasm,4,17,1,2,Classical PDG,0.058823529411764705,1.0,0.0,1
QASMBench,inverseqft_n4,qasmbench/small/inverseqft_n4.qasm,4,17,1,2,Causal-cone,0.058823529411764705,1.0,0.0,1
QASMBench,inverseqft_n4,qasmbench/small/inverseqft_n4.qasm,4,17,1,3,QSlice-full,1.0,1.0,0.0,1
QASMBench,inverseqft_n4,qasmbench/small/inverseqft_n4.qasm,4,17,1,3,QDG-no-ED,1.0,1.0,0.0,1
QASMBench,inverseqft_n4,qasmbench/small/inverseqft_n4.qasm,4,17,1,3,QDG-no-MD,0.47058823529411764,1.0,0.0,1
QASMBench,inverseqft_n4,qasmbench/small/inverseqft_n4.qasm,4,17,1,3,QDG-no-UED,0.6470588235294118,0.5624999999999999,0.5386402961432153,0
QASMBench,inverseqft_n4,qasmbench/small/inverseqft_n4.qasm,4,17,1,3,QDG-no-CD,0.29411764705882354,0.9999999999999996,2.2441302559838233e-16,1
QASMBench,inverseqft_n4,qasmbench/small/inverseqft_n4.qasm,4,17,1,3,Classical PDG,0.29411764705882354,0.9999999999999996,2.2441302559838233e-16,1
QASMBench,inverseqft_n4,qasmbench/small/inverseqft_n4.qasm,4,17,1,3,Causal-cone,0.29411764705882354,0.9999999999999996,2.2441302559838233e-16,1
QASMBench,qrng_n4,qasmbench/small/qrng_n4.qasm,4,4,0,0,QSlice-full,0.25,0.9999999999999991,2.220446049250313e-16,1
QASMBench,qrng_n4,qasmbench/small/qrng_n4.qasm,4,4,0,0,QDG-no-ED,0.25,0.9999999999999991,2.220446049250313e-16,1
QASMBench,qrng_n4,qasmbench/small/qrng_n4.qasm,4,4,0,0,QDG-no-MD,0.25,0.9999999999999991,2.220446049250313e-16,1
QASMBench,qrng_n4,qasmbench/small/qrng_n4.qasm,4,4,0,0,QDG-no-UED,0.25,0.9999999999999991,2.220446049250313e-16,1
QASMBench,qrng_n4,qasmbench/small/qrng_n4.qasm,4,4,0,0,QDG-no-CD,0.25,0.9999999999999991,2.220446049250313e-16,1
QASMBench,qrng_n4,qasmbench/small/qrng_n4.qasm,4,4,0,0,Classical PDG,0.25,0.9999999999999991,2.220446049250313e-16,1
QASMBench,qrng_n4,qasmbench/small/qrng_n4.qasm,4,4,0,0,Causal-cone,0.25,0.9999999999999991,2.220446049250313e-16,1
QASMBench,qrng_n4,qasmbench/small/qrng_n4.qasm,4,4,0,1,QSlice-full,0.25,0.9999999999999991,2.220446049250313e-16,1
QASMBench,qrng_n4,qasmbench/small/qrng_n4.qasm,4,4,0,1,QDG-no-ED,0.25,0.9999999999999991,2.220446049250313e-16,1
QASMBench,qrng_n4,qasmbench/small/qrng_n4.qasm,4,4,0,1,QDG-no-MD,0.25,0.9999999999999991,2.220446049250313e-16,1
QASMBench,qrng_n4,qasmbench/small/qrng_n4.qasm,4,4,0,1,QDG-no-UED,0.25,0.9999999999999991,2.220446049250313e-16,1
QASMBench,qrng_n4,qasmbench/small/qrng_n4.qasm,4,4,0,1,QDG-no-CD,0.25,0.9999999999999991,2.220446049250313e-16,1
QASMBench,qrng_n4,qasmbench/small/qrng_n4.qasm,4,4,0,1,Classical PDG,0.25,0.9999999999999991,2.220446049250313e-16,1
QASMBench,qrng_n4,qasmbench/small/qrng_n4.qasm,4,4,0,1,Causal-cone,0.25,0.9999999999999991,2.220446049250313e-16,1
QASMBench,qrng_n4,qasmbench/small/qrng_n4.qasm,4,4,0,2,QSlice-full,0.25,0.9999999999999991,2.220446049250313e-16,1
QASMBench,qrng_n4,qasmbench/small/qrng_n4.qasm,4,4,0,2,QDG-no-ED,0.25,0.9999999999999991,2.220446049250313e-16,1
QASMBench,qrng_n4,qasmbench/small/qrng_n4.qasm,4,4,0,2,QDG-no-MD,0.25,0.9999999999999991,2.220446049250313e-16,1
QASMBench,qrng_n4,qasmbench/small/qrng_n4.qasm,4,4,0,2,QDG-no-UED,0.25,0.9999999999999991,2.220446049250313e-16,1
QASMBench,qrng_n4,qasmbench/small/qrng_n4.qasm,4,4,0,2,QDG-no-CD,0.25,0.9999999999999991,2.220446049250313e-16,1
QASMBench,qrng_n4,qasmbench/small/qrng_n4.qasm,4,4,0,2,Classical PDG,0.25,0.9999999999999991,2.220446049250313e-16,1
QASMBench,qrng_n4,qasmbench/small/qrng_n4.qasm,4,4,0,2,Causal-cone,0.25,0.9999999999999991,2.220446049250313e-16,1
QASMBench,qrng_n4,qasmbench/small/qrng_n4.qasm,4,4,0,3,QSlice-full,0.25,0.9999999999999991,2.220446049250313e-16,1
QASMBench,qrng_n4,qasmbench/small/qrng_n4.qasm,4,4,0,3,QDG-no-ED,0.25,0.9999999999999991,2.220446049250313e-16,1
QASMBench,qrng_n4,qasmbench/small/qrng_n4.qasm,4,4,0,3,QDG-no-MD,0.25,0.9999999999999991,2.220446049250313e-16,1
QASMBench,qrng_n4,qasmbench/small/qrng_n4.qasm,4,4,0,3,QDG-no-UED,0.25,0.9999999999999991,2.220446049250313e-16,1
QASMBench,qrng_n4,qasmbench/small/qrng_n4.qasm,4,4,0,3,QDG-no-CD,0.25,0.9999999999999991,2.220446049250313e-16,1
QASMBench,qrng_n4,qasmbench/small/qrng_n4.qasm,4,4,0,3,Classical PDG,0.25,0.9999999999999991,2.220446049250313e-16,1
QASMBench,qrng_n4,qasmbench/small/qrng_n4.qasm,4,4,0,3,Causal-cone,0.25,0.9999999999999991,2.220446049250313e-16,1
QASMBench,qft_n4,qasmbench/small/qft_n4.qasm,4,12,0,0,QSlice-full,0.75,0.9999999999999989,1.110223024625156e-16,1
QASMBench,qft_n4,qasmbench/small/qft_n4.qasm,4,12,0,0,QDG-no-ED,0.4166666666666667,0.8535533905932731,0.3826834323650896,0
QASMBench,qft_n4,qasmbench/small/qft_n4.qasm,4,12,0,0,QDG-no-MD,0.75,0.9999999999999989,1.110223024625156e-16,1
QASMBench,qft_n4,qasmbench/small/qft_n4.qasm,4,12,0,0,QDG-no-UED,0.75,0.9999999999999989,1.110223024625156e-16,1
QASMBench,qft_n4,qasmbench/small/qft_n4.qasm,4,12,0,0,QDG-no-CD,0.75,0.9999999999999989,1.110223024625156e-16,1
QASMBench,qft_n4,qasmbench/small/qft_n4.qasm,4,12,0,0,Classical PDG,0.4166666666666667,0.8535533905932731,0.3826834323650896,0
QASMBench,qft_n4,qasmbench/small/qft_n4.qasm,4,12,0,0,Causal-cone,0.75,0.9999999999999989,1.110223024625156e-16,1
QASMBench,qft_n4,qasmbench/small/qft_n4.qasm,4,12,0,1,QSlice-full,0.8333333333333334,0.9999999999999989,1.1102230246251565e-16,1
QASMBench,qft_n4,qasmbench/small/qft_n4.qasm,4,12,0,1,QDG-no-ED,0.3333333333333333,0.49999999999999956,0.7071067811865472,0
QASMBench,qft_n4,qasmbench/small/qft_n4.qasm,4,12,0,1,QDG-no-MD,0.8333333333333334,0.9999999999999989,1.1102230246251565e-16,1
QASMBench,qft_n4,qasmbench/small/qft_n4.qasm,4,12,0,1,QDG-no-UED,0.8333333333333334,0.9999999999999989,1.1102230246251565e-16,1
QASMBench,qft_n4,qasmbench/small/qft_n4.qasm,4,12,0,1,QDG-no-CD,0.8333333333333334,0.9999999999999989,1.1102230246251565e-16,1
QASMBench,qft_n4,qasmbench/small/qft_n4.qasm,4,12,0,1,Classical PDG,0.3333333333333333,0.49999999999999956,0.7071067811865472,0
QASMBench,qft_n4,qasmbench/small/qft_n4.qasm,4,12,0,1,Causal-cone,0.8333333333333334,0.9999999999999989,1.1102230246251565e-16,1
QASMBench,qft_n4,qasmbench/small/qft_n4.qasm,4,12,0,2,QSlice-full,0.9166666666666666,0.9999999999999989,1.1102230246251565e-16,1
QASMBench,qft_n4,qasmbench/small/qft_n4.qasm,4,12,0,2,QDG-no-ED,0.4166666666666667,0.9999999999999991,2.220446049250313e-16,1
QASMBench,qft_n4,qasmbench/small/qft_n4.qasm,4,12,0,2,QDG-no-MD,0.9166666666666666,0.9999999999999989,1.1102230246251565e-16,1
QASMBench,qft_n4,qasmbench/small/qft_n4.qasm,4,12,0,2,QDG-no-UED,0.9166666666666666,0.9999999999999989,1.1102230246251565e-16,1
QASMBench,qft_n4,qasmbench/small/qft_n4.qasm,4,12,0,2,QDG-no-CD,0.9166666666666666,0.9999999999999989,1.1102230246251565e-16,1
QASMBench,qft_n4,qasmbench/small/qft_n4.qasm,4,12,0,2,Classical PDG,0.4166666666666667,0.9999999999999991,2.220446049250313e-16,1
QASMBench,qft_n4,qasmbench/small/qft_n4.qasm,4,12,0,2,Causal-cone,0.9166666666666666,0.9999999999999989,1.1102230246251565e-16,1
QASMBench,qft_n4,qasmbench/small/qft_n4.qasm,4,12,0,3,QSlice-full,1.0,0.9999999999999987,0.0,1
QASMBench,qft_n4,qasmbench/small/qft_n4.qasm,4,12,0,3,QDG-no-ED,0.3333333333333333,0.9999999999999991,2.220446049250313e-16,1
QASMBench,qft_n4,qasmbench/small/qft_n4.qasm,4,12,0,3,QDG-no-MD,1.0,0.9999999999999987,0.0,1
QASMBench,qft_n4,qasmbench/small/qft_n4.qasm,4,12,0,3,QDG-no-UED,1.0,0.9999999999999987,0.0,1
QASMBench,qft_n4,qasmbench/small/qft_n4.qasm,4,12,0,3,QDG-no-CD,1.0,0.9999999999999987,0.0,1
QASMBench,qft_n4,qasmbench/small/qft_n4.qasm,4,12,0,3,Classical PDG,0.3333333333333333,0.9999999999999991,2.220446049250313e-16,1
QASMBench,qft_n4,qasmbench/small/qft_n4.qasm,4,12,0,3,Causal-cone,1.0,0.9999999999999987,0.0,1
QASMBench,adder_n4,qasmbench/small/adder_n4.qasm,4,23,0,0,QSlice-full,0.9565217391304348,0.9999999999999983,5.551115123125783e-17,1
QASMBench,adder_n4,qasmbench/small/adder_n4.qasm,4,23,0,0,QDG-no-ED,0.34782608695652173,0.9999999999999987,2.220446049250313e-16,1
QASMBench,adder_n4,qasmbench/small/adder_n4.qasm,4,23,0,0,QDG-no-MD,0.9565217391304348,0.9999999999999983,5.551115123125783e-17,1
QASMBench,adder_n4,qasmbench/small/adder_n4.qasm,4,23,0,0,QDG-no-UED,0.9565217391304348,0.9999999999999983,5.551115123125783e-17,1
QASMBench,adder_n4,qasmbench/small/adder_n4.qasm,4,23,0,0,QDG-no-CD,0.9565217391304348,0.9999999999999983,5.551115123125783e-17,1
QASMBench,adder_n4,qasmbench/small/adder_n4.qasm,4,23,0,0,Classical PDG,0.34782608695652173,0.9999999999999987,2.220446049250313e-16,1
QASMBench,adder_n4,qasmbench/small/adder_n4.qasm,4,23,0,0,Causal-cone,0.9565217391304348,0.9999999999999983,5.551115123125783e-17,1
QASMBench,adder_n4,qasmbench/small/adder_n4.qasm,4,23,0,1,QSlice-full,0.6956521739130435,0.9999999999999984,1.1102230246251565e-16,1
QASMBench,adder_n4,qasmbench/small/adder_n4.qasm,4,23,0,1,QDG-no-ED,0.30434782608695654,0.0,0.9999999999999993,0
QASMBench,adder_n4,qasmbench/small/adder_n4.qasm,4,23,0,1,QDG-no-MD,0.6956521739130435,0.9999999999999984,1.1102230246251565e-16,1
QASMBench,adder_n4,qasmbench/small/adder_n4.qasm,4,23,0,1,QDG-no-UED,0.6956521739130435,0.9999999999999984,1.1102230246251565e-16,1
QASMBench,adder_n4,qasmbench/small/adder_n4.qasm,4,23,0,1,QDG-no-CD,0.6956521739130435,0.9999999999999984,1.1102230246251565e-16,1
QASMBench,adder_n4,qasmbench/small/adder_n4.qasm,4,23,0,1,Classical PDG,0.30434782608695654,0.0,0.9999999999999993,0
QASMBench,adder_n4,qasmbench/small/adder_n4.qasm,4,23,0,1,Causal-cone,0.6956521739130435,0.9999999999999984,1.1102230246251565e-16,1
QASMBench,adder_n4,qasmbench/small/adder_n4.qasm,4,23,0,2,QSlice-full,0.8695652173913043,0.9999999999999983,5.551115123125783e-17,1
QASMBench,adder_n4,qasmbench/small/adder_n4.qasm,4,23,0,2,QDG-no-ED,0.30434782608695654,0.9999999999999991,4.440892098500626e-16,1
QASMBench,adder_n4,qasmbench/small/adder_n4.qasm,4,23,0,2,QDG-no-MD,0.8695652173913043,0.9999999999999983,5.551115123125783e-17,1
QASMBench,adder_n4,qasmbench/small/adder_n4.qasm,4,23,0,2,QDG-no-UED,0.8695652173913043,0.9999999999999983,5.551115123125783e-17,1
QASMBench,adder_n4,qasmbench/small/adder_n4.qasm,4,23,0,2,QDG-no-CD,0.8695652173913043,0.9999999999999983,5.551115123125783e-17,1
QASMBench,adder_n4,qasmbench/small/adder_n4.qasm,4,23,0,2,Classical PDG,0.30434782608695654,0.9999999999999991,4.440892098500626e-16,1
QASMBench,adder_n4,qasmbench/small/adder_n4.qasm,4,23,0,2,Causal-cone,0.8695652173913043,0.9999999999999983,5.551115123125783e-17,1
QASMBench,adder_n4,qasmbench/small/adder_n4.qasm,4,23,0,3,QSlice-full,1.0,0.9999999999999982,0.0,1
QASMBench,adder_n4,qasmbench/small/adder_n4.qasm,4,23,0,3,QDG-no-ED,0.4782608695652174,0.4999999999999993,0.707106781186547,0
QASMBench,adder_n4,qasmbench/small/adder_n4.qasm,4,23,0,3,QDG-no-MD,1.0,0.9999999999999982,0.0,1
QASMBench,adder_n4,qasmbench/small/adder_n4.qasm,4,23,0,3,QDG-no-UED,1.0,0.9999999999999982,0.0,1
QASMBench,adder_n4,qasmbench/small/adder_n4.qasm,4,23,0,3,QDG-no-CD,1.0,0.9999999999999982,0.0,1
QASMBench,adder_n4,qasmbench/small/adder_n4.qasm,4,23,0,3,Classical PDG,0.4782608695652174,0.4999999999999993,0.707106781186547,0
QASMBench,adder_n4,qasmbench/small/adder_n4.qasm,4,23,0,3,Causal-cone,1.0,0.9999999999999982,0.0,1
QASMBench,hs4_n4,qasmbench/small/hs4_n4.qasm,4,28,0,0,QSlice-full,0.42857142857142855,0.9999999999999956,8.88219211043423e-16,1
QASMBench,hs4_n4,qasmbench/small/hs4_n4.qasm,4,28,0,0,QDG-no-ED,0.25,0.4999999999999982,0.49999999999999845,0
QASMBench,hs4_n4,qasmbench/small/hs4_n4.qasm,4,28,0,0,QDG-no-MD,0.42857142857142855,0.9999999999999956,8.88219211043423e-16,1
QASMBench,hs4_n4,qasmbench/small/hs4_n4.qasm,4,28,0,0,QDG-no-UED,0.32142857142857145,0.49999999999999806,0.7071067811865461,0
QASMBench,hs4_n4,qasmbench/small/hs4_n4.qasm,4,28,0,0,QDG-no-CD,0.42857142857142855,0.9999999999999956,8.88219211043423e-16,1
QASMBench,hs4_n4,qasmbench/small/hs4_n4.qasm,4,28,0,0,Classical PDG,0.25,0.4999999999999982,0.49999999999999845,0
QASMBench,hs4_n4,qasmbench/small/hs4_n4.qasm,4,28,0,0,Causal-cone,0.42857142857142855,0.9999999999999956,8.88219211043423e-16,1
QASMBench,hs4_n4,qasmbench/small/hs4_n4.qasm,4,28,0,1,QSlice-full,0.5,0.9999999999999953,7.773895244333066e-16,1
QASMBench,hs4_n4,qasmbench/small/hs4_n4.qasm,4,28,0,1,QDG-no-ED,0.32142857142857145,0.4999999999999979,0.707106781186546,0
QASMBench,hs4_n4,qasmbench/small/hs4_n4.qasm,4,28,0,1,QDG-no-MD,0.5,0.9999999999999953,7.773895244333066e-16,1
QASMBench,hs4_n4,qasmbench/small/hs4_n4.qasm,4,28,0,1,QDG-no-UED,0.5,0.9999999999999953,7.773895244333066e-16,1
QASMBench,hs4_n4,qasmbench/small/hs4_n4.qasm,4,28,0,1,QDG-no-CD,0.5,0.9999999999999953,7.773895244333066e-16,1
QASMBench,hs4_n4,qasmbench/small/hs4_n4.qasm,4,28,0,1,Classical PDG,0.32142857142857145,0.4999999999999979,0.707106781186546,0
QASMBench,hs4_n4,qasmbench/small/hs4_n4.qasm,4,28,0,1,Causal-cone,0.5,0.9999999999999953,7.773895244333066e-16,1
QASMBench,hs4_n4,qasmbench/small/hs4_n4.qasm,4,28,0,2,QSlice-full,0.42857142857142855,0.9999999999999956,8.88502761231088e-16,1
QASMBench,hs4_n4,qasmbench/small/hs4_n4.qasm,4,28,0,2,QDG-no-ED,0.25,0.4999999999999982,0.49999999999999845,0
QASMBench,hs4_n4,qasmbench/small/hs4_n4.qasm,4,28,0,2,QDG-no-MD,0.42857142857142855,0.9999999999999956,8.88502761231088e-16,1
QASMBench,hs4_n4,qasmbench/small/hs4_n4.qasm,4,28,0,2,QDG-no-UED,0.32142857142857145,0.49999999999999806,0.7071067811865461,0
QASMBench,hs4_n4,qasmbench/small/hs4_n4.qasm,4,28,0,2,QDG-no-CD,0.42857142857142855,0.9999999999999956,8.88502761231088e-16,1
QASMBench,hs4_n4,qasmbench/small/hs4_n4.qasm,4,28,0,2,Classical PDG,0.25,0.4999999999999982,0.49999999999999845,0
QASMBench,hs4_n4,qasmbench/small/hs4_n4.qasm,4,28,0,2,Causal-cone,0.42857142857142855,0.9999999999999956,8.88502761231088e-16,1
QASMBench,hs4_n4,qasmbench/small/hs4_n4.qasm,4,28,0,3,QSlice-full,0.5,0.9999999999999953,7.771661302624373e-16,1
QASMBench,hs4_n4,qasmbench/small/hs4_n4.qasm,4,28,0,3,QDG-no-ED,0.32142857142857145,0.4999999999999979,0.707106781186546,0
QASMBench,hs4_n4,qasmbench/small/hs4_n4.qasm,4,28,0,3,QDG-no-MD,0.5,0.9999999999999953,7.771661302624373e-16,1
QASMBench,hs4_n4,qasmbench/small/hs4_n4.qasm,4,28,0,3,QDG-no-UED,0.5,0.9999999999999953,7.771661302624373e-16,1
QASMBench,hs4_n4,qasmbench/small/hs4_n4.qasm,4,28,0,3,QDG-no-CD,0.5,0.9999999999999953,7.771661302624373e-16,1
QASMBench,hs4_n4,qasmbench/small/hs4_n4.qasm,4,28,0,3,Classical PDG,0.32142857142857145,0.4999999999999979,0.707106781186546,0
QASMBench,hs4_n4,qasmbench/small/hs4_n4.qasm,4,28,0,3,Causal-cone,0.5,0.9999999999999953,7.771661302624373e-16,1
QASMBench,bell_n4,qasmbench/small/bell_n4.qasm,4,33,0,0,QSlice-full,0.5151515151515151,0.9999999999999984,2.220446049250313e-16,1
QASMBench,bell_n4,qasmbench/small/bell_n4.qasm,4,33,0,0,QDG-no-ED,0.3939393939393939,0.9999999999999984,2.7755575615628914e-16,1
QASMBench,bell_n4,qasmbench/small/bell_n4.qasm,4,33,0,0,QDG-no-MD,0.5151515151515151,0.9999999999999984,2.220446049250313e-16,1
QASMBench,bell_n4,qasmbench/small/bell_n4.qasm,4,33,0,0,QDG-no-UED,0.45454545454545453,0.9999999999999984,3.0531133177191805e-16,1
QASMBench,bell_n4,qasmbench/small/bell_n4.qasm,4,33,0,0,QDG-no-CD,0.5151515151515151,0.9999999999999984,2.220446049250313e-16,1
QASMBench,bell_n4,qasmbench/small/bell_n4.qasm,4,33,0,0,Classical PDG,0.3939393939393939,0.9999999999999984,2.7755575615628914e-16,1
QASMBench,bell_n4,qasmbench/small/bell_n4.qasm,4,33,0,0,Causal-cone,0.5151515151515151,0.9999999999999984,2.220446049250313e-16,1
QASMBench,bell_n4,qasmbench/small/bell_n4.qasm,4,33,0,1,QSlice-full,0.48484848484848486,0.9999999999999983,1.942890293094024e-16,1
QASMBench,bell_n4,qasmbench/small/bell_n4.qasm,4,33,0,1,QDG-no-ED,0.24242424242424243,0.9267766952966359,0.2705980500730984,0
QASMBench,bell_n4,qasmbench/small/bell_n4.qasm,4,33,0,1,QDG-no-MD,0.48484848484848486,0.9999999999999983,1.942890293094024e-16,1
QASMBench,bell_n4,qasmbench/small/bell_n4.qasm,4,33,0,1,QDG-no-UED,0.48484848484848486,0.9999999999999983,1.942890293094024e-16,1
QASMBench,bell_n4,qasmbench/small/bell_n4.qasm,4,33,0,1,QDG-no-CD,0.48484848484848486,0.9999999999999983,1.942890293094024e-16,1
QASMBench,bell_n4,qasmbench/small/bell_n4.qasm,4,33,0,1,Classical PDG,0.24242424242424243,0.9267766952966359,0.2705980500730984,0
QASMBench,bell_n4,qasmbench/small/bell_n4.qasm,4,33,0,1,Causal-cone,0.48484848484848486,0.9999999999999983,1.942890293094024e-16,1
QASMBench,bell_n4,qasmbench/small/bell_n4.qasm,4,33,0,2,QSlice-full,0.5151515151515151,0.9999999999999982,2.498001805406602e-16,1
QASMBench,bell_n4,qasmbench/small/bell_n4.qasm,4,33,0,2,QDG-no-ED,0.3333333333333333,0.9999999999999986,3.885780586188047e-16,1
QASMBench,bell_n4,qasmbench/small/bell_n4.qasm,4,33,0,2,QDG-no-MD,0.5151515151515151,0.9999999999999982,2.498001805406602e-16,1
QASMBench,bell_n4,qasmbench/small/bell_n4.qasm,4,33,0,2,QDG-no-UED,0.45454545454545453,0.9999999999999984,3.3306690738754696e-16,1
QASMBench,bell_n4,qasmbench/small/bell_n4.qasm,4,33,0,2,QDG-no-CD,0.5151515151515151,0.9999999999999982,2.498001805406602e-16,1
QASMBench,bell_n4,qasmbench/small/bell_n4.qasm,4,33,0,2,Classical PDG,0.3333333333333333,0.9999999999999986,3.885780586188047e-16,1
QASMBench,bell_n4,qasmbench/small/bell_n4.qasm,4,33,0,2,Causal-cone,0.5151515151515151,0.9999999999999982,2.498001805406602e-16,1
QASMBench,bell_n4,qasmbench/small/bell_n4.qasm,4,33,0,3,QSlice-full,0.48484848484848486,0.9999999999999984,1.6653345369377348e-16,1
QASMBench,bell_n4,qasmbench/small/bell_n4.qasm,4,33,0,3,QDG-no-ED,0.24242424242424243,0.9267766952966359,0.2705980500730984,0
QASMBench,bell_n4,qasmbench/small/bell_n4.qasm,4,33,0,3,QDG-no-MD,0.48484848484848486,0.9999999999999984,1.6653345369377348e-16,1
QASMBench,bell_n4,qasmbench/small/bell_n4.qasm,4,33,0,3,QDG-no-UED,0.48484848484848486,0.9999999999999984,1.6653345369377348e-16,1
QASMBench,bell_n4,qasmbench/small/bell_n4.qasm,4,33,0,3,QDG-no-CD,0.48484848484848486,0.9999999999999984,1.6653345369377348e-16,1
QASMBench,bell_n4,qasmbench/small/bell_n4.qasm,4,33,0,3,Classical PDG,0.24242424242424243,0.9267766952966359,0.2705980500730984,0
QASMBench,bell_n4,qasmbench/small/bell_n4.qasm,4,33,0,3,Causal-cone,0.48484848484848486,0.9999999999999984,1.6653345369377348e-16,1
QASMBench,variational_n4,qasmbench/small/variational_n4.qasm,4,54,0,0,QSlice-full,0.4444444444444444,0.9999999999999976,4.718447854656915e-16,1
QASMBench,variational_n4,qasmbench/small/variational_n4.qasm,4,54,0,0,QDG-no-ED,0.2037037037037037,0.999999999164133,2.891049077799468e-05,1
QASMBench,variational_n4,qasmbench/small/variational_n4.qasm,4,54,0,0,QDG-no-MD,0.4444444444444444,0.9999999999999976,4.718447854656915e-16,1
QASMBench,variational_n4,qasmbench/small/variational_n4.qasm,4,54,0,0,QDG-no-UED,0.2222222222222222,0.999999999164133,2.8910490777966924e-05,1
QASMBench,variational_n4,qasmbench/small/variational_n4.qasm,4,54,0,0,QDG-no-CD,0.4444444444444444,0.9999999999999976,4.718447854656915e-16,1
QASMBench,variational_n4,qasmbench/small/variational_n4.qasm,4,54,0,0,Classical PDG,0.2037037037037037,0.999999999164133,2.891049077799468e-05,1
QASMBench,variational_n4,qasmbench/small/variational_n4.qasm,4,54,0,0,Causal-cone,0.4444444444444444,0.9999999999999976,4.718447854656915e-16,1
QASMBench,variational_n4,qasmbench/small/variational_n4.qasm,4,54,0,1,QSlice-full,0.9259259259259259,0.9999999999999963,1.1102230246251565e-16,1
QASMBench,variational_n4,qasmbench/small/variational_n4.qasm,4,54,0,1,QDG-no-ED,0.5185185185185185,0.4962126397498874,0.5037875776420373,0
QASMBench,variational_n4,qasmbench/small/variational_n4.qasm,4,54,0,1,QDG-no-MD,0.9259259259259259,0.9999999999999963,1.1102230246251565e-16,1
QASMBench,variational_n4,qasmbench/small/variational_n4.qasm,4,54,0,1,QDG-no-UED,0.6851851851851852,0.9999999991768185,2.869025627005861e-05,1
QASMBench,variational_n4,qasmbench/small/variational_n4.qasm,4,54,0,1,QDG-no-CD,0.9259259259259259,0.9999999999999963,1.1102230246251565e-16,1
QASMBench,variational_n4,qasmbench/small/variational_n4.qasm,4,54,0,1,Classical PDG,0.5185185185185185,0.4962126397498874,0.5037875776420373,0
QASMBench,variational_n4,qasmbench/small/variational_n4.qasm,4,54,0,1,Causal-cone,0.9259259259259259,0.9999999999999963,1.1102230246251565e-16,1
QASMBench,variational_n4,qasmbench/small/variational_n4.qasm,4,54,0,2,QSlice-full,0.9629629629629629,0.9999999999999966,5.551115123125783e-17,1
QASMBench,variational_n4,qasmbench/small/variational_n4.qasm,4,54,0,2,QDG-no-ED,0.4444444444444444,0.49621242222624257,0.5037875777737562,0
QASMBench,variational_n4,qasmbench/small/variational_n4.qasm,4,54,0,2,QDG-no-MD,0.9629629629629629,0.9999999999999966,5.551115123125783e-17,1
QASMBench,variational_n4,qasmbench/small/variational_n4.qasm,4,54,0,2,QDG-no-UED,0.9629629629629629,0.9999999999999966,5.551115123125783e-17,1
QASMBench,variational_n4,qasmbench/small/variational_n4.qasm,4,54,0,2,QDG-no-CD,0.9629629629629629,0.9999999999999966,5.551115123125783e-17,1
QASMBench,variational_n4,qasmbench/small/variational_n4.qasm,4,54,0,2,Classical PDG,0.4444444444444444,0.49621242222624257,0.5037875777737562,0
QASMBench,variational_n4,qasmbench/small/variational_n4.qasm,4,54,0,2,Causal-cone,0.9629629629629629,0.9999999999999966,5.551115123125783e-17,1
QASMBench,variational_n4,qasmbench/small/variational_n4.qasm,4,54,0,3,QSlice-full,0.7592592592592593,0.9999999999999971,2.498001805406602e-16,1
QASMBench,variational_n4,qasmbench/small/variational_n4.qasm,4,54,0,3,QDG-no-ED,0.12962962962962962,0.5037875777735461,0.496212422226453,0
QASMBench,variational_n4,qasmbench/small/variational_n4.qasm,4,54,0,3,QDG-no-MD,0.7592592592592593,0.9999999999999971,2.498001805406602e-16,1
QASMBench,variational_n4,qasmbench/small/variational_n4.qasm,4,54,0,3,QDG-no-UED,0.7592592592592593,0.9999999999999971,2.498001805406602e-16,1
QASMBench,variational_n4,qasmbench/small/variational_n4.qasm,4,54,0,3,QDG-no-CD,0.7592592592592593,0.9999999999999971,2.498001805406602e-16,1
QASMBench,variational_n4,qasmbench/small/variational_n4.qasm,4,54,0,3,Classical PDG,0.12962962962962962,0.5037875777735461,0.496212422226453,0
QASMBench,variational_n4,qasmbench/small/variational_n4.qasm,4,54,0,3,Causal-cone,0.7592592592592593,0.9999999999999971,2.498001805406602e-16,1
QASMBench,vqe_n4,qasmbench/small/vqe_n4.qasm,4,89,0,0,QSlice-full,0.6292134831460674,1.0,2.297444613877834e-16,1
QASMBench,vqe_n4,qasmbench/small/vqe_n4.qasm,4,89,0,0,QDG-no-ED,0.25842696629213485,0.5769616644264137,0.6478744850241258,0
QASMBench,vqe_n4,qasmbench/small/vqe_n4.qasm,4,89,0,0,QDG-no-MD,0.6292134831460674,1.0,2.297444613877834e-16,1
QASMBench,vqe_n4,qasmbench/small/vqe_n4.qasm,4,89,0,0,QDG-no-UED,0.29213483146067415,0.6334457536884056,0.5985812759259606,0
QASMBench,vqe_n4,qasmbench/small/vqe_n4.qasm,4,89,0,0,QDG-no-CD,0.6292134831460674,1.0,2.297444613877834e-16,1
QASMBench,vqe_n4,qasmbench/small/vqe_n4.qasm,4,89,0,0,Classical PDG,0.25842696629213485,0.5769616644264137,0.6478744850241258,0
QASMBench,vqe_n4,qasmbench/small/vqe_n4.qasm,4,89,0,0,Causal-cone,0.6292134831460674,1.0,2.297444613877834e-16,1
QASMBench,vqe_n4,qasmbench/small/vqe_n4.qasm,4,89,0,1,QSlice-full,0.8202247191011236,1.0,9.205483015737867e-17,1
QASMBench,vqe_n4,qasmbench/small/vqe_n4.qasm,4,89,0,1,QDG-no-ED,0.29213483146067415,0.9197290125872037,0.27360967783421597,0
QASMBench,vqe_n4,qasmbench/small/vqe_n4.qasm,4,89,0,1,QDG-no-MD,0.8202247191011236,1.0,9.205483015737867e-17,1
QASMBench,vqe_n4,qasmbench/small/vqe_n4.qasm,4,89,0,1,QDG-no-UED,0.550561797752809,0.8483888865641409,0.38915727137910294,0
QASMBench,vqe_n4,qasmbench/small/vqe_n4.qasm,4,89,0,1,QDG-no-CD,0.8202247191011236,1.0,9.205483015737867e-17,1
QASMBench,vqe_n4,qasmbench/small/vqe_n4.qasm,4,89,0,1,Classical PDG,0.29213483146067415,0.9197290125872037,0.27360967783421597,0
QASMBench,vqe_n4,qasmbench/small/vqe_n4.qasm,4,89,0,1,Causal-cone,0.8202247191011236,1.0,9.205483015737867e-17,1
QASMBench,vqe_n4,qasmbench/small/vqe_n4.qasm,4,89,0,2,QSlice-full,0.9438202247191011,1.0,6.938893903907228e-17,1
QASMBench,vqe_n4,qasmbench/small/vqe_n4.qasm,4,89,0,2,QDG-no-ED,0.29213483146067415,0.47025968351429204,0.7060716651087169,0
QASMBench,vqe_n4,qasmbench/small/vqe_n4.qasm,4,89,0,2,QDG-no-MD,0.9438202247191011,1.0,6.938893903907228e-17,1
QASMBench,vqe_n4,qasmbench/small/vqe_n4.qasm,4,89,0,2,QDG-no-UED,0.8089887640449438,0.6977801426152264,0.5458902596715292,0
QASMBench,vqe_n4,qasmbench/small/vqe_n4.qasm,4,89,0,2,QDG-no-CD,0.9438202247191011,1.0,6.938893903907228e-17,1
QASMBench,vqe_n4,qasmbench/small/vqe_n4.qasm,4,89,0,2,Classical PDG,0.29213483146067415,0.47025968351429204,0.7060716651087169,0
QASMBench,vqe_n4,qasmbench/small/vqe_n4.qasm,4,89,0,2,Causal-cone,0.9438202247191011,1.0,6.938893903907228e-17,1
QASMBench,vqe_n4,qasmbench/small/vqe_n4.qasm,4,89,0,3,QSlice-full,1.0,1.0,0.0,1
QASMBench,vqe_n4,qasmbench/small/vqe_n4.qasm,4,89,0,3,QDG-no-ED,0.25842696629213485,0.7160128886293053,0.38082337023804924,0
QASMBench,vqe_n4,qasmbench/small/vqe_n4.qasm,4,89,0,3,QDG-no-MD,1.0,1.0,0.0,1
QASMBench,vqe_n4,qasmbench/small/vqe_n4.qasm,4,89,0,3,QDG-no-UED,1.0,1.0,0.0,1
QASMBench,vqe_n4,qasmbench/small/vqe_n4.qasm,4,89,0,3,QDG-no-CD,1.0,1.0,0.0,1
QASMBench,vqe_n4,qasmbench/small/vqe_n4.qasm,4,89,0,3,Classical PDG,0.25842696629213485,0.7160128886293053,0.38082337023804924,0
QASMBench,vqe_n4,qasmbench/small/vqe_n4.qasm,4,89,0,3,Causal-cone,1.0,1.0,0.0,1
QASMBench,basis_test_n4,qasmbench/small/basis_test_n4.qasm,4,98,0,0,QSlice-full,0.9795918367346939,0.999999999999992,0.0,1
QASMBench,basis_test_n4,qasmbench/small/basis_test_n4.qasm,4,98,0,0,QDG-no-ED,0.24489795918367346,0.9999999999999951,1.5543122344752192e-15,1
QASMBench,basis_test_n4,qasmbench/small/basis_test_n4.qasm,4,98,0,0,QDG-no-MD,0.9795918367346939,0.999999999999992,0.0,1
QASMBench,basis_test_n4,qasmbench/small/basis_test_n4.qasm,4,98,0,0,QDG-no-UED,0.9489795918367347,0.999999999999993,4.996003610813204e-16,1
QASMBench,basis_test_n4,qasmbench/small/basis_test_n4.qasm,4,98,0,0,QDG-no-CD,0.9795918367346939,0.999999999999992,0.0,1
QASMBench,basis_test_n4,qasmbench/small/basis_test_n4.qasm,4,98,0,0,Classical PDG,0.24489795918367346,0.9999999999999951,1.5543122344752192e-15,1
QASMBench,basis_test_n4,qasmbench/small/basis_test_n4.qasm,4,98,0,0,Causal-cone,0.9795918367346939,0.999999999999992,0.0,1
QASMBench,basis_test_n4,qasmbench/small/basis_test_n4.qasm,4,98,0,1,QSlice-full,1.0,0.999999999999992,0.0,1
QASMBench,basis_test_n4,qasmbench/small/basis_test_n4.qasm,4,98,0,1,QDG-no-ED,0.4897959183673469,0.999999999999994,9.992007221626409e-16,1
QASMBench,basis_test_n4,qasmbench/small/basis_test_n4.qasm,4,98,0,1,QDG-no-MD,1.0,0.999999999999992,0.0,1
QASMBench,basis_test_n4,qasmbench/small/basis_test_n4.qasm,4,98,0,1,QDG-no-UED,0.9693877551020408,0.999999999999993,4.996003610813204e-16,1
QASMBench,basis_test_n4,qasmbench/small/basis_test_n4.qasm,4,98,0,1,QDG-no-CD,1.0,0.999999999999992,0.0,1
QASMBench,basis_test_n4,qasmbench/small/basis_test_n4.qasm,4,98,0,1,Classical PDG,0.4897959183673469,0.999999999999994,9.992007221626409e-16,1
QASMBench,basis_test_n4,qasmbench/small/basis_test_n4.qasm,4,98,0,1,Causal-cone,1.0,0.999999999999992,0.0,1
QASMBench,basis_test_n4,qasmbench/small/basis_test_n4.qasm,4,98,0,2,QSlice-full,1.0,0.999999999999992,0.0,1
QASMBench,basis_test_n4,qasmbench/small/basis_test_n4.qasm,4,98,0,2,QDG-no-ED,0.4489795918367347,0.9999999999999956,1.7763568394002505e-15,1
QASMBench,basis_test_n4,qasmbench/small/basis_test_n4.qasm,4,98,0,2,QDG-no-MD,1.0,0.999999999999992,0.0,1
QASMBench,basis_test_n4,qasmbench/small/basis_test_n4.qasm,4,98,0,2,QDG-no-UED,0.9693877551020408,0.999999999999993,4.996003610813204e-16,1
QASMBench,basis_test_n4,qasmbench/small/basis_test_n4.qasm,4,98,0,2,QDG-no-CD,1.0,0.999999999999992,0.0,1
QASMBench,basis_test_n4,qasmbench/small/basis_test_n4.qasm,4,98,0,2,Classical PDG,0.4489795918367347,0.9999999999999956,1.7763568394002505e-15,1
QASMBench,basis_test_n4,qasmbench/small/basis_test_n4.qasm,4,98,0,2,Causal-cone,1.0,0.999999999999992,0.0,1
QASMBench,basis_test_n4,qasmbench/small/basis_test_n4.qasm,4,98,0,3,QSlice-full,0.9795918367346939,0.999999999999992,8.552847072295026e-50,1
QASMBench,basis_test_n4,qasmbench/small/basis_test_n4.qasm,4,98,0,3,QDG-no-ED,0.16326530612244897,0.999999999999996,1.9984014443252818e-15,1
QASMBench,basis_test_n4,qasmbench/small/basis_test_n4.qasm,4,98,0,3,QDG-no-MD,0.9795918367346939,0.999999999999992,8.552847072295026e-50,1
QASMBench,basis_test_n4,qasmbench/small/basis_test_n4.qasm,4,98,0,3,QDG-no-UED,0.9795918367346939,0.999999999999992,8.552847072295026e-50,1
QASMBench,basis_test_n4,qasmbench/small/basis_test_n4.qasm,4,98,0,3,QDG-no-CD,0.9795918367346939,0.999999999999992,8.552847072295026e-50,1
QASMBench,basis_test_n4,qasmbench/small/basis_test_n4.qasm,4,98,0,3,Classical PDG,0.16326530612244897,0.999999999999996,1.9984014443252818e-15,1
QASMBench,basis_test_n4,qasmbench/small/basis_test_n4.qasm,4,98,0,3,Causal-cone,0.9795918367346939,0.999999999999992,8.552847072295026e-50,1
QASMBench,qec_sm_n5,qasmbench/small/qec_sm_n5.qasm,5,7,1,0,QSlice-full,0.7142857142857143,1.0,0.0,1
QASMBench,qec_sm_n5,qasmbench/small/qec_sm_n5.qasm,5,7,1,0,QDG-no-ED,0.7142857142857143,1.0,0.0,1
QASMBench,qec_sm_n5,qasmbench/small/qec_sm_n5.qasm,5,7,1,0,QDG-no-MD,0.7142857142857143,1.0,0.0,1
QASMBench,qec_sm_n5,qasmbench/small/qec_sm_n5.qasm,5,7,1,0,QDG-no-UED,0.7142857142857143,1.0,0.0,1
QASMBench,qec_sm_n5,qasmbench/small/qec_sm_n5.qasm,5,7,1,0,QDG-no-CD,0.42857142857142855,0.0,1.0,0
QASMBench,qec_sm_n5,qasmbench/small/qec_sm_n5.qasm,5,7,1,0,Classical PDG,0.42857142857142855,0.0,1.0,0
QASMBench,qec_sm_n5,qasmbench/small/qec_sm_n5.qasm,5,7,1,0,Causal-cone,0.42857142857142855,0.0,1.0,0
QASMBench,qec_sm_n5,qasmbench/small/qec_sm_n5.qasm,5,7,1,1,QSlice-full,0.8571428571428571,1.0,0.0,1
QASMBench,qec_sm_n5,qasmbench/small/qec_sm_n5.qasm,5,7,1,1,QDG-no-ED,0.5714285714285714,1.0,0.0,1
QASMBench,qec_sm_n5,qasmbench/small/qec_sm_n5.qasm,5,7,1,1,QDG-no-MD,0.8571428571428571,1.0,0.0,1
QASMBench,qec_sm_n5,qasmbench/small/qec_sm_n5.qasm,5,7,1,1,QDG-no-UED,0.8571428571428571,1.0,0.0,1
QASMBench,qec_sm_n5,qasmbench/small/qec_sm_n5.qasm,5,7,1,1,QDG-no-CD,0.5714285714285714,1.0,0.0,1
QASMBench,qec_sm_n5,qasmbench/small/qec_sm_n5.qasm,5,7,1,1,Classical PDG,0.2857142857142857,1.0,0.0,1
QASMBench,qec_sm_n5,qasmbench/small/qec_sm_n5.qasm,5,7,1,1,Causal-cone,0.5714285714285714,1.0,0.0,1
QASMBench,qec_sm_n5,qasmbench/small/qec_sm_n5.qasm,5,7,1,2,QSlice-full,0.8571428571428571,1.0,0.0,1
QASMBench,qec_sm_n5,qasmbench/small/qec_sm_n5.qasm,5,7,1,2,QDG-no-ED,0.5714285714285714,1.0,0.0,1
QASMBench,qec_sm_n5,qasmbench/small/qec_sm_n5.qasm,5,7,1,2,QDG-no-MD,0.8571428571428571,1.0,0.0,1
QASMBench,qec_sm_n5,qasmbench/small/qec_sm_n5.qasm,5,7,1,2,QDG-no-UED,0.8571428571428571,1.0,0.0,1
QASMBench,qec_sm_n5,qasmbench/small/qec_sm_n5.qasm,5,7,1,2,QDG-no-CD,0.5714285714285714,1.0,0.0,1
QASMBench,qec_sm_n5,qasmbench/small/qec_sm_n5.qasm,5,7,1,2,Classical PDG,0.2857142857142857,1.0,0.0,1
QASMBench,qec_sm_n5,qasmbench/small/qec_sm_n5.qasm,5,7,1,2,Causal-cone,0.5714285714285714,1.0,0.0,1
QASMBench,qec_sm_n5,qasmbench/small/qec_sm_n5.qasm,5,7,1,3,QSlice-full,0.42857142857142855,1.0,0.0,1
QASMBench,qec_sm_n5,qasmbench/small/qec_sm_n5.qasm,5,7,1,3,QDG-no-ED,0.2857142857142857,0.0,1.0,0
QASMBench,qec_sm_n5,qasmbench/small/qec_sm_n5.qasm,5,7,1,3,QDG-no-MD,0.2857142857142857,0.0,1.0,0
QASMBench,qec_sm_n5,qasmbench/small/qec_sm_n5.qasm,5,7,1,3,QDG-no-UED,0.42857142857142855,1.0,0.0,1
QASMBench,qec_sm_n5,qasmbench/small/qec_sm_n5.qasm,5,7,1,3,QDG-no-CD,0.42857142857142855,1.0,0.0,1
QASMBench,qec_sm_n5,qasmbench/small/qec_sm_n5.qasm,5,7,1,3,Classical PDG,0.14285714285714285,0.0,1.0,0
QASMBench,qec_sm_n5,qasmbench/small/qec_sm_n5.qasm,5,7,1,3,Causal-cone,0.2857142857142857,0.0,1.0,0
QASMBench,qec_sm_n5,qasmbench/small/qec_sm_n5.qasm,5,7,1,4,QSlice-full,0.5714285714285714,1.0,0.0,1
QASMBench,qec_sm_n5,qasmbench/small/qec_sm_n5.qasm,5,7,1,4,QDG-no-ED,0.2857142857142857,1.0,0.0,1
QASMBench,qec_sm_n5,qasmbench/small/qec_sm_n5.qasm,5,7,1,4,QDG-no-MD,0.42857142857142855,1.0,0.0,1
QASMBench,qec_sm_n5,qasmbench/small/qec_sm_n5.qasm,5,7,1,4,QDG-no-UED,0.5714285714285714,1.0,0.0,1
QASMBench,qec_sm_n5,qasmbench/small/qec_sm_n5.qasm,5,7,1,4,QDG-no-CD,0.5714285714285714,1.0,0.0,1
QASMBench,qec_sm_n5,qasmbench/small/qec_sm_n5.qasm,5,7,1,4,Classical PDG,0.14285714285714285,1.0,0.0,1
QASMBench,qec_sm_n5,qasmbench/small/qec_sm_n5.qasm,5,7,1,4,Causal-cone,0.42857142857142855,1.0,0.0,1
QASMBench,pea_n5,qasmbench/small/pea_n5.qasm,5,29,0,0,QSlice-full,0.896551724137931,0.9999999999999971,1.110223024625156e-16,1
QASMBench,pea_n5,qasmbench/small/pea_n5.qasm,5,29,0,0,QDG-no-ED,0.4482758620689655,0.999999999999998,6.110595442219597e-16,1
QASMBench,pea_n5,qasmbench/small/pea_n5.qasm,5,29,0,0,QDG-no-MD,0.896551724137931,0.9999999999999971,1.110223024625156e-16,1
QASMBench,pea_n5,qasmbench/small/pea_n5.qasm,5,29,0,0,QDG-no-UED,0.896551724137931,0.9999999999999971,1.110223024625156e-16,1
QASMBench,pea_n5,qasmbench/small/pea_n5.qasm,5,29,0,0,QDG-no-CD,0.896551724137931,0.9999999999999971,1.110223024625156e-16,1
QASMBench,pea_n5,qasmbench/small/pea_n5.qasm,5,29,0,0,Classical PDG,0.4482758620689655,0.999999999999998,6.110595442219597e-16,1
QASMBench,pea_n5,qasmbench/small/pea_n5.qasm,5,29,0,0,Causal-cone,0.896551724137931,0.9999999999999971,1.110223024625156e-16,1
QASMBench,pea_n5,qasmbench/small/pea_n5.qasm,5,29,0,1,QSlice-full,0.9310344827586207,0.9999999999999972,1.6653345369377353e-16,1
QASMBench,pea_n5,qasmbench/small/pea_n5.qasm,5,29,0,1,QDG-no-ED,0.3103448275862069,0.4999999999999991,0.7071067811865468,0
QASMBench,pea_n5,qasmbench/small/pea_n5.qasm,5,29,0,1,QDG-no-MD,0.9310344827586207,0.9999999999999972,1.6653345369377353e-16,1
QASMBench,pea_n5,qasmbench/small/pea_n5.qasm,5,29,0,1,QDG-no-UED,0.9310344827586207,0.9999999999999972,1.6653345369377353e-16,1
QASMBench,pea_n5,qasmbench/small/pea_n5.qasm,5,29,0,1,QDG-no-CD,0.9310344827586207,0.9999999999999972,1.6653345369377353e-16,1
QASMBench,pea_n5,qasmbench/small/pea_n5.qasm,5,29,0,1,Classical PDG,0.3103448275862069,0.4999999999999991,0.7071067811865468,0
QASMBench,pea_n5,qasmbench/small/pea_n5.qasm,5,29,0,1,Causal-cone,0.9310344827586207,0.9999999999999972,1.6653345369377353e-16,1
QASMBench,pea_n5,qasmbench/small/pea_n5.qasm,5,29,0,2,QSlice-full,0.9655172413793104,0.9999999999999972,1.6653345369377348e-16,1
QASMBench,pea_n5,qasmbench/small/pea_n5.qasm,5,29,0,2,QDG-no-ED,0.2413793103448276,0.146446609406726,0.9238795325112859,0
QASMBench,pea_n5,qasmbench/small/pea_n5.qasm,5,29,0,2,QDG-no-MD,0.9655172413793104,0.9999999999999972,1.6653345369377348e-16,1
QASMBench,pea_n5,qasmbench/small/pea_n5.qasm,5,29,0,2,QDG-no-UED,0.9655172413793104,0.9999999999999972,1.6653345369377348e-16,1
QASMBench,pea_n5,qasmbench/small/pea_n5.qasm,5,29,0,2,QDG-no-CD,0.9655172413793104,0.9999999999999972,1.6653345369377348e-16,1
QASMBench,pea_n5,qasmbench/small/pea_n5.qasm,5,29,0,2,Classical PDG,0.2413793103448276,0.146446609406726,0.9238795325112859,0
QASMBench,pea_n5,qasmbench/small/pea_n5.qasm,5,29,0,2,Causal-cone,0.9655172413793104,0.9999999999999972,1.6653345369377348e-16,1
QASMBench,pea_n5,qasmbench/small/pea_n5.qasm,5,29,0,3,QSlice-full,1.0,0.9999999999999969,0.0,1
QASMBench,pea_n5,qasmbench/small/pea_n5.qasm,5,29,0,3,QDG-no-ED,0.20689655172413793,0.6913417161825435,0.5555702330196016,0
QASMBench,pea_n5,qasmbench/small/pea_n5.qasm,5,29,0,3,QDG-no-MD,1.0,0.9999999999999969,0.0,1
QASMBench,pea_n5,qasmbench/small/pea_n5.qasm,5,29,0,3,QDG-no-UED,1.0,0.9999999999999969,0.0,1
QASMBench,pea_n5,qasmbench/small/pea_n5.qasm,5,29,0,3,QDG-no-CD,1.0,0.9999999999999969,0.0,1
QASMBench,pea_n5,qasmbench/small/pea_n5.qasm,5,29,0,3,Classical PDG,0.20689655172413793,0.6913417161825435,0.5555702330196016,0
QASMBench,pea_n5,qasmbench/small/pea_n5.qasm,5,29,0,3,Causal-cone,1.0,0.9999999999999969,0.0,1
QASMBench,pea_n5,qasmbench/small/pea_n5.qasm,5,29,0,4,QSlice-full,0.6551724137931034,0.9999999999999974,2.7755575615628914e-16,1
QASMBench,pea_n5,qasmbench/small/pea_n5.qasm,5,29,0,4,QDG-no-ED,0.5172413793103449,0.9999999999999984,7.771561172376096e-16,1
QASMBench,pea_n5,qasmbench/small/pea_n5.qasm,5,29,0,4,QDG-no-MD,0.6551724137931034,0.9999999999999974,2.7755575615628914e-16,1
QASMBench,pea_n5,qasmbench/small/pea_n5.qasm,5,29,0,4,QDG-no-UED,0.6551724137931034,0.9999999999999974,2.7755575615628914e-16,1
QASMBench,pea_n5,qasmbench/small/pea_n5.qasm,5,29,0,4,QDG-no-CD,0.6551724137931034,0.9999999999999974,2.7755575615628914e-16,1
QASMBench,pea_n5,qasmbench/small/pea_n5.qasm,5,29,0,4,Classical PDG,0.5172413793103449,0.9999999999999984,7.771561172376096e-16,1
QASMBench,pea_n5,qasmbench/small/pea_n5.qasm,5,29,0,4,Causal-cone,0.6551724137931034,0.9999999999999974,2.7755575615628914e-16,1
QASMBench,lpn_n5,qasmbench/small/lpn_n5.qasm,5,11,0,0,QSlice-full,0.45454545454545453,0.9999999999999981,4.996003610813204e-16,1
QASMBench,lpn_n5,qasmbench/small/lpn_n5.qasm,5,11,0,0,QDG-no-ED,0.2727272727272727,0.9999999999999981,4.996003610813204e-16,1
QASMBench,lpn_n5,qasmbench/small/lpn_n5.qasm,5,11,0,0,QDG-no-MD,0.45454545454545453,0.9999999999999981,4.996003610813204e-16,1
QASMBench,lpn_n5,qasmbench/small/lpn_n5.qasm,5,11,0,0,QDG-no-UED,0.45454545454545453,0.9999999999999981,4.996003610813204e-16,1
QASMBench,lpn_n5,qasmbench/small/lpn_n5.qasm,5,11,0,0,QDG-no-CD,0.45454545454545453,0.9999999999999981,4.996003610813204e-16,1
QASMBench,lpn_n5,qasmbench/small/lpn_n5.qasm,5,11,0,0,Classical PDG,0.2727272727272727,0.9999999999999981,4.996003610813204e-16,1
QASMBench,lpn_n5,qasmbench/small/lpn_n5.qasm,5,11,0,0,Causal-cone,0.45454545454545453,0.9999999999999981,4.996003610813204e-16,1
QASMBench,lpn_n5,qasmbench/small/lpn_n5.qasm,5,11,0,1,QSlice-full,0.18181818181818182,0.9999999999999981,5.017123874854991e-16,1
QASMBench,lpn_n5,qasmbench/small/lpn_n5.qasm,5,11,0,1,QDG-no-ED,0.18181818181818182,0.9999999999999981,5.017123874854991e-16,1
QASMBench,lpn_n5,qasmbench/small/lpn_n5.qasm,5,11,0,1,QDG-no-MD,0.18181818181818182,0.9999999999999981,5.017123874854991e-16,1
QASMBench,lpn_n5,qasmbench/small/lpn_n5.qasm,5,11,0,1,QDG-no-UED,0.18181818181818182,0.9999999999999981,5.017123874854991e-16,1
QASMBench,lpn_n5,qasmbench/small/lpn_n5.qasm,5,11,0,1,QDG-no-CD,0.18181818181818182,0.9999999999999981,5.017123874854991e-16,1
QASMBench,lpn_n5,qasmbench/small/lpn_n5.qasm,5,11,0,1,Classical PDG,0.18181818181818182,0.9999999999999981,5.017123874854991e-16,1
QASMBench,lpn_n5,qasmbench/small/lpn_n5.qasm,5,11,0,1,Causal-cone,0.18181818181818182,0.9999999999999981,5.017123874854991e-16,1
QASMBench,lpn_n5,qasmbench/small/lpn_n5.qasm,5,11,0,2,QSlice-full,0.5454545454545454,0.9999999999999979,3.885780586188048e-16,1
QASMBench,lpn_n5,qasmbench/small/lpn_n5.qasm,5,11,0,2,QDG-no-ED,0.2727272727272727,0.49999999999999917,0.4999999999999999,0
QASMBench,lpn_n5,qasmbench/small/lpn_n5.qasm,5,11,0,2,QDG-no-MD,0.5454545454545454,0.9999999999999979,3.885780586188048e-16,1
QASMBench,lpn_n5,qasmbench/small/lpn_n5.qasm,5,11,0,2,QDG-no-UED,0.5454545454545454,0.9999999999999979,3.885780586188048e-16,1
QASMBench,lpn_n5,qasmbench/small/lpn_n5.qasm,5,11,0,2,QDG-no-CD,0.5454545454545454,0.9999999999999979,3.885780586188048e-16,1
QASMBench,lpn_n5,qasmbench/small/lpn_n5.qasm,5,11,0,2,Classical PDG,0.2727272727272727,0.49999999999999917,0.4999999999999999,0
QASMBench,lpn_n5,qasmbench/small/lpn_n5.qasm,5,11,0,2,Causal-cone,0.5454545454545454,0.9999999999999979,3.885780586188048e-16,1
QASMBench,lpn_n5,qasmbench/small/lpn_n5.qasm,5,11,0,3,QSlice-full,0.6363636363636364,0.9999999999999978,3.3306690738754696e-16,1
QASMBench,lpn_n5,qasmbench/small/lpn_n5.qasm,5,11,0,3,QDG-no-ED,0.2727272727272727,0.9999999999999981,4.996003610813204e-16,1
QASMBench,lpn_n5,qasmbench/small/lpn_n5.qasm,5,11,0,3,QDG-no-MD,0.6363636363636364,0.9999999999999978,3.3306690738754696e-16,1
QASMBench,lpn_n5,qasmbench/small/lpn_n5.qasm,5,11,0,3,QDG-no-UED,0.6363636363636364,0.9999999999999978,3.3306690738754696e-16,1
QASMBench,lpn_n5,qasmbench/small/lpn_n5.qasm,5,11,0,3,QDG-no-CD,0.6363636363636364,0.9999999999999978,3.3306690738754696e-16,1
QASMBench,lpn_n5,qasmbench/small/lpn_n5.qasm,5,11,0,3,Classical PDG,0.2727272727272727,0.9999999999999981,4.996003610813204e-16,1
QASMBench,lpn_n5,qasmbench/small/lpn_n5.qasm,5,11,0,3,Causal-cone,0.6363636363636364,0.9999999999999978,3.3306690738754696e-16,1
QASMBench,lpn_n5,qasmbench/small/lpn_n5.qasm,5,11,0,4,QSlice-full,0.18181818181818182,0.9999999999999981,5.01314373068993e-16,1
QASMBench,lpn_n5,qasmbench/small/lpn_n5.qasm,5,11,0,4,QDG-no-ED,0.18181818181818182,0.9999999999999981,5.01314373068993e-16,1
QASMBench,lpn_n5,qasmbench/small/lpn_n5.qasm,5,11,0,4,QDG-no-MD,0.18181818181818182,0.9999999999999981,5.01314373068993e-16,1
QASMBench,lpn_n5,qasmbench/small/lpn_n5.qasm,5,11,0,4,QDG-no-UED,0.18181818181818182,0.9999999999999981,5.01314373068993e-16,1
QASMBench,lpn_n5,qasmbench/small/lpn_n5.qasm,5,11,0,4,QDG-no-CD,0.18181818181818182,0.9999999999999981,5.01314373068993e-16,1
QASMBench,lpn_n5,qasmbench/small/lpn_n5.qasm,5,11,0,4,Classical PDG,0.18181818181818182,0.9999999999999981,5.01314373068993e-16,1
QASMBench,lpn_n5,qasmbench/small/lpn_n5.qasm,5,11,0,4,Causal-cone,0.18181818181818182,0.9999999999999981,5.01314373068993e-16,1
QASMBench,shor_n5,qasmbench/small/shor_n5.qasm,5,24,1,0,QSlice-full,0.8333333333333334,0.9999999999999998,8.326672684688674e-17,1
QASMBench,shor_n5,qasmbench/small/shor_n5.qasm,5,24,1,0,QDG-no-ED,0.16666666666666666,0.7499999999999999,0.25,0
QASMBench,shor_n5,qasmbench/small/shor_n5.qasm,5,24,1,0,QDG-no-MD,0.5833333333333334,0.9999999999999996,5.551115123125783e-17,1
QASMBench,shor_n5,qasmbench/small/shor_n5.qasm,5,24,1,0,QDG-no-UED,0.5,0.9999999999999994,1.3877787807814457e-16,1
QASMBench,shor_n5,qasmbench/small/shor_n5.qasm,5,24,1,0,QDG-no-CD,0.8333333333333334,0.9999999999999998,8.326672684688674e-17,1
QASMBench,shor_n5,qasmbench/small/shor_n5.qasm,5,24,1,0,Classical PDG,0.16666666666666666,0.7499999999999999,0.25,0
QASMBench,shor_n5,qasmbench/small/shor_n5.qasm,5,24,1,0,Causal-cone,0.5833333333333334,0.9999999999999996,5.551115123125783e-17,1
QASMBench,shor_n5,qasmbench/small/shor_n5.qasm,5,24,1,1,QSlice-full,0.7916666666666666,0.9999999999999998,8.326672684688674e-17,1
QASMBench,shor_n5,qasmbench/small/shor_n5.qasm,5,24,1,1,QDG-no-ED,0.125,0.7499999999999999,0.25,0
QASMBench,shor_n5,qasmbench/small/shor_n5.qasm,5,24,1,1,QDG-no-MD,0.5416666666666666,0.9999999999999996,5.551115123125783e-17,1
QASMBench,shor_n5,qasmbench/small/shor_n5.qasm,5,24,1,1,QDG-no-UED,0.4583333333333333,0.9999999999999994,1.3877787807814457e-16,1
QASMBench,shor_n5,qasmbench/small/shor_n5.qasm,5,24,1,1,QDG-no-CD,0.7916666666666666,0.9999999999999998,8.326672684688674e-17,1
QASMBench,shor_n5,qasmbench/small/shor_n5.qasm,5,24,1,1,Classical PDG,0.125,0.7499999999999999,0.25,0
QASMBench,shor_n5,qasmbench/small/shor_n5.qasm,5,24,1,1,Causal-cone,0.5416666666666666,0.9999999999999996,5.551115123125783e-17,1
QASMBench,shor_n5,qasmbench/small/shor_n5.qasm,5,24,1,2,QSlice-full,0.75,0.9999999999999998,8.326672684688674e-17,1
QASMBench,shor_n5,qasmbench/small/shor_n5.qasm,5,24,1,2,QDG-no-ED,0.16666666666666666,0.24999999999999994,0.75,0
QASMBench,shor_n5,qasmbench/small/shor_n5.qasm,5,24,1,2,QDG-no-MD,0.5,0.9999999999999996,5.551115123125783e-17,1
QASMBench,shor_n5,qasmbench/small/shor_n5.qasm,5,24,1,2,QDG-no-UED,0.4166666666666667,0.9999999999999994,1.3877787807814457e-16,1
QASMBench,shor_n5,qasmbench/small/shor_n5.qasm,5,24,1,2,QDG-no-CD,0.75,0.9999999999999998,8.326672684688674e-17,1
QASMBench,shor_n5,qasmbench/small/shor_n5.qasm,5,24,1,2,Classical PDG,0.16666666666666666,0.24999999999999994,0.75,0
QASMBench,shor_n5,qasmbench/small/shor_n5.qasm,5,24,1,2,Causal-cone,0.5,0.9999999999999996,5.551115123125783e-17,1
QASMBench,shor_n5,qasmbench/small/shor_n5.qasm,5,24,1,3,QSlice-full,0.7083333333333334,0.9999999999999998,8.326672684688674e-17,1
QASMBench,shor_n5,qasmbench/small/shor_n5.qasm,5,24,1,3,QDG-no-ED,0.08333333333333333,0.7499999999999999,0.25,0
QASMBench,shor_n5,qasmbench/small/shor_n5.qasm,5,24,1,3,QDG-no-MD,0.4583333333333333,0.9999999999999996,5.551115123125783e-17,1
QASMBench,shor_n5,qasmbench/small/shor_n5.qasm,5,24,1,3,QDG-no-UED,0.375,0.9999999999999994,1.3877787807814457e-16,1
QASMBench,shor_n5,qasmbench/small/shor_n5.qasm,5,24,1,3,QDG-no-CD,0.7083333333333334,0.9999999999999998,8.326672684688674e-17,1
QASMBench,shor_n5,qasmbench/small/shor_n5.qasm,5,24,1,3,Classical PDG,0.08333333333333333,0.7499999999999999,0.25,0
QASMBench,shor_n5,qasmbench/small/shor_n5.qasm,5,24,1,3,Causal-cone,0.4583333333333333,0.9999999999999996,5.551115123125783e-17,1
QASMBench,shor_n5,qasmbench/small/shor_n5.qasm,5,24,1,4,QSlice-full,0.5,0.5,0.5000000000000001,0
QASMBench,shor_n5,qasmbench/small/shor_n5.qasm,5,24,1,4,QDG-no-ED,0.375,0.4999999999999999,0.5,0
QASMBench,shor_n5,qasmbench/small/shor_n5.qasm,5,24,1,4,QDG-no-MD,0.3333333333333333,0.4999999999999999,0.5,0
QASMBench,shor_n5,qasmbench/small/shor_n5.qasm,5,24,1,4,QDG-no-UED,0.4166666666666667,0.5,0.5000000000000001,0
QASMBench,shor_n5,qasmbench/small/shor_n5.qasm,5,24,1,4,QDG-no-CD,0.5,0.5,0.5000000000000001,0
QASMBench,shor_n5,qasmbench/small/shor_n5.qasm,5,24,1,4,Classical PDG,0.16666666666666666,0.4999999999999999,0.5,0
QASMBench,shor_n5,qasmbench/small/shor_n5.qasm,5,24,1,4,Causal-cone,0.3333333333333333,0.4999999999999999,0.5,0
QASMBench,qec_en_n5,qasmbench/small/qec_en_n5.qasm,5,25,0,0,QSlice-full,0.64,0.9999999999999951,3.885780586188048e-16,1
QASMBench,qec_en_n5,qasmbench/small/qec_en_n5.qasm,5,25,0,0,QDG-no-ED,0.16,0.8535533905932711,0.35355339059327284,0
QASMBench,qec_en_n5,qasmbench/small/qec_en_n5.qasm,5,25,0,0,QDG-no-MD,0.64,0.9999999999999951,3.885780586188048e-16,1
QASMBench,qec_en_n5,qasmbench/small/qec_en_n5.qasm,5,25,0,0,QDG-no-UED,0.64,0.9999999999999951,3.885780586188048e-16,1
QASMBench,qec_en_n5,qasmbench/small/qec_en_n5.qasm,5,25,0,0,QDG-no-CD,0.64,0.9999999999999951,3.885780586188048e-16,1
QASMBench,qec_en_n5,qasmbench/small/qec_en_n5.qasm,5,25,0,0,Classical PDG,0.16,0.8535533905932711,0.35355339059327284,0
QASMBench,qec_en_n5,qasmbench/small/qec_en_n5.qasm,5,25,0,0,Causal-cone,0.64,0.9999999999999951,3.885780586188048e-16,1
QASMBench,qec_en_n5,qasmbench/small/qec_en_n5.qasm,5,25,0,1,QSlice-full,0.96,0.9999999999999942,0.0,1
QASMBench,qec_en_n5,qasmbench/small/qec_en_n5.qasm,5,25,0,1,QDG-no-ED,0.2,0.8535533905932711,0.3535533905932726,0
QASMBench,qec_en_n5,qasmbench/small/qec_en_n5.qasm,5,25,0,1,QDG-no-MD,0.96,0.9999999999999942,0.0,1
QASMBench,qec_en_n5,qasmbench/small/qec_en_n5.qasm,5,25,0,1,QDG-no-UED,0.96,0.9999999999999942,0.0,1
QASMBench,qec_en_n5,qasmbench/small/qec_en_n5.qasm,5,25,0,1,QDG-no-CD,0.96,0.9999999999999942,0.0,1
QASMBench,qec_en_n5,qasmbench/small/qec_en_n5.qasm,5,25,0,1,Classical PDG,0.2,0.8535533905932711,0.3535533905932726,0
QASMBench,qec_en_n5,qasmbench/small/qec_en_n5.qasm,5,25,0,1,Causal-cone,0.96,0.9999999999999942,0.0,1
QASMBench,qec_en_n5,qasmbench/small/qec_en_n5.qasm,5,25,0,2,QSlice-full,1.0,0.9999999999999944,0.0,1
QASMBench,qec_en_n5,qasmbench/small/qec_en_n5.qasm,5,25,0,2,QDG-no-ED,0.68,0.8535533905932703,0.38268343236508906,0
QASMBench,qec_en_n5,qasmbench/small/qec_en_n5.qasm,5,25,0,2,QDG-no-MD,1.0,0.9999999999999944,0.0,1
QASMBench,qec_en_n5,qasmbench/small/qec_en_n5.qasm,5,25,0,2,QDG-no-UED,1.0,0.9999999999999944,0.0,1
QASMBench,qec_en_n5,qasmbench/small/qec_en_n5.qasm,5,25,0,2,QDG-no-CD,1.0,0.9999999999999944,0.0,1
QASMBench,qec_en_n5,qasmbench/small/qec_en_n5.qasm,5,25,0,2,Classical PDG,0.68,0.8535533905932703,0.38268343236508906,0
QASMBench,qec_en_n5,qasmbench/small/qec_en_n5.qasm,5,25,0,2,Causal-cone,1.0,0.9999999999999944,0.0,1
QASMBench,qec_en_n5,qasmbench/small/qec_en_n5.qasm,5,25,0,3,QSlice-full,1.0,0.9999999999999942,0.0,1
QASMBench,qec_en_n5,qasmbench/small/qec_en_n5.qasm,5,25,0,3,QDG-no-ED,0.2,0.8535533905932711,0.35355339059327284,0
QASMBench,qec_en_n5,qasmbench/small/qec_en_n5.qasm,5,25,0,3,QDG-no-MD,1.0,0.9999999999999942,0.0,1
QASMBench,qec_en_n5,qasmbench/small/qec_en_n5.qasm,5,25,0,3,QDG-no-UED,1.0,0.9999999999999942,0.0,1
QASMBench,qec_en_n5,qasmbench/small/qec_en_n5.qasm,5,25,0,3,QDG-no-CD,1.0,0.9999999999999942,0.0,1
QASMBench,qec_en_n5,qasmbench/small/qec_en_n5.qasm,5,25,0,3,Classical PDG,0.2,0.8535533905932711,0.35355339059327284,0
QASMBench,qec_en_n5,qasmbench/small/qec_en_n5.qasm,5,25,0,3,Causal-cone,1.0,0.9999999999999942,0.0,1
QASMBench,qec_en_n5,qasmbench/small/qec_en_n5.qasm,5,25,0,4,QSlice-full,0.92,0.9999999999999944,1.0691058840368783e-50,1
QASMBench,qec_en_n5,qasmbench/small/qec_en_n5.qasm,5,25,0,4,QDG-no-ED,0.16,0.4999999999999984,0.4999999999999986,0
QASMBench,qec_en_n5,qasmbench/small/qec_en_n5.qasm,5,25,0,4,QDG-no-MD,0.92,0.9999999999999944,1.0691058840368783e-50,1
QASMBench,qec_en_n5,qasmbench/small/qec_en_n5.qasm,5,25,0,4,QDG-no-UED,0.92,0.9999999999999944,1.0691058840368783e-50,1
QASMBench,qec_en_n5,qasmbench/small/qec_en_n5.qasm,5,25,0,4,QDG-no-CD,0.92,0.9999999999999944,1.0691058840368783e-50,1
QASMBench,qec_en_n5,qasmbench/small/qec_en_n5.qasm,5,25,0,4,Classical PDG,0.16,0.4999999999999984,0.4999999999999986,0
QASMBench,qec_en_n5,qasmbench/small/qec_en_n5.qasm,5,25,0,4,Causal-cone,0.92,0.9999999999999944,1.0691058840368783e-50,1
QASMBench,error_correctiond3_n5,qasmbench/small/error_correctiond3_n5.qasm,5,114,0,0,QSlice-full,0.8245614035087719,0.9999999999999822,1.1102230246251565e-15,1
QASMBench,error_correctiond3_n5,qasmbench/small/error_correctiond3_n5.qasm,5,114,0,0,QDG-no-ED,0.13157894736842105,0.9999999999999892,4.6074255521944e-15,1
QASMBench,error_correctiond3_n5,qasmbench/small/error_correctiond3_n5.qasm,5,114,0,0,QDG-no-MD,0.8245614035087719,0.9999999999999822,1.1102230246251565e-15,1
QASMBench,error_correctiond3_n5,qasmbench/small/error_correctiond3_n5.qasm,5,114,0,0,QDG-no-UED,0.7368421052631579,0.9999999999999829,1.4432899320127035e-15,1
QASMBench,error_correctiond3_n5,qasmbench/small/error_correctiond3_n5.qasm,5,114,0,0,QDG-no-CD,0.8245614035087719,0.9999999999999822,1.1102230246251565e-15,1
QASMBench,error_correctiond3_n5,qasmbench/small/error_correctiond3_n5.qasm,5,114,0,0,Classical PDG,0.13157894736842105,0.9999999999999892,4.6074255521944e-15,1
QASMBench,error_correctiond3_n5,qasmbench/small/error_correctiond3_n5.qasm,5,114,0,0,Causal-cone,0.8245614035087719,0.9999999999999822,1.1102230246251565e-15,1
QASMBench,error_correctiond3_n5,qasmbench/small/error_correctiond3_n5.qasm,5,114,0,1,QSlice-full,0.9122807017543859,0.9999999999999811,5.273559366969494e-16,1
QASMBench,error_correctiond3_n5,qasmbench/small/error_correctiond3_n5.qasm,5,114,0,1,QDG-no-ED,0.24561403508771928,0.9999999999999882,4.08006961549745e-15,1
QASMBench,error_correctiond3_n5,qasmbench/small/error_correctiond3_n5.qasm,5,114,0,1,QDG-no-MD,0.9122807017543859,0.9999999999999811,5.273559366969494e-16,1
QASMBench,error_correctiond3_n5,qasmbench/small/error_correctiond3_n5.qasm,5,114,0,1,QDG-no-UED,0.9122807017543859,0.9999999999999811,5.273559366969494e-16,1
QASMBench,error_correctiond3_n5,qasmbench/small/error_correctiond3_n5.qasm,5,114,0,1,QDG-no-CD,0.9122807017543859,0.9999999999999811,5.273559366969494e-16,1
QASMBench,error_correctiond3_n5,qasmbench/small/error_correctiond3_n5.qasm,5,114,0,1,Classical PDG,0.24561403508771928,0.9999999999999882,4.08006961549745e-15,1
QASMBench,error_correctiond3_n5,qasmbench/small/error_correctiond3_n5.qasm,5,114,0,1,Causal-cone,0.9122807017543859,0.9999999999999811,5.273559366969494e-16,1
QASMBench,error_correctiond3_n5,qasmbench/small/error_correctiond3_n5.qasm,5,114,0,2,QSlice-full,0.9824561403508771,0.9999999999999807,2.7755575615628914e-16,1
QASMBench,error_correctiond3_n5,qasmbench/small/error_correctiond3_n5.qasm,5,114,0,2,QDG-no-ED,0.6754385964912281,0.4999999999999928,0.4999999999999978,0
QASMBench,error_correctiond3_n5,qasmbench/small/error_correctiond3_n5.qasm,5,114,0,2,QDG-no-MD,0.9824561403508771,0.9999999999999807,2.7755575615628914e-16,1
QASMBench,error_correctiond3_n5,qasmbench/small/error_correctiond3_n5.qasm,5,114,0,2,QDG-no-UED,0.9824561403508771,0.9999999999999807,2.7755575615628914e-16,1
QASMBench,error_correctiond3_n5,qasmbench/small/error_correctiond3_n5.qasm,5,114,0,2,QDG-no-CD,0.9824561403508771,0.9999999999999807,2.7755575615628914e-16,1
QASMBench,error_correctiond3_n5,qasmbench/small/error_correctiond3_n5.qasm,5,114,0,2,Classical PDG,0.6754385964912281,0.4999999999999928,0.4999999999999978,0
QASMBench,error_correctiond3_n5,qasmbench/small/error_correctiond3_n5.qasm,5,114,0,2,Causal-cone,0.9824561403508771,0.9999999999999807,2.7755575615628914e-16,1
QASMBench,error_correctiond3_n5,qasmbench/small/error_correctiond3_n5.qasm,5,114,0,3,QSlice-full,0.9912280701754386,0.9999999999999802,5.561946577567962e-17,1
QASMBench,error_correctiond3_n5,qasmbench/small/error_correctiond3_n5.qasm,5,114,0,3,QDG-no-ED,0.14035087719298245,0.9999999999999889,4.413136522884997e-15,1
QASMBench,error_correctiond3_n5,qasmbench/small/error_correctiond3_n5.qasm,5,114,0,3,QDG-no-MD,0.9912280701754386,0.9999999999999802,5.561946577567962e-17,1
QASMBench,error_correctiond3_n5,qasmbench/small/error_correctiond3_n5.qasm,5,114,0,3,QDG-no-UED,0.9912280701754386,0.9999999999999802,5.561946577567962e-17,1
QASMBench,error_correctiond3_n5,qasmbench/small/error_correctiond3_n5.qasm,5,114,0,3,QDG-no-CD,0.9912280701754386,0.9999999999999802,5.561946577567962e-17,1
QASMBench,error_correctiond3_n5,qasmbench/small/error_correctiond3_n5.qasm,5,114,0,3,Classical PDG,0.14035087719298245,0.9999999999999889,4.413136522884997e-15,1
QASMBench,error_correctiond3_n5,qasmbench/small/error_correctiond3_n5.qasm,5,114,0,3,Causal-cone,0.9912280701754386,0.9999999999999802,5.561946577567962e-17,1
QASMBench,error_correctiond3_n5,qasmbench/small/error_correctiond3_n5.qasm,5,114,0,4,QSlice-full,0.9912280701754386,0.9999999999999802,8.326672684688674e-17,1
QASMBench,error_correctiond3_n5,qasmbench/small/error_correctiond3_n5.qasm,5,114,0,4,QDG-no-ED,0.23684210526315788,0.9999999999999882,4.107825191113079e-15,1
QASMBench,error_correctiond3_n5,qasmbench/small/error_correctiond3_n5.qasm,5,114,0,4,QDG-no-MD,0.9912280701754386,0.9999999999999802,8.326672684688674e-17,1
QASMBench,error_correctiond3_n5,qasmbench/small/error_correctiond3_n5.qasm,5,114,0,4,QDG-no-UED,0.9912280701754386,0.9999999999999802,8.326672684688674e-17,1
QASMBench,error_correctiond3_n5,qasmbench/small/error_correctiond3_n5.qasm,5,114,0,4,QDG-no-CD,0.9912280701754386,0.9999999999999802,8.326672684688674e-17,1
QASMBench,error_correctiond3_n5,qasmbench/small/error_correctiond3_n5.qasm,5,114,0,4,Classical PDG,0.23684210526315788,0.9999999999999882,4.107825191113079e-15,1
QASMBench,error_correctiond3_n5,qasmbench/small/error_correctiond3_n5.qasm,5,114,0,4,Causal-cone,0.9912280701754386,0.9999999999999802,8.326672684688674e-17,1
QASMBench,simon_n6,qasmbench/small/simon_n6.qasm,6,16,0,0,QSlice-full,0.75,0.9999999999999984,1.1102230246251565e-16,1
QASMBench,simon_n6,qasmbench/small/simon_n6.qasm,6,16,0,0,QDG-no-ED,0.375,0.49999999999999933,0.4999999999999998,0
QASMBench,simon_n6,qasmbench/small/simon_n6.qasm,6,16,0,0,QDG-no-MD,0.75,0.9999999999999984,1.1102230246251565e-16,1
QASMBench,simon_n6,qasmbench/small/simon_n6.qasm,6,16,0,0,QDG-no-UED,0.75,0.9999999999999984,1.1102230246251565e-16,1
QASMBench,simon_n6,qasmbench/small/simon_n6.qasm,6,16,0,0,QDG-no-CD,0.75,0.9999999999999984,1.1102230246251565e-16,1
QASMBench,simon_n6,qasmbench/small/simon_n6.qasm,6,16,0,0,Classical PDG,0.375,0.49999999999999933,0.4999999999999998,0
QASMBench,simon_n6,qasmbench/small/simon_n6.qasm,6,16,0,0,Causal-cone,0.75,0.9999999999999984,1.1102230246251565e-16,1
QASMBench,simon_n6,qasmbench/small/simon_n6.qasm,6,16,0,1,QSlice-full,0.875,0.9999999999999983,5.551115123125783e-17,1
QASMBench,simon_n6,qasmbench/small/simon_n6.qasm,6,16,0,1,QDG-no-ED,0.375,0.49999999999999933,0.4999999999999998,0
QASMBench,simon_n6,qasmbench/small/simon_n6.qasm,6,16,0,1,QDG-no-MD,0.875,0.9999999999999983,5.551115123125783e-17,1
QASMBench,simon_n6,qasmbench/small/simon_n6.qasm,6,16,0,1,QDG-no-UED,0.875,0.9999999999999983,5.551115123125783e-17,1
QASMBench,simon_n6,qasmbench/small/simon_n6.qasm,6,16,0,1,QDG-no-CD,0.875,0.9999999999999983,5.551115123125783e-17,1
QASMBench,simon_n6,qasmbench/small/simon_n6.qasm,6,16,0,1,Classical PDG,0.375,0.49999999999999933,0.4999999999999998,0
QASMBench,simon_n6,qasmbench/small/simon_n6.qasm,6,16,0,1,Causal-cone,0.875,0.9999999999999983,5.551115123125783e-17,1
QASMBench,simon_n6,qasmbench/small/simon_n6.qasm,6,16,0,2,QSlice-full,0.4375,0.9999999999999984,1.1102230246251565e-16,1
QASMBench,simon_n6,qasmbench/small/simon_n6.qasm,6,16,0,2,QDG-no-ED,0.25,0.9999999999999987,2.220446049250313e-16,1
QASMBench,simon_n6,qasmbench/small/simon_n6.qasm,6,16,0,2,QDG-no-MD,0.4375,0.9999999999999984,1.1102230246251565e-16,1
QASMBench,simon_n6,qasmbench/small/simon_n6.qasm,6,16,0,2,QDG-no-UED,0.4375,0.9999999999999984,1.1102230246251565e-16,1
QASMBench,simon_n6,qasmbench/small/simon_n6.qasm,6,16,0,2,QDG-no-CD,0.4375,0.9999999999999984,1.1102230246251565e-16,1
QASMBench,simon_n6,qasmbench/small/simon_n6.qasm,6,16,0,2,Classical PDG,0.25,0.9999999999999987,2.220446049250313e-16,1
QASMBench,simon_n6,qasmbench/small/simon_n6.qasm,6,16,0,2,Causal-cone,0.4375,0.9999999999999984,1.1102230246251565e-16,1
QASMBench,simon_n6,qasmbench/small/simon_n6.qasm,6,16,0,3,QSlice-full,0.8125,0.9999999999999987,2.220446049250313e-16,1
QASMBench,simon_n6,qasmbench/small/simon_n6.qasm,6,16,0,3,QDG-no-ED,0.3125,0.49999999999999956,0.5,0
QASMBench,simon_n6,qasmbench/small/simon_n6.qasm,6,16,0,3,QDG-no-MD,0.8125,0.9999999999999987,2.220446049250313e-16,1
QASMBench,simon_n6,qasmbench/small/simon_n6.qasm,6,16,0,3,QDG-no-UED,0.8125,0.9999999999999987,2.220446049250313e-16,1
QASMBench,simon_n6,qasmbench/small/simon_n6.qasm,6,16,0,3,QDG-no-CD,0.8125,0.9999999999999987,2.220446049250313e-16,1
QASMBench,simon_n6,qasmbench/small/simon_n6.qasm,6,16,0,3,Classical PDG,0.3125,0.49999999999999956,0.5,0
QASMBench,simon_n6,qasmbench/small/simon_n6.qasm,6,16,0,3,Causal-cone,0.8125,0.9999999999999987,2.220446049250313e-16,1
QASMBench,simon_n6,qasmbench/small/simon_n6.qasm,6,16,0,4,QSlice-full,0.125,0.9999999999999989,3.3306690738754696e-16,1
QASMBench,simon_n6,qasmbench/small/simon_n6.qasm,6,16,0,4,QDG-no-ED,0.0625,0.49999999999999956,0.5,0
QASMBench,simon_n6,qasmbench/small/simon_n6.qasm,6,16,0,4,QDG-no-MD,0.125,0.9999999999999989,3.3306690738754696e-16,1
QASMBench,simon_n6,qasmbench/small/simon_n6.qasm,6,16,0,4,QDG-no-UED,0.125,0.9999999999999989,3.3306690738754696e-16,1
QASMBench,simon_n6,qasmbench/small/simon_n6.qasm,6,16,0,4,QDG-no-CD,0.125,0.9999999999999989,3.3306690738754696e-16,1
QASMBench,simon_n6,qasmbench/small/simon_n6.qasm,6,16,0,4,Classical PDG,0.0625,0.49999999999999956,0.5,0
QASMBench,simon_n6,qasmbench/small/simon_n6.qasm,6,16,0,4,Causal-cone,0.125,0.9999999999999989,3.3306690738754696e-16,1
QASMBench,simon_n6,qasmbench/small/simon_n6.qasm,6,16,0,5,QSlice-full,0.0,0.9999999999999996,2.220446049250313e-16,1
QASMBench,simon_n6,qasmbench/small/simon_n6.qasm,6,16,0,5,QDG-no-ED,0.0,0.9999999999999996,2.220446049250313e-16,1
QASMBench,simon_n6,qasmbench/small/simon_n6.qasm,6,16,0,5,QDG-no-MD,0.0,0.9999999999999996,2.220446049250313e-16,1
QASMBench,simon_n6,qasmbench/small/simon_n6.qasm,6,16,0,5,QDG-no-UED,0.0,0.9999999999999996,2.220446049250313e-16,1
QASMBench,simon_n6,qasmbench/small/simon_n6.qasm,6,16,0,5,QDG-no-CD,0.0,0.9999999999999996,2.220446049250313e-16,1
QASMBench,simon_n6,qasmbench/small/simon_n6.qasm,6,16,0,5,Classical PDG,0.0,0.9999999999999996,2.220446049250313e-16,1
QASMBench,simon_n6,qasmbench/small/simon_n6.qasm,6,16,0,5,Causal-cone,0.0,0.9999999999999996,2.220446049250313e-16,1
QASMBench,sat_n7,qasmbench/small/sat_n7.qasm,7,40,0,0,QSlice-full,0.9,0.9999999999999974,1.3183898417423734e-16,1
QASMBench,sat_n7,qasmbench/small/sat_n7.qasm,7,40,0,0,QDG-no-ED,0.175,0.7499999999999987,0.45069390943299825,0
QASMBench,sat_n7,qasmbench/small/sat_n7.qasm,7,40,0,0,QDG-no-MD,0.9,0.9999999999999974,1.3183898417423734e-16,1
QASMBench,sat_n7,qasmbench/small/sat_n7.qasm,7,40,0,0,QDG-no-UED,0.85,0.9655931089239465,0.12499999999999968,0
QASMBench,sat_n7,qasmbench/small/sat_n7.qasm,7,40,0,0,QDG-no-CD,0.9,0.9999999999999974,1.3183898417423734e-16,1
QASMBench,sat_n7,qasmbench/small/sat_n7.qasm,7,40,0,0,Classical PDG,0.175,0.7499999999999987,0.45069390943299825,0
QASMBench,sat_n7,qasmbench/small/sat_n7.qasm,7,40,0,0,Causal-cone,0.9,0.9999999999999974,1.3183898417423734e-16,1
QASMBench,sat_n7,qasmbench/small/sat_n7.qasm,7,40,0,1,QSlice-full,0.95,0.9999999999999974,1.1796119636642288e-16,1
QASMBench,sat_n7,qasmbench/small/sat_n7.qasm,7,40,0,1,QDG-no-ED,0.4,0.7499999999999987,0.45069390943299825,0
QASMBench,sat_n7,qasmbench/small/sat_n7.qasm,7,40,0,1,QDG-no-MD,0.95,0.9999999999999974,1.1796119636642288e-16,1
QASMBench,sat_n7,qasmbench/small/sat_n7.qasm,7,40,0,1,QDG-no-UED,0.9,0.9655931089239461,0.12499999999999978,0
QASMBench,sat_n7,qasmbench/small/sat_n7.qasm,7,40,0,1,QDG-no-CD,0.95,0.9999999999999974,1.1796119636642288e-16,1
QASMBench,sat_n7,qasmbench/small/sat_n7.qasm,7,40,0,1,Classical PDG,0.4,0.7499999999999987,0.45069390943299825,0
QASMBench,sat_n7,qasmbench/small/sat_n7.qasm,7,40,0,1,Causal-cone,0.95,0.9999999999999974,1.1796119636642288e-16,1
QASMBench,sat_n7,qasmbench/small/sat_n7.qasm,7,40,0,2,QSlice-full,1.0,0.9999999999999972,0.0,1
QASMBench,sat_n7,qasmbench/small/sat_n7.qasm,7,40,0,2,QDG-no-ED,0.5,0.7499999999999987,0.45069390943299825,0
QASMBench,sat_n7,qasmbench/small/sat_n7.qasm,7,40,0,2,QDG-no-MD,1.0,0.9999999999999972,0.0,1
QASMBench,sat_n7,qasmbench/small/sat_n7.qasm,7,40,0,2,QDG-no-UED,1.0,0.9999999999999972,0.0,1
QASMBench,sat_n7,qasmbench/small/sat_n7.qasm,7,40,0,2,QDG-no-CD,1.0,0.9999999999999972,0.0,1
QASMBench,sat_n7,qasmbench/small/sat_n7.qasm,7,40,0,2,Classical PDG,0.5,0.7499999999999987,0.45069390943299825,0
QASMBench,sat_n7,qasmbench/small/sat_n7.qasm,7,40,0,2,Causal-cone,1.0,0.9999999999999972,0.0,1
QASMBench,sat_n7,qasmbench/small/sat_n7.qasm,7,40,0,3,QSlice-full,0.6,0.9999999999999981,4.996003610813204e-16,1
QASMBench,sat_n7,qasmbench/small/sat_n7.qasm,7,40,0,3,QDG-no-ED,0.125,0.9999999999999986,7.216449660063518e-16,1
QASMBench,sat_n7,qasmbench/small/sat_n7.qasm,7,40,0,3,QDG-no-MD,0.6,0.9999999999999981,4.996003610813204e-16,1
QASMBench,sat_n7,qasmbench/small/sat_n7.qasm,7,40,0,3,QDG-no-UED,0.6,0.9999999999999981,4.996003610813204e-16,1
QASMBench,sat_n7,qasmbench/small/sat_n7.qasm,7,40,0,3,QDG-no-CD,0.6,0.9999999999999981,4.996003610813204e-16,1
QASMBench,sat_n7,qasmbench/small/sat_n7.qasm,7,40,0,3,Classical PDG,0.125,0.9999999999999986,7.216449660063518e-16,1
QASMBench,sat_n7,qasmbench/small/sat_n7.qasm,7,40,0,3,Causal-cone,0.6,0.9999999999999981,4.996003610813204e-16,1
QASMBench,sat_n7,qasmbench/small/sat_n7.qasm,7,40,0,4,QSlice-full,0.55,0.9999999999999981,4.996003610813204e-16,1
QASMBench,sat_n7,qasmbench/small/sat_n7.qasm,7,40,0,4,QDG-no-ED,0.125,0.9999999999999986,7.216449660063518e-16,1
QASMBench,sat_n7,qasmbench/small/sat_n7.qasm,7,40,0,4,QDG-no-MD,0.55,0.9999999999999981,4.996003610813204e-16,1
QASMBench,sat_n7,qasmbench/small/sat_n7.qasm,7,40,0,4,QDG-no-UED,0.55,0.9999999999999981,4.996003610813204e-16,1
QASMBench,sat_n7,qasmbench/small/sat_n7.qasm,7,40,0,4,QDG-no-CD,0.55,0.9999999999999981,4.996003610813204e-16,1
QASMBench,sat_n7,qasmbench/small/sat_n7.qasm,7,40,0,4,Classical PDG,0.125,0.9999999999999986,7.216449660063518e-16,1
QASMBench,sat_n7,qasmbench/small/sat_n7.qasm,7,40,0,4,Causal-cone,0.55,0.9999999999999981,4.996003610813204e-16,1
QASMBench,sat_n7,qasmbench/small/sat_n7.qasm,7,40,0,5,QSlice-full,0.45,0.9999999999999981,4.996003610813204e-16,1
QASMBench,sat_n7,qasmbench/small/sat_n7.qasm,7,40,0,5,QDG-no-ED,0.1,0.9999999999999986,7.216449660063518e-16,1
QASMBench,sat_n7,qasmbench/small/sat_n7.qasm,7,40,0,5,QDG-no-MD,0.45,0.9999999999999981,4.996003610813204e-16,1
QASMBench,sat_n7,qasmbench/small/sat_n7.qasm,7,40,0,5,QDG-no-UED,0.45,0.9999999999999981,4.996003610813204e-16,1
QASMBench,sat_n7,qasmbench/small/sat_n7.qasm,7,40,0,5,QDG-no-CD,0.45,0.9999999999999981,4.996003610813204e-16,1
QASMBench,sat_n7,qasmbench/small/sat_n7.qasm,7,40,0,5,Classical PDG,0.1,0.9999999999999986,7.216449660063518e-16,1
QASMBench,sat_n7,qasmbench/small/sat_n7.qasm,7,40,0,5,Causal-cone,0.45,0.9999999999999981,4.996003610813204e-16,1
QASMBench,sat_n7,qasmbench/small/sat_n7.qasm,7,40,0,6,QSlice-full,0.425,0.9999999999999981,4.996003610813204e-16,1
QASMBench,sat_n7,qasmbench/small/sat_n7.qasm,7,40,0,6,QDG-no-ED,0.075,0.9999999999999986,7.216449660063518e-16,1
QASMBench,sat_n7,qasmbench/small/sat_n7.qasm,7,40,0,6,QDG-no-MD,0.425,0.9999999999999981,4.996003610813204e-16,1
QASMBench,sat_n7,qasmbench/small/sat_n7.qasm,7,40,0,6,QDG-no-UED,0.425,0.9999999999999981,4.996003610813204e-16,1
QASMBench,sat_n7,qasmbench/small/sat_n7.qasm,7,40,0,6,QDG-no-CD,0.425,0.9999999999999981,4.996003610813204e-16,1
QASMBench,sat_n7,qasmbench/small/sat_n7.qasm,7,40,0,6,Classical PDG,0.075,0.9999999999999986,7.216449660063518e-16,1
QASMBench,sat_n7,qasmbench/small/sat_n7.qasm,7,40,0,6,Causal-cone,0.425,0.9999999999999981,4.996003610813204e-16,1
QASMBench,bb84_n8,qasmbench/small/bb84_n8.qasm,8,35,1,0,QSlice-full,0.05714285714285714,0.0,0.9999999999999991,0
QASMBench,bb84_n8,qasmbench/small/bb84_n8.qasm,8,35,1,0,QDG-no-ED,0.05714285714285714,0.0,0.9999999999999991,0
QASMBench,bb84_n8,qasmbench/small/bb84_n8.qasm,8,35,1,0,QDG-no-MD,0.02857142857142857,0.9999999999999983,8.326672684688674e-16,1
QASMBench,bb84_n8,qasmbench/small/bb84_n8.qasm,8,35,1,0,QDG-no-UED,0.05714285714285714,0.0,0.9999999999999991,0
QASMBench,bb84_n8,qasmbench/small/bb84_n8.qasm,8,35,1,0,QDG-no-CD,0.05714285714285714,0.0,0.9999999999999991,0
QASMBench,bb84_n8,qasmbench/small/bb84_n8.qasm,8,35,1,0,Classical PDG,0.02857142857142857,0.9999999999999983,8.326672684688674e-16,1
QASMBench,bb84_n8,qasmbench/small/bb84_n8.qasm,8,35,1,0,Causal-cone,0.02857142857142857,0.9999999999999983,8.326672684688674e-16,1
QASMBench,bb84_n8,qasmbench/small/bb84_n8.qasm,8,35,1,1,QSlice-full,0.08571428571428572,0.9999999999999979,6.107711996343405e-16,1
QASMBench,bb84_n8,qasmbench/small/bb84_n8.qasm,8,35,1,1,QDG-no-ED,0.08571428571428572,0.9999999999999979,6.107711996343405e-16,1
QASMBench,bb84_n8,qasmbench/small/bb84_n8.qasm,8,35,1,1,QDG-no-MD,0.02857142857142857,0.9999999999999983,8.327762010581279e-16,1
QASMBench,bb84_n8,qasmbench/small/bb84_n8.qasm,8,35,1,1,QDG-no-UED,0.05714285714285714,0.49999999999999906,0.49999999999999917,0
QASMBench,bb84_n8,qasmbench/small/bb84_n8.qasm,8,35,1,1,QDG-no-CD,0.08571428571428572,0.9999999999999979,6.107711996343405e-16,1
QASMBench,bb84_n8,qasmbench/small/bb84_n8.qasm,8,35,1,1,Classical PDG,0.02857142857142857,0.9999999999999983,8.327762010581279e-16,1
QASMBench,bb84_n8,qasmbench/small/bb84_n8.qasm,8,35,1,1,Causal-cone,0.02857142857142857,0.9999999999999983,8.327762010581279e-16,1
QASMBench,bb84_n8,qasmbench/small/bb84_n8.qasm,8,35,1,2,QSlice-full,0.08571428571428572,0.9999999999999981,7.216449660063518e-16,1
QASMBench,bb84_n8,qasmbench/small/bb84_n8.qasm,8,35,1,2,QDG-no-ED,0.08571428571428572,0.9999999999999981,7.216449660063518e-16,1
QASMBench,bb84_n8,qasmbench/small/bb84_n8.qasm,8,35,1,2,QDG-no-MD,0.02857142857142857,0.49999999999999917,0.5,0
QASMBench,bb84_n8,qasmbench/small/bb84_n8.qasm,8,35,1,2,QDG-no-UED,0.05714285714285714,0.9999999999999981,7.216449660063518e-16,1
QASMBench,bb84_n8,qasmbench/small/bb84_n8.qasm,8,35,1,2,QDG-no-CD,0.08571428571428572,0.9999999999999981,7.216449660063518e-16,1
QASMBench,bb84_n8,qasmbench/small/bb84_n8.qasm,8,35,1,2,Classical PDG,0.02857142857142857,0.49999999999999917,0.5,0
QASMBench,bb84_n8,qasmbench/small/bb84_n8.qasm,8,35,1,2,Causal-cone,0.02857142857142857,0.49999999999999917,0.5,0
QASMBench,bb84_n8,qasmbench/small/bb84_n8.qasm,8,35,1,3,QSlice-full,0.05714285714285714,0.49999999999999917,0.707106781186547,0
QASMBench,bb84_n8,qasmbench/small/bb84_n8.qasm,8,35,1,3,QDG-no-ED,0.05714285714285714,0.49999999999999917,0.707106781186547,0
QASMBench,bb84_n8,qasmbench/small/bb84_n8.qasm,8,35,1,3,QDG-no-MD,0.02857142857142857,0.49999999999999917,0.707106781186547,0
QASMBench,bb84_n8,qasmbench/small/bb84_n8.qasm,8,35,1,3,QDG-no-UED,0.05714285714285714,0.49999999999999917,0.707106781186547,0
QASMBench,bb84_n8,qasmbench/small/bb84_n8.qasm,8,35,1,3,QDG-no-CD,0.05714285714285714,0.49999999999999917,0.707106781186547,0
QASMBench,bb84_n8,qasmbench/small/bb84_n8.qasm,8,35,1,3,Classical PDG,0.02857142857142857,0.49999999999999917,0.707106781186547,0
QASMBench,bb84_n8,qasmbench/small/bb84_n8.qasm,8,35,1,3,Causal-cone,0.02857142857142857,0.49999999999999917,0.707106781186547,0
QASMBench,bb84_n8,qasmbench/small/bb84_n8.qasm,8,35,1,4,QSlice-full,0.08571428571428572,0.9999999999999981,7.216449660063518e-16,1
QASMBench,bb84_n8,qasmbench/small/bb84_n8.qasm,8,35,1,4,QDG-no-ED,0.08571428571428572,0.9999999999999981,7.216449660063518e-16,1
QASMBench,bb84_n8,qasmbench/small/bb84_n8.qasm,8,35,1,4,QDG-no-MD,0.02857142857142857,0.49999999999999917,0.5,0
QASMBench,bb84_n8,qasmbench/small/bb84_n8.qasm,8,35,1,4,QDG-no-UED,0.05714285714285714,0.9999999999999981,7.216449660063518e-16,1
QASMBench,bb84_n8,qasmbench/small/bb84_n8.qasm,8,35,1,4,QDG-no-CD,0.08571428571428572,0.9999999999999981,7.216449660063518e-16,1
QASMBench,bb84_n8,qasmbench/small/bb84_n8.qasm,8,35,1,4,Classical PDG,0.02857142857142857,0.49999999999999917,0.5,0
QASMBench,bb84_n8,qasmbench/small/bb84_n8.qasm,8,35,1,4,Causal-cone,0.02857142857142857,0.49999999999999917,0.5,0
QASMBench,bb84_n8,qasmbench/small/bb84_n8.qasm,8,35,1,5,QSlice-full,0.08571428571428572,0.9999999999999981,7.216449660063518e-16,1
QASMBench,bb84_n8,qasmbench/small/bb84_n8.qasm,8,35,1,5,QDG-no-ED,0.08571428571428572,0.9999999999999981,7.216449660063518e-16,1
QASMBench,bb84_n8,qasmbench/small/bb84_n8.qasm,8,35,1,5,QDG-no-MD,0.02857142857142857,0.49999999999999917,0.5,0
QASMBench,bb84_n8,qasmbench/small/bb84_n8.qasm,8,35,1,5,QDG-no-UED,0.05714285714285714,0.9999999999999981,7.216449660063518e-16,1
QASMBench,bb84_n8,qasmbench/small/bb84_n8.qasm,8,35,1,5,QDG-no-CD,0.08571428571428572,0.9999999999999981,7.216449660063518e-16,1
QASMBench,bb84_n8,qasmbench/small/bb84_n8.qasm,8,35,1,5,Classical PDG,0.02857142857142857,0.49999999999999917,0.5,0
QASMBench,bb84_n8,qasmbench/small/bb84_n8.qasm,8,35,1,5,Causal-cone,0.02857142857142857,0.49999999999999917,0.5,0
QASMBench,bb84_n8,qasmbench/small/bb84_n8.qasm,8,35,1,6,QSlice-full,0.02857142857142857,0.49999999999999917,0.707106781186547,0
QASMBench,bb84_n8,qasmbench/small/bb84_n8.qasm,8,35,1,6,QDG-no-ED,0.02857142857142857,0.49999999999999917,0.707106781186547,0
QASMBench,bb84_n8,qasmbench/small/bb84_n8.qasm,8,35,1,6,QDG-no-MD,0.02857142857142857,0.49999999999999917,0.707106781186547,0
QASMBench,bb84_n8,qasmbench/small/bb84_n8.qasm,8,35,1,6,QDG-no-UED,0.02857142857142857,0.49999999999999917,0.707106781186547,0
QASMBench,bb84_n8,qasmbench/small/bb84_n8.qasm,8,35,1,6,QDG-no-CD,0.02857142857142857,0.49999999999999917,0.707106781186547,0
QASMBench,bb84_n8,qasmbench/small/bb84_n8.qasm,8,35,1,6,Classical PDG,0.02857142857142857,0.49999999999999917,0.707106781186547,0
QASMBench,bb84_n8,qasmbench/small/bb84_n8.qasm,8,35,1,6,Causal-cone,0.02857142857142857,0.49999999999999917,0.707106781186547,0
QASMBench,bb84_n8,qasmbench/small/bb84_n8.qasm,8,35,1,7,QSlice-full,0.08571428571428572,0.9999999999999979,6.109196996104924e-16,1
QASMBench,bb84_n8,qasmbench/small/bb84_n8.qasm,8,35,1,7,QDG-no-ED,0.08571428571428572,0.9999999999999979,6.109196996104924e-16,1
QASMBench,bb84_n8,qasmbench/small/bb84_n8.qasm,8,35,1,7,QDG-no-MD,0.02857142857142857,0.9999999999999983,8.328851194001548e-16,1
QASMBench,bb84_n8,qasmbench/small/bb84_n8.qasm,8,35,1,7,QDG-no-UED,0.05714285714285714,0.49999999999999906,0.49999999999999917,0
QASMBench,bb84_n8,qasmbench/small/bb84_n8.qasm,8,35,1,7,QDG-no-CD,0.08571428571428572,0.9999999999999979,6.109196996104924e-16,1
QASMBench,bb84_n8,qasmbench/small/bb84_n8.qasm,8,35,1,7,Classical PDG,0.02857142857142857,0.9999999999999983,8.328851194001548e-16,1
QASMBench,bb84_n8,qasmbench/small/bb84_n8.qasm,8,35,1,7,Causal-cone,0.02857142857142857,0.9999999999999983,8.328851194001548e-16,1
QASMBench,qpe_n9,qasmbench/small/qpe_n9.qasm,9,33,0,0,QSlice-full,0.8484848484848485,0.9999999999999968,4.996003610813204e-16,1
QASMBench,qpe_n9,qasmbench/small/qpe_n9.qasm,9,33,0,0,QDG-no-ED,0.21212121212121213,0.5156249999999987,0.5794632025279602,0
QASMBench,qpe_n9,qasmbench/small/qpe_n9.qasm,9,33,0,0,QDG-no-MD,0.8484848484848485,0.9999999999999968,4.996003610813204e-16,1
QASMBench,qpe_n9,qasmbench/small/qpe_n9.qasm,9,33,0,0,QDG-no-UED,0.8484848484848485,0.9999999999999968,4.996003610813204e-16,1
QASMBench,qpe_n9,qasmbench/small/qpe_n9.qasm,9,33,0,0,QDG-no-CD,0.8484848484848485,0.9999999999999968,4.996003610813204e-16,1
QASMBench,qpe_n9,qasmbench/small/qpe_n9.qasm,9,33,0,0,Classical PDG,0.21212121212121213,0.5156249999999987,0.5794632025279602,0
QASMBench,qpe_n9,qasmbench/small/qpe_n9.qasm,9,33,0,0,Causal-cone,0.8484848484848485,0.9999999999999968,4.996003610813204e-16,1
QASMBench,qpe_n9,qasmbench/small/qpe_n9.qasm,9,33,0,1,QSlice-full,0.8787878787878788,0.9999999999999967,3.3306690738754696e-16,1
QASMBench,qpe_n9,qasmbench/small/qpe_n9.qasm,9,33,0,1,QDG-no-ED,0.21212121212121213,0.3569817126936106,0.6662146454192841,0
QASMBench,qpe_n9,qasmbench/small/qpe_n9.qasm,9,33,0,1,QDG-no-MD,0.8787878787878788,0.9999999999999967,3.3306690738754696e-16,1
QASMBench,qpe_n9,qasmbench/small/qpe_n9.qasm,9,33,0,1,QDG-no-UED,0.8787878787878788,0.9999999999999967,3.3306690738754696e-16,1
QASMBench,qpe_n9,qasmbench/small/qpe_n9.qasm,9,33,0,1,QDG-no-CD,0.8787878787878788,0.9999999999999967,3.3306690738754696e-16,1
QASMBench,qpe_n9,qasmbench/small/qpe_n9.qasm,9,33,0,1,Classical PDG,0.21212121212121213,0.3569817126936106,0.6662146454192841,0
QASMBench,qpe_n9,qasmbench/small/qpe_n9.qasm,9,33,0,1,Causal-cone,0.8787878787878788,0.9999999999999967,3.3306690738754696e-16,1
QASMBench,qpe_n9,qasmbench/small/qpe_n9.qasm,9,33,0,2,QSlice-full,0.9090909090909091,0.9999999999999962,1.6653345369377348e-16,1
QASMBench,qpe_n9,qasmbench/small/qpe_n9.qasm,9,33,0,2,QDG-no-ED,0.21212121212121213,0.32598326274149775,0.6839724169506061,0
QASMBench,qpe_n9,qasmbench/small/qpe_n9.qasm,9,33,0,2,QDG-no-MD,0.9090909090909091,0.9999999999999962,1.6653345369377348e-16,1
QASMBench,qpe_n9,qasmbench/small/qpe_n9.qasm,9,33,0,2,QDG-no-UED,0.9090909090909091,0.9999999999999962,1.6653345369377348e-16,1
QASMBench,qpe_n9,qasmbench/small/qpe_n9.qasm,9,33,0,2,QDG-no-CD,0.9090909090909091,0.9999999999999962,1.6653345369377348e-16,1
QASMBench,qpe_n9,qasmbench/small/qpe_n9.qasm,9,33,0,2,Classical PDG,0.21212121212121213,0.32598326274149775,0.6839724169506061,0
QASMBench,qpe_n9,qasmbench/small/qpe_n9.qasm,9,33,0,2,Causal-cone,0.9090909090909091,0.9999999999999962,1.6653345369377348e-16,1
QASMBench,qpe_n9,qasmbench/small/qpe_n9.qasm,9,33,0,3,QSlice-full,0.9393939393939394,0.9999999999999962,6.211787775057362e-17,1
QASMBench,qpe_n9,qasmbench/small/qpe_n9.qasm,9,33,0,3,QDG-no-ED,0.21212121212121213,0.32598326274149775,0.6839724169506062,0
QASMBench,qpe_n9,qasmbench/small/qpe_n9.qasm,9,33,0,3,QDG-no-MD,0.9393939393939394,0.9999999999999962,6.211787775057362e-17,1
QASMBench,qpe_n9,qasmbench/small/qpe_n9.qasm,9,33,0,3,QDG-no-UED,0.9393939393939394,0.9999999999999962,6.211787775057362e-17,1
QASMBench,qpe_n9,qasmbench/small/qpe_n9.qasm,9,33,0,3,QDG-no-CD,0.9393939393939394,0.9999999999999962,6.211787775057362e-17,1
QASMBench,qpe_n9,qasmbench/small/qpe_n9.qasm,9,33,0,3,Classical PDG,0.21212121212121213,0.32598326274149775,0.6839724169506062,0
QASMBench,qpe_n9,qasmbench/small/qpe_n9.qasm,9,33,0,3,Causal-cone,0.9393939393939394,0.9999999999999962,6.211787775057362e-17,1
QASMBench,qpe_n9,qasmbench/small/qpe_n9.qasm,9,33,0,4,QSlice-full,0.9696969696969697,0.999999999999996,8.326672684688672e-17,1
QASMBench,qpe_n9,qasmbench/small/qpe_n9.qasm,9,33,0,4,QDG-no-ED,0.21212121212121213,0.35698171269361073,0.6662146454192839,0
QASMBench,qpe_n9,qasmbench/small/qpe_n9.qasm,9,33,0,4,QDG-no-MD,0.9696969696969697,0.999999999999996,8.326672684688672e-17,1
QASMBench,qpe_n9,qasmbench/small/qpe_n9.qasm,9,33,0,4,QDG-no-UED,0.9696969696969697,0.999999999999996,8.326672684688672e-17,1
QASMBench,qpe_n9,qasmbench/small/qpe_n9.qasm,9,33,0,4,QDG-no-CD,0.9696969696969697,0.999999999999996,8.326672684688672e-17,1
QASMBench,qpe_n9,qasmbench/small/qpe_n9.qasm,9,33,0,4,Classical PDG,0.21212121212121213,0.35698171269361073,0.6662146454192839,0
QASMBench,qpe_n9,qasmbench/small/qpe_n9.qasm,9,33,0,4,Causal-cone,0.9696969696969697,0.999999999999996,8.326672684688672e-17,1
QASMBench,qpe_n9,qasmbench/small/qpe_n9.qasm,9,33,0,5,QSlice-full,1.0,0.999999999999996,0.0,1
QASMBench,qpe_n9,qasmbench/small/qpe_n9.qasm,9,33,0,5,QDG-no-ED,0.2727272727272727,0.4843749999999988,0.6058280309493443,0
QASMBench,qpe_n9,qasmbench/small/qpe_n9.qasm,9,33,0,5,QDG-no-MD,1.0,0.999999999999996,0.0,1
QASMBench,qpe_n9,qasmbench/small/qpe_n9.qasm,9,33,0,5,QDG-no-UED,1.0,0.999999999999996,0.0,1
QASMBench,qpe_n9,qasmbench/small/qpe_n9.qasm,9,33,0,5,QDG-no-CD,1.0,0.999999999999996,0.0,1
QASMBench,qpe_n9,qasmbench/small/qpe_n9.qasm,9,33,0,5,Classical PDG,0.2727272727272727,0.4843749999999988,0.6058280309493443,0
QASMBench,qpe_n9,qasmbench/small/qpe_n9.qasm,9,33,0,5,Causal-cone,1.0,0.999999999999996,0.0,1
QASMBench,qpe_n9,qasmbench/small/qpe_n9.qasm,9,33,0,6,QSlice-full,0.36363636363636365,0.9999999999999977,1.0547118733938987e-15,1
QASMBench,qpe_n9,qasmbench/small/qpe_n9.qasm,9,33,0,6,QDG-no-ED,0.09090909090909091,0.9999999999999978,1.1102230246251565e-15,1
QASMBench,qpe_n9,qasmbench/small/qpe_n9.qasm,9,33,0,6,QDG-no-MD,0.36363636363636365,0.9999999999999977,1.0547118733938987e-15,1
QASMBench,qpe_n9,qasmbench/small/qpe_n9.qasm,9,33,0,6,QDG-no-UED,0.36363636363636365,0.9999999999999977,1.0547118733938987e-15,1
QASMBench,qpe_n9,qasmbench/small/qpe_n9.qasm,9,33,0,6,QDG-no-CD,0.36363636363636365,0.9999999999999977,1.0547118733938987e-15,1
QASMBench,qpe_n9,qasmbench/small/qpe_n9.qasm,9,33,0,6,Classical PDG,0.09090909090909091,0.9999999999999978,1.1102230246251565e-15,1
QASMBench,qpe_n9,qasmbench/small/qpe_n9.qasm,9,33,0,6,Causal-cone,0.36363636363636365,0.9999999999999977,1.0547118733938987e-15,1
QASMBench,qpe_n9,qasmbench/small/qpe_n9.qasm,9,33,0,7,QSlice-full,0.36363636363636365,0.9999999999999977,1.0547118733938987e-15,1
QASMBench,qpe_n9,qasmbench/small/qpe_n9.qasm,9,33,0,7,QDG-no-ED,0.12121212121212122,0.9999999999999978,1.1102230246251565e-15,1
QASMBench,qpe_n9,qasmbench/small/qpe_n9.qasm,9,33,0,7,QDG-no-MD,0.36363636363636365,0.9999999999999977,1.0547118733938987e-15,1
QASMBench,qpe_n9,qasmbench/small/qpe_n9.qasm,9,33,0,7,QDG-no-UED,0.36363636363636365,0.9999999999999977,1.0547118733938987e-15,1
QASMBench,qpe_n9,qasmbench/small/qpe_n9.qasm,9,33,0,7,QDG-no-CD,0.36363636363636365,0.9999999999999977,1.0547118733938987e-15,1
QASMBench,qpe_n9,qasmbench/small/qpe_n9.qasm,9,33,0,7,Classical PDG,0.12121212121212122,0.9999999999999978,1.1102230246251565e-15,1
QASMBench,qpe_n9,qasmbench/small/qpe_n9.qasm,9,33,0,7,Causal-cone,0.36363636363636365,0.9999999999999977,1.0547118733938987e-15,1
QASMBench,qpe_n9,qasmbench/small/qpe_n9.qasm,9,33,0,8,QSlice-full,0.3333333333333333,0.9999999999999976,9.992007221626409e-16,1
QASMBench,qpe_n9,qasmbench/small/qpe_n9.qasm,9,33,0,8,QDG-no-ED,0.06060606060606061,0.9999999999999978,1.1102230246251565e-15,1
QASMBench,qpe_n9,qasmbench/small/qpe_n9.qasm,9,33,0,8,QDG-no-MD,0.3333333333333333,0.9999999999999976,9.992007221626409e-16,1
QASMBench,qpe_n9,qasmbench/small/qpe_n9.qasm,9,33,0,8,QDG-no-UED,0.3333333333333333,0.9999999999999976,9.992007221626409e-16,1
QASMBench,qpe_n9,qasmbench/small/qpe_n9.qasm,9,33,0,8,QDG-no-CD,0.3333333333333333,0.9999999999999976,9.992007221626409e-16,1
QASMBench,qpe_n9,qasmbench/small/qpe_n9.qasm,9,33,0,8,Classical PDG,0.06060606060606061,0.9999999999999978,1.1102230246251565e-15,1
QASMBench,qpe_n9,qasmbench/small/qpe_n9.qasm,9,33,0,8,Causal-cone,0.3333333333333333,0.9999999999999976,9.992007221626409e-16,1
QASMBench,adder_n10,qasmbench/small/adder_n10.qasm,10,14,0,0,QSlice-full,1.0,1.0,0.0,1
QASMBench,adder_n10,qasmbench/small/adder_n10.qasm,10,14,0,0,QDG-no-ED,0.14285714285714285,1.0,0.0,1
QASMBench,adder_n10,qasmbench/small/adder_n10.qasm,10,14,0,0,QDG-no-MD,1.0,1.0,0.0,1
QASMBench,adder_n10,qasmbench/small/adder_n10.qasm,10,14,0,0,QDG-no-UED,1.0,1.0,0.0,1
QASMBench,adder_n10,qasmbench/small/adder_n10.qasm,10,14,0,0,QDG-no-CD,1.0,1.0,0.0,1
QASMBench,adder_n10,qasmbench/small/adder_n10.qasm,10,14,0,0,Classical PDG,0.14285714285714285,1.0,0.0,1
QASMBench,adder_n10,qasmbench/small/adder_n10.qasm,10,14,0,0,Causal-cone,1.0,1.0,0.0,1
QASMBench,adder_n10,qasmbench/small/adder_n10.qasm,10,14,0,1,QSlice-full,1.0,1.0,0.0,1
QASMBench,adder_n10,qasmbench/small/adder_n10.qasm,10,14,0,1,QDG-no-ED,0.35714285714285715,1.0,0.0,1
QASMBench,adder_n10,qasmbench/small/adder_n10.qasm,10,14,0,1,QDG-no-MD,1.0,1.0,0.0,1
QASMBench,adder_n10,qasmbench/small/adder_n10.qasm,10,14,0,1,QDG-no-UED,1.0,1.0,0.0,1
QASMBench,adder_n10,qasmbench/small/adder_n10.qasm,10,14,0,1,QDG-no-CD,1.0,1.0,0.0,1
QASMBench,adder_n10,qasmbench/small/adder_n10.qasm,10,14,0,1,Classical PDG,0.35714285714285715,1.0,0.0,1
QASMBench,adder_n10,qasmbench/small/adder_n10.qasm,10,14,0,1,Causal-cone,1.0,1.0,0.0,1
QASMBench,adder_n10,qasmbench/small/adder_n10.qasm,10,14,0,2,QSlice-full,0.9285714285714286,1.0,0.0,1
QASMBench,adder_n10,qasmbench/small/adder_n10.qasm,10,14,0,2,QDG-no-ED,0.2857142857142857,1.0,0.0,1
QASMBench,adder_n10,qasmbench/small/adder_n10.qasm,10,14,0,2,QDG-no-MD,0.9285714285714286,1.0,0.0,1
QASMBench,adder_n10,qasmbench/small/adder_n10.qasm,10,14,0,2,QDG-no-UED,0.9285714285714286,1.0,0.0,1
QASMBench,adder_n10,qasmbench/small/adder_n10.qasm,10,14,0,2,QDG-no-CD,0.9285714285714286,1.0,0.0,1
QASMBench,adder_n10,qasmbench/small/adder_n10.qasm,10,14,0,2,Classical PDG,0.2857142857142857,1.0,0.0,1
QASMBench,adder_n10,qasmbench/small/adder_n10.qasm,10,14,0,2,Causal-cone,0.9285714285714286,1.0,0.0,1
QASMBench,adder_n10,qasmbench/small/adder_n10.qasm,10,14,0,3,QSlice-full,0.8571428571428571,1.0,0.0,1
QASMBench,adder_n10,qasmbench/small/adder_n10.qasm,10,14,0,3,QDG-no-ED,0.2857142857142857,1.0,0.0,1
QASMBench,adder_n10,qasmbench/small/adder_n10.qasm,10,14,0,3,QDG-no-MD,0.8571428571428571,1.0,0.0,1
QASMBench,adder_n10,qasmbench/small/adder_n10.qasm,10,14,0,3,QDG-no-UED,0.8571428571428571,1.0,0.0,1
QASMBench,adder_n10,qasmbench/small/adder_n10.qasm,10,14,0,3,QDG-no-CD,0.8571428571428571,1.0,0.0,1
QASMBench,adder_n10,qasmbench/small/adder_n10.qasm,10,14,0,3,Classical PDG,0.2857142857142857,1.0,0.0,1
QASMBench,adder_n10,qasmbench/small/adder_n10.qasm,10,14,0,3,Causal-cone,0.8571428571428571,1.0,0.0,1
QASMBench,adder_n10,qasmbench/small/adder_n10.qasm,10,14,0,4,QSlice-full,0.7857142857142857,1.0,0.0,1
QASMBench,adder_n10,qasmbench/small/adder_n10.qasm,10,14,0,4,QDG-no-ED,0.21428571428571427,1.0,0.0,1
QASMBench,adder_n10,qasmbench/small/adder_n10.qasm,10,14,0,4,QDG-no-MD,0.7857142857142857,1.0,0.0,1
QASMBench,adder_n10,qasmbench/small/adder_n10.qasm,10,14,0,4,QDG-no-UED,0.7857142857142857,1.0,0.0,1
QASMBench,adder_n10,qasmbench/small/adder_n10.qasm,10,14,0,4,QDG-no-CD,0.7857142857142857,1.0,0.0,1
QASMBench,adder_n10,qasmbench/small/adder_n10.qasm,10,14,0,4,Classical PDG,0.21428571428571427,1.0,0.0,1
QASMBench,adder_n10,qasmbench/small/adder_n10.qasm,10,14,0,4,Causal-cone,0.7857142857142857,1.0,0.0,1
QASMBench,adder_n10,qasmbench/small/adder_n10.qasm,10,14,0,5,QSlice-full,1.0,1.0,0.0,1
QASMBench,adder_n10,qasmbench/small/adder_n10.qasm,10,14,0,5,QDG-no-ED,0.21428571428571427,0.0,1.0,0
QASMBench,adder_n10,qasmbench/small/adder_n10.qasm,10,14,0,5,QDG-no-MD,1.0,1.0,0.0,1
QASMBench,adder_n10,qasmbench/small/adder_n10.qasm,10,14,0,5,QDG-no-UED,1.0,1.0,0.0,1
QASMBench,adder_n10,qasmbench/small/adder_n10.qasm,10,14,0,5,QDG-no-CD,1.0,1.0,0.0,1
QASMBench,adder_n10,qasmbench/small/adder_n10.qasm,10,14,0,5,Classical PDG,0.21428571428571427,0.0,1.0,0
QASMBench,adder_n10,qasmbench/small/adder_n10.qasm,10,14,0,5,Causal-cone,1.0,1.0,0.0,1
QASMBench,adder_n10,qasmbench/small/adder_n10.qasm,10,14,0,6,QSlice-full,0.9285714285714286,1.0,0.0,1
QASMBench,adder_n10,qasmbench/small/adder_n10.qasm,10,14,0,6,QDG-no-ED,0.21428571428571427,0.0,1.0,0
QASMBench,adder_n10,qasmbench/small/adder_n10.qasm,10,14,0,6,QDG-no-MD,0.9285714285714286,1.0,0.0,1
QASMBench,adder_n10,qasmbench/small/adder_n10.qasm,10,14,0,6,QDG-no-UED,0.9285714285714286,1.0,0.0,1
QASMBench,adder_n10,qasmbench/small/adder_n10.qasm,10,14,0,6,QDG-no-CD,0.9285714285714286,1.0,0.0,1
QASMBench,adder_n10,qasmbench/small/adder_n10.qasm,10,14,0,6,Classical PDG,0.21428571428571427,0.0,1.0,0
QASMBench,adder_n10,qasmbench/small/adder_n10.qasm,10,14,0,6,Causal-cone,0.9285714285714286,1.0,0.0,1
QASMBench,adder_n10,qasmbench/small/adder_n10.qasm,10,14,0,7,QSlice-full,0.8571428571428571,1.0,0.0,1
QASMBench,adder_n10,qasmbench/small/adder_n10.qasm,10,14,0,7,QDG-no-ED,0.21428571428571427,0.0,1.0,0
QASMBench,adder_n10,qasmbench/small/adder_n10.qasm,10,14,0,7,QDG-no-MD,0.8571428571428571,1.0,0.0,1
QASMBench,adder_n10,qasmbench/small/adder_n10.qasm,10,14,0,7,QDG-no-UED,0.8571428571428571,1.0,0.0,1
QASMBench,adder_n10,qasmbench/small/adder_n10.qasm,10,14,0,7,QDG-no-CD,0.8571428571428571,1.0,0.0,1
QASMBench,adder_n10,qasmbench/small/adder_n10.qasm,10,14,0,7,Classical PDG,0.21428571428571427,0.0,1.0,0
QASMBench,adder_n10,qasmbench/small/adder_n10.qasm,10,14,0,7,Causal-cone,0.8571428571428571,1.0,0.0,1
QASMBench,adder_n10,qasmbench/small/adder_n10.qasm,10,14,0,8,QSlice-full,0.7857142857142857,1.0,0.0,1
QASMBench,adder_n10,qasmbench/small/adder_n10.qasm,10,14,0,8,QDG-no-ED,0.21428571428571427,0.0,1.0,0
QASMBench,adder_n10,qasmbench/small/adder_n10.qasm,10,14,0,8,QDG-no-MD,0.7857142857142857,1.0,0.0,1
QASMBench,adder_n10,qasmbench/small/adder_n10.qasm,10,14,0,8,QDG-no-UED,0.7857142857142857,1.0,0.0,1
QASMBench,adder_n10,qasmbench/small/adder_n10.qasm,10,14,0,8,QDG-no-CD,0.7857142857142857,1.0,0.0,1
QASMBench,adder_n10,qasmbench/small/adder_n10.qasm,10,14,0,8,Classical PDG,0.21428571428571427,0.0,1.0,0
QASMBench,adder_n10,qasmbench/small/adder_n10.qasm,10,14,0,8,Causal-cone,0.7857142857142857,1.0,0.0,1
QASMBench,adder_n10,qasmbench/small/adder_n10.qasm,10,14,0,9,QSlice-full,0.7142857142857143,1.0,0.0,1
QASMBench,adder_n10,qasmbench/small/adder_n10.qasm,10,14,0,9,QDG-no-ED,0.07142857142857142,0.0,1.0,0
QASMBench,adder_n10,qasmbench/small/adder_n10.qasm,10,14,0,9,QDG-no-MD,0.7142857142857143,1.0,0.0,1
QASMBench,adder_n10,qasmbench/small/adder_n10.qasm,10,14,0,9,QDG-no-UED,0.7142857142857143,1.0,0.0,1
QASMBench,adder_n10,qasmbench/small/adder_n10.qasm,10,14,0,9,QDG-no-CD,0.7142857142857143,1.0,0.0,1
QASMBench,adder_n10,qasmbench/small/adder_n10.qasm,10,14,0,9,Classical PDG,0.07142857142857142,0.0,1.0,0
QASMBench,adder_n10,qasmbench/small/adder_n10.qasm,10,14,0,9,Causal-cone,0.7142857142857143,1.0,0.0,1
QASMBench,seca_n11,qasmbench/medium/seca_n11.qasm,11,72,1,0,QSlice-full,0.2361111111111111,0.9999999999999972,7.216449660063518e-16,1
QASMBench,seca_n11,qasmbench/medium/seca_n11.qasm,11,72,1,0,QDG-no-ED,0.041666666666666664,0.9999999999999977,9.43689570931383e-16,1
QASMBench,seca_n11,qasmbench/medium/seca_n11.qasm,11,72,1,0,QDG-no-MD,0.013888888888888888,0.49999999999999895,0.5,0
QASMBench,seca_n11,qasmbench/medium/seca_n11.qasm,11,72,1,0,QDG-no-UED,0.027777777777777776,0.9999999999999977,9.43689570931383e-16,1
QASMBench,seca_n11,qasmbench/medium/seca_n11.qasm,11,72,1,0,QDG-no-CD,0.2361111111111111,0.9999999999999972,7.216449660063518e-16,1
QASMBench,seca_n11,qasmbench/medium/seca_n11.qasm,11,72,1,0,Classical PDG,0.013888888888888888,0.49999999999999895,0.5,0
QASMBench,seca_n11,qasmbench/medium/seca_n11.qasm,11,72,1,0,Causal-cone,0.013888888888888888,0.49999999999999895,0.5,0
QASMBench,seca_n11,qasmbench/medium/seca_n11.qasm,11,72,1,1,QSlice-full,0.375,0.9999999999999977,9.43689570931383e-16,1
QASMBench,seca_n11,qasmbench/medium/seca_n11.qasm,11,72,1,1,QDG-no-ED,0.08333333333333333,0.9999999999999979,1.0547118733938987e-15,1
QASMBench,seca_n11,qasmbench/medium/seca_n11.qasm,11,72,1,1,QDG-no-MD,0.375,0.9999999999999977,9.43689570931383e-16,1
QASMBench,seca_n11,qasmbench/medium/seca_n11.qasm,11,72,1,1,QDG-no-UED,0.375,0.9999999999999977,9.43689570931383e-16,1
QASMBench,seca_n11,qasmbench/medium/seca_n11.qasm,11,72,1,1,QDG-no-CD,0.375,0.9999999999999977,9.43689570931383e-16,1
QASMBench,seca_n11,qasmbench/medium/seca_n11.qasm,11,72,1,1,Classical PDG,0.08333333333333333,0.9999999999999979,1.0547118733938987e-15,1
QASMBench,seca_n11,qasmbench/medium/seca_n11.qasm,11,72,1,1,Causal-cone,0.375,0.9999999999999977,9.43689570931383e-16,1
QASMBench,seca_n11,qasmbench/medium/seca_n11.qasm,11,72,1,2,QSlice-full,0.375,0.9999999999999977,9.43689570931383e-16,1
QASMBench,seca_n11,qasmbench/medium/seca_n11.qasm,11,72,1,2,QDG-no-ED,0.08333333333333333,0.9999999999999979,1.0547118733938987e-15,1
QASMBench,seca_n11,qasmbench/medium/seca_n11.qasm,11,72,1,2,QDG-no-MD,0.375,0.9999999999999977,9.43689570931383e-16,1
QASMBench,seca_n11,qasmbench/medium/seca_n11.qasm,11,72,1,2,QDG-no-UED,0.375,0.9999999999999977,9.43689570931383e-16,1
QASMBench,seca_n11,qasmbench/medium/seca_n11.qasm,11,72,1,2,QDG-no-CD,0.375,0.9999999999999977,9.43689570931383e-16,1
QASMBench,seca_n11,qasmbench/medium/seca_n11.qasm,11,72,1,2,Classical PDG,0.08333333333333333,0.9999999999999979,1.0547118733938987e-15,1
QASMBench,seca_n11,qasmbench/medium/seca_n11.qasm,11,72,1,2,Causal-cone,0.375,0.9999999999999977,9.43689570931383e-16,1
QASMBench,seca_n11,qasmbench/medium/seca_n11.qasm,11,72,1,3,QSlice-full,0.9583333333333334,0.999999999999996,1.1102230246251565e-16,1
QASMBench,seca_n11,qasmbench/medium/seca_n11.qasm,11,72,1,3,QDG-no-ED,0.3055555555555556,7.857324860605868e-33,0.9999999999999984,0
QASMBench,seca_n11,qasmbench/medium/seca_n11.qasm,11,72,1,3,QDG-no-MD,0.9583333333333334,0.999999999999996,1.1102230246251565e-16,1
QASMBench,seca_n11,qasmbench/medium/seca_n11.qasm,11,72,1,3,QDG-no-UED,0.9305555555555556,0.9999999999999964,3.3306690738754696e-16,1
QASMBench,seca_n11,qasmbench/medium/seca_n11.qasm,11,72,1,3,QDG-no-CD,0.9583333333333334,0.999999999999996,1.1102230246251565e-16,1
QASMBench,seca_n11,qasmbench/medium/seca_n11.qasm,11,72,1,3,Classical PDG,0.3055555555555556,7.857324860605868e-33,0.9999999999999984,0
QASMBench,seca_n11,qasmbench/medium/seca_n11.qasm,11,72,1,3,Causal-cone,0.9583333333333334,0.999999999999996,1.1102230246251565e-16,1
QASMBench,seca_n11,qasmbench/medium/seca_n11.qasm,11,72,1,4,QSlice-full,0.5694444444444444,0.9999999999999976,8.881784197001252e-16,1
QASMBench,seca_n11,qasmbench/medium/seca_n11.qasm,11,72,1,4,QDG-no-ED,0.08333333333333333,0.9999999999999979,1.0547118733938987e-15,1
QASMBench,seca_n11,qasmbench/medium/seca_n11.qasm,11,72,1,4,QDG-no-MD,0.5694444444444444,0.9999999999999976,8.881784197001252e-16,1
QASMBench,seca_n11,qasmbench/medium/seca_n11.qasm,11,72,1,4,QDG-no-UED,0.5694444444444444,0.9999999999999976,8.881784197001252e-16,1
QASMBench,seca_n11,qasmbench/medium/seca_n11.qasm,11,72,1,4,QDG-no-CD,0.5694444444444444,0.9999999999999976,8.881784197001252e-16,1
QASMBench,seca_n11,qasmbench/medium/seca_n11.qasm,11,72,1,4,Classical PDG,0.08333333333333333,0.9999999999999979,1.0547118733938987e-15,1
QASMBench,seca_n11,qasmbench/medium/seca_n11.qasm,11,72,1,4,Causal-cone,0.5694444444444444,0.9999999999999976,8.881784197001252e-16,1
QASMBench,seca_n11,qasmbench/medium/seca_n11.qasm,11,72,1,5,QSlice-full,0.5694444444444444,0.9999999999999976,8.881784197001252e-16,1
QASMBench,seca_n11,qasmbench/medium/seca_n11.qasm,11,72,1,5,QDG-no-ED,0.08333333333333333,0.9999999999999979,1.0547118733938987e-15,1
QASMBench,seca_n11,qasmbench/medium/seca_n11.qasm,11,72,1,5,QDG-no-MD,0.5694444444444444,0.9999999999999976,8.881784197001252e-16,1
QASMBench,seca_n11,qasmbench/medium/seca_n11.qasm,11,72,1,5,QDG-no-UED,0.5694444444444444,0.9999999999999976,8.881784197001252e-16,1
QASMBench,seca_n11,qasmbench/medium/seca_n11.qasm,11,72,1,5,QDG-no-CD,0.5694444444444444,0.9999999999999976,8.881784197001252e-16,1
QASMBench,seca_n11,qasmbench/medium/seca_n11.qasm,11,72,1,5,Classical PDG,0.08333333333333333,0.9999999999999979,1.0547118733938987e-15,1
QASMBench,seca_n11,qasmbench/medium/seca_n11.qasm,11,72,1,5,Causal-cone,0.5694444444444444,0.9999999999999976,8.881784197001252e-16,1
QASMBench,seca_n11,qasmbench/medium/seca_n11.qasm,11,72,1,6,QSlice-full,0.9583333333333334,0.999999999999996,1.1102230246251565e-16,1
QASMBench,seca_n11,qasmbench/medium/seca_n11.qasm,11,72,1,6,QDG-no-ED,0.3055555555555556,3.0283463291350473e-33,0.9999999999999984,0
QASMBench,seca_n11,qasmbench/medium/seca_n11.qasm,11,72,1,6,QDG-no-MD,0.9583333333333334,0.999999999999996,1.1102230246251565e-16,1
QASMBench,seca_n11,qasmbench/medium/seca_n11.qasm,11,72,1,6,QDG-no-UED,0.9583333333333334,0.999999999999996,1.1102230246251565e-16,1
QASMBench,seca_n11,qasmbench/medium/seca_n11.qasm,11,72,1,6,QDG-no-CD,0.9583333333333334,0.999999999999996,1.1102230246251565e-16,1
QASMBench,seca_n11,qasmbench/medium/seca_n11.qasm,11,72,1,6,Classical PDG,0.3055555555555556,3.0283463291350473e-33,0.9999999999999984,0
QASMBench,seca_n11,qasmbench/medium/seca_n11.qasm,11,72,1,6,Causal-cone,0.9583333333333334,0.999999999999996,1.1102230246251565e-16,1
QASMBench,seca_n11,qasmbench/medium/seca_n11.qasm,11,72,1,7,QSlice-full,0.7638888888888888,0.999999999999997,6.106226635438361e-16,1
QASMBench,seca_n11,qasmbench/medium/seca_n11.qasm,11,72,1,7,QDG-no-ED,0.08333333333333333,0.9999999999999979,1.0547118733938987e-15,1
QASMBench,seca_n11,qasmbench/medium/seca_n11.qasm,11,72,1,7,QDG-no-MD,0.7638888888888888,0.999999999999997,6.106226635438361e-16,1
QASMBench,seca_n11,qasmbench/medium/seca_n11.qasm,11,72,1,7,QDG-no-UED,0.7638888888888888,0.999999999999997,6.106226635438361e-16,1
QASMBench,seca_n11,qasmbench/medium/seca_n11.qasm,11,72,1,7,QDG-no-CD,0.7638888888888888,0.999999999999997,6.106226635438361e-16,1
QASMBench,seca_n11,qasmbench/medium/seca_n11.qasm,11,72,1,7,Classical PDG,0.08333333333333333,0.9999999999999979,1.0547118733938987e-15,1
QASMBench,seca_n11,qasmbench/medium/seca_n11.qasm,11,72,1,7,Causal-cone,0.7638888888888888,0.999999999999997,6.106226635438361e-16,1
QASMBench,seca_n11,qasmbench/medium/seca_n11.qasm,11,72,1,8,QSlice-full,0.7638888888888888,0.999999999999997,6.106226635438361e-16,1
QASMBench,seca_n11,qasmbench/medium/seca_n11.qasm,11,72,1,8,QDG-no-ED,0.08333333333333333,0.9999999999999979,1.0547118733938987e-15,1
QASMBench,seca_n11,qasmbench/medium/seca_n11.qasm,11,72,1,8,QDG-no-MD,0.7638888888888888,0.999999999999997,6.106226635438361e-16,1
QASMBench,seca_n11,qasmbench/medium/seca_n11.qasm,11,72,1,8,QDG-no-UED,0.7638888888888888,0.999999999999997,6.106226635438361e-16,1
QASMBench,seca_n11,qasmbench/medium/seca_n11.qasm,11,72,1,8,QDG-no-CD,0.7638888888888888,0.999999999999997,6.106226635438361e-16,1
QASMBench,seca_n11,qasmbench/medium/seca_n11.qasm,11,72,1,8,Classical PDG,0.08333333333333333,0.9999999999999979,1.0547118733938987e-15,1
QASMBench,seca_n11,qasmbench/medium/seca_n11.qasm,11,72,1,8,Causal-cone,0.7638888888888888,0.999999999999997,6.106226635438361e-16,1
QASMBench,seca_n11,qasmbench/medium/seca_n11.qasm,11,72,1,9,QSlice-full,0.2222222222222222,0.9999999999999974,8.326672684688674e-16,1
QASMBench,seca_n11,qasmbench/medium/seca_n11.qasm,11,72,1,9,QDG-no-ED,0.027777777777777776,0.49999999999999895,0.5,0
QASMBench,seca_n11,qasmbench/medium/seca_n11.qasm,11,72,1,9,QDG-no-MD,0.18055555555555555,0.4999999999999987,0.4999999999999998,0
QASMBench,seca_n11,qasmbench/medium/seca_n11.qasm,11,72,1,9,QDG-no-UED,0.2222222222222222,0.9999999999999974,8.326672684688674e-16,1
QASMBench,seca_n11,qasmbench/medium/seca_n11.qasm,11,72,1,9,QDG-no-CD,0.2222222222222222,0.9999999999999974,8.326672684688674e-16,1
QASMBench,seca_n11,qasmbench/medium/seca_n11.qasm,11,72,1,9,Classical PDG,0.013888888888888888,0.49999999999999895,0.5,0
QASMBench,seca_n11,qasmbench/medium/seca_n11.qasm,11,72,1,9,Causal-cone,0.18055555555555555,0.4999999999999987,0.4999999999999998,0
QASMBench,seca_n11,qasmbench/medium/seca_n11.qasm,11,72,1,10,QSlice-full,1.0,0.9999999999999958,0.0,1
QASMBench,seca_n11,qasmbench/medium/seca_n11.qasm,11,72,1,10,QDG-no-ED,0.3194444444444444,0.4999999999999985,0.7071067811865465,0
QASMBench,seca_n11,qasmbench/medium/seca_n11.qasm,11,72,1,10,QDG-no-MD,1.0,0.9999999999999958,0.0,1
QASMBench,seca_n11,qasmbench/medium/seca_n11.qasm,11,72,1,10,QDG-no-UED,0.9722222222222222,0.999999999999996,1.1337835501113867e-16,1
QASMBench,seca_n11,qasmbench/medium/seca_n11.qasm,11,72,1,10,QDG-no-CD,1.0,0.9999999999999958,0.0,1
QASMBench,seca_n11,qasmbench/medium/seca_n11.qasm,11,72,1,10,Classical PDG,0.3194444444444444,0.4999999999999985,0.7071067811865465,0
QASMBench,seca_n11,qasmbench/medium/seca_n11.qasm,11,72,1,10,Causal-cone,1.0,0.9999999999999958,0.0,1
QASMBench,sat_n11,qasmbench/medium/sat_n11.qasm,11,91,0,0,QSlice-full,0.8901098901098901,0.9999999999999956,2.8796409701214993e-16,1
QASMBench,sat_n11,qasmbench/medium/sat_n11.qasm,11,91,0,0,QDG-no-ED,0.07692307692307693,0.37499999999999895,0.7812499999999989,0
QASMBench,sat_n11,qasmbench/medium/sat_n11.qasm,11,91,0,0,QDG-no-MD,0.8901098901098901,0.9999999999999956,2.8796409701214993e-16,1
QASMBench,sat_n11,qasmbench/medium/sat_n11.qasm,11,91,0,0,QDG-no-UED,0.8461538461538461,0.6484374999999976,0.46874999999999883,0
QASMBench,sat_n11,qasmbench/medium/sat_n11.qasm,11,91,0,0,QDG-no-CD,0.8901098901098901,0.9999999999999956,2.8796409701214993e-16,1
QASMBench,sat_n11,qasmbench/medium/sat_n11.qasm,11,91,0,0,Classical PDG,0.07692307692307693,0.37499999999999895,0.7812499999999989,0
QASMBench,sat_n11,qasmbench/medium/sat_n11.qasm,11,91,0,0,Causal-cone,0.8901098901098901,0.9999999999999956,2.8796409701214993e-16,1
QASMBench,sat_n11,qasmbench/medium/sat_n11.qasm,11,91,0,1,QSlice-full,0.9010989010989011,0.999999999999996,4.996003610813204e-16,1
QASMBench,sat_n11,qasmbench/medium/sat_n11.qasm,11,91,0,1,QDG-no-ED,0.25274725274725274,0.8749999999999973,0.12500000000000078,0
QASMBench,sat_n11,qasmbench/medium/sat_n11.qasm,11,91,0,1,QDG-no-MD,0.9010989010989011,0.999999999999996,4.996003610813204e-16,1
QASMBench,sat_n11,qasmbench/medium/sat_n11.qasm,11,91,0,1,QDG-no-UED,0.8571428571428571,0.913967211436234,0.24999999999999914,0
QASMBench,sat_n11,qasmbench/medium/sat_n11.qasm,11,91,0,1,QDG-no-CD,0.9010989010989011,0.999999999999996,4.996003610813204e-16,1
QASMBench,sat_n11,qasmbench/medium/sat_n11.qasm,11,91,0,1,Classical PDG,0.25274725274725274,0.8749999999999973,0.12500000000000078,0
QASMBench,sat_n11,qasmbench/medium/sat_n11.qasm,11,91,0,1,Causal-cone,0.9010989010989011,0.999999999999996,4.996003610813204e-16,1
QASMBench,sat_n11,qasmbench/medium/sat_n11.qasm,11,91,0,2,QSlice-full,0.9230769230769231,0.9999999999999956,4.163336342344337e-16,1
QASMBench,sat_n11,qasmbench/medium/sat_n11.qasm,11,91,0,2,QDG-no-ED,0.31868131868131866,0.7499999999999977,0.2670001170411732,0
QASMBench,sat_n11,qasmbench/medium/sat_n11.qasm,11,91,0,2,QDG-no-MD,0.9230769230769231,0.9999999999999956,4.163336342344337e-16,1
QASMBench,sat_n11,qasmbench/medium/sat_n11.qasm,11,91,0,2,QDG-no-UED,0.8791208791208791,0.9227421643271425,0.2670001170411721,0
QASMBench,sat_n11,qasmbench/medium/sat_n11.qasm,11,91,0,2,QDG-no-CD,0.9230769230769231,0.9999999999999956,4.163336342344337e-16,1
QASMBench,sat_n11,qasmbench/medium/sat_n11.qasm,11,91,0,2,Classical PDG,0.31868131868131866,0.7499999999999977,0.2670001170411732,0
QASMBench,sat_n11,qasmbench/medium/sat_n11.qasm,11,91,0,2,Causal-cone,0.9230769230769231,0.9999999999999956,4.163336342344337e-16,1
QASMBench,sat_n11,qasmbench/medium/sat_n11.qasm,11,91,0,3,QSlice-full,0.945054945054945,0.9999999999999953,2.7755575615628914e-16,1
QASMBench,sat_n11,qasmbench/medium/sat_n11.qasm,11,91,0,3,QDG-no-ED,0.27472527472527475,0.6249999999999981,0.4192627457812105,0
QASMBench,sat_n11,qasmbench/medium/sat_n11.qasm,11,91,0,3,QDG-no-MD,0.945054945054945,0.9999999999999953,2.7755575615628914e-16,1
QASMBench,sat_n11,qasmbench/medium/sat_n11.qasm,11,91,0,3,QDG-no-UED,0.9230769230769231,0.9975167966076648,0.046874999999999806,0
QASMBench,sat_n11,qasmbench/medium/sat_n11.qasm,11,91,0,3,QDG-no-CD,0.945054945054945,0.9999999999999953,2.7755575615628914e-16,1
QASMBench,sat_n11,qasmbench/medium/sat_n11.qasm,11,91,0,3,Classical PDG,0.27472527472527475,0.6249999999999981,0.4192627457812105,0
QASMBench,sat_n11,qasmbench/medium/sat_n11.qasm,11,91,0,3,Causal-cone,0.945054945054945,0.9999999999999953,2.7755575615628914e-16,1
QASMBench,sat_n11,qasmbench/medium/sat_n11.qasm,11,91,0,4,QSlice-full,0.9230769230769231,0.9999999999999953,2.8305244335018383e-16,1
QASMBench,sat_n11,qasmbench/medium/sat_n11.qasm,11,91,0,4,QDG-no-ED,0.17582417582417584,0.8749999999999973,0.12500000000000083,0
QASMBench,sat_n11,qasmbench/medium/sat_n11.qasm,11,91,0,4,QDG-no-MD,0.9230769230769231,0.9999999999999953,2.8305244335018383e-16,1
QASMBench,sat_n11,qasmbench/medium/sat_n11.qasm,11,91,0,4,QDG-no-UED,0.9010989010989011,0.913800388183736,0.250487805341896,0
QASMBench,sat_n11,qasmbench/medium/sat_n11.qasm,11,91,0,4,QDG-no-CD,0.9230769230769231,0.9999999999999953,2.8305244335018383e-16,1
QASMBench,sat_n11,qasmbench/medium/sat_n11.qasm,11,91,0,4,Classical PDG,0.17582417582417584,0.8749999999999973,0.12500000000000083,0
QASMBench,sat_n11,qasmbench/medium/sat_n11.qasm,11,91,0,4,Causal-cone,0.9230769230769231,0.9999999999999953,2.8305244335018383e-16,1
QASMBench,sat_n11,qasmbench/medium/sat_n11.qasm,11,91,0,5,QSlice-full,0.6813186813186813,0.999999999999997,9.43689570931383e-16,1
QASMBench,sat_n11,qasmbench/medium/sat_n11.qasm,11,91,0,5,QDG-no-ED,0.054945054945054944,0.9999999999999976,1.2212453270876722e-15,1
QASMBench,sat_n11,qasmbench/medium/sat_n11.qasm,11,91,0,5,QDG-no-MD,0.6813186813186813,0.999999999999997,9.43689570931383e-16,1
QASMBench,sat_n11,qasmbench/medium/sat_n11.qasm,11,91,0,5,QDG-no-UED,0.6703296703296703,0.8749999999999974,0.12499999999999896,0
QASMBench,sat_n11,qasmbench/medium/sat_n11.qasm,11,91,0,5,QDG-no-CD,0.6813186813186813,0.999999999999997,9.43689570931383e-16,1
QASMBench,sat_n11,qasmbench/medium/sat_n11.qasm,11,91,0,5,Classical PDG,0.054945054945054944,0.9999999999999976,1.2212453270876722e-15,1
QASMBench,sat_n11,qasmbench/medium/sat_n11.qasm,11,91,0,5,Causal-cone,0.6813186813186813,0.999999999999997,9.43689570931383e-16,1
QASMBench,sat_n11,qasmbench/medium/sat_n11.qasm,11,91,0,6,QSlice-full,0.5934065934065934,0.999999999999997,9.43689570931383e-16,1
QASMBench,sat_n11,qasmbench/medium/sat_n11.qasm,11,91,0,6,QDG-no-ED,0.054945054945054944,0.9999999999999976,1.2212453270876722e-15,1
QASMBench,sat_n11,qasmbench/medium/sat_n11.qasm,11,91,0,6,QDG-no-MD,0.5934065934065934,0.999999999999997,9.43689570931383e-16,1
QASMBench,sat_n11,qasmbench/medium/sat_n11.qasm,11,91,0,6,QDG-no-UED,0.5824175824175825,0.8749999999999974,0.12499999999999896,0
QASMBench,sat_n11,qasmbench/medium/sat_n11.qasm,11,91,0,6,QDG-no-CD,0.5934065934065934,0.999999999999997,9.43689570931383e-16,1
QASMBench,sat_n11,qasmbench/medium/sat_n11.qasm,11,91,0,6,Classical PDG,0.054945054945054944,0.9999999999999976,1.2212453270876722e-15,1
QASMBench,sat_n11,qasmbench/medium/sat_n11.qasm,11,91,0,6,Causal-cone,0.5934065934065934,0.999999999999997,9.43689570931383e-16,1
QASMBench,sat_n11,qasmbench/medium/sat_n11.qasm,11,91,0,7,QSlice-full,0.5164835164835165,0.999999999999997,9.43689570931383e-16,1
QASMBench,sat_n11,qasmbench/medium/sat_n11.qasm,11,91,0,7,QDG-no-ED,0.054945054945054944,0.9999999999999976,1.2212453270876722e-15,1
QASMBench,sat_n11,qasmbench/medium/sat_n11.qasm,11,91,0,7,QDG-no-MD,0.5164835164835165,0.999999999999997,9.43689570931383e-16,1
QASMBench,sat_n11,qasmbench/medium/sat_n11.qasm,11,91,0,7,QDG-no-UED,0.5054945054945055,0.8749999999999974,0.12499999999999896,0
QASMBench,sat_n11,qasmbench/medium/sat_n11.qasm,11,91,0,7,QDG-no-CD,0.5164835164835165,0.999999999999997,9.43689570931383e-16,1
QASMBench,sat_n11,qasmbench/medium/sat_n11.qasm,11,91,0,7,Classical PDG,0.054945054945054944,0.9999999999999976,1.2212453270876722e-15,1
QASMBench,sat_n11,qasmbench/medium/sat_n11.qasm,11,91,0,7,Causal-cone,0.5164835164835165,0.999999999999997,9.43689570931383e-16,1
QASMBench,sat_n11,qasmbench/medium/sat_n11.qasm,11,91,0,8,QSlice-full,0.46153846153846156,0.9999999999999971,9.992007221626409e-16,1
QASMBench,sat_n11,qasmbench/medium/sat_n11.qasm,11,91,0,8,QDG-no-ED,0.04395604395604396,0.9999999999999976,1.2212453270876722e-15,1
QASMBench,sat_n11,qasmbench/medium/sat_n11.qasm,11,91,0,8,QDG-no-MD,0.46153846153846156,0.9999999999999971,9.992007221626409e-16,1
QASMBench,sat_n11,qasmbench/medium/sat_n11.qasm,11,91,0,8,QDG-no-UED,0.45054945054945056,0.49999999999999845,0.4999999999999988,0
QASMBench,sat_n11,qasmbench/medium/sat_n11.qasm,11,91,0,8,QDG-no-CD,0.46153846153846156,0.9999999999999971,9.992007221626409e-16,1
QASMBench,sat_n11,qasmbench/medium/sat_n11.qasm,11,91,0,8,Classical PDG,0.04395604395604396,0.9999999999999976,1.2212453270876722e-15,1
QASMBench,sat_n11,qasmbench/medium/sat_n11.qasm,11,91,0,8,Causal-cone,0.46153846153846156,0.9999999999999971,9.992007221626409e-16,1
QASMBench,sat_n11,qasmbench/medium/sat_n11.qasm,11,91,0,9,QSlice-full,0.8791208791208791,0.9999999999999961,4.996003610813204e-16,1
QASMBench,sat_n11,qasmbench/medium/sat_n11.qasm,11,91,0,9,QDG-no-ED,0.3516483516483517,0.9999999999999976,1.2212453270876722e-15,1
QASMBench,sat_n11,qasmbench/medium/sat_n11.qasm,11,91,0,9,QDG-no-MD,0.8791208791208791,0.9999999999999961,4.996003610813204e-16,1
QASMBench,sat_n11,qasmbench/medium/sat_n11.qasm,11,91,0,9,QDG-no-UED,0.8351648351648352,0.9999999999999969,8.881784197001252e-16,1
QASMBench,sat_n11,qasmbench/medium/sat_n11.qasm,11,91,0,9,QDG-no-CD,0.8791208791208791,0.9999999999999961,4.996003610813204e-16,1
QASMBench,sat_n11,qasmbench/medium/sat_n11.qasm,11,91,0,9,Classical PDG,0.3516483516483517,0.9999999999999976,1.2212453270876722e-15,1
QASMBench,sat_n11,qasmbench/medium/sat_n11.qasm,11,91,0,9,Causal-cone,0.8791208791208791,0.9999999999999961,4.996003610813204e-16,1
QASMBench,sat_n11,qasmbench/medium/sat_n11.qasm,11,91,0,10,QSlice-full,0.8681318681318682,0.9999999999999961,4.996003610813204e-16,1
QASMBench,sat_n11,qasmbench/medium/sat_n11.qasm,11,91,0,10,QDG-no-ED,0.26373626373626374,0.9999999999999976,1.2212453270876722e-15,1
QASMBench,sat_n11,qasmbench/medium/sat_n11.qasm,11,91,0,10,QDG-no-MD,0.8681318681318682,0.9999999999999961,4.996003610813204e-16,1
QASMBench,sat_n11,qasmbench/medium/sat_n11.qasm,11,91,0,10,QDG-no-UED,0.8241758241758241,0.9999999999999968,8.326672684688674e-16,1
QASMBench,sat_n11,qasmbench/medium/sat_n11.qasm,11,91,0,10,QDG-no-CD,0.8681318681318682,0.9999999999999961,4.996003610813204e-16,1
QASMBench,sat_n11,qasmbench/medium/sat_n11.qasm,11,91,0,10,Classical PDG,0.26373626373626374,0.9999999999999976,1.2212453270876722e-15,1
QASMBench,sat_n11,qasmbench/medium/sat_n11.qasm,11,91,0,10,Causal-cone,0.8681318681318682,0.9999999999999961,4.996003610813204e-16,1
QASMBench,cc_n12,qasmbench/medium/cc_n12.qasm,12,48,1,0,QSlice-full,0.5208333333333334,0.9999999999999964,1.6653345369377348e-15,1
QASMBench,cc_n12,qasmbench/medium/cc_n12.qasm,12,48,1,0,QDG-no-ED,0.125,0.9999999999999963,1.609823385706477e-15,1
QASMBench,cc_n12,qasmbench/medium/cc_n12.qasm,12,48,1,0,QDG-no-MD,0.5,0.9999999999999964,1.6653345369377348e-15,1
QASMBench,cc_n12,qasmbench/medium/cc_n12.qasm,12,48,1,0,QDG-no-UED,0.5208333333333334,0.9999999999999964,1.6653345369377348e-15,1
QASMBench,cc_n12,qasmbench/medium/cc_n12.qasm,12,48,1,0,QDG-no-CD,0.1875,0.9999999999999953,1.1102230246251565e-15,1
QASMBench,cc_n12,qasmbench/medium/cc_n12.qasm,12,48,1,0,Classical PDG,0.08333333333333333,0.9999999999999961,1.4988010832439613e-15,1
QASMBench,cc_n12,qasmbench/medium/cc_n12.qasm,12,48,1,0,Causal-cone,0.1875,0.9999999999999953,1.1102230246251565e-15,1
QASMBench,cc_n12,qasmbench/medium/cc_n12.qasm,12,48,1,1,QSlice-full,0.5208333333333334,0.9999999999999964,1.6653345369377348e-15,1
QASMBench,cc_n12,qasmbench/medium/cc_n12.qasm,12,48,1,1,QDG-no-ED,0.125,0.9999999999999963,1.609823385706477e-15,1
QASMBench,cc_n12,qasmbench/medium/cc_n12.qasm,12,48,1,1,QDG-no-MD,0.5,0.9999999999999964,1.6653345369377348e-15,1
QASMBench,cc_n12,qasmbench/medium/cc_n12.qasm,12,48,1,1,QDG-no-UED,0.5208333333333334,0.9999999999999964,1.6653345369377348e-15,1
QASMBench,cc_n12,qasmbench/medium/cc_n12.qasm,12,48,1,1,QDG-no-CD,0.20833333333333334,0.9999999999999953,1.1102230246251565e-15,1
QASMBench,cc_n12,qasmbench/medium/cc_n12.qasm,12,48,1,1,Classical PDG,0.08333333333333333,0.9999999999999961,1.4988010832439613e-15,1
QASMBench,cc_n12,qasmbench/medium/cc_n12.qasm,12,48,1,1,Causal-cone,0.20833333333333334,0.9999999999999953,1.1102230246251565e-15,1
QASMBench,cc_n12,qasmbench/medium/cc_n12.qasm,12,48,1,2,QSlice-full,0.5208333333333334,0.9999999999999964,1.6653345369377348e-15,1
QASMBench,cc_n12,qasmbench/medium/cc_n12.qasm,12,48,1,2,QDG-no-ED,0.125,0.9999999999999963,1.609823385706477e-15,1
QASMBench,cc_n12,qasmbench/medium/cc_n12.qasm,12,48,1,2,QDG-no-MD,0.5,0.9999999999999964,1.6653345369377348e-15,1
QASMBench,cc_n12,qasmbench/medium/cc_n12.qasm,12,48,1,2,QDG-no-UED,0.5208333333333334,0.9999999999999964,1.6653345369377348e-15,1
QASMBench,cc_n12,qasmbench/medium/cc_n12.qasm,12,48,1,2,QDG-no-CD,0.22916666666666666,0.9999999999999953,1.1102230246251565e-15,1
QASMBench,cc_n12,qasmbench/medium/cc_n12.qasm,12,48,1,2,Classical PDG,0.08333333333333333,0.9999999999999961,1.4988010832439613e-15,1
QASMBench,cc_n12,qasmbench/medium/cc_n12.qasm,12,48,1,2,Causal-cone,0.22916666666666666,0.9999999999999953,1.1102230246251565e-15,1
QASMBench,cc_n12,qasmbench/medium/cc_n12.qasm,12,48,1,3,QSlice-full,0.7291666666666666,0.999999999999995,9.43689570931383e-16,1
QASMBench,cc_n12,qasmbench/medium/cc_n12.qasm,12,48,1,3,QDG-no-ED,0.125,0.9999999999999963,1.609823385706477e-15,1
QASMBench,cc_n12,qasmbench/medium/cc_n12.qasm,12,48,1,3,QDG-no-MD,0.7291666666666666,0.999999999999995,9.43689570931383e-16,1
QASMBench,cc_n12,qasmbench/medium/cc_n12.qasm,12,48,1,3,QDG-no-UED,0.7291666666666666,0.999999999999995,9.43689570931383e-16,1
QASMBench,cc_n12,qasmbench/medium/cc_n12.qasm,12,48,1,3,QDG-no-CD,0.7083333333333334,0.9999999999999954,1.1657341758564144e-15,1
QASMBench,cc_n12,qasmbench/medium/cc_n12.qasm,12,48,1,3,Classical PDG,0.08333333333333333,0.9999999999999961,1.4988010832439613e-15,1
QASMBench,cc_n12,qasmbench/medium/cc_n12.qasm,12,48,1,3,Causal-cone,0.7083333333333334,0.9999999999999954,1.1657341758564144e-15,1
QASMBench,cc_n12,qasmbench/medium/cc_n12.qasm,12,48,1,4,QSlice-full,0.7291666666666666,0.999999999999995,9.43689570931383e-16,1
QASMBench,cc_n12,qasmbench/medium/cc_n12.qasm,12,48,1,4,QDG-no-ED,0.125,0.9999999999999963,1.609823385706477e-15,1
QASMBench,cc_n12,qasmbench/medium/cc_n12.qasm,12,48,1,4,QDG-no-MD,0.7291666666666666,0.999999999999995,9.43689570931383e-16,1
QASMBench,cc_n12,qasmbench/medium/cc_n12.qasm,12,48,1,4,QDG-no-UED,0.7291666666666666,0.999999999999995,9.43689570931383e-16,1
QASMBench,cc_n12,qasmbench/medium/cc_n12.qasm,12,48,1,4,QDG-no-CD,0.7083333333333334,0.9999999999999954,1.1657341758564144e-15,1
QASMBench,cc_n12,qasmbench/medium/cc_n12.qasm,12,48,1,4,Classical PDG,0.08333333333333333,0.9999999999999961,1.4988010832439613e-15,1
QASMBench,cc_n12,qasmbench/medium/cc_n12.qasm,12,48,1,4,Causal-cone,0.7083333333333334,0.9999999999999954,1.1657341758564144e-15,1
QASMBench,cc_n12,qasmbench/medium/cc_n12.qasm,12,48,1,5,QSlice-full,0.7291666666666666,0.999999999999995,9.43689570931383e-16,1
QASMBench,cc_n12,qasmbench/medium/cc_n12.qasm,12,48,1,5,QDG-no-ED,0.125,0.9999999999999963,1.609823385706477e-15,1
QASMBench,cc_n12,qasmbench/medium/cc_n12.qasm,12,48,1,5,QDG-no-MD,0.7291666666666666,0.999999999999995,9.43689570931383e-16,1
QASMBench,cc_n12,qasmbench/medium/cc_n12.qasm,12,48,1,5,QDG-no-UED,0.7291666666666666,0.999999999999995,9.43689570931383e-16,1
QASMBench,cc_n12,qasmbench/medium/cc_n12.qasm,12,48,1,5,QDG-no-CD,0.7083333333333334,0.9999999999999954,1.1657341758564144e-15,1
QASMBench,cc_n12,qasmbench/medium/cc_n12.qasm,12,48,1,5,Classical PDG,0.08333333333333333,0.9999999999999961,1.4988010832439613e-15,1
QASMBench,cc_n12,qasmbench/medium/cc_n12.qasm,12,48,1,5,Causal-cone,0.7083333333333334,0.9999999999999954,1.1657341758564144e-15,1
QASMBench,cc_n12,qasmbench/medium/cc_n12.qasm,12,48,1,6,QSlice-full,0.7083333333333334,0.9999999999999949,8.881784197001252e-16,1
QASMBench,cc_n12,qasmbench/medium/cc_n12.qasm,12,48,1,6,QDG-no-ED,0.14583333333333334,0.9999999999999963,1.609823385706477e-15,1
QASMBench,cc_n12,qasmbench/medium/cc_n12.qasm,12,48,1,6,QDG-no-MD,0.7083333333333334,0.9999999999999949,8.881784197001252e-16,1
QASMBench,cc_n12,qasmbench/medium/cc_n12.qasm,12,48,1,6,QDG-no-UED,0.7083333333333334,0.9999999999999949,8.881784197001252e-16,1
QASMBench,cc_n12,qasmbench/medium/cc_n12.qasm,12,48,1,6,QDG-no-CD,0.6875,0.9999999999999954,1.1657341758564144e-15,1
QASMBench,cc_n12,qasmbench/medium/cc_n12.qasm,12,48,1,6,Classical PDG,0.10416666666666667,0.49999999999999806,0.4999999999999998,0
QASMBench,cc_n12,qasmbench/medium/cc_n12.qasm,12,48,1,6,Causal-cone,0.6875,0.9999999999999954,1.1657341758564144e-15,1
QASMBench,cc_n12,qasmbench/medium/cc_n12.qasm,12,48,1,7,QSlice-full,0.7291666666666666,0.999999999999995,9.43689570931383e-16,1
QASMBench,cc_n12,qasmbench/medium/cc_n12.qasm,12,48,1,7,QDG-no-ED,0.125,0.9999999999999963,1.609823385706477e-15,1
QASMBench,cc_n12,qasmbench/medium/cc_n12.qasm,12,48,1,7,QDG-no-MD,0.7291666666666666,0.999999999999995,9.43689570931383e-16,1
QASMBench,cc_n12,qasmbench/medium/cc_n12.qasm,12,48,1,7,QDG-no-UED,0.7291666666666666,0.999999999999995,9.43689570931383e-16,1
QASMBench,cc_n12,qasmbench/medium/cc_n12.qasm,12,48,1,7,QDG-no-CD,0.7083333333333334,0.9999999999999954,1.1657341758564144e-15,1
QASMBench,cc_n12,qasmbench/medium/cc_n12.qasm,12,48,1,7,Classical PDG,0.08333333333333333,0.9999999999999961,1.4988010832439613e-15,1
QASMBench,cc_n12,qasmbench/medium/cc_n12.qasm,12,48,1,7,Causal-cone,0.7083333333333334,0.9999999999999954,1.1657341758564144e-15,1
QASMBench,cc_n12,qasmbench/medium/cc_n12.qasm,12,48,1,8,QSlice-full,0.5208333333333334,0.9999999999999964,1.6653345369377348e-15,1
QASMBench,cc_n12,qasmbench/medium/cc_n12.qasm,12,48,1,8,QDG-no-ED,0.125,0.9999999999999963,1.609823385706477e-15,1
QASMBench,cc_n12,qasmbench/medium/cc_n12.qasm,12,48,1,8,QDG-no-MD,0.5,0.9999999999999964,1.6653345369377348e-15,1
QASMBench,cc_n12,qasmbench/medium/cc_n12.qasm,12,48,1,8,QDG-no-UED,0.5208333333333334,0.9999999999999964,1.6653345369377348e-15,1
QASMBench,cc_n12,qasmbench/medium/cc_n12.qasm,12,48,1,8,QDG-no-CD,0.4583333333333333,0.9999999999999963,1.609823385706477e-15,1
QASMBench,cc_n12,qasmbench/medium/cc_n12.qasm,12,48,1,8,Classical PDG,0.08333333333333333,0.9999999999999961,1.4988010832439613e-15,1
QASMBench,cc_n12,qasmbench/medium/cc_n12.qasm,12,48,1,8,Causal-cone,0.4583333333333333,0.9999999999999963,1.609823385706477e-15,1
QASMBench,cc_n12,qasmbench/medium/cc_n12.qasm,12,48,1,9,QSlice-full,0.5208333333333334,0.9999999999999964,1.6653345369377348e-15,1
QASMBench,cc_n12,qasmbench/medium/cc_n12.qasm,12,48,1,9,QDG-no-ED,0.125,0.9999999999999963,1.609823385706477e-15,1
QASMBench,cc_n12,qasmbench/medium/cc_n12.qasm,12,48,1,9,QDG-no-MD,0.5,0.9999999999999964,1.6653345369377348e-15,1
QASMBench,cc_n12,qasmbench/medium/cc_n12.qasm,12,48,1,9,QDG-no-UED,0.5208333333333334,0.9999999999999964,1.6653345369377348e-15,1
QASMBench,cc_n12,qasmbench/medium/cc_n12.qasm,12,48,1,9,QDG-no-CD,0.4791666666666667,0.9999999999999963,1.609823385706477e-15,1
QASMBench,cc_n12,qasmbench/medium/cc_n12.qasm,12,48,1,9,Classical PDG,0.08333333333333333,0.9999999999999961,1.4988010832439613e-15,1
QASMBench,cc_n12,qasmbench/medium/cc_n12.qasm,12,48,1,9,Causal-cone,0.4791666666666667,0.9999999999999963,1.609823385706477e-15,1
QASMBench,cc_n12,qasmbench/medium/cc_n12.qasm,12,48,1,10,QSlice-full,0.5208333333333334,0.9999999999999964,1.6653345369377348e-15,1
QASMBench,cc_n12,qasmbench/medium/cc_n12.qasm,12,48,1,10,QDG-no-ED,0.10416666666666667,0.9999999999999963,1.609823385706477e-15,1
QASMBench,cc_n12,qasmbench/medium/cc_n12.qasm,12,48,1,10,QDG-no-MD,0.5208333333333334,0.9999999999999964,1.6653345369377348e-15,1
QASMBench,cc_n12,qasmbench/medium/cc_n12.qasm,12,48,1,10,QDG-no-UED,0.5208333333333334,0.9999999999999964,1.6653345369377348e-15,1
QASMBench,cc_n12,qasmbench/medium/cc_n12.qasm,12,48,1,10,QDG-no-CD,0.5,0.9999999999999963,1.609823385706477e-15,1
QASMBench,cc_n12,qasmbench/medium/cc_n12.qasm,12,48,1,10,Classical PDG,0.08333333333333333,0.9999999999999961,1.4988010832439613e-15,1
QASMBench,cc_n12,qasmbench/medium/cc_n12.qasm,12,48,1,10,Causal-cone,0.5,0.9999999999999963,1.609823385706477e-15,1
QASMBench,cc_n12,qasmbench/medium/cc_n12.qasm,12,48,1,11,QSlice-full,0.4791666666666667,0.8535533905932707,0.3535533905932725,0
QASMBench,cc_n12,qasmbench/medium/cc_n12.qasm,12,48,1,11,QDG-no-ED,0.041666666666666664,0.2499999999999991,0.7905694150420938,0
QASMBench,cc_n12,qasmbench/medium/cc_n12.qasm,12,48,1,11,QDG-no-MD,0.4583333333333333,0.8535533905932707,0.3535533905932725,0
QASMBench,cc_n12,qasmbench/medium/cc_n12.qasm,12,48,1,11,QDG-no-UED,0.4791666666666667,0.8535533905932707,0.3535533905932725,0
QASMBench,cc_n12,qasmbench/medium/cc_n12.qasm,12,48,1,11,QDG-no-CD,0.4791666666666667,0.8535533905932707,0.3535533905932725,0
QASMBench,cc_n12,qasmbench/medium/cc_n12.qasm,12,48,1,11,Classical PDG,0.020833333333333332,0.2499999999999991,0.7905694150420938,0
QASMBench,cc_n12,qasmbench/medium/cc_n12.qasm,12,48,1,11,Causal-cone,0.4583333333333333,0.8535533905932707,0.3535533905932725,0
QASMBench,multiply_n13,qasmbench/medium/multiply_n13.qasm,13,14,0,0,QSlice-full,0.6428571428571429,1.0,0.0,1
QASMBench,multiply_n13,qasmbench/medium/multiply_n13.qasm,13,14,0,0,QDG-no-ED,0.2857142857142857,1.0,0.0,1
QASMBench,multiply_n13,qasmbench/medium/multiply_n13.qasm,13,14,0,0,QDG-no-MD,0.6428571428571429,1.0,0.0,1
QASMBench,multiply_n13,qasmbench/medium/multiply_n13.qasm,13,14,0,0,QDG-no-UED,0.6428571428571429,1.0,0.0,1
QASMBench,multiply_n13,qasmbench/medium/multiply_n13.qasm,13,14,0,0,QDG-no-CD,0.6428571428571429,1.0,0.0,1
QASMBench,multiply_n13,qasmbench/medium/multiply_n13.qasm,13,14,0,0,Classical PDG,0.2857142857142857,1.0,0.0,1
QASMBench,multiply_n13,qasmbench/medium/multiply_n13.qasm,13,14,0,0,Causal-cone,0.6428571428571429,1.0,0.0,1
QASMBench,multiply_n13,qasmbench/medium/multiply_n13.qasm,13,14,0,1,QSlice-full,0.7142857142857143,1.0,0.0,1
QASMBench,multiply_n13,qasmbench/medium/multiply_n13.qasm,13,14,0,1,QDG-no-ED,0.2857142857142857,1.0,0.0,1
QASMBench,multiply_n13,qasmbench/medium/multiply_n13.qasm,13,14,0,1,QDG-no-MD,0.7142857142857143,1.0,0.0,1
QASMBench,multiply_n13,qasmbench/medium/multiply_n13.qasm,13,14,0,1,QDG-no-UED,0.7142857142857143,1.0,0.0,1
QASMBench,multiply_n13,qasmbench/medium/multiply_n13.qasm,13,14,0,1,QDG-no-CD,0.7142857142857143,1.0,0.0,1
QASMBench,multiply_n13,qasmbench/medium/multiply_n13.qasm,13,14,0,1,Classical PDG,0.2857142857142857,1.0,0.0,1
QASMBench,multiply_n13,qasmbench/medium/multiply_n13.qasm,13,14,0,1,Causal-cone,0.7142857142857143,1.0,0.0,1
QASMBench,multiply_n13,qasmbench/medium/multiply_n13.qasm,13,14,0,2,QSlice-full,0.35714285714285715,1.0,0.0,1
QASMBench,multiply_n13,qasmbench/medium/multiply_n13.qasm,13,14,0,2,QDG-no-ED,0.21428571428571427,1.0,0.0,1
QASMBench,multiply_n13,qasmbench/medium/multiply_n13.qasm,13,14,0,2,QDG-no-MD,0.35714285714285715,1.0,0.0,1
QASMBench,multiply_n13,qasmbench/medium/multiply_n13.qasm,13,14,0,2,QDG-no-UED,0.35714285714285715,1.0,0.0,1
QASMBench,multiply_n13,qasmbench/medium/multiply_n13.qasm,13,14,0,2,QDG-no-CD,0.35714285714285715,1.0,0.0,1
QASMBench,multiply_n13,qasmbench/medium/multiply_n13.qasm,13,14,0,2,Classical PDG,0.21428571428571427,1.0,0.0,1
QASMBench,multiply_n13,qasmbench/medium/multiply_n13.qasm,13,14,0,2,Causal-cone,0.35714285714285715,1.0,0.0,1
QASMBench,multiply_n13,qasmbench/medium/multiply_n13.qasm,13,14,0,3,QSlice-full,0.5,1.0,0.0,1
QASMBench,multiply_n13,qasmbench/medium/multiply_n13.qasm,13,14,0,3,QDG-no-ED,0.14285714285714285,1.0,0.0,1
QASMBench,multiply_n13,qasmbench/medium/multiply_n13.qasm,13,14,0,3,QDG-no-MD,0.5,1.0,0.0,1
QASMBench,multiply_n13,qasmbench/medium/multiply_n13.qasm,13,14,0,3,QDG-no-UED,0.5,1.0,0.0,1
QASMBench,multiply_n13,qasmbench/medium/multiply_n13.qasm,13,14,0,3,QDG-no-CD,0.5,1.0,0.0,1
QASMBench,multiply_n13,qasmbench/medium/multiply_n13.qasm,13,14,0,3,Classical PDG,0.14285714285714285,1.0,0.0,1
QASMBench,multiply_n13,qasmbench/medium/multiply_n13.qasm,13,14,0,3,Causal-cone,0.5,1.0,0.0,1
QASMBench,multiply_n13,qasmbench/medium/multiply_n13.qasm,13,14,0,4,QSlice-full,0.7142857142857143,1.0,0.0,1
QASMBench,multiply_n13,qasmbench/medium/multiply_n13.qasm,13,14,0,4,QDG-no-ED,0.21428571428571427,1.0,0.0,1
QASMBench,multiply_n13,qasmbench/medium/multiply_n13.qasm,13,14,0,4,QDG-no-MD,0.7142857142857143,1.0,0.0,1
QASMBench,multiply_n13,qasmbench/medium/multiply_n13.qasm,13,14,0,4,QDG-no-UED,0.7142857142857143,1.0,0.0,1
QASMBench,multiply_n13,qasmbench/medium/multiply_n13.qasm,13,14,0,4,QDG-no-CD,0.7142857142857143,1.0,0.0,1
QASMBench,multiply_n13,qasmbench/medium/multiply_n13.qasm,13,14,0,4,Classical PDG,0.21428571428571427,1.0,0.0,1
QASMBench,multiply_n13,qasmbench/medium/multiply_n13.qasm,13,14,0,4,Causal-cone,0.7142857142857143,1.0,0.0,1
QASMBench,multiply_n13,qasmbench/medium/multiply_n13.qasm,13,14,0,5,QSlice-full,0.2857142857142857,1.0,0.0,1
QASMBench,multiply_n13,qasmbench/medium/multiply_n13.qasm,13,14,0,5,QDG-no-ED,0.07142857142857142,0.0,1.0,0
QASMBench,multiply_n13,qasmbench/medium/multiply_n13.qasm,13,14,0,5,QDG-no-MD,0.2857142857142857,1.0,0.0,1
QASMBench,multiply_n13,qasmbench/medium/multiply_n13.qasm,13,14,0,5,QDG-no-UED,0.2857142857142857,1.0,0.0,1
QASMBench,multiply_n13,qasmbench/medium/multiply_n13.qasm,13,14,0,5,QDG-no-CD,0.2857142857142857,1.0,0.0,1
QASMBench,multiply_n13,qasmbench/medium/multiply_n13.qasm,13,14,0,5,Classical PDG,0.07142857142857142,0.0,1.0,0
QASMBench,multiply_n13,qasmbench/medium/multiply_n13.qasm,13,14,0,5,Causal-cone,0.2857142857142857,1.0,0.0,1
QASMBench,multiply_n13,qasmbench/medium/multiply_n13.qasm,13,14,0,6,QSlice-full,0.7857142857142857,1.0,0.0,1
QASMBench,multiply_n13,qasmbench/medium/multiply_n13.qasm,13,14,0,6,QDG-no-ED,0.14285714285714285,0.0,1.0,0
QASMBench,multiply_n13,qasmbench/medium/multiply_n13.qasm,13,14,0,6,QDG-no-MD,0.7857142857142857,1.0,0.0,1
QASMBench,multiply_n13,qasmbench/medium/multiply_n13.qasm,13,14,0,6,QDG-no-UED,0.7857142857142857,1.0,0.0,1
QASMBench,multiply_n13,qasmbench/medium/multiply_n13.qasm,13,14,0,6,QDG-no-CD,0.7857142857142857,1.0,0.0,1
QASMBench,multiply_n13,qasmbench/medium/multiply_n13.qasm,13,14,0,6,Classical PDG,0.14285714285714285,0.0,1.0,0
QASMBench,multiply_n13,qasmbench/medium/multiply_n13.qasm,13,14,0,6,Causal-cone,0.7857142857142857,1.0,0.0,1
QASMBench,multiply_n13,qasmbench/medium/multiply_n13.qasm,13,14,0,7,QSlice-full,0.8571428571428571,1.0,0.0,1
QASMBench,multiply_n13,qasmbench/medium/multiply_n13.qasm,13,14,0,7,QDG-no-ED,0.14285714285714285,1.0,0.0,1
QASMBench,multiply_n13,qasmbench/medium/multiply_n13.qasm,13,14,0,7,QDG-no-MD,0.8571428571428571,1.0,0.0,1
QASMBench,multiply_n13,qasmbench/medium/multiply_n13.qasm,13,14,0,7,QDG-no-UED,0.8571428571428571,1.0,0.0,1
QASMBench,multiply_n13,qasmbench/medium/multiply_n13.qasm,13,14,0,7,QDG-no-CD,0.8571428571428571,1.0,0.0,1
QASMBench,multiply_n13,qasmbench/medium/multiply_n13.qasm,13,14,0,7,Classical PDG,0.14285714285714285,1.0,0.0,1
QASMBench,multiply_n13,qasmbench/medium/multiply_n13.qasm,13,14,0,7,Causal-cone,0.8571428571428571,1.0,0.0,1
QASMBench,multiply_n13,qasmbench/medium/multiply_n13.qasm,13,14,0,8,QSlice-full,0.7142857142857143,1.0,0.0,1
QASMBench,multiply_n13,qasmbench/medium/multiply_n13.qasm,13,14,0,8,QDG-no-ED,0.14285714285714285,1.0,0.0,1
QASMBench,multiply_n13,qasmbench/medium/multiply_n13.qasm,13,14,0,8,QDG-no-MD,0.7142857142857143,1.0,0.0,1
QASMBench,multiply_n13,qasmbench/medium/multiply_n13.qasm,13,14,0,8,QDG-no-UED,0.7142857142857143,1.0,0.0,1
QASMBench,multiply_n13,qasmbench/medium/multiply_n13.qasm,13,14,0,8,QDG-no-CD,0.7142857142857143,1.0,0.0,1
QASMBench,multiply_n13,qasmbench/medium/multiply_n13.qasm,13,14,0,8,Classical PDG,0.14285714285714285,1.0,0.0,1
QASMBench,multiply_n13,qasmbench/medium/multiply_n13.qasm,13,14,0,8,Causal-cone,0.7142857142857143,1.0,0.0,1
QASMBench,multiply_n13,qasmbench/medium/multiply_n13.qasm,13,14,0,9,QSlice-full,0.7857142857142857,1.0,0.0,1
QASMBench,multiply_n13,qasmbench/medium/multiply_n13.qasm,13,14,0,9,QDG-no-ED,0.14285714285714285,0.0,1.0,0
QASMBench,multiply_n13,qasmbench/medium/multiply_n13.qasm,13,14,0,9,QDG-no-MD,0.7857142857142857,1.0,0.0,1
QASMBench,multiply_n13,qasmbench/medium/multiply_n13.qasm,13,14,0,9,QDG-no-UED,0.7857142857142857,1.0,0.0,1
QASMBench,multiply_n13,qasmbench/medium/multiply_n13.qasm,13,14,0,9,QDG-no-CD,0.7857142857142857,1.0,0.0,1
QASMBench,multiply_n13,qasmbench/medium/multiply_n13.qasm,13,14,0,9,Classical PDG,0.14285714285714285,0.0,1.0,0
QASMBench,multiply_n13,qasmbench/medium/multiply_n13.qasm,13,14,0,9,Causal-cone,0.7857142857142857,1.0,0.0,1
QASMBench,multiply_n13,qasmbench/medium/multiply_n13.qasm,13,14,0,10,QSlice-full,0.7142857142857143,1.0,0.0,1
QASMBench,multiply_n13,qasmbench/medium/multiply_n13.qasm,13,14,0,10,QDG-no-ED,0.07142857142857142,0.0,1.0,0
QASMBench,multiply_n13,qasmbench/medium/multiply_n13.qasm,13,14,0,10,QDG-no-MD,0.7142857142857143,1.0,0.0,1
QASMBench,multiply_n13,qasmbench/medium/multiply_n13.qasm,13,14,0,10,QDG-no-UED,0.7142857142857143,1.0,0.0,1
QASMBench,multiply_n13,qasmbench/medium/multiply_n13.qasm,13,14,0,10,QDG-no-CD,0.7142857142857143,1.0,0.0,1
QASMBench,multiply_n13,qasmbench/medium/multiply_n13.qasm,13,14,0,10,Classical PDG,0.07142857142857142,0.0,1.0,0
QASMBench,multiply_n13,qasmbench/medium/multiply_n13.qasm,13,14,0,10,Causal-cone,0.7142857142857143,1.0,0.0,1
QASMBench,multiply_n13,qasmbench/medium/multiply_n13.qasm,13,14,0,11,QSlice-full,0.8571428571428571,1.0,0.0,1
QASMBench,multiply_n13,qasmbench/medium/multiply_n13.qasm,13,14,0,11,QDG-no-ED,0.14285714285714285,0.0,1.0,0
QASMBench,multiply_n13,qasmbench/medium/multiply_n13.qasm,13,14,0,11,QDG-no-MD,0.8571428571428571,1.0,0.0,1
QASMBench,multiply_n13,qasmbench/medium/multiply_n13.qasm,13,14,0,11,QDG-no-UED,0.8571428571428571,1.0,0.0,1
QASMBench,multiply_n13,qasmbench/medium/multiply_n13.qasm,13,14,0,11,QDG-no-CD,0.8571428571428571,1.0,0.0,1
QASMBench,multiply_n13,qasmbench/medium/multiply_n13.qasm,13,14,0,11,Classical PDG,0.14285714285714285,0.0,1.0,0
QASMBench,multiply_n13,qasmbench/medium/multiply_n13.qasm,13,14,0,11,Causal-cone,0.8571428571428571,1.0,0.0,1
QASMBench,multiply_n13,qasmbench/medium/multiply_n13.qasm,13,14,0,12,QSlice-full,0.7857142857142857,1.0,0.0,1
QASMBench,multiply_n13,qasmbench/medium/multiply_n13.qasm,13,14,0,12,QDG-no-ED,0.14285714285714285,0.0,1.0,0
QASMBench,multiply_n13,qasmbench/medium/multiply_n13.qasm,13,14,0,12,QDG-no-MD,0.7857142857142857,1.0,0.0,1
QASMBench,multiply_n13,qasmbench/medium/multiply_n13.qasm,13,14,0,12,QDG-no-UED,0.7857142857142857,1.0,0.0,1
QASMBench,multiply_n13,qasmbench/medium/multiply_n13.qasm,13,14,0,12,QDG-no-CD,0.7857142857142857,1.0,0.0,1
QASMBench,multiply_n13,qasmbench/medium/multiply_n13.qasm,13,14,0,12,Classical PDG,0.14285714285714285,0.0,1.0,0
QASMBench,multiply_n13,qasmbench/medium/multiply_n13.qasm,13,14,0,12,Causal-cone,0.7857142857142857,1.0,0.0,1
QASMBench,bv_n14,qasmbench/medium/bv_n14.qasm,14,41,0,0,QSlice-full,0.34146341463414637,0.9999999999999934,9.439948399111692e-16,1
QASMBench,bv_n14,qasmbench/medium/bv_n14.qasm,14,41,0,0,QDG-no-ED,0.07317073170731707,0.49999999999999767,0.4999999999999979,0
QASMBench,bv_n14,qasmbench/medium/bv_n14.qasm,14,41,0,0,QDG-no-MD,0.34146341463414637,0.9999999999999934,9.439948399111692e-16,1
QASMBench,bv_n14,qasmbench/medium/bv_n14.qasm,14,41,0,0,QDG-no-UED,0.3170731707317073,1.6504374776789748e-34,0.9999999999999967,0
QASMBench,bv_n14,qasmbench/medium/bv_n14.qasm,14,41,0,0,QDG-no-CD,0.34146341463414637,0.9999999999999934,9.439948399111692e-16,1
QASMBench,bv_n14,qasmbench/medium/bv_n14.qasm,14,41,0,0,Classical PDG,0.07317073170731707,0.49999999999999767,0.4999999999999979,0
QASMBench,bv_n14,qasmbench/medium/bv_n14.qasm,14,41,0,0,Causal-cone,0.34146341463414637,0.9999999999999934,9.439948399111692e-16,1
QASMBench,bv_n14,qasmbench/medium/bv_n14.qasm,14,41,0,1,QSlice-full,0.36585365853658536,0.9999999999999934,9.448094015453444e-16,1
QASMBench,bv_n14,qasmbench/medium/bv_n14.qasm,14,41,0,1,QDG-no-ED,0.07317073170731707,0.49999999999999767,0.4999999999999979,0
QASMBench,bv_n14,qasmbench/medium/bv_n14.qasm,14,41,0,1,QDG-no-MD,0.36585365853658536,0.9999999999999934,9.448094015453444e-16,1
QASMBench,bv_n14,qasmbench/medium/bv_n14.qasm,14,41,0,1,QDG-no-UED,0.34146341463414637,8.34440077640607e-35,0.9999999999999967,0
QASMBench,bv_n14,qasmbench/medium/bv_n14.qasm,14,41,0,1,QDG-no-CD,0.36585365853658536,0.9999999999999934,9.448094015453444e-16,1
QASMBench,bv_n14,qasmbench/medium/bv_n14.qasm,14,41,0,1,Classical PDG,0.07317073170731707,0.49999999999999767,0.4999999999999979,0
QASMBench,bv_n14,qasmbench/medium/bv_n14.qasm,14,41,0,1,Causal-cone,0.36585365853658536,0.9999999999999934,9.448094015453444e-16,1
QASMBench,bv_n14,qasmbench/medium/bv_n14.qasm,14,41,0,2,QSlice-full,0.3902439024390244,0.9999999999999934,9.436901133091849e-16,1
QASMBench,bv_n14,qasmbench/medium/bv_n14.qasm,14,41,0,2,QDG-no-ED,0.07317073170731707,0.49999999999999767,0.4999999999999979,0
QASMBench,bv_n14,qasmbench/medium/bv_n14.qasm,14,41,0,2,QDG-no-MD,0.3902439024390244,0.9999999999999934,9.436901133091849e-16,1
QASMBench,bv_n14,qasmbench/medium/bv_n14.qasm,14,41,0,2,QDG-no-UED,0.36585365853658536,1.2845347773872833e-33,0.9999999999999967,0
QASMBench,bv_n14,qasmbench/medium/bv_n14.qasm,14,41,0,2,QDG-no-CD,0.3902439024390244,0.9999999999999934,9.436901133091849e-16,1
QASMBench,bv_n14,qasmbench/medium/bv_n14.qasm,14,41,0,2,Classical PDG,0.07317073170731707,0.49999999999999767,0.4999999999999979,0
QASMBench,bv_n14,qasmbench/medium/bv_n14.qasm,14,41,0,2,Causal-cone,0.3902439024390244,0.9999999999999934,9.436901133091849e-16,1
QASMBench,bv_n14,qasmbench/medium/bv_n14.qasm,14,41,0,3,QSlice-full,0.4146341463414634,0.9999999999999934,9.43785689314084e-16,1
QASMBench,bv_n14,qasmbench/medium/bv_n14.qasm,14,41,0,3,QDG-no-ED,0.07317073170731707,0.49999999999999767,0.4999999999999979,0
QASMBench,bv_n14,qasmbench/medium/bv_n14.qasm,14,41,0,3,QDG-no-MD,0.4146341463414634,0.9999999999999934,9.43785689314084e-16,1
QASMBench,bv_n14,qasmbench/medium/bv_n14.qasm,14,41,0,3,QDG-no-UED,0.3902439024390244,5.467604968898544e-34,0.9999999999999967,0
QASMBench,bv_n14,qasmbench/medium/bv_n14.qasm,14,41,0,3,QDG-no-CD,0.4146341463414634,0.9999999999999934,9.43785689314084e-16,1
QASMBench,bv_n14,qasmbench/medium/bv_n14.qasm,14,41,0,3,Classical PDG,0.07317073170731707,0.49999999999999767,0.4999999999999979,0
QASMBench,bv_n14,qasmbench/medium/bv_n14.qasm,14,41,0,3,Causal-cone,0.4146341463414634,0.9999999999999934,9.43785689314084e-16,1
QASMBench,bv_n14,qasmbench/medium/bv_n14.qasm,14,41,0,4,QSlice-full,0.43902439024390244,0.9999999999999934,9.442850364597675e-16,1
QASMBench,bv_n14,qasmbench/medium/bv_n14.qasm,14,41,0,4,QDG-no-ED,0.07317073170731707,0.49999999999999767,0.4999999999999979,0
QASMBench,bv_n14,qasmbench/medium/bv_n14.qasm,14,41,0,4,QDG-no-MD,0.43902439024390244,0.9999999999999934,9.442850364597675e-16,1
QASMBench,bv_n14,qasmbench/medium/bv_n14.qasm,14,41,0,4,QDG-no-UED,0.4146341463414634,1.1040518171936125e-35,0.9999999999999967,0
QASMBench,bv_n14,qasmbench/medium/bv_n14.qasm,14,41,0,4,QDG-no-CD,0.43902439024390244,0.9999999999999934,9.442850364597675e-16,1
QASMBench,bv_n14,qasmbench/medium/bv_n14.qasm,14,41,0,4,Classical PDG,0.07317073170731707,0.49999999999999767,0.4999999999999979,0
QASMBench,bv_n14,qasmbench/medium/bv_n14.qasm,14,41,0,4,Causal-cone,0.43902439024390244,0.9999999999999934,9.442850364597675e-16,1
QASMBench,bv_n14,qasmbench/medium/bv_n14.qasm,14,41,0,5,QSlice-full,0.7073170731707317,0.9999999999999957,2.053950374135059e-15,1
QASMBench,bv_n14,qasmbench/medium/bv_n14.qasm,14,41,0,5,QDG-no-ED,0.07317073170731707,0.49999999999999767,0.4999999999999979,0
QASMBench,bv_n14,qasmbench/medium/bv_n14.qasm,14,41,0,5,QDG-no-MD,0.7073170731707317,0.9999999999999957,2.053950374135059e-15,1
QASMBench,bv_n14,qasmbench/medium/bv_n14.qasm,14,41,0,5,QDG-no-UED,0.7073170731707317,0.9999999999999957,2.053950374135059e-15,1
QASMBench,bv_n14,qasmbench/medium/bv_n14.qasm,14,41,0,5,QDG-no-CD,0.7073170731707317,0.9999999999999957,2.053950374135059e-15,1
QASMBench,bv_n14,qasmbench/medium/bv_n14.qasm,14,41,0,5,Classical PDG,0.07317073170731707,0.49999999999999767,0.4999999999999979,0
QASMBench,bv_n14,qasmbench/medium/bv_n14.qasm,14,41,0,5,Causal-cone,0.7073170731707317,0.9999999999999957,2.053950374135059e-15,1
QASMBench,bv_n14,qasmbench/medium/bv_n14.qasm,14,41,0,6,QSlice-full,0.7073170731707317,0.9999999999999957,2.0539567598309378e-15,1
QASMBench,bv_n14,qasmbench/medium/bv_n14.qasm,14,41,0,6,QDG-no-ED,0.07317073170731707,0.49999999999999767,0.4999999999999979,0
QASMBench,bv_n14,qasmbench/medium/bv_n14.qasm,14,41,0,6,QDG-no-MD,0.7073170731707317,0.9999999999999957,2.0539567598309378e-15,1
QASMBench,bv_n14,qasmbench/medium/bv_n14.qasm,14,41,0,6,QDG-no-UED,0.7073170731707317,0.9999999999999957,2.0539567598309378e-15,1
QASMBench,bv_n14,qasmbench/medium/bv_n14.qasm,14,41,0,6,QDG-no-CD,0.7073170731707317,0.9999999999999957,2.0539567598309378e-15,1
QASMBench,bv_n14,qasmbench/medium/bv_n14.qasm,14,41,0,6,Classical PDG,0.07317073170731707,0.49999999999999767,0.4999999999999979,0
QASMBench,bv_n14,qasmbench/medium/bv_n14.qasm,14,41,0,6,Causal-cone,0.7073170731707317,0.9999999999999957,2.0539567598309378e-15,1
QASMBench,bv_n14,qasmbench/medium/bv_n14.qasm,14,41,0,7,QSlice-full,0.7073170731707317,0.9999999999999957,2.0540105552604558e-15,1
QASMBench,bv_n14,qasmbench/medium/bv_n14.qasm,14,41,0,7,QDG-no-ED,0.07317073170731707,0.49999999999999767,0.4999999999999979,0
QASMBench,bv_n14,qasmbench/medium/bv_n14.qasm,14,41,0,7,QDG-no-MD,0.7073170731707317,0.9999999999999957,2.0540105552604558e-15,1
QASMBench,bv_n14,qasmbench/medium/bv_n14.qasm,14,41,0,7,QDG-no-UED,0.7073170731707317,0.9999999999999957,2.0540105552604558e-15,1
QASMBench,bv_n14,qasmbench/medium/bv_n14.qasm,14,41,0,7,QDG-no-CD,0.7073170731707317,0.9999999999999957,2.0540105552604558e-15,1
QASMBench,bv_n14,qasmbench/medium/bv_n14.qasm,14,41,0,7,Classical PDG,0.07317073170731707,0.49999999999999767,0.4999999999999979,0
QASMBench,bv_n14,qasmbench/medium/bv_n14.qasm,14,41,0,7,Causal-cone,0.7073170731707317,0.9999999999999957,2.0540105552604558e-15,1
QASMBench,bv_n14,qasmbench/medium/bv_n14.qasm,14,41,0,8,QSlice-full,0.6097560975609756,0.9999999999999957,2.0540009231557336e-15,1
QASMBench,bv_n14,qasmbench/medium/bv_n14.qasm,14,41,0,8,QDG-no-ED,0.07317073170731707,0.49999999999999767,0.4999999999999979,0
QASMBench,bv_n14,qasmbench/medium/bv_n14.qasm,14,41,0,8,QDG-no-MD,0.6097560975609756,0.9999999999999957,2.0540009231557336e-15,1
QASMBench,bv_n14,qasmbench/medium/bv_n14.qasm,14,41,0,8,QDG-no-UED,0.6097560975609756,0.9999999999999957,2.0540009231557336e-15,1
QASMBench,bv_n14,qasmbench/medium/bv_n14.qasm,14,41,0,8,QDG-no-CD,0.6097560975609756,0.9999999999999957,2.0540009231557336e-15,1
QASMBench,bv_n14,qasmbench/medium/bv_n14.qasm,14,41,0,8,Classical PDG,0.07317073170731707,0.49999999999999767,0.4999999999999979,0
QASMBench,bv_n14,qasmbench/medium/bv_n14.qasm,14,41,0,8,Causal-cone,0.6097560975609756,0.9999999999999957,2.0540009231557336e-15,1
QASMBench,bv_n14,qasmbench/medium/bv_n14.qasm,14,41,0,9,QSlice-full,0.6341463414634146,0.9999999999999957,2.0539146901391395e-15,1
QASMBench,bv_n14,qasmbench/medium/bv_n14.qasm,14,41,0,9,QDG-no-ED,0.07317073170731707,0.49999999999999767,0.4999999999999979,0
QASMBench,bv_n14,qasmbench/medium/bv_n14.qasm,14,41,0,9,QDG-no-MD,0.6341463414634146,0.9999999999999957,2.0539146901391395e-15,1
QASMBench,bv_n14,qasmbench/medium/bv_n14.qasm,14,41,0,9,QDG-no-UED,0.6341463414634146,0.9999999999999957,2.0539146901391395e-15,1
QASMBench,bv_n14,qasmbench/medium/bv_n14.qasm,14,41,0,9,QDG-no-CD,0.6341463414634146,0.9999999999999957,2.0539146901391395e-15,1
QASMBench,bv_n14,qasmbench/medium/bv_n14.qasm,14,41,0,9,Classical PDG,0.07317073170731707,0.49999999999999767,0.4999999999999979,0
QASMBench,bv_n14,qasmbench/medium/bv_n14.qasm,14,41,0,9,Causal-cone,0.6341463414634146,0.9999999999999957,2.0539146901391395e-15,1
QASMBench,bv_n14,qasmbench/medium/bv_n14.qasm,14,41,0,10,QSlice-full,0.6585365853658537,0.9999999999999957,2.0539163842895494e-15,1
QASMBench,bv_n14,qasmbench/medium/bv_n14.qasm,14,41,0,10,QDG-no-ED,0.07317073170731707,0.49999999999999767,0.4999999999999979,0
QASMBench,bv_n14,qasmbench/medium/bv_n14.qasm,14,41,0,10,QDG-no-MD,0.6585365853658537,0.9999999999999957,2.0539163842895494e-15,1
QASMBench,bv_n14,qasmbench/medium/bv_n14.qasm,14,41,0,10,QDG-no-UED,0.6585365853658537,0.9999999999999957,2.0539163842895494e-15,1
QASMBench,bv_n14,qasmbench/medium/bv_n14.qasm,14,41,0,10,QDG-no-CD,0.6585365853658537,0.9999999999999957,2.0539163842895494e-15,1
QASMBench,bv_n14,qasmbench/medium/bv_n14.qasm,14,41,0,10,Classical PDG,0.07317073170731707,0.49999999999999767,0.4999999999999979,0
QASMBench,bv_n14,qasmbench/medium/bv_n14.qasm,14,41,0,10,Causal-cone,0.6585365853658537,0.9999999999999957,2.0539163842895494e-15,1
QASMBench,bv_n14,qasmbench/medium/bv_n14.qasm,14,41,0,11,QSlice-full,0.6829268292682927,0.9999999999999957,2.054125650089796e-15,1
QASMBench,bv_n14,qasmbench/medium/bv_n14.qasm,14,41,0,11,QDG-no-ED,0.07317073170731707,0.49999999999999767,0.4999999999999979,0
QASMBench,bv_n14,qasmbench/medium/bv_n14.qasm,14,41,0,11,QDG-no-MD,0.6829268292682927,0.9999999999999957,2.054125650089796e-15,1
QASMBench,bv_n14,qasmbench/medium/bv_n14.qasm,14,41,0,11,QDG-no-UED,0.6829268292682927,0.9999999999999957,2.054125650089796e-15,1
QASMBench,bv_n14,qasmbench/medium/bv_n14.qasm,14,41,0,11,QDG-no-CD,0.6829268292682927,0.9999999999999957,2.054125650089796e-15,1
QASMBench,bv_n14,qasmbench/medium/bv_n14.qasm,14,41,0,11,Classical PDG,0.07317073170731707,0.49999999999999767,0.4999999999999979,0
QASMBench,bv_n14,qasmbench/medium/bv_n14.qasm,14,41,0,11,Causal-cone,0.6829268292682927,0.9999999999999957,2.054125650089796e-15,1
QASMBench,bv_n14,qasmbench/medium/bv_n14.qasm,14,41,0,12,QSlice-full,0.7073170731707317,0.9999999999999957,2.054111327313618e-15,1
QASMBench,bv_n14,qasmbench/medium/bv_n14.qasm,14,41,0,12,QDG-no-ED,0.07317073170731707,0.49999999999999767,0.4999999999999979,0
QASMBench,bv_n14,qasmbench/medium/bv_n14.qasm,14,41,0,12,QDG-no-MD,0.7073170731707317,0.9999999999999957,2.054111327313618e-15,1
QASMBench,bv_n14,qasmbench/medium/bv_n14.qasm,14,41,0,12,QDG-no-UED,0.7073170731707317,0.9999999999999957,2.054111327313618e-15,1
QASMBench,bv_n14,qasmbench/medium/bv_n14.qasm,14,41,0,12,QDG-no-CD,0.7073170731707317,0.9999999999999957,2.054111327313618e-15,1
QASMBench,bv_n14,qasmbench/medium/bv_n14.qasm,14,41,0,12,Classical PDG,0.07317073170731707,0.49999999999999767,0.4999999999999979,0
QASMBench,bv_n14,qasmbench/medium/bv_n14.qasm,14,41,0,12,Causal-cone,0.7073170731707317,0.9999999999999957,2.054111327313618e-15,1
QASMBench,bv_n14,qasmbench/medium/bv_n14.qasm,14,41,0,13,QSlice-full,0.6829268292682927,0.9999999999999957,2.0539125955565396e-15,1
QASMBench,bv_n14,qasmbench/medium/bv_n14.qasm,14,41,0,13,QDG-no-ED,0.36585365853658536,0.9999999999999956,1.9984014443252818e-15,1
QASMBench,bv_n14,qasmbench/medium/bv_n14.qasm,14,41,0,13,QDG-no-MD,0.6829268292682927,0.9999999999999957,2.0539125955565396e-15,1
QASMBench,bv_n14,qasmbench/medium/bv_n14.qasm,14,41,0,13,QDG-no-UED,0.6829268292682927,0.9999999999999957,2.0539125955565396e-15,1
QASMBench,bv_n14,qasmbench/medium/bv_n14.qasm,14,41,0,13,QDG-no-CD,0.6829268292682927,0.9999999999999957,2.0539125955565396e-15,1
QASMBench,bv_n14,qasmbench/medium/bv_n14.qasm,14,41,0,13,Classical PDG,0.36585365853658536,0.9999999999999956,1.9984014443252818e-15,1
QASMBench,bv_n14,qasmbench/medium/bv_n14.qasm,14,41,0,13,Causal-cone,0.6829268292682927,0.9999999999999957,2.0539125955565396e-15,1
MQT Bench,ghz_n3,mqtbench/ghz_n3.qasm,3,3,0,0,QSlice-full,1.0,0.9999999999999996,0.0,1
MQT Bench,ghz_n3,mqtbench/ghz_n3.qasm,3,3,0,0,QDG-no-ED,0.3333333333333333,0.4999999999999999,0.5,0
MQT Bench,ghz_n3,mqtbench/ghz_n3.qasm,3,3,0,0,QDG-no-MD,1.0,0.9999999999999996,0.0,1
MQT Bench,ghz_n3,mqtbench/ghz_n3.qasm,3,3,0,0,QDG-no-UED,1.0,0.9999999999999996,0.0,1
MQT Bench,ghz_n3,mqtbench/ghz_n3.qasm,3,3,0,0,QDG-no-CD,1.0,0.9999999999999996,0.0,1
MQT Bench,ghz_n3,mqtbench/ghz_n3.qasm,3,3,0,0,Classical PDG,0.3333333333333333,0.4999999999999999,0.5,0
MQT Bench,ghz_n3,mqtbench/ghz_n3.qasm,3,3,0,0,Causal-cone,1.0,0.9999999999999996,0.0,1
MQT Bench,ghz_n3,mqtbench/ghz_n3.qasm,3,3,0,1,QSlice-full,1.0,0.9999999999999996,0.0,1
MQT Bench,ghz_n3,mqtbench/ghz_n3.qasm,3,3,0,1,QDG-no-ED,0.6666666666666666,0.4999999999999999,0.5,0
MQT Bench,ghz_n3,mqtbench/ghz_n3.qasm,3,3,0,1,QDG-no-MD,1.0,0.9999999999999996,0.0,1
MQT Bench,ghz_n3,mqtbench/ghz_n3.qasm,3,3,0,1,QDG-no-UED,1.0,0.9999999999999996,0.0,1
MQT Bench,ghz_n3,mqtbench/ghz_n3.qasm,3,3,0,1,QDG-no-CD,1.0,0.9999999999999996,0.0,1
MQT Bench,ghz_n3,mqtbench/ghz_n3.qasm,3,3,0,1,Classical PDG,0.6666666666666666,0.4999999999999999,0.5,0
MQT Bench,ghz_n3,mqtbench/ghz_n3.qasm,3,3,0,1,Causal-cone,1.0,0.9999999999999996,0.0,1
MQT Bench,ghz_n3,mqtbench/ghz_n3.qasm,3,3,0,2,QSlice-full,0.6666666666666666,0.9999999999999996,0.0,1
MQT Bench,ghz_n3,mqtbench/ghz_n3.qasm,3,3,0,2,QDG-no-ED,0.6666666666666666,0.9999999999999996,0.0,1
MQT Bench,ghz_n3,mqtbench/ghz_n3.qasm,3,3,0,2,QDG-no-MD,0.6666666666666666,0.9999999999999996,0.0,1
MQT Bench,ghz_n3,mqtbench/ghz_n3.qasm,3,3,0,2,QDG-no-UED,0.6666666666666666,0.9999999999999996,0.0,1
MQT Bench,ghz_n3,mqtbench/ghz_n3.qasm,3,3,0,2,QDG-no-CD,0.6666666666666666,0.9999999999999996,0.0,1
MQT Bench,ghz_n3,mqtbench/ghz_n3.qasm,3,3,0,2,Classical PDG,0.6666666666666666,0.9999999999999996,0.0,1
MQT Bench,ghz_n3,mqtbench/ghz_n3.qasm,3,3,0,2,Causal-cone,0.6666666666666666,0.9999999999999996,0.0,1
MQT Bench,grover_n3,mqtbench/grover_n3.qasm,3,4,0,0,QSlice-full,1.0,0.9999999999999973,0.0,1
MQT Bench,grover_n3,mqtbench/grover_n3.qasm,3,4,0,0,QDG-no-ED,0.5,0.4999999999999988,0.7071067811865467,0
MQT Bench,grover_n3,mqtbench/grover_n3.qasm,3,4,0,0,QDG-no-MD,1.0,0.9999999999999973,0.0,1
MQT Bench,grover_n3,mqtbench/grover_n3.qasm,3,4,0,0,QDG-no-UED,1.0,0.9999999999999973,0.0,1
MQT Bench,grover_n3,mqtbench/grover_n3.qasm,3,4,0,0,QDG-no-CD,1.0,0.9999999999999973,0.0,1
MQT Bench,grover_n3,mqtbench/grover_n3.qasm,3,4,0,0,Classical PDG,0.5,0.4999999999999988,0.7071067811865467,0
MQT Bench,grover_n3,mqtbench/grover_n3.qasm,3,4,0,0,Causal-cone,1.0,0.9999999999999973,0.0,1
MQT Bench,grover_n3,mqtbench/grover_n3.qasm,3,4,0,1,QSlice-full,1.0,0.9999999999999973,0.0,1
MQT Bench,grover_n3,mqtbench/grover_n3.qasm,3,4,0,1,QDG-no-ED,0.5,0.4999999999999988,0.7071067811865467,0
MQT Bench,grover_n3,mqtbench/grover_n3.qasm,3,4,0,1,QDG-no-MD,1.0,0.9999999999999973,0.0,1
MQT Bench,grover_n3,mqtbench/grover_n3.qasm,3,4,0,1,QDG-no-UED,1.0,0.9999999999999973,0.0,1
MQT Bench,grover_n3,mqtbench/grover_n3.qasm,3,4,0,1,QDG-no-CD,1.0,0.9999999999999973,0.0,1
MQT Bench,grover_n3,mqtbench/grover_n3.qasm,3,4,0,1,Classical PDG,0.5,0.4999999999999988,0.7071067811865467,0
MQT Bench,grover_n3,mqtbench/grover_n3.qasm,3,4,0,1,Causal-cone,1.0,0.9999999999999973,0.0,1
MQT Bench,grover_n3,mqtbench/grover_n3.qasm,3,4,0,2,QSlice-full,1.0,0.9999999999999973,0.0,1
MQT Bench,grover_n3,mqtbench/grover_n3.qasm,3,4,0,2,QDG-no-ED,0.5,0.9999999999999978,2.220446049250313e-16,1
MQT Bench,grover_n3,mqtbench/grover_n3.qasm,3,4,0,2,QDG-no-MD,1.0,0.9999999999999973,0.0,1
MQT Bench,grover_n3,mqtbench/grover_n3.qasm,3,4,0,2,QDG-no-UED,1.0,0.9999999999999973,0.0,1
MQT Bench,grover_n3,mqtbench/grover_n3.qasm,3,4,0,2,QDG-no-CD,1.0,0.9999999999999973,0.0,1
MQT Bench,grover_n3,mqtbench/grover_n3.qasm,3,4,0,2,Classical PDG,0.5,0.9999999999999978,2.220446049250313e-16,1
MQT Bench,grover_n3,mqtbench/grover_n3.qasm,3,4,0,2,Causal-cone,1.0,0.9999999999999973,0.0,1
MQT Bench,qftentangled_n3,mqtbench/qftentangled_n3.qasm,3,4,0,0,QSlice-full,1.0,0.9999999999999987,0.0,1
MQT Bench,qftentangled_n3,mqtbench/qftentangled_n3.qasm,3,4,0,0,QDG-no-ED,0.5,0.9267766952966359,0.1913417161825448,0
MQT Bench,qftentangled_n3,mqtbench/qftentangled_n3.qasm,3,4,0,0,QDG-no-MD,1.0,0.9999999999999987,0.0,1
MQT Bench,qftentangled_n3,mqtbench/qftentangled_n3.qasm,3,4,0,0,QDG-no-UED,1.0,0.9999999999999987,0.0,1
MQT Bench,qftentangled_n3,mqtbench/qftentangled_n3.qasm,3,4,0,0,QDG-no-CD,1.0,0.9999999999999987,0.0,1
MQT Bench,qftentangled_n3,mqtbench/qftentangled_n3.qasm,3,4,0,0,Classical PDG,0.5,0.9267766952966359,0.1913417161825448,0
MQT Bench,qftentangled_n3,mqtbench/qftentangled_n3.qasm,3,4,0,0,Causal-cone,1.0,0.9999999999999987,0.0,1
MQT Bench,qftentangled_n3,mqtbench/qftentangled_n3.qasm,3,4,0,1,QSlice-full,1.0,0.9999999999999987,0.0,1
MQT Bench,qftentangled_n3,mqtbench/qftentangled_n3.qasm,3,4,0,1,QDG-no-ED,0.75,0.7499999999999991,0.35355339059327356,0
MQT Bench,qftentangled_n3,mqtbench/qftentangled_n3.qasm,3,4,0,1,QDG-no-MD,1.0,0.9999999999999987,0.0,1
MQT Bench,qftentangled_n3,mqtbench/qftentangled_n3.qasm,3,4,0,1,QDG-no-UED,1.0,0.9999999999999987,0.0,1
MQT Bench,qftentangled_n3,mqtbench/qftentangled_n3.qasm,3,4,0,1,QDG-no-CD,1.0,0.9999999999999987,0.0,1
MQT Bench,qftentangled_n3,mqtbench/qftentangled_n3.qasm,3,4,0,1,Classical PDG,0.75,0.7499999999999991,0.35355339059327356,0
MQT Bench,qftentangled_n3,mqtbench/qftentangled_n3.qasm,3,4,0,1,Causal-cone,1.0,0.9999999999999987,0.0,1
MQT Bench,qftentangled_n3,mqtbench/qftentangled_n3.qasm,3,4,0,2,QSlice-full,1.0,0.9999999999999987,0.0,1
MQT Bench,qftentangled_n3,mqtbench/qftentangled_n3.qasm,3,4,0,2,QDG-no-ED,0.75,0.49999999999999933,0.5972387912921923,0
MQT Bench,qftentangled_n3,mqtbench/qftentangled_n3.qasm,3,4,0,2,QDG-no-MD,1.0,0.9999999999999987,0.0,1
MQT Bench,qftentangled_n3,mqtbench/qftentangled_n3.qasm,3,4,0,2,QDG-no-UED,1.0,0.9999999999999987,0.0,1
MQT Bench,qftentangled_n3,mqtbench/qftentangled_n3.qasm,3,4,0,2,QDG-no-CD,1.0,0.9999999999999987,0.0,1
MQT Bench,qftentangled_n3,mqtbench/qftentangled_n3.qasm,3,4,0,2,Classical PDG,0.75,0.49999999999999933,0.5972387912921923,0
MQT Bench,qftentangled_n3,mqtbench/qftentangled_n3.qasm,3,4,0,2,Causal-cone,1.0,0.9999999999999987,0.0,1
MQT Bench,bv_n3,mqtbench/bv_n3.qasm,3,6,0,0,QSlice-full,0.5,0.9999999999999991,2.220446049250313e-16,1
MQT Bench,bv_n3,mqtbench/bv_n3.qasm,3,6,0,0,QDG-no-ED,0.3333333333333333,0.9999999999999993,3.3306690738754696e-16,1
MQT Bench,bv_n3,mqtbench/bv_n3.qasm,3,6,0,0,QDG-no-MD,0.5,0.9999999999999991,2.220446049250313e-16,1
MQT Bench,bv_n3,mqtbench/bv_n3.qasm,3,6,0,0,QDG-no-UED,0.5,0.9999999999999991,2.220446049250313e-16,1
MQT Bench,bv_n3,mqtbench/bv_n3.qasm,3,6,0,0,QDG-no-CD,0.5,0.9999999999999991,2.220446049250313e-16,1
MQT Bench,bv_n3,mqtbench/bv_n3.qasm,3,6,0,0,Classical PDG,0.3333333333333333,0.9999999999999993,3.3306690738754696e-16,1
MQT Bench,bv_n3,mqtbench/bv_n3.qasm,3,6,0,0,Causal-cone,0.5,0.9999999999999991,2.220446049250313e-16,1
MQT Bench,bv_n3,mqtbench/bv_n3.qasm,3,6,0,1,QSlice-full,0.3333333333333333,0.9999999999999989,1.2384964473655068e-16,1
MQT Bench,bv_n3,mqtbench/bv_n3.qasm,3,6,0,1,QDG-no-ED,0.3333333333333333,0.9999999999999989,1.2384964473655068e-16,1
MQT Bench,bv_n3,mqtbench/bv_n3.qasm,3,6,0,1,QDG-no-MD,0.3333333333333333,0.9999999999999989,1.2384964473655068e-16,1
MQT Bench,bv_n3,mqtbench/bv_n3.qasm,3,6,0,1,QDG-no-UED,0.3333333333333333,0.9999999999999989,1.2384964473655068e-16,1
MQT Bench,bv_n3,mqtbench/bv_n3.qasm,3,6,0,1,QDG-no-CD,0.3333333333333333,0.9999999999999989,1.2384964473655068e-16,1
MQT Bench,bv_n3,mqtbench/bv_n3.qasm,3,6,0,1,Classical PDG,0.3333333333333333,0.9999999999999989,1.2384964473655068e-16,1
MQT Bench,bv_n3,mqtbench/bv_n3.qasm,3,6,0,1,Causal-cone,0.3333333333333333,0.9999999999999989,1.2384964473655068e-16,1
MQT Bench,bv_n3,mqtbench/bv_n3.qasm,3,6,0,2,QSlice-full,0.6666666666666666,0.9999999999999989,1.133783550111387e-16,1
MQT Bench,bv_n3,mqtbench/bv_n3.qasm,3,6,0,2,QDG-no-ED,0.5,4.730109381834785e-34,0.9999999999999994,0
MQT Bench,bv_n3,mqtbench/bv_n3.qasm,3,6,0,2,QDG-no-MD,0.6666666666666666,0.9999999999999989,1.133783550111387e-16,1
MQT Bench,bv_n3,mqtbench/bv_n3.qasm,3,6,0,2,QDG-no-UED,0.6666666666666666,0.9999999999999989,1.133783550111387e-16,1
MQT Bench,bv_n3,mqtbench/bv_n3.qasm,3,6,0,2,QDG-no-CD,0.6666666666666666,0.9999999999999989,1.133783550111387e-16,1
MQT Bench,bv_n3,mqtbench/bv_n3.qasm,3,6,0,2,Classical PDG,0.5,4.730109381834785e-34,0.9999999999999994,0
MQT Bench,bv_n3,mqtbench/bv_n3.qasm,3,6,0,2,Causal-cone,0.6666666666666666,0.9999999999999989,1.133783550111387e-16,1
MQT Bench,dj_n3,mqtbench/dj_n3.qasm,3,7,0,0,QSlice-full,0.8571428571428571,0.9999999999999987,1.1102230246251565e-16,1
MQT Bench,dj_n3,mqtbench/dj_n3.qasm,3,7,0,0,QDG-no-ED,0.42857142857142855,0.4999999999999994,0.4999999999999996,0
MQT Bench,dj_n3,mqtbench/dj_n3.qasm,3,7,0,0,QDG-no-MD,0.8571428571428571,0.9999999999999987,1.1102230246251565e-16,1
MQT Bench,dj_n3,mqtbench/dj_n3.qasm,3,7,0,0,QDG-no-UED,0.7142857142857143,1.5491712078290766e-36,0.9999999999999993,0
MQT Bench,dj_n3,mqtbench/dj_n3.qasm,3,7,0,0,QDG-no-CD,0.8571428571428571,0.9999999999999987,1.1102230246251565e-16,1
MQT Bench,dj_n3,mqtbench/dj_n3.qasm,3,7,0,0,Classical PDG,0.42857142857142855,0.4999999999999994,0.4999999999999996,0
MQT Bench,dj_n3,mqtbench/dj_n3.qasm,3,7,0,0,Causal-cone,0.8571428571428571,0.9999999999999987,1.1102230246251565e-16,1
MQT Bench,dj_n3,mqtbench/dj_n3.qasm,3,7,0,1,QSlice-full,1.0,0.9999999999999984,0.0,1
MQT Bench,dj_n3,mqtbench/dj_n3.qasm,3,7,0,1,QDG-no-ED,0.42857142857142855,0.4999999999999994,0.4999999999999996,0
MQT Bench,dj_n3,mqtbench/dj_n3.qasm,3,7,0,1,QDG-no-MD,1.0,0.9999999999999984,0.0,1
MQT Bench,dj_n3,mqtbench/dj_n3.qasm,3,7,0,1,QDG-no-UED,0.8571428571428571,3.6284213880533433e-34,0.9999999999999992,0
MQT Bench,dj_n3,mqtbench/dj_n3.qasm,3,7,0,1,QDG-no-CD,1.0,0.9999999999999984,0.0,1
MQT Bench,dj_n3,mqtbench/dj_n3.qasm,3,7,0,1,Classical PDG,0.42857142857142855,0.4999999999999994,0.4999999999999996,0
MQT Bench,dj_n3,mqtbench/dj_n3.qasm,3,7,0,1,Causal-cone,1.0,0.9999999999999984,0.0,1
MQT Bench,dj_n3,mqtbench/dj_n3.qasm,3,7,0,2,QSlice-full,0.7142857142857143,0.9999999999999988,1.6653345369377348e-16,1
MQT Bench,dj_n3,mqtbench/dj_n3.qasm,3,7,0,2,QDG-no-ED,0.42857142857142855,0.999999999999999,2.7755575615628914e-16,1
MQT Bench,dj_n3,mqtbench/dj_n3.qasm,3,7,0,2,QDG-no-MD,0.7142857142857143,0.9999999999999988,1.6653345369377348e-16,1
MQT Bench,dj_n3,mqtbench/dj_n3.qasm,3,7,0,2,QDG-no-UED,0.7142857142857143,0.9999999999999988,1.6653345369377348e-16,1
MQT Bench,dj_n3,mqtbench/dj_n3.qasm,3,7,0,2,QDG-no-CD,0.7142857142857143,0.9999999999999988,1.6653345369377348e-16,1
MQT Bench,dj_n3,mqtbench/dj_n3.qasm,3,7,0,2,Classical PDG,0.42857142857142855,0.999999999999999,2.7755575615628914e-16,1
MQT Bench,dj_n3,mqtbench/dj_n3.qasm,3,7,0,2,Causal-cone,0.7142857142857143,0.9999999999999988,1.6653345369377348e-16,1
MQT Bench,graphstate_n3,mqtbench/graphstate_n3.qasm,3,6,0,0,QSlice-full,0.8333333333333334,0.9999999999999991,0.0,1
MQT Bench,graphstate_n3,mqtbench/graphstate_n3.qasm,3,6,0,0,QDG-no-ED,0.5,0.49999999999999967,0.4999999999999999,0
MQT Bench,graphstate_n3,mqtbench/graphstate_n3.qasm,3,6,0,0,QDG-no-MD,0.8333333333333334,0.9999999999999991,0.0,1
MQT Bench,graphstate_n3,mqtbench/graphstate_n3.qasm,3,6,0,0,QDG-no-UED,0.8333333333333334,0.9999999999999991,0.0,1
MQT Bench,graphstate_n3,mqtbench/graphstate_n3.qasm,3,6,0,0,QDG-no-CD,0.8333333333333334,0.9999999999999991,0.0,1
MQT Bench,graphstate_n3,mqtbench/graphstate_n3.qasm,3,6,0,0,Classical PDG,0.5,0.49999999999999967,0.4999999999999999,0
MQT Bench,graphstate_n3,mqtbench/graphstate_n3.qasm,3,6,0,0,Causal-cone,0.8333333333333334,0.9999999999999991,0.0,1
MQT Bench,graphstate_n3,mqtbench/graphstate_n3.qasm,3,6,0,1,QSlice-full,1.0,0.9999999999999991,0.0,1
MQT Bench,graphstate_n3,mqtbench/graphstate_n3.qasm,3,6,0,1,QDG-no-ED,0.5,0.49999999999999967,0.4999999999999999,0
MQT Bench,graphstate_n3,mqtbench/graphstate_n3.qasm,3,6,0,1,QDG-no-MD,1.0,0.9999999999999991,0.0,1
MQT Bench,graphstate_n3,mqtbench/graphstate_n3.qasm,3,6,0,1,QDG-no-UED,1.0,0.9999999999999991,0.0,1
MQT Bench,graphstate_n3,mqtbench/graphstate_n3.qasm,3,6,0,1,QDG-no-CD,1.0,0.9999999999999991,0.0,1
MQT Bench,graphstate_n3,mqtbench/graphstate_n3.qasm,3,6,0,1,Classical PDG,0.5,0.49999999999999967,0.4999999999999999,0
MQT Bench,graphstate_n3,mqtbench/graphstate_n3.qasm,3,6,0,1,Causal-cone,1.0,0.9999999999999991,0.0,1
MQT Bench,graphstate_n3,mqtbench/graphstate_n3.qasm,3,6,0,2,QSlice-full,1.0,0.9999999999999991,0.0,1
MQT Bench,graphstate_n3,mqtbench/graphstate_n3.qasm,3,6,0,2,QDG-no-ED,0.5,0.49999999999999967,0.4999999999999999,0
MQT Bench,graphstate_n3,mqtbench/graphstate_n3.qasm,3,6,0,2,QDG-no-MD,1.0,0.9999999999999991,0.0,1
MQT Bench,graphstate_n3,mqtbench/graphstate_n3.qasm,3,6,0,2,QDG-no-UED,1.0,0.9999999999999991,0.0,1
MQT Bench,graphstate_n3,mqtbench/graphstate_n3.qasm,3,6,0,2,QDG-no-CD,1.0,0.9999999999999991,0.0,1
MQT Bench,graphstate_n3,mqtbench/graphstate_n3.qasm,3,6,0,2,Classical PDG,0.5,0.49999999999999967,0.4999999999999999,0
MQT Bench,graphstate_n3,mqtbench/graphstate_n3.qasm,3,6,0,2,Causal-cone,1.0,0.9999999999999991,0.0,1
MQT Bench,wstate_n3,mqtbench/wstate_n3.qasm,3,9,0,0,QSlice-full,1.0,1.0,0.0,1
MQT Bench,wstate_n3,mqtbench/wstate_n3.qasm,3,9,0,0,QDG-no-ED,0.4444444444444444,0.6666666666666666,0.33333333333333337,0
MQT Bench,wstate_n3,mqtbench/wstate_n3.qasm,3,9,0,0,QDG-no-MD,1.0,1.0,0.0,1
MQT Bench,wstate_n3,mqtbench/wstate_n3.qasm,3,9,0,0,QDG-no-UED,1.0,1.0,0.0,1
MQT Bench,wstate_n3,mqtbench/wstate_n3.qasm,3,9,0,0,QDG-no-CD,1.0,1.0,0.0,1
MQT Bench,wstate_n3,mqtbench/wstate_n3.qasm,3,9,0,0,Classical PDG,0.4444444444444444,0.6666666666666666,0.33333333333333337,0
MQT Bench,wstate_n3,mqtbench/wstate_n3.qasm,3,9,0,0,Causal-cone,1.0,1.0,0.0,1
MQT Bench,wstate_n3,mqtbench/wstate_n3.qasm,3,9,0,1,QSlice-full,1.0,1.0,0.0,1
MQT Bench,wstate_n3,mqtbench/wstate_n3.qasm,3,9,0,1,QDG-no-ED,0.6666666666666666,0.6666666666666666,0.33333333333333337,0
MQT Bench,wstate_n3,mqtbench/wstate_n3.qasm,3,9,0,1,QDG-no-MD,1.0,1.0,0.0,1
MQT Bench,wstate_n3,mqtbench/wstate_n3.qasm,3,9,0,1,QDG-no-UED,1.0,1.0,0.0,1
MQT Bench,wstate_n3,mqtbench/wstate_n3.qasm,3,9,0,1,QDG-no-CD,1.0,1.0,0.0,1
MQT Bench,wstate_n3,mqtbench/wstate_n3.qasm,3,9,0,1,Classical PDG,0.6666666666666666,0.6666666666666666,0.33333333333333337,0
MQT Bench,wstate_n3,mqtbench/wstate_n3.qasm,3,9,0,1,Causal-cone,1.0,1.0,0.0,1
MQT Bench,wstate_n3,mqtbench/wstate_n3.qasm,3,9,0,2,QSlice-full,0.8888888888888888,1.0,0.0,1
MQT Bench,wstate_n3,mqtbench/wstate_n3.qasm,3,9,0,2,QDG-no-ED,0.3333333333333333,0.3333333333333333,0.6666666666666667,0
MQT Bench,wstate_n3,mqtbench/wstate_n3.qasm,3,9,0,2,QDG-no-MD,0.8888888888888888,1.0,0.0,1
MQT Bench,wstate_n3,mqtbench/wstate_n3.qasm,3,9,0,2,QDG-no-UED,0.8888888888888888,1.0,0.0,1
MQT Bench,wstate_n3,mqtbench/wstate_n3.qasm,3,9,0,2,QDG-no-CD,0.8888888888888888,1.0,0.0,1
MQT Bench,wstate_n3,mqtbench/wstate_n3.qasm,3,9,0,2,Classical PDG,0.3333333333333333,0.3333333333333333,0.6666666666666667,0
MQT Bench,wstate_n3,mqtbench/wstate_n3.qasm,3,9,0,2,Causal-cone,0.8888888888888888,1.0,0.0,1
MQT Bench,ghz_n4,mqtbench/ghz_n4.qasm,4,4,0,0,QSlice-full,1.0,0.9999999999999996,0.0,1
MQT Bench,ghz_n4,mqtbench/ghz_n4.qasm,4,4,0,0,QDG-no-ED,0.25,0.4999999999999999,0.5,0
MQT Bench,ghz_n4,mqtbench/ghz_n4.qasm,4,4,0,0,QDG-no-MD,1.0,0.9999999999999996,0.0,1
MQT Bench,ghz_n4,mqtbench/ghz_n4.qasm,4,4,0,0,QDG-no-UED,1.0,0.9999999999999996,0.0,1
MQT Bench,ghz_n4,mqtbench/ghz_n4.qasm,4,4,0,0,QDG-no-CD,1.0,0.9999999999999996,0.0,1
MQT Bench,ghz_n4,mqtbench/ghz_n4.qasm,4,4,0,0,Classical PDG,0.25,0.4999999999999999,0.5,0
MQT Bench,ghz_n4,mqtbench/ghz_n4.qasm,4,4,0,0,Causal-cone,1.0,0.9999999999999996,0.0,1
MQT Bench,ghz_n4,mqtbench/ghz_n4.qasm,4,4,0,1,QSlice-full,1.0,0.9999999999999996,0.0,1
MQT Bench,ghz_n4,mqtbench/ghz_n4.qasm,4,4,0,1,QDG-no-ED,0.5,0.4999999999999999,0.5,0
MQT Bench,ghz_n4,mqtbench/ghz_n4.qasm,4,4,0,1,QDG-no-MD,1.0,0.9999999999999996,0.0,1
MQT Bench,ghz_n4,mqtbench/ghz_n4.qasm,4,4,0,1,QDG-no-UED,1.0,0.9999999999999996,0.0,1
MQT Bench,ghz_n4,mqtbench/ghz_n4.qasm,4,4,0,1,QDG-no-CD,1.0,0.9999999999999996,0.0,1
MQT Bench,ghz_n4,mqtbench/ghz_n4.qasm,4,4,0,1,Classical PDG,0.5,0.4999999999999999,0.5,0
MQT Bench,ghz_n4,mqtbench/ghz_n4.qasm,4,4,0,1,Causal-cone,1.0,0.9999999999999996,0.0,1
MQT Bench,ghz_n4,mqtbench/ghz_n4.qasm,4,4,0,2,QSlice-full,0.75,0.9999999999999996,0.0,1
MQT Bench,ghz_n4,mqtbench/ghz_n4.qasm,4,4,0,2,QDG-no-ED,0.5,0.4999999999999999,0.5,0
MQT Bench,ghz_n4,mqtbench/ghz_n4.qasm,4,4,0,2,QDG-no-MD,0.75,0.9999999999999996,0.0,1
MQT Bench,ghz_n4,mqtbench/ghz_n4.qasm,4,4,0,2,QDG-no-UED,0.75,0.9999999999999996,0.0,1
MQT Bench,ghz_n4,mqtbench/ghz_n4.qasm,4,4,0,2,QDG-no-CD,0.75,0.9999999999999996,0.0,1
MQT Bench,ghz_n4,mqtbench/ghz_n4.qasm,4,4,0,2,Classical PDG,0.5,0.4999999999999999,0.5,0
MQT Bench,ghz_n4,mqtbench/ghz_n4.qasm,4,4,0,2,Causal-cone,0.75,0.9999999999999996,0.0,1
MQT Bench,ghz_n4,mqtbench/ghz_n4.qasm,4,4,0,3,QSlice-full,0.5,0.9999999999999996,0.0,1
MQT Bench,ghz_n4,mqtbench/ghz_n4.qasm,4,4,0,3,QDG-no-ED,0.5,0.9999999999999996,0.0,1
MQT Bench,ghz_n4,mqtbench/ghz_n4.qasm,4,4,0,3,QDG-no-MD,0.5,0.9999999999999996,0.0,1
MQT Bench,ghz_n4,mqtbench/ghz_n4.qasm,4,4,0,3,QDG-no-UED,0.5,0.9999999999999996,0.0,1
MQT Bench,ghz_n4,mqtbench/ghz_n4.qasm,4,4,0,3,QDG-no-CD,0.5,0.9999999999999996,0.0,1
MQT Bench,ghz_n4,mqtbench/ghz_n4.qasm,4,4,0,3,Classical PDG,0.5,0.9999999999999996,0.0,1
MQT Bench,ghz_n4,mqtbench/ghz_n4.qasm,4,4,0,3,Causal-cone,0.5,0.9999999999999996,0.0,1
MQT Bench,grover_n4,mqtbench/grover_n4.qasm,4,6,0,0,QSlice-full,1.0,0.9999999999999849,0.0,1
MQT Bench,grover_n4,mqtbench/grover_n4.qasm,4,6,0,0,QDG-no-ED,0.5,0.43749999999999356,0.7322109071162438,0
MQT Bench,grover_n4,mqtbench/grover_n4.qasm,4,6,0,0,QDG-no-MD,1.0,0.9999999999999849,0.0,1
MQT Bench,grover_n4,mqtbench/grover_n4.qasm,4,6,0,0,QDG-no-UED,1.0,0.9999999999999849,0.0,1
MQT Bench,grover_n4,mqtbench/grover_n4.qasm,4,6,0,0,QDG-no-CD,1.0,0.9999999999999849,0.0,1
MQT Bench,grover_n4,mqtbench/grover_n4.qasm,4,6,0,0,Classical PDG,0.5,0.43749999999999356,0.7322109071162438,0
MQT Bench,grover_n4,mqtbench/grover_n4.qasm,4,6,0,0,Causal-cone,1.0,0.9999999999999849,0.0,1
MQT Bench,grover_n4,mqtbench/grover_n4.qasm,4,6,0,1,QSlice-full,1.0,0.9999999999999849,0.0,1
MQT Bench,grover_n4,mqtbench/grover_n4.qasm,4,6,0,1,QDG-no-ED,0.5,0.4375000017109422,0.7322109071162437,0
MQT Bench,grover_n4,mqtbench/grover_n4.qasm,4,6,0,1,QDG-no-MD,1.0,0.9999999999999849,0.0,1
MQT Bench,grover_n4,mqtbench/grover_n4.qasm,4,6,0,1,QDG-no-UED,1.0,0.9999999999999849,0.0,1
MQT Bench,grover_n4,mqtbench/grover_n4.qasm,4,6,0,1,QDG-no-CD,1.0,0.9999999999999849,0.0,1
MQT Bench,grover_n4,mqtbench/grover_n4.qasm,4,6,0,1,Classical PDG,0.5,0.4375000017109422,0.7322109071162437,0
MQT Bench,grover_n4,mqtbench/grover_n4.qasm,4,6,0,1,Causal-cone,1.0,0.9999999999999849,0.0,1
MQT Bench,grover_n4,mqtbench/grover_n4.qasm,4,6,0,2,QSlice-full,1.0,0.9999999999999849,0.0,1
MQT Bench,grover_n4,mqtbench/grover_n4.qasm,4,6,0,2,QDG-no-ED,0.5,0.4374999999999939,0.7322109071162437,0
MQT Bench,grover_n4,mqtbench/grover_n4.qasm,4,6,0,2,QDG-no-MD,1.0,0.9999999999999849,0.0,1
MQT Bench,grover_n4,mqtbench/grover_n4.qasm,4,6,0,2,QDG-no-UED,1.0,0.9999999999999849,0.0,1
MQT Bench,grover_n4,mqtbench/grover_n4.qasm,4,6,0,2,QDG-no-CD,1.0,0.9999999999999849,0.0,1
MQT Bench,grover_n4,mqtbench/grover_n4.qasm,4,6,0,2,Classical PDG,0.5,0.4374999999999939,0.7322109071162437,0
MQT Bench,grover_n4,mqtbench/grover_n4.qasm,4,6,0,2,Causal-cone,1.0,0.9999999999999849,0.0,1
MQT Bench,grover_n4,mqtbench/grover_n4.qasm,4,6,0,3,QSlice-full,1.0,0.9999999999999849,0.0,1
MQT Bench,grover_n4,mqtbench/grover_n4.qasm,4,6,0,3,QDG-no-ED,0.5,0.9999999999999862,8.27606370961919e-16,1
MQT Bench,grover_n4,mqtbench/grover_n4.qasm,4,6,0,3,QDG-no-MD,1.0,0.9999999999999849,0.0,1
MQT Bench,grover_n4,mqtbench/grover_n4.qasm,4,6,0,3,QDG-no-UED,1.0,0.9999999999999849,0.0,1
MQT Bench,grover_n4,mqtbench/grover_n4.qasm,4,6,0,3,QDG-no-CD,1.0,0.9999999999999849,0.0,1
MQT Bench,grover_n4,mqtbench/grover_n4.qasm,4,6,0,3,Classical PDG,0.5,0.9999999999999862,8.27606370961919e-16,1
MQT Bench,grover_n4,mqtbench/grover_n4.qasm,4,6,0,3,Causal-cone,1.0,0.9999999999999849,0.0,1
MQT Bench,qftentangled_n4,mqtbench/qftentangled_n4.qasm,4,5,0,0,QSlice-full,1.0,0.9999999999999982,0.0,1
MQT Bench,qftentangled_n4,mqtbench/qftentangled_n4.qasm,4,5,0,0,QDG-no-ED,0.4,0.9809698831278202,0.09754516100806412,0
MQT Bench,qftentangled_n4,mqtbench/qftentangled_n4.qasm,4,5,0,0,QDG-no-MD,1.0,0.9999999999999982,0.0,1
MQT Bench,qftentangled_n4,mqtbench/qftentangled_n4.qasm,4,5,0,0,QDG-no-UED,1.0,0.9999999999999982,0.0,1
MQT Bench,qftentangled_n4,mqtbench/qftentangled_n4.qasm,4,5,0,0,QDG-no-CD,1.0,0.9999999999999982,0.0,1
MQT Bench,qftentangled_n4,mqtbench/qftentangled_n4.qasm,4,5,0,0,Classical PDG,0.4,0.9809698831278202,0.09754516100806412,0
MQT Bench,qftentangled_n4,mqtbench/qftentangled_n4.qasm,4,5,0,0,Causal-cone,1.0,0.9999999999999982,0.0,1
MQT Bench,qftentangled_n4,mqtbench/qftentangled_n4.qasm,4,5,0,1,QSlice-full,1.0,0.9999999999999982,0.0,1
MQT Bench,qftentangled_n4,mqtbench/qftentangled_n4.qasm,4,5,0,1,QDG-no-ED,0.6,0.9267766952966354,0.19134171618254478,0
MQT Bench,qftentangled_n4,mqtbench/qftentangled_n4.qasm,4,5,0,1,QDG-no-MD,1.0,0.9999999999999982,0.0,1
MQT Bench,qftentangled_n4,mqtbench/qftentangled_n4.qasm,4,5,0,1,QDG-no-UED,1.0,0.9999999999999982,0.0,1
MQT Bench,qftentangled_n4,mqtbench/qftentangled_n4.qasm,4,5,0,1,QDG-no-CD,1.0,0.9999999999999982,0.0,1
MQT Bench,qftentangled_n4,mqtbench/qftentangled_n4.qasm,4,5,0,1,Classical PDG,0.6,0.9267766952966354,0.19134171618254478,0
MQT Bench,qftentangled_n4,mqtbench/qftentangled_n4.qasm,4,5,0,1,Causal-cone,1.0,0.9999999999999982,0.0,1
MQT Bench,qftentangled_n4,mqtbench/qftentangled_n4.qasm,4,5,0,2,QSlice-full,1.0,0.9999999999999982,0.0,1
MQT Bench,qftentangled_n4,mqtbench/qftentangled_n4.qasm,4,5,0,2,QDG-no-ED,0.6,0.7499999999999989,0.3535533905932735,0
MQT Bench,qftentangled_n4,mqtbench/qftentangled_n4.qasm,4,5,0,2,QDG-no-MD,1.0,0.9999999999999982,0.0,1
MQT Bench,qftentangled_n4,mqtbench/qftentangled_n4.qasm,4,5,0,2,QDG-no-UED,1.0,0.9999999999999982,0.0,1
MQT Bench,qftentangled_n4,mqtbench/qftentangled_n4.qasm,4,5,0,2,QDG-no-CD,1.0,0.9999999999999982,0.0,1
MQT Bench,qftentangled_n4,mqtbench/qftentangled_n4.qasm,4,5,0,2,Classical PDG,0.6,0.7499999999999989,0.3535533905932735,0
MQT Bench,qftentangled_n4,mqtbench/qftentangled_n4.qasm,4,5,0,2,Causal-cone,1.0,0.9999999999999982,0.0,1
MQT Bench,qftentangled_n4,mqtbench/qftentangled_n4.qasm,4,5,0,3,QSlice-full,1.0,0.9999999999999983,0.0,1
MQT Bench,qftentangled_n4,mqtbench/qftentangled_n4.qasm,4,5,0,3,QDG-no-ED,0.6,0.4999999999999993,0.5938294103774671,0
MQT Bench,qftentangled_n4,mqtbench/qftentangled_n4.qasm,4,5,0,3,QDG-no-MD,1.0,0.9999999999999983,0.0,1
MQT Bench,qftentangled_n4,mqtbench/qftentangled_n4.qasm,4,5,0,3,QDG-no-UED,1.0,0.9999999999999983,0.0,1
MQT Bench,qftentangled_n4,mqtbench/qftentangled_n4.qasm,4,5,0,3,QDG-no-CD,1.0,0.9999999999999983,0.0,1
MQT Bench,qftentangled_n4,mqtbench/qftentangled_n4.qasm,4,5,0,3,Classical PDG,0.6,0.4999999999999993,0.5938294103774671,0
MQT Bench,qftentangled_n4,mqtbench/qftentangled_n4.qasm,4,5,0,3,Causal-cone,1.0,0.9999999999999983,0.0,1
MQT Bench,bv_n4,mqtbench/bv_n4.qasm,4,8,0,0,QSlice-full,0.375,0.9999999999999989,3.3306690738754696e-16,1
MQT Bench,bv_n4,mqtbench/bv_n4.qasm,4,8,0,0,QDG-no-ED,0.25,0.9999999999999991,4.440892098500626e-16,1
MQT Bench,bv_n4,mqtbench/bv_n4.qasm,4,8,0,0,QDG-no-MD,0.375,0.9999999999999989,3.3306690738754696e-16,1
MQT Bench,bv_n4,mqtbench/bv_n4.qasm,4,8,0,0,QDG-no-UED,0.375,0.9999999999999989,3.3306690738754696e-16,1
MQT Bench,bv_n4,mqtbench/bv_n4.qasm,4,8,0,0,QDG-no-CD,0.375,0.9999999999999989,3.3306690738754696e-16,1
MQT Bench,bv_n4,mqtbench/bv_n4.qasm,4,8,0,0,Classical PDG,0.25,0.9999999999999991,4.440892098500626e-16,1
MQT Bench,bv_n4,mqtbench/bv_n4.qasm,4,8,0,0,Causal-cone,0.375,0.9999999999999989,3.3306690738754696e-16,1
MQT Bench,bv_n4,mqtbench/bv_n4.qasm,4,8,0,1,QSlice-full,0.25,0.9999999999999987,2.2323195630838056e-16,1
MQT Bench,bv_n4,mqtbench/bv_n4.qasm,4,8,0,1,QDG-no-ED,0.25,0.9999999999999987,2.2323195630838056e-16,1
MQT Bench,bv_n4,mqtbench/bv_n4.qasm,4,8,0,1,QDG-no-MD,0.25,0.9999999999999987,2.2323195630838056e-16,1
MQT Bench,bv_n4,mqtbench/bv_n4.qasm,4,8,0,1,QDG-no-UED,0.25,0.9999999999999987,2.2323195630838056e-16,1
MQT Bench,bv_n4,mqtbench/bv_n4.qasm,4,8,0,1,QDG-no-CD,0.25,0.9999999999999987,2.2323195630838056e-16,1
MQT Bench,bv_n4,mqtbench/bv_n4.qasm,4,8,0,1,Classical PDG,0.25,0.9999999999999987,2.2323195630838056e-16,1
MQT Bench,bv_n4,mqtbench/bv_n4.qasm,4,8,0,1,Causal-cone,0.25,0.9999999999999987,2.2323195630838056e-16,1
MQT Bench,bv_n4,mqtbench/bv_n4.qasm,4,8,0,2,QSlice-full,0.5,0.9999999999999987,2.2432369467241095e-16,1
MQT Bench,bv_n4,mqtbench/bv_n4.qasm,4,8,0,2,QDG-no-ED,0.375,1.6504374776789652e-34,0.9999999999999993,0
MQT Bench,bv_n4,mqtbench/bv_n4.qasm,4,8,0,2,QDG-no-MD,0.5,0.9999999999999987,2.2432369467241095e-16,1
MQT Bench,bv_n4,mqtbench/bv_n4.qasm,4,8,0,2,QDG-no-UED,0.5,0.9999999999999987,2.2432369467241095e-16,1
MQT Bench,bv_n4,mqtbench/bv_n4.qasm,4,8,0,2,QDG-no-CD,0.5,0.9999999999999987,2.2432369467241095e-16,1
MQT Bench,bv_n4,mqtbench/bv_n4.qasm,4,8,0,2,Classical PDG,0.375,1.6504374776789652e-34,0.9999999999999993,0
MQT Bench,bv_n4,mqtbench/bv_n4.qasm,4,8,0,2,Causal-cone,0.5,0.9999999999999987,2.2432369467241095e-16,1
MQT Bench,bv_n4,mqtbench/bv_n4.qasm,4,8,0,3,QSlice-full,0.25,0.9999999999999987,2.267567100222774e-16,1
MQT Bench,bv_n4,mqtbench/bv_n4.qasm,4,8,0,3,QDG-no-ED,0.25,0.9999999999999987,2.267567100222774e-16,1
MQT Bench,bv_n4,mqtbench/bv_n4.qasm,4,8,0,3,QDG-no-MD,0.25,0.9999999999999987,2.267567100222774e-16,1
MQT Bench,bv_n4,mqtbench/bv_n4.qasm,4,8,0,3,QDG-no-UED,0.25,0.9999999999999987,2.267567100222774e-16,1
MQT Bench,bv_n4,mqtbench/bv_n4.qasm,4,8,0,3,QDG-no-CD,0.25,0.9999999999999987,2.267567100222774e-16,1
MQT Bench,bv_n4,mqtbench/bv_n4.qasm,4,8,0,3,Classical PDG,0.25,0.9999999999999987,2.267567100222774e-16,1
MQT Bench,bv_n4,mqtbench/bv_n4.qasm,4,8,0,3,Causal-cone,0.25,0.9999999999999987,2.267567100222774e-16,1
MQT Bench,dj_n4,mqtbench/dj_n4.qasm,4,9,0,0,QSlice-full,0.7777777777777778,0.9999999999999981,1.6653345369377348e-16,1
MQT Bench,dj_n4,mqtbench/dj_n4.qasm,4,9,0,0,QDG-no-ED,0.3333333333333333,0.4999999999999992,0.49999999999999944,0
MQT Bench,dj_n4,mqtbench/dj_n4.qasm,4,9,0,0,QDG-no-MD,0.7777777777777778,0.9999999999999981,1.6653345369377348e-16,1
MQT Bench,dj_n4,mqtbench/dj_n4.qasm,4,9,0,0,QDG-no-UED,0.6666666666666666,3.6284213880533416e-34,0.9999999999999991,0
MQT Bench,dj_n4,mqtbench/dj_n4.qasm,4,9,0,0,QDG-no-CD,0.7777777777777778,0.9999999999999981,1.6653345369377348e-16,1
MQT Bench,dj_n4,mqtbench/dj_n4.qasm,4,9,0,0,Classical PDG,0.3333333333333333,0.4999999999999992,0.49999999999999944,0
MQT Bench,dj_n4,mqtbench/dj_n4.qasm,4,9,0,0,Causal-cone,0.7777777777777778,0.9999999999999981,1.6653345369377348e-16,1
MQT Bench,dj_n4,mqtbench/dj_n4.qasm,4,9,0,1,QSlice-full,0.8888888888888888,0.999999999999998,1.1102230246251565e-16,1
MQT Bench,dj_n4,mqtbench/dj_n4.qasm,4,9,0,1,QDG-no-ED,0.3333333333333333,0.4999999999999992,0.49999999999999944,0
MQT Bench,dj_n4,mqtbench/dj_n4.qasm,4,9,0,1,QDG-no-MD,0.8888888888888888,0.999999999999998,1.1102230246251565e-16,1
MQT Bench,dj_n4,mqtbench/dj_n4.qasm,4,9,0,1,QDG-no-UED,0.7777777777777778,2.2308240829774365e-33,0.999999999999999,0
MQT Bench,dj_n4,mqtbench/dj_n4.qasm,4,9,0,1,QDG-no-CD,0.8888888888888888,0.999999999999998,1.1102230246251565e-16,1
MQT Bench,dj_n4,mqtbench/dj_n4.qasm,4,9,0,1,Classical PDG,0.3333333333333333,0.4999999999999992,0.49999999999999944,0
MQT Bench,dj_n4,mqtbench/dj_n4.qasm,4,9,0,1,Causal-cone,0.8888888888888888,0.999999999999998,1.1102230246251565e-16,1
MQT Bench,dj_n4,mqtbench/dj_n4.qasm,4,9,0,2,QSlice-full,1.0,0.9999999999999978,0.0,1
MQT Bench,dj_n4,mqtbench/dj_n4.qasm,4,9,0,2,QDG-no-ED,0.3333333333333333,0.4999999999999992,0.49999999999999944,0
MQT Bench,dj_n4,mqtbench/dj_n4.qasm,4,9,0,2,QDG-no-MD,1.0,0.9999999999999978,0.0,1
MQT Bench,dj_n4,mqtbench/dj_n4.qasm,4,9,0,2,QDG-no-UED,0.8888888888888888,7.256842776106727e-34,0.9999999999999989,0
MQT Bench,dj_n4,mqtbench/dj_n4.qasm,4,9,0,2,QDG-no-CD,1.0,0.9999999999999978,0.0,1
MQT Bench,dj_n4,mqtbench/dj_n4.qasm,4,9,0,2,Classical PDG,0.3333333333333333,0.4999999999999992,0.49999999999999944,0
MQT Bench,dj_n4,mqtbench/dj_n4.qasm,4,9,0,2,Causal-cone,1.0,0.9999999999999978,0.0,1
MQT Bench,dj_n4,mqtbench/dj_n4.qasm,4,9,0,3,QSlice-full,0.6666666666666666,0.9999999999999982,2.220446049250313e-16,1
MQT Bench,dj_n4,mqtbench/dj_n4.qasm,4,9,0,3,QDG-no-ED,0.3333333333333333,0.9999999999999987,4.440892098500626e-16,1
MQT Bench,dj_n4,mqtbench/dj_n4.qasm,4,9,0,3,QDG-no-MD,0.6666666666666666,0.9999999999999982,2.220446049250313e-16,1
MQT Bench,dj_n4,mqtbench/dj_n4.qasm,4,9,0,3,QDG-no-UED,0.6666666666666666,0.9999999999999982,2.220446049250313e-16,1
MQT Bench,dj_n4,mqtbench/dj_n4.qasm,4,9,0,3,QDG-no-CD,0.6666666666666666,0.9999999999999982,2.220446049250313e-16,1
MQT Bench,dj_n4,mqtbench/dj_n4.qasm,4,9,0,3,Classical PDG,0.3333333333333333,0.9999999999999987,4.440892098500626e-16,1
MQT Bench,dj_n4,mqtbench/dj_n4.qasm,4,9,0,3,Causal-cone,0.6666666666666666,0.9999999999999982,2.220446049250313e-16,1
MQT Bench,graphstate_n4,mqtbench/graphstate_n4.qasm,4,8,0,0,QSlice-full,0.875,0.9999999999999987,0.0,1
MQT Bench,graphstate_n4,mqtbench/graphstate_n4.qasm,4,8,0,0,QDG-no-ED,0.375,0.49999999999999956,0.4999999999999999,0
MQT Bench,graphstate_n4,mqtbench/graphstate_n4.qasm,4,8,0,0,QDG-no-MD,0.875,0.9999999999999987,0.0,1
MQT Bench,graphstate_n4,mqtbench/graphstate_n4.qasm,4,8,0,0,QDG-no-UED,0.875,0.9999999999999987,0.0,1
MQT Bench,graphstate_n4,mqtbench/graphstate_n4.qasm,4,8,0,0,QDG-no-CD,0.875,0.9999999999999987,0.0,1
MQT Bench,graphstate_n4,mqtbench/graphstate_n4.qasm,4,8,0,0,Classical PDG,0.375,0.49999999999999956,0.4999999999999999,0
MQT Bench,graphstate_n4,mqtbench/graphstate_n4.qasm,4,8,0,0,Causal-cone,0.875,0.9999999999999987,0.0,1
MQT Bench,graphstate_n4,mqtbench/graphstate_n4.qasm,4,8,0,1,QSlice-full,0.625,0.9999999999999989,1.1102230246251565e-16,1
MQT Bench,graphstate_n4,mqtbench/graphstate_n4.qasm,4,8,0,1,QDG-no-ED,0.375,0.49999999999999956,0.4999999999999999,0
MQT Bench,graphstate_n4,mqtbench/graphstate_n4.qasm,4,8,0,1,QDG-no-MD,0.625,0.9999999999999989,1.1102230246251565e-16,1
MQT Bench,graphstate_n4,mqtbench/graphstate_n4.qasm,4,8,0,1,QDG-no-UED,0.625,0.9999999999999989,1.1102230246251565e-16,1
MQT Bench,graphstate_n4,mqtbench/graphstate_n4.qasm,4,8,0,1,QDG-no-CD,0.625,0.9999999999999989,1.1102230246251565e-16,1
MQT Bench,graphstate_n4,mqtbench/graphstate_n4.qasm,4,8,0,1,Classical PDG,0.375,0.49999999999999956,0.4999999999999999,0
MQT Bench,graphstate_n4,mqtbench/graphstate_n4.qasm,4,8,0,1,Causal-cone,0.625,0.9999999999999989,1.1102230246251565e-16,1
MQT Bench,graphstate_n4,mqtbench/graphstate_n4.qasm,4,8,0,2,QSlice-full,1.0,0.9999999999999987,0.0,1
MQT Bench,graphstate_n4,mqtbench/graphstate_n4.qasm,4,8,0,2,QDG-no-ED,0.375,0.49999999999999956,0.4999999999999999,0
MQT Bench,graphstate_n4,mqtbench/graphstate_n4.qasm,4,8,0,2,QDG-no-MD,1.0,0.9999999999999987,0.0,1
MQT Bench,graphstate_n4,mqtbench/graphstate_n4.qasm,4,8,0,2,QDG-no-UED,1.0,0.9999999999999987,0.0,1
MQT Bench,graphstate_n4,mqtbench/graphstate_n4.qasm,4,8,0,2,QDG-no-CD,1.0,0.9999999999999987,0.0,1
MQT Bench,graphstate_n4,mqtbench/graphstate_n4.qasm,4,8,0,2,Classical PDG,0.375,0.49999999999999956,0.4999999999999999,0
MQT Bench,graphstate_n4,mqtbench/graphstate_n4.qasm,4,8,0,2,Causal-cone,1.0,0.9999999999999987,0.0,1
MQT Bench,graphstate_n4,mqtbench/graphstate_n4.qasm,4,8,0,3,QSlice-full,1.0,0.9999999999999987,0.0,1
MQT Bench,graphstate_n4,mqtbench/graphstate_n4.qasm,4,8,0,3,QDG-no-ED,0.375,0.49999999999999956,0.4999999999999999,0
MQT Bench,graphstate_n4,mqtbench/graphstate_n4.qasm,4,8,0,3,QDG-no-MD,1.0,0.9999999999999987,0.0,1
MQT Bench,graphstate_n4,mqtbench/graphstate_n4.qasm,4,8,0,3,QDG-no-UED,1.0,0.9999999999999987,0.0,1
MQT Bench,graphstate_n4,mqtbench/graphstate_n4.qasm,4,8,0,3,QDG-no-CD,1.0,0.9999999999999987,0.0,1
MQT Bench,graphstate_n4,mqtbench/graphstate_n4.qasm,4,8,0,3,Classical PDG,0.375,0.49999999999999956,0.4999999999999999,0
MQT Bench,graphstate_n4,mqtbench/graphstate_n4.qasm,4,8,0,3,Causal-cone,1.0,0.9999999999999987,0.0,1
MQT Bench,wstate_n4,mqtbench/wstate_n4.qasm,4,13,0,0,QSlice-full,1.0,1.0,0.0,1
MQT Bench,wstate_n4,mqtbench/wstate_n4.qasm,4,13,0,0,QDG-no-ED,0.3076923076923077,0.75,0.24999999999999997,0
MQT Bench,wstate_n4,mqtbench/wstate_n4.qasm,4,13,0,0,QDG-no-MD,1.0,1.0,0.0,1
MQT Bench,wstate_n4,mqtbench/wstate_n4.qasm,4,13,0,0,QDG-no-UED,1.0,1.0,0.0,1
MQT Bench,wstate_n4,mqtbench/wstate_n4.qasm,4,13,0,0,QDG-no-CD,1.0,1.0,0.0,1
MQT Bench,wstate_n4,mqtbench/wstate_n4.qasm,4,13,0,0,Classical PDG,0.3076923076923077,0.75,0.24999999999999997,0
MQT Bench,wstate_n4,mqtbench/wstate_n4.qasm,4,13,0,0,Causal-cone,1.0,1.0,0.0,1
MQT Bench,wstate_n4,mqtbench/wstate_n4.qasm,4,13,0,1,QSlice-full,1.0,1.0,0.0,1
MQT Bench,wstate_n4,mqtbench/wstate_n4.qasm,4,13,0,1,QDG-no-ED,0.46153846153846156,0.7500000000000001,0.2499999999999999,0
MQT Bench,wstate_n4,mqtbench/wstate_n4.qasm,4,13,0,1,QDG-no-MD,1.0,1.0,0.0,1
MQT Bench,wstate_n4,mqtbench/wstate_n4.qasm,4,13,0,1,QDG-no-UED,1.0,1.0,0.0,1
MQT Bench,wstate_n4,mqtbench/wstate_n4.qasm,4,13,0,1,QDG-no-CD,1.0,1.0,0.0,1
MQT Bench,wstate_n4,mqtbench/wstate_n4.qasm,4,13,0,1,Classical PDG,0.46153846153846156,0.7500000000000001,0.2499999999999999,0
MQT Bench,wstate_n4,mqtbench/wstate_n4.qasm,4,13,0,1,Causal-cone,1.0,1.0,0.0,1
MQT Bench,wstate_n4,mqtbench/wstate_n4.qasm,4,13,0,2,QSlice-full,0.9230769230769231,1.0,0.0,1
MQT Bench,wstate_n4,mqtbench/wstate_n4.qasm,4,13,0,2,QDG-no-ED,0.46153846153846156,0.75,0.25,0
MQT Bench,wstate_n4,mqtbench/wstate_n4.qasm,4,13,0,2,QDG-no-MD,0.9230769230769231,1.0,0.0,1
MQT Bench,wstate_n4,mqtbench/wstate_n4.qasm,4,13,0,2,QDG-no-UED,0.9230769230769231,1.0,0.0,1
MQT Bench,wstate_n4,mqtbench/wstate_n4.qasm,4,13,0,2,QDG-no-CD,0.9230769230769231,1.0,0.0,1
MQT Bench,wstate_n4,mqtbench/wstate_n4.qasm,4,13,0,2,Classical PDG,0.46153846153846156,0.75,0.25,0
MQT Bench,wstate_n4,mqtbench/wstate_n4.qasm,4,13,0,2,Causal-cone,0.9230769230769231,1.0,0.0,1
MQT Bench,wstate_n4,mqtbench/wstate_n4.qasm,4,13,0,3,QSlice-full,0.7692307692307693,0.9999999999999999,5.551115123125783e-17,1
MQT Bench,wstate_n4,mqtbench/wstate_n4.qasm,4,13,0,3,QDG-no-ED,0.23076923076923078,0.2500000000000001,0.7499999999999998,0
MQT Bench,wstate_n4,mqtbench/wstate_n4.qasm,4,13,0,3,QDG-no-MD,0.7692307692307693,0.9999999999999999,5.551115123125783e-17,1
MQT Bench,wstate_n4,mqtbench/wstate_n4.qasm,4,13,0,3,QDG-no-UED,0.7692307692307693,0.9999999999999999,5.551115123125783e-17,1
MQT Bench,wstate_n4,mqtbench/wstate_n4.qasm,4,13,0,3,QDG-no-CD,0.7692307692307693,0.9999999999999999,5.551115123125783e-17,1
MQT Bench,wstate_n4,mqtbench/wstate_n4.qasm,4,13,0,3,Classical PDG,0.23076923076923078,0.2500000000000001,0.7499999999999998,0
MQT Bench,wstate_n4,mqtbench/wstate_n4.qasm,4,13,0,3,Causal-cone,0.7692307692307693,0.9999999999999999,5.551115123125783e-17,1
MQT Bench,ghz_n5,mqtbench/ghz_n5.qasm,5,5,0,0,QSlice-full,1.0,0.9999999999999996,0.0,1
MQT Bench,ghz_n5,mqtbench/ghz_n5.qasm,5,5,0,0,QDG-no-ED,0.2,0.4999999999999999,0.5,0
MQT Bench,ghz_n5,mqtbench/ghz_n5.qasm,5,5,0,0,QDG-no-MD,1.0,0.9999999999999996,0.0,1
MQT Bench,ghz_n5,mqtbench/ghz_n5.qasm,5,5,0,0,QDG-no-UED,1.0,0.9999999999999996,0.0,1
MQT Bench,ghz_n5,mqtbench/ghz_n5.qasm,5,5,0,0,QDG-no-CD,1.0,0.9999999999999996,0.0,1
MQT Bench,ghz_n5,mqtbench/ghz_n5.qasm,5,5,0,0,Classical PDG,0.2,0.4999999999999999,0.5,0
MQT Bench,ghz_n5,mqtbench/ghz_n5.qasm,5,5,0,0,Causal-cone,1.0,0.9999999999999996,0.0,1
MQT Bench,ghz_n5,mqtbench/ghz_n5.qasm,5,5,0,1,QSlice-full,1.0,0.9999999999999996,0.0,1
MQT Bench,ghz_n5,mqtbench/ghz_n5.qasm,5,5,0,1,QDG-no-ED,0.4,0.4999999999999999,0.5,0
MQT Bench,ghz_n5,mqtbench/ghz_n5.qasm,5,5,0,1,QDG-no-MD,1.0,0.9999999999999996,0.0,1
MQT Bench,ghz_n5,mqtbench/ghz_n5.qasm,5,5,0,1,QDG-no-UED,1.0,0.9999999999999996,0.0,1
MQT Bench,ghz_n5,mqtbench/ghz_n5.qasm,5,5,0,1,QDG-no-CD,1.0,0.9999999999999996,0.0,1
MQT Bench,ghz_n5,mqtbench/ghz_n5.qasm,5,5,0,1,Classical PDG,0.4,0.4999999999999999,0.5,0
MQT Bench,ghz_n5,mqtbench/ghz_n5.qasm,5,5,0,1,Causal-cone,1.0,0.9999999999999996,0.0,1
MQT Bench,ghz_n5,mqtbench/ghz_n5.qasm,5,5,0,2,QSlice-full,0.8,0.9999999999999996,0.0,1
MQT Bench,ghz_n5,mqtbench/ghz_n5.qasm,5,5,0,2,QDG-no-ED,0.4,0.4999999999999999,0.5,0
MQT Bench,ghz_n5,mqtbench/ghz_n5.qasm,5,5,0,2,QDG-no-MD,0.8,0.9999999999999996,0.0,1
MQT Bench,ghz_n5,mqtbench/ghz_n5.qasm,5,5,0,2,QDG-no-UED,0.8,0.9999999999999996,0.0,1
MQT Bench,ghz_n5,mqtbench/ghz_n5.qasm,5,5,0,2,QDG-no-CD,0.8,0.9999999999999996,0.0,1
MQT Bench,ghz_n5,mqtbench/ghz_n5.qasm,5,5,0,2,Classical PDG,0.4,0.4999999999999999,0.5,0
MQT Bench,ghz_n5,mqtbench/ghz_n5.qasm,5,5,0,2,Causal-cone,0.8,0.9999999999999996,0.0,1
MQT Bench,ghz_n5,mqtbench/ghz_n5.qasm,5,5,0,3,QSlice-full,0.6,0.9999999999999996,0.0,1
MQT Bench,ghz_n5,mqtbench/ghz_n5.qasm,5,5,0,3,QDG-no-ED,0.4,0.4999999999999999,0.5,0
MQT Bench,ghz_n5,mqtbench/ghz_n5.qasm,5,5,0,3,QDG-no-MD,0.6,0.9999999999999996,0.0,1
MQT Bench,ghz_n5,mqtbench/ghz_n5.qasm,5,5,0,3,QDG-no-UED,0.6,0.9999999999999996,0.0,1
MQT Bench,ghz_n5,mqtbench/ghz_n5.qasm,5,5,0,3,QDG-no-CD,0.6,0.9999999999999996,0.0,1
MQT Bench,ghz_n5,mqtbench/ghz_n5.qasm,5,5,0,3,Classical PDG,0.4,0.4999999999999999,0.5,0
MQT Bench,ghz_n5,mqtbench/ghz_n5.qasm,5,5,0,3,Causal-cone,0.6,0.9999999999999996,0.0,1
MQT Bench,ghz_n5,mqtbench/ghz_n5.qasm,5,5,0,4,QSlice-full,0.4,0.9999999999999996,0.0,1
MQT Bench,ghz_n5,mqtbench/ghz_n5.qasm,5,5,0,4,QDG-no-ED,0.4,0.9999999999999996,0.0,1
MQT Bench,ghz_n5,mqtbench/ghz_n5.qasm,5,5,0,4,QDG-no-MD,0.4,0.9999999999999996,0.0,1
MQT Bench,ghz_n5,mqtbench/ghz_n5.qasm,5,5,0,4,QDG-no-UED,0.4,0.9999999999999996,0.0,1
MQT Bench,ghz_n5,mqtbench/ghz_n5.qasm,5,5,0,4,QDG-no-CD,0.4,0.9999999999999996,0.0,1
MQT Bench,ghz_n5,mqtbench/ghz_n5.qasm,5,5,0,4,Classical PDG,0.4,0.9999999999999996,0.0,1
MQT Bench,ghz_n5,mqtbench/ghz_n5.qasm,5,5,0,4,Causal-cone,0.4,0.9999999999999996,0.0,1
MQT Bench,grover_n5,mqtbench/grover_n5.qasm,5,8,0,0,QSlice-full,1.0,0.9999999999999509,0.0,1
MQT Bench,grover_n5,mqtbench/grover_n5.qasm,5,8,0,0,QDG-no-ED,0.5,0.4682617187499774,0.7159199040388794,0
MQT Bench,grover_n5,mqtbench/grover_n5.qasm,5,8,0,0,QDG-no-MD,1.0,0.9999999999999509,0.0,1
MQT Bench,grover_n5,mqtbench/grover_n5.qasm,5,8,0,0,QDG-no-UED,1.0,0.9999999999999509,0.0,1
MQT Bench,grover_n5,mqtbench/grover_n5.qasm,5,8,0,0,QDG-no-CD,1.0,0.9999999999999509,0.0,1
MQT Bench,grover_n5,mqtbench/grover_n5.qasm,5,8,0,0,Classical PDG,0.5,0.4682617187499774,0.7159199040388794,0
MQT Bench,grover_n5,mqtbench/grover_n5.qasm,5,8,0,0,Causal-cone,1.0,0.9999999999999509,0.0,1
MQT Bench,grover_n5,mqtbench/grover_n5.qasm,5,8,0,1,QSlice-full,1.0,0.9999999999999509,0.0,1
MQT Bench,grover_n5,mqtbench/grover_n5.qasm,5,8,0,1,QDG-no-ED,0.5,0.4682617208145804,0.7159199040388795,0
MQT Bench,grover_n5,mqtbench/grover_n5.qasm,5,8,0,1,QDG-no-MD,1.0,0.9999999999999509,0.0,1
MQT Bench,grover_n5,mqtbench/grover_n5.qasm,5,8,0,1,QDG-no-UED,1.0,0.9999999999999509,0.0,1
MQT Bench,grover_n5,mqtbench/grover_n5.qasm,5,8,0,1,QDG-no-CD,1.0,0.9999999999999509,0.0,1
MQT Bench,grover_n5,mqtbench/grover_n5.qasm,5,8,0,1,Classical PDG,0.5,0.4682617208145804,0.7159199040388795,0
MQT Bench,grover_n5,mqtbench/grover_n5.qasm,5,8,0,1,Causal-cone,1.0,0.9999999999999509,0.0,1
MQT Bench,grover_n5,mqtbench/grover_n5.qasm,5,8,0,2,QSlice-full,1.0,0.9999999999999509,0.0,1
MQT Bench,grover_n5,mqtbench/grover_n5.qasm,5,8,0,2,QDG-no-ED,0.5,0.46826171874997774,0.7159199040388796,0
MQT Bench,grover_n5,mqtbench/grover_n5.qasm,5,8,0,2,QDG-no-MD,1.0,0.9999999999999509,0.0,1
MQT Bench,grover_n5,mqtbench/grover_n5.qasm,5,8,0,2,QDG-no-UED,1.0,0.9999999999999509,0.0,1
MQT Bench,grover_n5,mqtbench/grover_n5.qasm,5,8,0,2,QDG-no-CD,1.0,0.9999999999999509,0.0,1
MQT Bench,grover_n5,mqtbench/grover_n5.qasm,5,8,0,2,Classical PDG,0.5,0.46826171874997774,0.7159199040388796,0
MQT Bench,grover_n5,mqtbench/grover_n5.qasm,5,8,0,2,Causal-cone,1.0,0.9999999999999509,0.0,1
MQT Bench,grover_n5,mqtbench/grover_n5.qasm,5,8,0,3,QSlice-full,1.0,0.9999999999999508,0.0,1
MQT Bench,grover_n5,mqtbench/grover_n5.qasm,5,8,0,3,QDG-no-ED,0.5,0.46826171874997813,0.7159199040388797,0
MQT Bench,grover_n5,mqtbench/grover_n5.qasm,5,8,0,3,QDG-no-MD,1.0,0.9999999999999508,0.0,1
MQT Bench,grover_n5,mqtbench/grover_n5.qasm,5,8,0,3,QDG-no-UED,1.0,0.9999999999999508,0.0,1
MQT Bench,grover_n5,mqtbench/grover_n5.qasm,5,8,0,3,QDG-no-CD,1.0,0.9999999999999508,0.0,1
MQT Bench,grover_n5,mqtbench/grover_n5.qasm,5,8,0,3,Classical PDG,0.5,0.46826171874997813,0.7159199040388797,0
MQT Bench,grover_n5,mqtbench/grover_n5.qasm,5,8,0,3,Causal-cone,1.0,0.9999999999999508,0.0,1
MQT Bench,grover_n5,mqtbench/grover_n5.qasm,5,8,0,4,QSlice-full,1.0,0.9999999999999509,0.0,1
MQT Bench,grover_n5,mqtbench/grover_n5.qasm,5,8,0,4,QDG-no-ED,0.5,0.9999999999999553,2.735405395348335e-15,1
MQT Bench,grover_n5,mqtbench/grover_n5.qasm,5,8,0,4,QDG-no-MD,1.0,0.9999999999999509,0.0,1
MQT Bench,grover_n5,mqtbench/grover_n5.qasm,5,8,0,4,QDG-no-UED,1.0,0.9999999999999509,0.0,1
MQT Bench,grover_n5,mqtbench/grover_n5.qasm,5,8,0,4,QDG-no-CD,1.0,0.9999999999999509,0.0,1
MQT Bench,grover_n5,mqtbench/grover_n5.qasm,5,8,0,4,Classical PDG,0.5,0.9999999999999553,2.735405395348335e-15,1
MQT Bench,grover_n5,mqtbench/grover_n5.qasm,5,8,0,4,Causal-cone,1.0,0.9999999999999509,0.0,1
MQT Bench,qftentangled_n5,mqtbench/qftentangled_n5.qasm,5,6,0,0,QSlice-full,1.0,0.9999999999999979,0.0,1
MQT Bench,qftentangled_n5,mqtbench/qftentangled_n5.qasm,5,6,0,0,QDG-no-ED,0.3333333333333333,0.995196320100806,0.04900857016478034,0
MQT Bench,qftentangled_n5,mqtbench/qftentangled_n5.qasm,5,6,0,0,QDG-no-MD,1.0,0.9999999999999979,0.0,1
MQT Bench,qftentangled_n5,mqtbench/qftentangled_n5.qasm,5,6,0,0,QDG-no-UED,1.0,0.9999999999999979,0.0,1
MQT Bench,qftentangled_n5,mqtbench/qftentangled_n5.qasm,5,6,0,0,QDG-no-CD,1.0,0.9999999999999979,0.0,1
MQT Bench,qftentangled_n5,mqtbench/qftentangled_n5.qasm,5,6,0,0,Classical PDG,0.3333333333333333,0.995196320100806,0.04900857016478034,0
MQT Bench,qftentangled_n5,mqtbench/qftentangled_n5.qasm,5,6,0,0,Causal-cone,1.0,0.9999999999999979,0.0,1
MQT Bench,qftentangled_n5,mqtbench/qftentangled_n5.qasm,5,6,0,1,QSlice-full,1.0,0.9999999999999979,0.0,1
MQT Bench,qftentangled_n5,mqtbench/qftentangled_n5.qasm,5,6,0,1,QDG-no-ED,0.5,0.9809698831278202,0.09754516100806412,0
MQT Bench,qftentangled_n5,mqtbench/qftentangled_n5.qasm,5,6,0,1,QDG-no-MD,1.0,0.9999999999999979,0.0,1
MQT Bench,qftentangled_n5,mqtbench/qftentangled_n5.qasm,5,6,0,1,QDG-no-UED,1.0,0.9999999999999979,0.0,1
MQT Bench,qftentangled_n5,mqtbench/qftentangled_n5.qasm,5,6,0,1,QDG-no-CD,1.0,0.9999999999999979,0.0,1
MQT Bench,qftentangled_n5,mqtbench/qftentangled_n5.qasm,5,6,0,1,Classical PDG,0.5,0.9809698831278202,0.09754516100806412,0
MQT Bench,qftentangled_n5,mqtbench/qftentangled_n5.qasm,5,6,0,1,Causal-cone,1.0,0.9999999999999979,0.0,1
MQT Bench,qftentangled_n5,mqtbench/qftentangled_n5.qasm,5,6,0,2,QSlice-full,1.0,0.9999999999999979,0.0,1
MQT Bench,qftentangled_n5,mqtbench/qftentangled_n5.qasm,5,6,0,2,QDG-no-ED,0.5,0.9267766952966354,0.19134171618254486,0
MQT Bench,qftentangled_n5,mqtbench/qftentangled_n5.qasm,5,6,0,2,QDG-no-MD,1.0,0.9999999999999979,0.0,1
MQT Bench,qftentangled_n5,mqtbench/qftentangled_n5.qasm,5,6,0,2,QDG-no-UED,1.0,0.9999999999999979,0.0,1
MQT Bench,qftentangled_n5,mqtbench/qftentangled_n5.qasm,5,6,0,2,QDG-no-CD,1.0,0.9999999999999979,0.0,1
MQT Bench,qftentangled_n5,mqtbench/qftentangled_n5.qasm,5,6,0,2,Classical PDG,0.5,0.9267766952966354,0.19134171618254486,0
MQT Bench,qftentangled_n5,mqtbench/qftentangled_n5.qasm,5,6,0,2,Causal-cone,1.0,0.9999999999999979,0.0,1
MQT Bench,qftentangled_n5,mqtbench/qftentangled_n5.qasm,5,6,0,3,QSlice-full,1.0,0.9999999999999978,0.0,1
MQT Bench,qftentangled_n5,mqtbench/qftentangled_n5.qasm,5,6,0,3,QDG-no-ED,0.5,0.7499999999999989,0.35355339059327356,0
MQT Bench,qftentangled_n5,mqtbench/qftentangled_n5.qasm,5,6,0,3,QDG-no-MD,1.0,0.9999999999999978,0.0,1
MQT Bench,qftentangled_n5,mqtbench/qftentangled_n5.qasm,5,6,0,3,QDG-no-UED,1.0,0.9999999999999978,0.0,1
MQT Bench,qftentangled_n5,mqtbench/qftentangled_n5.qasm,5,6,0,3,QDG-no-CD,1.0,0.9999999999999978,0.0,1
MQT Bench,qftentangled_n5,mqtbench/qftentangled_n5.qasm,5,6,0,3,Classical PDG,0.5,0.7499999999999989,0.35355339059327356,0
MQT Bench,qftentangled_n5,mqtbench/qftentangled_n5.qasm,5,6,0,3,Causal-cone,1.0,0.9999999999999978,0.0,1
MQT Bench,qftentangled_n5,mqtbench/qftentangled_n5.qasm,5,6,0,4,QSlice-full,1.0,0.9999999999999978,0.0,1
MQT Bench,qftentangled_n5,mqtbench/qftentangled_n5.qasm,5,6,0,4,QDG-no-ED,0.5,0.49999999999999906,0.5929985943739737,0
MQT Bench,qftentangled_n5,mqtbench/qftentangled_n5.qasm,5,6,0,4,QDG-no-MD,1.0,0.9999999999999978,0.0,1
MQT Bench,qftentangled_n5,mqtbench/qftentangled_n5.qasm,5,6,0,4,QDG-no-UED,1.0,0.9999999999999978,0.0,1
MQT Bench,qftentangled_n5,mqtbench/qftentangled_n5.qasm,5,6,0,4,QDG-no-CD,1.0,0.9999999999999978,0.0,1
MQT Bench,qftentangled_n5,mqtbench/qftentangled_n5.qasm,5,6,0,4,Classical PDG,0.5,0.49999999999999906,0.5929985943739737,0
MQT Bench,qftentangled_n5,mqtbench/qftentangled_n5.qasm,5,6,0,4,Causal-cone,1.0,0.9999999999999978,0.0,1
MQT Bench,dj_n5,mqtbench/dj_n5.qasm,5,11,0,0,QSlice-full,0.7272727272727273,0.9999999999999981,4.996003610813204e-16,1
MQT Bench,dj_n5,mqtbench/dj_n5.qasm,5,11,0,0,QDG-no-ED,0.2727272727272727,0.49999999999999906,0.4999999999999993,0
MQT Bench,dj_n5,mqtbench/dj_n5.qasm,5,11,0,0,QDG-no-MD,0.7272727272727273,0.9999999999999981,4.996003610813204e-16,1
MQT Bench,dj_n5,mqtbench/dj_n5.qasm,5,11,0,0,QDG-no-UED,0.6363636363636364,2.2308240829774362e-33,0.9999999999999991,0
MQT Bench,dj_n5,mqtbench/dj_n5.qasm,5,11,0,0,QDG-no-CD,0.7272727272727273,0.9999999999999981,4.996003610813204e-16,1
MQT Bench,dj_n5,mqtbench/dj_n5.qasm,5,11,0,0,Classical PDG,0.2727272727272727,0.49999999999999906,0.4999999999999993,0
MQT Bench,dj_n5,mqtbench/dj_n5.qasm,5,11,0,0,Causal-cone,0.7272727272727273,0.9999999999999981,4.996003610813204e-16,1
MQT Bench,dj_n5,mqtbench/dj_n5.qasm,5,11,0,1,QSlice-full,0.8181818181818182,0.9999999999999974,1.6653345369377348e-16,1
MQT Bench,dj_n5,mqtbench/dj_n5.qasm,5,11,0,1,QDG-no-ED,0.2727272727272727,0.49999999999999906,0.4999999999999993,0
MQT Bench,dj_n5,mqtbench/dj_n5.qasm,5,11,0,1,QDG-no-MD,0.8181818181818182,0.9999999999999974,1.6653345369377348e-16,1
MQT Bench,dj_n5,mqtbench/dj_n5.qasm,5,11,0,1,QDG-no-UED,0.7272727272727273,7.256842776106725e-34,0.9999999999999987,0
MQT Bench,dj_n5,mqtbench/dj_n5.qasm,5,11,0,1,QDG-no-CD,0.8181818181818182,0.9999999999999974,1.6653345369377348e-16,1
MQT Bench,dj_n5,mqtbench/dj_n5.qasm,5,11,0,1,Classical PDG,0.2727272727272727,0.49999999999999906,0.4999999999999993,0
MQT Bench,dj_n5,mqtbench/dj_n5.qasm,5,11,0,1,Causal-cone,0.8181818181818182,0.9999999999999974,1.6653345369377348e-16,1
MQT Bench,dj_n5,mqtbench/dj_n5.qasm,5,11,0,2,QSlice-full,0.9090909090909091,0.9999999999999972,5.551115123125783e-17,1
MQT Bench,dj_n5,mqtbench/dj_n5.qasm,5,11,0,2,QDG-no-ED,0.2727272727272727,0.49999999999999906,0.4999999999999993,0
MQT Bench,dj_n5,mqtbench/dj_n5.qasm,5,11,0,2,QDG-no-MD,0.9090909090909091,0.9999999999999972,5.551115123125783e-17,1
MQT Bench,dj_n5,mqtbench/dj_n5.qasm,5,11,0,2,QDG-no-UED,0.8181818181818182,3.1697381980441014e-34,0.9999999999999987,0
MQT Bench,dj_n5,mqtbench/dj_n5.qasm,5,11,0,2,QDG-no-CD,0.9090909090909091,0.9999999999999972,5.551115123125783e-17,1
MQT Bench,dj_n5,mqtbench/dj_n5.qasm,5,11,0,2,Classical PDG,0.2727272727272727,0.49999999999999906,0.4999999999999993,0
MQT Bench,dj_n5,mqtbench/dj_n5.qasm,5,11,0,2,Causal-cone,0.9090909090909091,0.9999999999999972,5.551115123125783e-17,1
MQT Bench,dj_n5,mqtbench/dj_n5.qasm,5,11,0,3,QSlice-full,1.0,0.9999999999999971,0.0,1
MQT Bench,dj_n5,mqtbench/dj_n5.qasm,5,11,0,3,QDG-no-ED,0.2727272727272727,0.49999999999999906,0.4999999999999993,0
MQT Bench,dj_n5,mqtbench/dj_n5.qasm,5,11,0,3,QDG-no-MD,1.0,0.9999999999999971,0.0,1
MQT Bench,dj_n5,mqtbench/dj_n5.qasm,5,11,0,3,QDG-no-UED,0.9090909090909091,1.4513685552213363e-33,0.9999999999999986,0
MQT Bench,dj_n5,mqtbench/dj_n5.qasm,5,11,0,3,QDG-no-CD,1.0,0.9999999999999971,0.0,1
MQT Bench,dj_n5,mqtbench/dj_n5.qasm,5,11,0,3,Classical PDG,0.2727272727272727,0.49999999999999906,0.4999999999999993,0
MQT Bench,dj_n5,mqtbench/dj_n5.qasm,5,11,0,3,Causal-cone,1.0,0.9999999999999971,0.0,1
MQT Bench,dj_n5,mqtbench/dj_n5.qasm,5,11,0,4,QSlice-full,0.6363636363636364,0.9999999999999981,4.996003610813204e-16,1
MQT Bench,dj_n5,mqtbench/dj_n5.qasm,5,11,0,4,QDG-no-ED,0.2727272727272727,0.9999999999999983,6.106226635438361e-16,1
MQT Bench,dj_n5,mqtbench/dj_n5.qasm,5,11,0,4,QDG-no-MD,0.6363636363636364,0.9999999999999981,4.996003610813204e-16,1
MQT Bench,dj_n5,mqtbench/dj_n5.qasm,5,11,0,4,QDG-no-UED,0.6363636363636364,0.9999999999999981,4.996003610813204e-16,1
MQT Bench,dj_n5,mqtbench/dj_n5.qasm,5,11,0,4,QDG-no-CD,0.6363636363636364,0.9999999999999981,4.996003610813204e-16,1
MQT Bench,dj_n5,mqtbench/dj_n5.qasm,5,11,0,4,Classical PDG,0.2727272727272727,0.9999999999999983,6.106226635438361e-16,1
MQT Bench,dj_n5,mqtbench/dj_n5.qasm,5,11,0,4,Causal-cone,0.6363636363636364,0.9999999999999981,4.996003610813204e-16,1
MQT Bench,graphstate_n5,mqtbench/graphstate_n5.qasm,5,10,0,0,QSlice-full,0.6,0.9999999999999989,1.1102230246251565e-16,1
MQT Bench,graphstate_n5,mqtbench/graphstate_n5.qasm,5,10,0,0,QDG-no-ED,0.3,0.49999999999999967,0.4999999999999999,0
MQT Bench,graphstate_n5,mqtbench/graphstate_n5.qasm,5,10,0,0,QDG-no-MD,0.6,0.9999999999999989,1.1102230246251565e-16,1
MQT Bench,graphstate_n5,mqtbench/graphstate_n5.qasm,5,10,0,0,QDG-no-UED,0.6,0.9999999999999989,1.1102230246251565e-16,1
MQT Bench,graphstate_n5,mqtbench/graphstate_n5.qasm,5,10,0,0,QDG-no-CD,0.6,0.9999999999999989,1.1102230246251565e-16,1
MQT Bench,graphstate_n5,mqtbench/graphstate_n5.qasm,5,10,0,0,Classical PDG,0.3,0.49999999999999967,0.4999999999999999,0
MQT Bench,graphstate_n5,mqtbench/graphstate_n5.qasm,5,10,0,0,Causal-cone,0.6,0.9999999999999989,1.1102230246251565e-16,1
MQT Bench,graphstate_n5,mqtbench/graphstate_n5.qasm,5,10,0,1,QSlice-full,0.9,0.9999999999999991,0.0,1
MQT Bench,graphstate_n5,mqtbench/graphstate_n5.qasm,5,10,0,1,QDG-no-ED,0.3,0.49999999999999967,0.4999999999999999,0
MQT Bench,graphstate_n5,mqtbench/graphstate_n5.qasm,5,10,0,1,QDG-no-MD,0.9,0.9999999999999991,0.0,1
MQT Bench,graphstate_n5,mqtbench/graphstate_n5.qasm,5,10,0,1,QDG-no-UED,0.9,0.9999999999999991,0.0,1
MQT Bench,graphstate_n5,mqtbench/graphstate_n5.qasm,5,10,0,1,QDG-no-CD,0.9,0.9999999999999991,0.0,1
MQT Bench,graphstate_n5,mqtbench/graphstate_n5.qasm,5,10,0,1,Classical PDG,0.3,0.49999999999999967,0.4999999999999999,0
MQT Bench,graphstate_n5,mqtbench/graphstate_n5.qasm,5,10,0,1,Causal-cone,0.9,0.9999999999999991,0.0,1
MQT Bench,graphstate_n5,mqtbench/graphstate_n5.qasm,5,10,0,2,QSlice-full,1.0,0.9999999999999991,0.0,1
MQT Bench,graphstate_n5,mqtbench/graphstate_n5.qasm,5,10,0,2,QDG-no-ED,0.3,0.49999999999999967,0.4999999999999999,0
MQT Bench,graphstate_n5,mqtbench/graphstate_n5.qasm,5,10,0,2,QDG-no-MD,1.0,0.9999999999999991,0.0,1
MQT Bench,graphstate_n5,mqtbench/graphstate_n5.qasm,5,10,0,2,QDG-no-UED,1.0,0.9999999999999991,0.0,1
MQT Bench,graphstate_n5,mqtbench/graphstate_n5.qasm,5,10,0,2,QDG-no-CD,1.0,0.9999999999999991,0.0,1
MQT Bench,graphstate_n5,mqtbench/graphstate_n5.qasm,5,10,0,2,Classical PDG,0.3,0.49999999999999967,0.4999999999999999,0
MQT Bench,graphstate_n5,mqtbench/graphstate_n5.qasm,5,10,0,2,Causal-cone,1.0,0.9999999999999991,0.0,1
MQT Bench,graphstate_n5,mqtbench/graphstate_n5.qasm,5,10,0,3,QSlice-full,0.7,0.9999999999999989,1.1102230246251565e-16,1
MQT Bench,graphstate_n5,mqtbench/graphstate_n5.qasm,5,10,0,3,QDG-no-ED,0.3,0.49999999999999967,0.4999999999999999,0
MQT Bench,graphstate_n5,mqtbench/graphstate_n5.qasm,5,10,0,3,QDG-no-MD,0.7,0.9999999999999989,1.1102230246251565e-16,1
MQT Bench,graphstate_n5,mqtbench/graphstate_n5.qasm,5,10,0,3,QDG-no-UED,0.7,0.9999999999999989,1.1102230246251565e-16,1
MQT Bench,graphstate_n5,mqtbench/graphstate_n5.qasm,5,10,0,3,QDG-no-CD,0.7,0.9999999999999989,1.1102230246251565e-16,1
MQT Bench,graphstate_n5,mqtbench/graphstate_n5.qasm,5,10,0,3,Classical PDG,0.3,0.49999999999999967,0.4999999999999999,0
MQT Bench,graphstate_n5,mqtbench/graphstate_n5.qasm,5,10,0,3,Causal-cone,0.7,0.9999999999999989,1.1102230246251565e-16,1
MQT Bench,graphstate_n5,mqtbench/graphstate_n5.qasm,5,10,0,4,QSlice-full,1.0,0.9999999999999991,0.0,1
MQT Bench,graphstate_n5,mqtbench/graphstate_n5.qasm,5,10,0,4,QDG-no-ED,0.3,0.49999999999999967,0.4999999999999999,0
MQT Bench,graphstate_n5,mqtbench/graphstate_n5.qasm,5,10,0,4,QDG-no-MD,1.0,0.9999999999999991,0.0,1
MQT Bench,graphstate_n5,mqtbench/graphstate_n5.qasm,5,10,0,4,QDG-no-UED,1.0,0.9999999999999991,0.0,1
MQT Bench,graphstate_n5,mqtbench/graphstate_n5.qasm,5,10,0,4,QDG-no-CD,1.0,0.9999999999999991,0.0,1
MQT Bench,graphstate_n5,mqtbench/graphstate_n5.qasm,5,10,0,4,Classical PDG,0.3,0.49999999999999967,0.4999999999999999,0
MQT Bench,graphstate_n5,mqtbench/graphstate_n5.qasm,5,10,0,4,Causal-cone,1.0,0.9999999999999991,0.0,1
MQT Bench,bv_n5,mqtbench/bv_n5.qasm,5,11,0,0,QSlice-full,0.45454545454545453,0.9999999999999982,4.440892098500626e-16,1
MQT Bench,bv_n5,mqtbench/bv_n5.qasm,5,11,0,0,QDG-no-ED,0.2727272727272727,0.9999999999999987,6.661338147750939e-16,1
MQT Bench,bv_n5,mqtbench/bv_n5.qasm,5,11,0,0,QDG-no-MD,0.45454545454545453,0.9999999999999982,4.440892098500626e-16,1
MQT Bench,bv_n5,mqtbench/bv_n5.qasm,5,11,0,0,QDG-no-UED,0.45454545454545453,0.9999999999999982,4.440892098500626e-16,1
MQT Bench,bv_n5,mqtbench/bv_n5.qasm,5,11,0,0,QDG-no-CD,0.45454545454545453,0.9999999999999982,4.440892098500626e-16,1
MQT Bench,bv_n5,mqtbench/bv_n5.qasm,5,11,0,0,Classical PDG,0.2727272727272727,0.9999999999999987,6.661338147750939e-16,1
MQT Bench,bv_n5,mqtbench/bv_n5.qasm,5,11,0,0,Causal-cone,0.45454545454545453,0.9999999999999982,4.440892098500626e-16,1
MQT Bench,bv_n5,mqtbench/bv_n5.qasm,5,11,0,1,QSlice-full,0.18181818181818182,0.9999999999999982,4.452331296303328e-16,1
MQT Bench,bv_n5,mqtbench/bv_n5.qasm,5,11,0,1,QDG-no-ED,0.18181818181818182,0.9999999999999982,4.452331296303328e-16,1
MQT Bench,bv_n5,mqtbench/bv_n5.qasm,5,11,0,1,QDG-no-MD,0.18181818181818182,0.9999999999999982,4.452331296303328e-16,1
MQT Bench,bv_n5,mqtbench/bv_n5.qasm,5,11,0,1,QDG-no-UED,0.18181818181818182,0.9999999999999982,4.452331296303328e-16,1
MQT Bench,bv_n5,mqtbench/bv_n5.qasm,5,11,0,1,QDG-no-CD,0.18181818181818182,0.9999999999999982,4.452331296303328e-16,1
MQT Bench,bv_n5,mqtbench/bv_n5.qasm,5,11,0,1,Classical PDG,0.18181818181818182,0.9999999999999982,4.452331296303328e-16,1
MQT Bench,bv_n5,mqtbench/bv_n5.qasm,5,11,0,1,Causal-cone,0.18181818181818182,0.9999999999999982,4.452331296303328e-16,1
MQT Bench,bv_n5,mqtbench/bv_n5.qasm,5,11,0,2,QSlice-full,0.5454545454545454,0.9999999999999982,4.441784210879723e-16,1
MQT Bench,bv_n5,mqtbench/bv_n5.qasm,5,11,0,2,QDG-no-ED,0.2727272727272727,1.549171207829233e-36,0.9999999999999991,0
MQT Bench,bv_n5,mqtbench/bv_n5.qasm,5,11,0,2,QDG-no-MD,0.5454545454545454,0.9999999999999982,4.441784210879723e-16,1
MQT Bench,bv_n5,mqtbench/bv_n5.qasm,5,11,0,2,QDG-no-UED,0.5454545454545454,0.9999999999999982,4.441784210879723e-16,1
MQT Bench,bv_n5,mqtbench/bv_n5.qasm,5,11,0,2,QDG-no-CD,0.5454545454545454,0.9999999999999982,4.441784210879723e-16,1
MQT Bench,bv_n5,mqtbench/bv_n5.qasm,5,11,0,2,Classical PDG,0.2727272727272727,1.549171207829233e-36,0.9999999999999991,0
MQT Bench,bv_n5,mqtbench/bv_n5.qasm,5,11,0,2,Causal-cone,0.5454545454545454,0.9999999999999982,4.441784210879723e-16,1
MQT Bench,bv_n5,mqtbench/bv_n5.qasm,5,11,0,3,QSlice-full,0.18181818181818182,0.9999999999999982,4.441784210879723e-16,1
MQT Bench,bv_n5,mqtbench/bv_n5.qasm,5,11,0,3,QDG-no-ED,0.18181818181818182,0.9999999999999982,4.441784210879723e-16,1
MQT Bench,bv_n5,mqtbench/bv_n5.qasm,5,11,0,3,QDG-no-MD,0.18181818181818182,0.9999999999999982,4.441784210879723e-16,1
MQT Bench,bv_n5,mqtbench/bv_n5.qasm,5,11,0,3,QDG-no-UED,0.18181818181818182,0.9999999999999982,4.441784210879723e-16,1
MQT Bench,bv_n5,mqtbench/bv_n5.qasm,5,11,0,3,QDG-no-CD,0.18181818181818182,0.9999999999999982,4.441784210879723e-16,1
MQT Bench,bv_n5,mqtbench/bv_n5.qasm,5,11,0,3,Classical PDG,0.18181818181818182,0.9999999999999982,4.441784210879723e-16,1
MQT Bench,bv_n5,mqtbench/bv_n5.qasm,5,11,0,3,Causal-cone,0.18181818181818182,0.9999999999999982,4.441784210879723e-16,1
MQT Bench,bv_n5,mqtbench/bv_n5.qasm,5,11,0,4,QSlice-full,0.5454545454545454,0.9999999999999982,4.460165985232217e-16,1
MQT Bench,bv_n5,mqtbench/bv_n5.qasm,5,11,0,4,QDG-no-ED,0.2727272727272727,9.780019340325862e-34,0.9999999999999991,0
MQT Bench,bv_n5,mqtbench/bv_n5.qasm,5,11,0,4,QDG-no-MD,0.5454545454545454,0.9999999999999982,4.460165985232217e-16,1
MQT Bench,bv_n5,mqtbench/bv_n5.qasm,5,11,0,4,QDG-no-UED,0.5454545454545454,0.9999999999999982,4.460165985232217e-16,1
MQT Bench,bv_n5,mqtbench/bv_n5.qasm,5,11,0,4,QDG-no-CD,0.5454545454545454,0.9999999999999982,4.460165985232217e-16,1
MQT Bench,bv_n5,mqtbench/bv_n5.qasm,5,11,0,4,Classical PDG,0.2727272727272727,9.780019340325862e-34,0.9999999999999991,0
MQT Bench,bv_n5,mqtbench/bv_n5.qasm,5,11,0,4,Causal-cone,0.5454545454545454,0.9999999999999982,4.460165985232217e-16,1
MQT Bench,wstate_n5,mqtbench/wstate_n5.qasm,5,17,0,0,QSlice-full,1.0,1.0,0.0,1
MQT Bench,wstate_n5,mqtbench/wstate_n5.qasm,5,17,0,0,QDG-no-ED,0.23529411764705882,0.8000000000000002,0.1999999999999999,0
MQT Bench,wstate_n5,mqtbench/wstate_n5.qasm,5,17,0,0,QDG-no-MD,1.0,1.0,0.0,1
MQT Bench,wstate_n5,mqtbench/wstate_n5.qasm,5,17,0,0,QDG-no-UED,1.0,1.0,0.0,1
MQT Bench,wstate_n5,mqtbench/wstate_n5.qasm,5,17,0,0,QDG-no-CD,1.0,1.0,0.0,1
MQT Bench,wstate_n5,mqtbench/wstate_n5.qasm,5,17,0,0,Classical PDG,0.23529411764705882,0.8000000000000002,0.1999999999999999,0
MQT Bench,wstate_n5,mqtbench/wstate_n5.qasm,5,17,0,0,Causal-cone,1.0,1.0,0.0,1
MQT Bench,wstate_n5,mqtbench/wstate_n5.qasm,5,17,0,1,QSlice-full,1.0,1.0,0.0,1
MQT Bench,wstate_n5,mqtbench/wstate_n5.qasm,5,17,0,1,QDG-no-ED,0.35294117647058826,0.8000000000000003,0.19999999999999984,0
MQT Bench,wstate_n5,mqtbench/wstate_n5.qasm,5,17,0,1,QDG-no-MD,1.0,1.0,0.0,1
MQT Bench,wstate_n5,mqtbench/wstate_n5.qasm,5,17,0,1,QDG-no-UED,1.0,1.0,0.0,1
MQT Bench,wstate_n5,mqtbench/wstate_n5.qasm,5,17,0,1,QDG-no-CD,1.0,1.0,0.0,1
MQT Bench,wstate_n5,mqtbench/wstate_n5.qasm,5,17,0,1,Classical PDG,0.35294117647058826,0.8000000000000003,0.19999999999999984,0
MQT Bench,wstate_n5,mqtbench/wstate_n5.qasm,5,17,0,1,Causal-cone,1.0,1.0,0.0,1
MQT Bench,wstate_n5,mqtbench/wstate_n5.qasm,5,17,0,2,QSlice-full,0.9411764705882353,1.0,0.0,1
MQT Bench,wstate_n5,mqtbench/wstate_n5.qasm,5,17,0,2,QDG-no-ED,0.35294117647058826,0.8000000000000002,0.1999999999999999,0
MQT Bench,wstate_n5,mqtbench/wstate_n5.qasm,5,17,0,2,QDG-no-MD,0.9411764705882353,1.0,0.0,1
MQT Bench,wstate_n5,mqtbench/wstate_n5.qasm,5,17,0,2,QDG-no-UED,0.9411764705882353,1.0,0.0,1
MQT Bench,wstate_n5,mqtbench/wstate_n5.qasm,5,17,0,2,QDG-no-CD,0.9411764705882353,1.0,0.0,1
MQT Bench,wstate_n5,mqtbench/wstate_n5.qasm,5,17,0,2,Classical PDG,0.35294117647058826,0.8000000000000002,0.1999999999999999,0
MQT Bench,wstate_n5,mqtbench/wstate_n5.qasm,5,17,0,2,Causal-cone,0.9411764705882353,1.0,0.0,1
MQT Bench,wstate_n5,mqtbench/wstate_n5.qasm,5,17,0,3,QSlice-full,0.8235294117647058,1.0,5.551115123125783e-17,1
MQT Bench,wstate_n5,mqtbench/wstate_n5.qasm,5,17,0,3,QDG-no-ED,0.35294117647058826,0.7999999999999999,0.20000000000000012,0
MQT Bench,wstate_n5,mqtbench/wstate_n5.qasm,5,17,0,3,QDG-no-MD,0.8235294117647058,1.0,5.551115123125783e-17,1
MQT Bench,wstate_n5,mqtbench/wstate_n5.qasm,5,17,0,3,QDG-no-UED,0.8235294117647058,1.0,5.551115123125783e-17,1
MQT Bench,wstate_n5,mqtbench/wstate_n5.qasm,5,17,0,3,QDG-no-CD,0.8235294117647058,1.0,5.551115123125783e-17,1
MQT Bench,wstate_n5,mqtbench/wstate_n5.qasm,5,17,0,3,Classical PDG,0.35294117647058826,0.7999999999999999,0.20000000000000012,0
MQT Bench,wstate_n5,mqtbench/wstate_n5.qasm,5,17,0,3,Causal-cone,0.8235294117647058,1.0,5.551115123125783e-17,1
MQT Bench,wstate_n5,mqtbench/wstate_n5.qasm,5,17,0,4,QSlice-full,0.5882352941176471,1.0,5.551115123125783e-17,1
MQT Bench,wstate_n5,mqtbench/wstate_n5.qasm,5,17,0,4,QDG-no-ED,0.17647058823529413,0.2000000000000001,0.8,0
MQT Bench,wstate_n5,mqtbench/wstate_n5.qasm,5,17,0,4,QDG-no-MD,0.5882352941176471,1.0,5.551115123125783e-17,1
MQT Bench,wstate_n5,mqtbench/wstate_n5.qasm,5,17,0,4,QDG-no-UED,0.5882352941176471,1.0,5.551115123125783e-17,1
MQT Bench,wstate_n5,mqtbench/wstate_n5.qasm,5,17,0,4,QDG-no-CD,0.5882352941176471,1.0,5.551115123125783e-17,1
MQT Bench,wstate_n5,mqtbench/wstate_n5.qasm,5,17,0,4,Classical PDG,0.17647058823529413,0.2000000000000001,0.8,0
MQT Bench,wstate_n5,mqtbench/wstate_n5.qasm,5,17,0,4,Causal-cone,0.5882352941176471,1.0,5.551115123125783e-17,1
MQT Bench,ghz_n8,mqtbench/ghz_n8.qasm,8,8,0,0,QSlice-full,1.0,0.9999999999999996,0.0,1
MQT Bench,ghz_n8,mqtbench/ghz_n8.qasm,8,8,0,0,QDG-no-ED,0.125,0.4999999999999999,0.5,0
MQT Bench,ghz_n8,mqtbench/ghz_n8.qasm,8,8,0,0,QDG-no-MD,1.0,0.9999999999999996,0.0,1
MQT Bench,ghz_n8,mqtbench/ghz_n8.qasm,8,8,0,0,QDG-no-UED,1.0,0.9999999999999996,0.0,1
MQT Bench,ghz_n8,mqtbench/ghz_n8.qasm,8,8,0,0,QDG-no-CD,1.0,0.9999999999999996,0.0,1
MQT Bench,ghz_n8,mqtbench/ghz_n8.qasm,8,8,0,0,Classical PDG,0.125,0.4999999999999999,0.5,0
MQT Bench,ghz_n8,mqtbench/ghz_n8.qasm,8,8,0,0,Causal-cone,1.0,0.9999999999999996,0.0,1
MQT Bench,ghz_n8,mqtbench/ghz_n8.qasm,8,8,0,1,QSlice-full,1.0,0.9999999999999996,0.0,1
MQT Bench,ghz_n8,mqtbench/ghz_n8.qasm,8,8,0,1,QDG-no-ED,0.25,0.4999999999999999,0.5,0
MQT Bench,ghz_n8,mqtbench/ghz_n8.qasm,8,8,0,1,QDG-no-MD,1.0,0.9999999999999996,0.0,1
MQT Bench,ghz_n8,mqtbench/ghz_n8.qasm,8,8,0,1,QDG-no-UED,1.0,0.9999999999999996,0.0,1
MQT Bench,ghz_n8,mqtbench/ghz_n8.qasm,8,8,0,1,QDG-no-CD,1.0,0.9999999999999996,0.0,1
MQT Bench,ghz_n8,mqtbench/ghz_n8.qasm,8,8,0,1,Classical PDG,0.25,0.4999999999999999,0.5,0
MQT Bench,ghz_n8,mqtbench/ghz_n8.qasm,8,8,0,1,Causal-cone,1.0,0.9999999999999996,0.0,1
MQT Bench,ghz_n8,mqtbench/ghz_n8.qasm,8,8,0,2,QSlice-full,0.875,0.9999999999999996,0.0,1
MQT Bench,ghz_n8,mqtbench/ghz_n8.qasm,8,8,0,2,QDG-no-ED,0.25,0.4999999999999999,0.5,0
MQT Bench,ghz_n8,mqtbench/ghz_n8.qasm,8,8,0,2,QDG-no-MD,0.875,0.9999999999999996,0.0,1
MQT Bench,ghz_n8,mqtbench/ghz_n8.qasm,8,8,0,2,QDG-no-UED,0.875,0.9999999999999996,0.0,1
MQT Bench,ghz_n8,mqtbench/ghz_n8.qasm,8,8,0,2,QDG-no-CD,0.875,0.9999999999999996,0.0,1
MQT Bench,ghz_n8,mqtbench/ghz_n8.qasm,8,8,0,2,Classical PDG,0.25,0.4999999999999999,0.5,0
MQT Bench,ghz_n8,mqtbench/ghz_n8.qasm,8,8,0,2,Causal-cone,0.875,0.9999999999999996,0.0,1
MQT Bench,ghz_n8,mqtbench/ghz_n8.qasm,8,8,0,3,QSlice-full,0.75,0.9999999999999996,0.0,1
MQT Bench,ghz_n8,mqtbench/ghz_n8.qasm,8,8,0,3,QDG-no-ED,0.25,0.4999999999999999,0.5,0
MQT Bench,ghz_n8,mqtbench/ghz_n8.qasm,8,8,0,3,QDG-no-MD,0.75,0.9999999999999996,0.0,1
MQT Bench,ghz_n8,mqtbench/ghz_n8.qasm,8,8,0,3,QDG-no-UED,0.75,0.9999999999999996,0.0,1
MQT Bench,ghz_n8,mqtbench/ghz_n8.qasm,8,8,0,3,QDG-no-CD,0.75,0.9999999999999996,0.0,1
MQT Bench,ghz_n8,mqtbench/ghz_n8.qasm,8,8,0,3,Classical PDG,0.25,0.4999999999999999,0.5,0
MQT Bench,ghz_n8,mqtbench/ghz_n8.qasm,8,8,0,3,Causal-cone,0.75,0.9999999999999996,0.0,1
MQT Bench,ghz_n8,mqtbench/ghz_n8.qasm,8,8,0,4,QSlice-full,0.625,0.9999999999999996,0.0,1
MQT Bench,ghz_n8,mqtbench/ghz_n8.qasm,8,8,0,4,QDG-no-ED,0.25,0.4999999999999999,0.5,0
MQT Bench,ghz_n8,mqtbench/ghz_n8.qasm,8,8,0,4,QDG-no-MD,0.625,0.9999999999999996,0.0,1
MQT Bench,ghz_n8,mqtbench/ghz_n8.qasm,8,8,0,4,QDG-no-UED,0.625,0.9999999999999996,0.0,1
MQT Bench,ghz_n8,mqtbench/ghz_n8.qasm,8,8,0,4,QDG-no-CD,0.625,0.9999999999999996,0.0,1
MQT Bench,ghz_n8,mqtbench/ghz_n8.qasm,8,8,0,4,Classical PDG,0.25,0.4999999999999999,0.5,0
MQT Bench,ghz_n8,mqtbench/ghz_n8.qasm,8,8,0,4,Causal-cone,0.625,0.9999999999999996,0.0,1
MQT Bench,ghz_n8,mqtbench/ghz_n8.qasm,8,8,0,5,QSlice-full,0.5,0.9999999999999996,0.0,1
MQT Bench,ghz_n8,mqtbench/ghz_n8.qasm,8,8,0,5,QDG-no-ED,0.25,0.4999999999999999,0.5,0
MQT Bench,ghz_n8,mqtbench/ghz_n8.qasm,8,8,0,5,QDG-no-MD,0.5,0.9999999999999996,0.0,1
MQT Bench,ghz_n8,mqtbench/ghz_n8.qasm,8,8,0,5,QDG-no-UED,0.5,0.9999999999999996,0.0,1
MQT Bench,ghz_n8,mqtbench/ghz_n8.qasm,8,8,0,5,QDG-no-CD,0.5,0.9999999999999996,0.0,1
MQT Bench,ghz_n8,mqtbench/ghz_n8.qasm,8,8,0,5,Classical PDG,0.25,0.4999999999999999,0.5,0
MQT Bench,ghz_n8,mqtbench/ghz_n8.qasm,8,8,0,5,Causal-cone,0.5,0.9999999999999996,0.0,1
MQT Bench,ghz_n8,mqtbench/ghz_n8.qasm,8,8,0,6,QSlice-full,0.375,0.9999999999999996,0.0,1
MQT Bench,ghz_n8,mqtbench/ghz_n8.qasm,8,8,0,6,QDG-no-ED,0.25,0.4999999999999999,0.5,0
MQT Bench,ghz_n8,mqtbench/ghz_n8.qasm,8,8,0,6,QDG-no-MD,0.375,0.9999999999999996,0.0,1
MQT Bench,ghz_n8,mqtbench/ghz_n8.qasm,8,8,0,6,QDG-no-UED,0.375,0.9999999999999996,0.0,1
MQT Bench,ghz_n8,mqtbench/ghz_n8.qasm,8,8,0,6,QDG-no-CD,0.375,0.9999999999999996,0.0,1
MQT Bench,ghz_n8,mqtbench/ghz_n8.qasm,8,8,0,6,Classical PDG,0.25,0.4999999999999999,0.5,0
MQT Bench,ghz_n8,mqtbench/ghz_n8.qasm,8,8,0,6,Causal-cone,0.375,0.9999999999999996,0.0,1
MQT Bench,ghz_n8,mqtbench/ghz_n8.qasm,8,8,0,7,QSlice-full,0.25,0.9999999999999996,0.0,1
MQT Bench,ghz_n8,mqtbench/ghz_n8.qasm,8,8,0,7,QDG-no-ED,0.25,0.9999999999999996,0.0,1
MQT Bench,ghz_n8,mqtbench/ghz_n8.qasm,8,8,0,7,QDG-no-MD,0.25,0.9999999999999996,0.0,1
MQT Bench,ghz_n8,mqtbench/ghz_n8.qasm,8,8,0,7,QDG-no-UED,0.25,0.9999999999999996,0.0,1
MQT Bench,ghz_n8,mqtbench/ghz_n8.qasm,8,8,0,7,QDG-no-CD,0.25,0.9999999999999996,0.0,1
MQT Bench,ghz_n8,mqtbench/ghz_n8.qasm,8,8,0,7,Classical PDG,0.25,0.9999999999999996,0.0,1
MQT Bench,ghz_n8,mqtbench/ghz_n8.qasm,8,8,0,7,Causal-cone,0.25,0.9999999999999996,0.0,1
MQT Bench,grover_n8,mqtbench/grover_n8.qasm,8,16,0,0,QSlice-full,1.0,0.9999999999994567,0.0,1
MQT Bench,grover_n8,mqtbench/grover_n8.qasm,8,16,0,0,QDG-no-ED,0.5625,0.5080327012797337,0.699878120431529,0
MQT Bench,grover_n8,mqtbench/grover_n8.qasm,8,16,0,0,QDG-no-MD,1.0,0.9999999999994567,0.0,1
MQT Bench,grover_n8,mqtbench/grover_n8.qasm,8,16,0,0,QDG-no-UED,1.0,0.9999999999994567,0.0,1
MQT Bench,grover_n8,mqtbench/grover_n8.qasm,8,16,0,0,QDG-no-CD,1.0,0.9999999999994567,0.0,1
MQT Bench,grover_n8,mqtbench/grover_n8.qasm,8,16,0,0,Classical PDG,0.5625,0.5080327012797337,0.699878120431529,0
MQT Bench,grover_n8,mqtbench/grover_n8.qasm,8,16,0,0,Causal-cone,1.0,0.9999999999994567,0.0,1
MQT Bench,grover_n8,mqtbench/grover_n8.qasm,8,16,0,1,QSlice-full,1.0,0.9999999999994567,0.0,1
MQT Bench,grover_n8,mqtbench/grover_n8.qasm,8,16,0,1,QDG-no-ED,0.5625,0.5080327012797349,0.6998781204315294,0
MQT Bench,grover_n8,mqtbench/grover_n8.qasm,8,16,0,1,QDG-no-MD,1.0,0.9999999999994567,0.0,1
MQT Bench,grover_n8,mqtbench/grover_n8.qasm,8,16,0,1,QDG-no-UED,1.0,0.9999999999994567,0.0,1
MQT Bench,grover_n8,mqtbench/grover_n8.qasm,8,16,0,1,QDG-no-CD,1.0,0.9999999999994567,0.0,1
MQT Bench,grover_n8,mqtbench/grover_n8.qasm,8,16,0,1,Classical PDG,0.5625,0.5080327012797349,0.6998781204315294,0
MQT Bench,grover_n8,mqtbench/grover_n8.qasm,8,16,0,1,Causal-cone,1.0,0.9999999999994567,0.0,1
MQT Bench,grover_n8,mqtbench/grover_n8.qasm,8,16,0,2,QSlice-full,1.0,0.9999999999994567,0.0,1
MQT Bench,grover_n8,mqtbench/grover_n8.qasm,8,16,0,2,QDG-no-ED,0.5625,0.5080327012797445,0.6998781204315301,0
MQT Bench,grover_n8,mqtbench/grover_n8.qasm,8,16,0,2,QDG-no-MD,1.0,0.9999999999994567,0.0,1
MQT Bench,grover_n8,mqtbench/grover_n8.qasm,8,16,0,2,QDG-no-UED,1.0,0.9999999999994567,0.0,1
MQT Bench,grover_n8,mqtbench/grover_n8.qasm,8,16,0,2,QDG-no-CD,1.0,0.9999999999994567,0.0,1
MQT Bench,grover_n8,mqtbench/grover_n8.qasm,8,16,0,2,Classical PDG,0.5625,0.5080327012797445,0.6998781204315301,0
MQT Bench,grover_n8,mqtbench/grover_n8.qasm,8,16,0,2,Causal-cone,1.0,0.9999999999994567,0.0,1
MQT Bench,grover_n8,mqtbench/grover_n8.qasm,8,16,0,3,QSlice-full,1.0,0.9999999999994567,0.0,1
MQT Bench,grover_n8,mqtbench/grover_n8.qasm,8,16,0,3,QDG-no-ED,0.5625,0.5080327012797327,0.6998781204315299,0
MQT Bench,grover_n8,mqtbench/grover_n8.qasm,8,16,0,3,QDG-no-MD,1.0,0.9999999999994567,0.0,1
MQT Bench,grover_n8,mqtbench/grover_n8.qasm,8,16,0,3,QDG-no-UED,1.0,0.9999999999994567,0.0,1
MQT Bench,grover_n8,mqtbench/grover_n8.qasm,8,16,0,3,QDG-no-CD,1.0,0.9999999999994567,0.0,1
MQT Bench,grover_n8,mqtbench/grover_n8.qasm,8,16,0,3,Classical PDG,0.5625,0.5080327012797327,0.6998781204315299,0
MQT Bench,grover_n8,mqtbench/grover_n8.qasm,8,16,0,3,Causal-cone,1.0,0.9999999999994567,0.0,1
MQT Bench,grover_n8,mqtbench/grover_n8.qasm,8,16,0,4,QSlice-full,1.0,0.9999999999994567,0.0,1
MQT Bench,grover_n8,mqtbench/grover_n8.qasm,8,16,0,4,QDG-no-ED,0.5625,0.5080327012797492,0.6998781204315381,0
MQT Bench,grover_n8,mqtbench/grover_n8.qasm,8,16,0,4,QDG-no-MD,1.0,0.9999999999994567,0.0,1
MQT Bench,grover_n8,mqtbench/grover_n8.qasm,8,16,0,4,QDG-no-UED,1.0,0.9999999999994567,0.0,1
MQT Bench,grover_n8,mqtbench/grover_n8.qasm,8,16,0,4,QDG-no-CD,1.0,0.9999999999994567,0.0,1
MQT Bench,grover_n8,mqtbench/grover_n8.qasm,8,16,0,4,Classical PDG,0.5625,0.5080327012797492,0.6998781204315381,0
MQT Bench,grover_n8,mqtbench/grover_n8.qasm,8,16,0,4,Causal-cone,1.0,0.9999999999994567,0.0,1
MQT Bench,grover_n8,mqtbench/grover_n8.qasm,8,16,0,5,QSlice-full,1.0,0.9999999999994565,0.0,1
MQT Bench,grover_n8,mqtbench/grover_n8.qasm,8,16,0,5,QDG-no-ED,0.5625,0.5080327019687416,0.699878120431536,0
MQT Bench,grover_n8,mqtbench/grover_n8.qasm,8,16,0,5,QDG-no-MD,1.0,0.9999999999994565,0.0,1
MQT Bench,grover_n8,mqtbench/grover_n8.qasm,8,16,0,5,QDG-no-UED,1.0,0.9999999999994565,0.0,1
MQT Bench,grover_n8,mqtbench/grover_n8.qasm,8,16,0,5,QDG-no-CD,1.0,0.9999999999994565,0.0,1
MQT Bench,grover_n8,mqtbench/grover_n8.qasm,8,16,0,5,Classical PDG,0.5625,0.5080327019687416,0.699878120431536,0
MQT Bench,grover_n8,mqtbench/grover_n8.qasm,8,16,0,5,Causal-cone,1.0,0.9999999999994565,0.0,1
MQT Bench,grover_n8,mqtbench/grover_n8.qasm,8,16,0,6,QSlice-full,1.0,0.9999999999994565,0.0,1
MQT Bench,grover_n8,mqtbench/grover_n8.qasm,8,16,0,6,QDG-no-ED,0.5625,0.5080327017669387,0.6998781204315306,0
MQT Bench,grover_n8,mqtbench/grover_n8.qasm,8,16,0,6,QDG-no-MD,1.0,0.9999999999994565,0.0,1
MQT Bench,grover_n8,mqtbench/grover_n8.qasm,8,16,0,6,QDG-no-UED,1.0,0.9999999999994565,0.0,1
MQT Bench,grover_n8,mqtbench/grover_n8.qasm,8,16,0,6,QDG-no-CD,1.0,0.9999999999994565,0.0,1
MQT Bench,grover_n8,mqtbench/grover_n8.qasm,8,16,0,6,Classical PDG,0.5625,0.5080327017669387,0.6998781204315306,0
MQT Bench,grover_n8,mqtbench/grover_n8.qasm,8,16,0,6,Causal-cone,1.0,0.9999999999994565,0.0,1
MQT Bench,grover_n8,mqtbench/grover_n8.qasm,8,16,0,7,QSlice-full,1.0,0.9999999999994567,0.0,1
MQT Bench,grover_n8,mqtbench/grover_n8.qasm,8,16,0,7,QDG-no-ED,0.5625,0.9999999999994998,2.2192818217592263e-14,1
MQT Bench,grover_n8,mqtbench/grover_n8.qasm,8,16,0,7,QDG-no-MD,1.0,0.9999999999994567,0.0,1
MQT Bench,grover_n8,mqtbench/grover_n8.qasm,8,16,0,7,QDG-no-UED,1.0,0.9999999999994567,0.0,1
MQT Bench,grover_n8,mqtbench/grover_n8.qasm,8,16,0,7,QDG-no-CD,1.0,0.9999999999994567,0.0,1
MQT Bench,grover_n8,mqtbench/grover_n8.qasm,8,16,0,7,Classical PDG,0.5625,0.9999999999994998,2.2192818217592263e-14,1
MQT Bench,grover_n8,mqtbench/grover_n8.qasm,8,16,0,7,Causal-cone,1.0,0.9999999999994567,0.0,1
MQT Bench,qftentangled_n8,mqtbench/qftentangled_n8.qasm,8,9,0,0,QSlice-full,1.0,0.999999999999997,0.0,1
MQT Bench,qftentangled_n8,mqtbench/qftentangled_n8.qasm,8,9,0,0,QDG-no-ED,0.2222222222222222,0.9999247046740496,0.0061357691428599705,0
MQT Bench,qftentangled_n8,mqtbench/qftentangled_n8.qasm,8,9,0,0,QDG-no-MD,1.0,0.999999999999997,0.0,1
MQT Bench,qftentangled_n8,mqtbench/qftentangled_n8.qasm,8,9,0,0,QDG-no-UED,1.0,0.999999999999997,0.0,1
MQT Bench,qftentangled_n8,mqtbench/qftentangled_n8.qasm,8,9,0,0,QDG-no-CD,1.0,0.999999999999997,0.0,1
MQT Bench,qftentangled_n8,mqtbench/qftentangled_n8.qasm,8,9,0,0,Classical PDG,0.2222222222222222,0.9999247046740496,0.0061357691428599705,0
MQT Bench,qftentangled_n8,mqtbench/qftentangled_n8.qasm,8,9,0,0,Causal-cone,1.0,0.999999999999997,0.0,1
MQT Bench,qftentangled_n8,mqtbench/qftentangled_n8.qasm,8,9,0,1,QSlice-full,1.0,0.9999999999999971,0.0,1
MQT Bench,qftentangled_n8,mqtbench/qftentangled_n8.qasm,8,9,0,1,QDG-no-ED,0.3333333333333333,0.9996988640512914,0.012270614261456094,0
MQT Bench,qftentangled_n8,mqtbench/qftentangled_n8.qasm,8,9,0,1,QDG-no-MD,1.0,0.9999999999999971,0.0,1
MQT Bench,qftentangled_n8,mqtbench/qftentangled_n8.qasm,8,9,0,1,QDG-no-UED,1.0,0.9999999999999971,0.0,1
MQT Bench,qftentangled_n8,mqtbench/qftentangled_n8.qasm,8,9,0,1,QDG-no-CD,1.0,0.9999999999999971,0.0,1
MQT Bench,qftentangled_n8,mqtbench/qftentangled_n8.qasm,8,9,0,1,Classical PDG,0.3333333333333333,0.9996988640512914,0.012270614261456094,0
MQT Bench,qftentangled_n8,mqtbench/qftentangled_n8.qasm,8,9,0,1,Causal-cone,1.0,0.9999999999999971,0.0,1
MQT Bench,qftentangled_n8,mqtbench/qftentangled_n8.qasm,8,9,0,2,QSlice-full,1.0,0.999999999999997,0.0,1
MQT Bench,qftentangled_n8,mqtbench/qftentangled_n8.qasm,8,9,0,2,QDG-no-ED,0.3333333333333333,0.9987961816680477,0.024533837163708952,0
MQT Bench,qftentangled_n8,mqtbench/qftentangled_n8.qasm,8,9,0,2,QDG-no-MD,1.0,0.999999999999997,0.0,1
MQT Bench,qftentangled_n8,mqtbench/qftentangled_n8.qasm,8,9,0,2,QDG-no-UED,1.0,0.999999999999997,0.0,1
MQT Bench,qftentangled_n8,mqtbench/qftentangled_n8.qasm,8,9,0,2,QDG-no-CD,1.0,0.999999999999997,0.0,1
MQT Bench,qftentangled_n8,mqtbench/qftentangled_n8.qasm,8,9,0,2,Classical PDG,0.3333333333333333,0.9987961816680477,0.024533837163708952,0
MQT Bench,qftentangled_n8,mqtbench/qftentangled_n8.qasm,8,9,0,2,Causal-cone,1.0,0.999999999999997,0.0,1
MQT Bench,qftentangled_n8,mqtbench/qftentangled_n8.qasm,8,9,0,3,QSlice-full,1.0,0.999999999999997,0.0,1
MQT Bench,qftentangled_n8,mqtbench/qftentangled_n8.qasm,8,9,0,3,QDG-no-ED,0.3333333333333333,0.9951963201008057,0.049008570164780364,0
MQT Bench,qftentangled_n8,mqtbench/qftentangled_n8.qasm,8,9,0,3,QDG-no-MD,1.0,0.999999999999997,0.0,1
MQT Bench,qftentangled_n8,mqtbench/qftentangled_n8.qasm,8,9,0,3,QDG-no-UED,1.0,0.999999999999997,0.0,1
MQT Bench,qftentangled_n8,mqtbench/qftentangled_n8.qasm,8,9,0,3,QDG-no-CD,1.0,0.999999999999997,0.0,1
MQT Bench,qftentangled_n8,mqtbench/qftentangled_n8.qasm,8,9,0,3,Classical PDG,0.3333333333333333,0.9951963201008057,0.049008570164780364,0
MQT Bench,qftentangled_n8,mqtbench/qftentangled_n8.qasm,8,9,0,3,Causal-cone,1.0,0.999999999999997,0.0,1
MQT Bench,qftentangled_n8,mqtbench/qftentangled_n8.qasm,8,9,0,4,QSlice-full,1.0,0.9999999999999972,0.0,1
MQT Bench,qftentangled_n8,mqtbench/qftentangled_n8.qasm,8,9,0,4,QDG-no-ED,0.3333333333333333,0.9809698831278202,0.09754516100806411,0
MQT Bench,qftentangled_n8,mqtbench/qftentangled_n8.qasm,8,9,0,4,QDG-no-MD,1.0,0.9999999999999972,0.0,1
MQT Bench,qftentangled_n8,mqtbench/qftentangled_n8.qasm,8,9,0,4,QDG-no-UED,1.0,0.9999999999999972,0.0,1
MQT Bench,qftentangled_n8,mqtbench/qftentangled_n8.qasm,8,9,0,4,QDG-no-CD,1.0,0.9999999999999972,0.0,1
MQT Bench,qftentangled_n8,mqtbench/qftentangled_n8.qasm,8,9,0,4,Classical PDG,0.3333333333333333,0.9809698831278202,0.09754516100806411,0
MQT Bench,qftentangled_n8,mqtbench/qftentangled_n8.qasm,8,9,0,4,Causal-cone,1.0,0.9999999999999972,0.0,1
MQT Bench,qftentangled_n8,mqtbench/qftentangled_n8.qasm,8,9,0,5,QSlice-full,1.0,0.9999999999999971,0.0,1
MQT Bench,qftentangled_n8,mqtbench/qftentangled_n8.qasm,8,9,0,5,QDG-no-ED,0.3333333333333333,0.9267766952966352,0.1913417161825449,0
MQT Bench,qftentangled_n8,mqtbench/qftentangled_n8.qasm,8,9,0,5,QDG-no-MD,1.0,0.9999999999999971,0.0,1
MQT Bench,qftentangled_n8,mqtbench/qftentangled_n8.qasm,8,9,0,5,QDG-no-UED,1.0,0.9999999999999971,0.0,1
MQT Bench,qftentangled_n8,mqtbench/qftentangled_n8.qasm,8,9,0,5,QDG-no-CD,1.0,0.9999999999999971,0.0,1
MQT Bench,qftentangled_n8,mqtbench/qftentangled_n8.qasm,8,9,0,5,Classical PDG,0.3333333333333333,0.9267766952966352,0.1913417161825449,0
MQT Bench,qftentangled_n8,mqtbench/qftentangled_n8.qasm,8,9,0,5,Causal-cone,1.0,0.9999999999999971,0.0,1
MQT Bench,qftentangled_n8,mqtbench/qftentangled_n8.qasm,8,9,0,6,QSlice-full,1.0,0.9999999999999973,0.0,1
MQT Bench,qftentangled_n8,mqtbench/qftentangled_n8.qasm,8,9,0,6,QDG-no-ED,0.3333333333333333,0.7499999999999989,0.3535533905932737,0
MQT Bench,qftentangled_n8,mqtbench/qftentangled_n8.qasm,8,9,0,6,QDG-no-MD,1.0,0.9999999999999973,0.0,1
MQT Bench,qftentangled_n8,mqtbench/qftentangled_n8.qasm,8,9,0,6,QDG-no-UED,1.0,0.9999999999999973,0.0,1
MQT Bench,qftentangled_n8,mqtbench/qftentangled_n8.qasm,8,9,0,6,QDG-no-CD,1.0,0.9999999999999973,0.0,1
MQT Bench,qftentangled_n8,mqtbench/qftentangled_n8.qasm,8,9,0,6,Classical PDG,0.3333333333333333,0.7499999999999989,0.3535533905932737,0
MQT Bench,qftentangled_n8,mqtbench/qftentangled_n8.qasm,8,9,0,6,Causal-cone,1.0,0.9999999999999973,0.0,1
MQT Bench,qftentangled_n8,mqtbench/qftentangled_n8.qasm,8,9,0,7,QSlice-full,1.0,0.9999999999999969,0.0,1
MQT Bench,qftentangled_n8,mqtbench/qftentangled_n8.qasm,8,9,0,7,QDG-no-ED,0.3333333333333333,0.49999999999999906,0.5927278212287308,0
MQT Bench,qftentangled_n8,mqtbench/qftentangled_n8.qasm,8,9,0,7,QDG-no-MD,1.0,0.9999999999999969,0.0,1
MQT Bench,qftentangled_n8,mqtbench/qftentangled_n8.qasm,8,9,0,7,QDG-no-UED,1.0,0.9999999999999969,0.0,1
MQT Bench,qftentangled_n8,mqtbench/qftentangled_n8.qasm,8,9,0,7,QDG-no-CD,1.0,0.9999999999999969,0.0,1
MQT Bench,qftentangled_n8,mqtbench/qftentangled_n8.qasm,8,9,0,7,Classical PDG,0.3333333333333333,0.49999999999999906,0.5927278212287308,0
MQT Bench,qftentangled_n8,mqtbench/qftentangled_n8.qasm,8,9,0,7,Causal-cone,1.0,0.9999999999999969,0.0,1
MQT Bench,dj_n8,mqtbench/dj_n8.qasm,8,17,0,0,QSlice-full,0.6470588235294118,0.9999999999999974,1.0547118733938987e-15,1
MQT Bench,dj_n8,mqtbench/dj_n8.qasm,8,17,0,0,QDG-no-ED,0.17647058823529413,0.4999999999999986,0.49999999999999883,0
MQT Bench,dj_n8,mqtbench/dj_n8.qasm,8,17,0,0,QDG-no-MD,0.6470588235294118,0.9999999999999974,1.0547118733938987e-15,1
MQT Bench,dj_n8,mqtbench/dj_n8.qasm,8,17,0,0,QDG-no-UED,0.5882352941176471,1.4513685552213339e-33,0.9999999999999987,0
MQT Bench,dj_n8,mqtbench/dj_n8.qasm,8,17,0,0,QDG-no-CD,0.6470588235294118,0.9999999999999974,1.0547118733938987e-15,1
MQT Bench,dj_n8,mqtbench/dj_n8.qasm,8,17,0,0,Classical PDG,0.17647058823529413,0.4999999999999986,0.49999999999999883,0
MQT Bench,dj_n8,mqtbench/dj_n8.qasm,8,17,0,0,Causal-cone,0.6470588235294118,0.9999999999999974,1.0547118733938987e-15,1
MQT Bench,dj_n8,mqtbench/dj_n8.qasm,8,17,0,1,QSlice-full,0.7058823529411765,0.9999999999999972,9.43689570931383e-16,1
MQT Bench,dj_n8,mqtbench/dj_n8.qasm,8,17,0,1,QDG-no-ED,0.17647058823529413,0.4999999999999986,0.49999999999999883,0
MQT Bench,dj_n8,mqtbench/dj_n8.qasm,8,17,0,1,QDG-no-MD,0.7058823529411765,0.9999999999999972,9.43689570931383e-16,1
MQT Bench,dj_n8,mqtbench/dj_n8.qasm,8,17,0,1,QDG-no-UED,0.6470588235294118,7.942919065654114e-34,0.9999999999999987,0
MQT Bench,dj_n8,mqtbench/dj_n8.qasm,8,17,0,1,QDG-no-CD,0.7058823529411765,0.9999999999999972,9.43689570931383e-16,1
MQT Bench,dj_n8,mqtbench/dj_n8.qasm,8,17,0,1,Classical PDG,0.17647058823529413,0.4999999999999986,0.49999999999999883,0
MQT Bench,dj_n8,mqtbench/dj_n8.qasm,8,17,0,1,Causal-cone,0.7058823529411765,0.9999999999999972,9.43689570931383e-16,1
MQT Bench,dj_n8,mqtbench/dj_n8.qasm,8,17,0,2,QSlice-full,0.7647058823529411,0.9999999999999968,7.216449660063518e-16,1
MQT Bench,dj_n8,mqtbench/dj_n8.qasm,8,17,0,2,QDG-no-ED,0.17647058823529413,0.4999999999999986,0.49999999999999883,0
MQT Bench,dj_n8,mqtbench/dj_n8.qasm,8,17,0,2,QDG-no-MD,0.7647058823529411,0.9999999999999968,7.216449660063518e-16,1
MQT Bench,dj_n8,mqtbench/dj_n8.qasm,8,17,0,2,QDG-no-UED,0.7058823529411765,6.225386901807439e-35,0.9999999999999984,0
MQT Bench,dj_n8,mqtbench/dj_n8.qasm,8,17,0,2,QDG-no-CD,0.7647058823529411,0.9999999999999968,7.216449660063518e-16,1
MQT Bench,dj_n8,mqtbench/dj_n8.qasm,8,17,0,2,Classical PDG,0.17647058823529413,0.4999999999999986,0.49999999999999883,0
MQT Bench,dj_n8,mqtbench/dj_n8.qasm,8,17,0,2,Causal-cone,0.7647058823529411,0.9999999999999968,7.216449660063518e-16,1
MQT Bench,dj_n8,mqtbench/dj_n8.qasm,8,17,0,3,QSlice-full,0.8235294117647058,0.9999999999999958,2.220446049250313e-16,1
MQT Bench,dj_n8,mqtbench/dj_n8.qasm,8,17,0,3,QDG-no-ED,0.17647058823529413,0.4999999999999986,0.49999999999999883,0
MQT Bench,dj_n8,mqtbench/dj_n8.qasm,8,17,0,3,QDG-no-MD,0.8235294117647058,0.9999999999999958,2.220446049250313e-16,1
MQT Bench,dj_n8,mqtbench/dj_n8.qasm,8,17,0,3,QDG-no-UED,0.7647058823529411,1.3580827460116628e-33,0.9999999999999979,0
MQT Bench,dj_n8,mqtbench/dj_n8.qasm,8,17,0,3,QDG-no-CD,0.8235294117647058,0.9999999999999958,2.220446049250313e-16,1
MQT Bench,dj_n8,mqtbench/dj_n8.qasm,8,17,0,3,Classical PDG,0.17647058823529413,0.4999999999999986,0.49999999999999883,0
MQT Bench,dj_n8,mqtbench/dj_n8.qasm,8,17,0,3,Causal-cone,0.8235294117647058,0.9999999999999958,2.220446049250313e-16,1
MQT Bench,dj_n8,mqtbench/dj_n8.qasm,8,17,0,4,QSlice-full,0.8823529411764706,0.9999999999999957,1.6653345369377348e-16,1
MQT Bench,dj_n8,mqtbench/dj_n8.qasm,8,17,0,4,QDG-no-ED,0.17647058823529413,0.4999999999999986,0.49999999999999883,0
MQT Bench,dj_n8,mqtbench/dj_n8.qasm,8,17,0,4,QDG-no-MD,0.8823529411764706,0.9999999999999957,1.6653345369377348e-16,1
MQT Bench,dj_n8,mqtbench/dj_n8.qasm,8,17,0,4,QDG-no-UED,0.8235294117647058,3.2655792492480036e-33,0.9999999999999978,0
MQT Bench,dj_n8,mqtbench/dj_n8.qasm,8,17,0,4,QDG-no-CD,0.8823529411764706,0.9999999999999957,1.6653345369377348e-16,1
MQT Bench,dj_n8,mqtbench/dj_n8.qasm,8,17,0,4,Classical PDG,0.17647058823529413,0.4999999999999986,0.49999999999999883,0
MQT Bench,dj_n8,mqtbench/dj_n8.qasm,8,17,0,4,Causal-cone,0.8823529411764706,0.9999999999999957,1.6653345369377348e-16,1
MQT Bench,dj_n8,mqtbench/dj_n8.qasm,8,17,0,5,QSlice-full,0.9411764705882353,0.9999999999999954,5.551115123125783e-17,1
MQT Bench,dj_n8,mqtbench/dj_n8.qasm,8,17,0,5,QDG-no-ED,0.17647058823529413,0.4999999999999986,0.49999999999999883,0
MQT Bench,dj_n8,mqtbench/dj_n8.qasm,8,17,0,5,QDG-no-MD,0.9411764705882353,0.9999999999999954,5.551115123125783e-17,1
MQT Bench,dj_n8,mqtbench/dj_n8.qasm,8,17,0,5,QDG-no-UED,0.8823529411764706,8.344400776406087e-35,0.9999999999999978,0
MQT Bench,dj_n8,mqtbench/dj_n8.qasm,8,17,0,5,QDG-no-CD,0.9411764705882353,0.9999999999999954,5.551115123125783e-17,1
MQT Bench,dj_n8,mqtbench/dj_n8.qasm,8,17,0,5,Classical PDG,0.17647058823529413,0.4999999999999986,0.49999999999999883,0
MQT Bench,dj_n8,mqtbench/dj_n8.qasm,8,17,0,5,Causal-cone,0.9411764705882353,0.9999999999999954,5.551115123125783e-17,1
MQT Bench,dj_n8,mqtbench/dj_n8.qasm,8,17,0,6,QSlice-full,1.0,0.9999999999999953,0.0,1
MQT Bench,dj_n8,mqtbench/dj_n8.qasm,8,17,0,6,QDG-no-ED,0.17647058823529413,0.4999999999999986,0.49999999999999883,0
MQT Bench,dj_n8,mqtbench/dj_n8.qasm,8,17,0,6,QDG-no-MD,1.0,0.9999999999999953,0.0,1
MQT Bench,dj_n8,mqtbench/dj_n8.qasm,8,17,0,6,QDG-no-UED,0.9411764705882353,1.2450773803614438e-34,0.9999999999999977,0
MQT Bench,dj_n8,mqtbench/dj_n8.qasm,8,17,0,6,QDG-no-CD,1.0,0.9999999999999953,0.0,1
MQT Bench,dj_n8,mqtbench/dj_n8.qasm,8,17,0,6,Classical PDG,0.17647058823529413,0.4999999999999986,0.49999999999999883,0
MQT Bench,dj_n8,mqtbench/dj_n8.qasm,8,17,0,6,Causal-cone,1.0,0.9999999999999953,0.0,1
MQT Bench,dj_n8,mqtbench/dj_n8.qasm,8,17,0,7,QSlice-full,0.5882352941176471,0.9999999999999974,1.0547118733938987e-15,1
MQT Bench,dj_n8,mqtbench/dj_n8.qasm,8,17,0,7,QDG-no-ED,0.17647058823529413,0.9999999999999974,1.0547118733938987e-15,1
MQT Bench,dj_n8,mqtbench/dj_n8.qasm,8,17,0,7,QDG-no-MD,0.5882352941176471,0.9999999999999974,1.0547118733938987e-15,1
MQT Bench,dj_n8,mqtbench/dj_n8.qasm,8,17,0,7,QDG-no-UED,0.5882352941176471,0.9999999999999974,1.0547118733938987e-15,1
MQT Bench,dj_n8,mqtbench/dj_n8.qasm,8,17,0,7,QDG-no-CD,0.5882352941176471,0.9999999999999974,1.0547118733938987e-15,1
MQT Bench,dj_n8,mqtbench/dj_n8.qasm,8,17,0,7,Classical PDG,0.17647058823529413,0.9999999999999974,1.0547118733938987e-15,1
MQT Bench,dj_n8,mqtbench/dj_n8.qasm,8,17,0,7,Causal-cone,0.5882352941176471,0.9999999999999974,1.0547118733938987e-15,1
MQT Bench,graphstate_n8,mqtbench/graphstate_n8.qasm,8,16,0,0,QSlice-full,0.5,0.9999999999999993,1.1102230246251565e-16,1
MQT Bench,graphstate_n8,mqtbench/graphstate_n8.qasm,8,16,0,0,QDG-no-ED,0.1875,0.4999999999999998,0.4999999999999999,0
MQT Bench,graphstate_n8,mqtbench/graphstate_n8.qasm,8,16,0,0,QDG-no-MD,0.5,0.9999999999999993,1.1102230246251565e-16,1
MQT Bench,graphstate_n8,mqtbench/graphstate_n8.qasm,8,16,0,0,QDG-no-UED,0.5,0.9999999999999993,1.1102230246251565e-16,1
MQT Bench,graphstate_n8,mqtbench/graphstate_n8.qasm,8,16,0,0,QDG-no-CD,0.5,0.9999999999999993,1.1102230246251565e-16,1
MQT Bench,graphstate_n8,mqtbench/graphstate_n8.qasm,8,16,0,0,Classical PDG,0.1875,0.4999999999999998,0.4999999999999999,0
MQT Bench,graphstate_n8,mqtbench/graphstate_n8.qasm,8,16,0,0,Causal-cone,0.5,0.9999999999999993,1.1102230246251565e-16,1
MQT Bench,graphstate_n8,mqtbench/graphstate_n8.qasm,8,16,0,1,QSlice-full,0.6875,0.9999999999999993,1.1102230246251565e-16,1
MQT Bench,graphstate_n8,mqtbench/graphstate_n8.qasm,8,16,0,1,QDG-no-ED,0.1875,0.4999999999999998,0.4999999999999999,0
MQT Bench,graphstate_n8,mqtbench/graphstate_n8.qasm,8,16,0,1,QDG-no-MD,0.6875,0.9999999999999993,1.1102230246251565e-16,1
MQT Bench,graphstate_n8,mqtbench/graphstate_n8.qasm,8,16,0,1,QDG-no-UED,0.6875,0.9999999999999993,1.1102230246251565e-16,1
MQT Bench,graphstate_n8,mqtbench/graphstate_n8.qasm,8,16,0,1,QDG-no-CD,0.6875,0.9999999999999993,1.1102230246251565e-16,1
MQT Bench,graphstate_n8,mqtbench/graphstate_n8.qasm,8,16,0,1,Classical PDG,0.1875,0.4999999999999998,0.4999999999999999,0
MQT Bench,graphstate_n8,mqtbench/graphstate_n8.qasm,8,16,0,1,Causal-cone,0.6875,0.9999999999999993,1.1102230246251565e-16,1
MQT Bench,graphstate_n8,mqtbench/graphstate_n8.qasm,8,16,0,2,QSlice-full,0.4375,0.9999999999999991,2.220446049250313e-16,1
MQT Bench,graphstate_n8,mqtbench/graphstate_n8.qasm,8,16,0,2,QDG-no-ED,0.1875,0.4999999999999998,0.4999999999999999,0
MQT Bench,graphstate_n8,mqtbench/graphstate_n8.qasm,8,16,0,2,QDG-no-MD,0.4375,0.9999999999999991,2.220446049250313e-16,1
MQT Bench,graphstate_n8,mqtbench/graphstate_n8.qasm,8,16,0,2,QDG-no-UED,0.4375,0.9999999999999991,2.220446049250313e-16,1
MQT Bench,graphstate_n8,mqtbench/graphstate_n8.qasm,8,16,0,2,QDG-no-CD,0.4375,0.9999999999999991,2.220446049250313e-16,1
MQT Bench,graphstate_n8,mqtbench/graphstate_n8.qasm,8,16,0,2,Classical PDG,0.1875,0.4999999999999998,0.4999999999999999,0
MQT Bench,graphstate_n8,mqtbench/graphstate_n8.qasm,8,16,0,2,Causal-cone,0.4375,0.9999999999999991,2.220446049250313e-16,1
MQT Bench,graphstate_n8,mqtbench/graphstate_n8.qasm,8,16,0,3,QSlice-full,0.75,0.9999999999999993,1.1102230246251565e-16,1
MQT Bench,graphstate_n8,mqtbench/graphstate_n8.qasm,8,16,0,3,QDG-no-ED,0.1875,0.4999999999999998,0.4999999999999999,0
MQT Bench,graphstate_n8,mqtbench/graphstate_n8.qasm,8,16,0,3,QDG-no-MD,0.75,0.9999999999999993,1.1102230246251565e-16,1
MQT Bench,graphstate_n8,mqtbench/graphstate_n8.qasm,8,16,0,3,QDG-no-UED,0.75,0.9999999999999993,1.1102230246251565e-16,1
MQT Bench,graphstate_n8,mqtbench/graphstate_n8.qasm,8,16,0,3,QDG-no-CD,0.75,0.9999999999999993,1.1102230246251565e-16,1
MQT Bench,graphstate_n8,mqtbench/graphstate_n8.qasm,8,16,0,3,Classical PDG,0.1875,0.4999999999999998,0.4999999999999999,0
MQT Bench,graphstate_n8,mqtbench/graphstate_n8.qasm,8,16,0,3,Causal-cone,0.75,0.9999999999999993,1.1102230246251565e-16,1
MQT Bench,graphstate_n8,mqtbench/graphstate_n8.qasm,8,16,0,4,QSlice-full,0.4375,0.9999999999999991,2.220446049250313e-16,1
MQT Bench,graphstate_n8,mqtbench/graphstate_n8.qasm,8,16,0,4,QDG-no-ED,0.1875,0.4999999999999998,0.4999999999999999,0
MQT Bench,graphstate_n8,mqtbench/graphstate_n8.qasm,8,16,0,4,QDG-no-MD,0.4375,0.9999999999999991,2.220446049250313e-16,1
MQT Bench,graphstate_n8,mqtbench/graphstate_n8.qasm,8,16,0,4,QDG-no-UED,0.4375,0.9999999999999991,2.220446049250313e-16,1
MQT Bench,graphstate_n8,mqtbench/graphstate_n8.qasm,8,16,0,4,QDG-no-CD,0.4375,0.9999999999999991,2.220446049250313e-16,1
MQT Bench,graphstate_n8,mqtbench/graphstate_n8.qasm,8,16,0,4,Classical PDG,0.1875,0.4999999999999998,0.4999999999999999,0
MQT Bench,graphstate_n8,mqtbench/graphstate_n8.qasm,8,16,0,4,Causal-cone,0.4375,0.9999999999999991,2.220446049250313e-16,1
MQT Bench,graphstate_n8,mqtbench/graphstate_n8.qasm,8,16,0,5,QSlice-full,0.9375,0.9999999999999996,0.0,1
MQT Bench,graphstate_n8,mqtbench/graphstate_n8.qasm,8,16,0,5,QDG-no-ED,0.1875,0.4999999999999998,0.4999999999999999,0
MQT Bench,graphstate_n8,mqtbench/graphstate_n8.qasm,8,16,0,5,QDG-no-MD,0.9375,0.9999999999999996,0.0,1
MQT Bench,graphstate_n8,mqtbench/graphstate_n8.qasm,8,16,0,5,QDG-no-UED,0.9375,0.9999999999999996,0.0,1
MQT Bench,graphstate_n8,mqtbench/graphstate_n8.qasm,8,16,0,5,QDG-no-CD,0.9375,0.9999999999999996,0.0,1
MQT Bench,graphstate_n8,mqtbench/graphstate_n8.qasm,8,16,0,5,Classical PDG,0.1875,0.4999999999999998,0.4999999999999999,0
MQT Bench,graphstate_n8,mqtbench/graphstate_n8.qasm,8,16,0,5,Causal-cone,0.9375,0.9999999999999996,0.0,1
MQT Bench,graphstate_n8,mqtbench/graphstate_n8.qasm,8,16,0,6,QSlice-full,0.75,0.9999999999999993,1.1102230246251565e-16,1
MQT Bench,graphstate_n8,mqtbench/graphstate_n8.qasm,8,16,0,6,QDG-no-ED,0.1875,0.4999999999999998,0.4999999999999999,0
MQT Bench,graphstate_n8,mqtbench/graphstate_n8.qasm,8,16,0,6,QDG-no-MD,0.75,0.9999999999999993,1.1102230246251565e-16,1
MQT Bench,graphstate_n8,mqtbench/graphstate_n8.qasm,8,16,0,6,QDG-no-UED,0.75,0.9999999999999993,1.1102230246251565e-16,1
MQT Bench,graphstate_n8,mqtbench/graphstate_n8.qasm,8,16,0,6,QDG-no-CD,0.75,0.9999999999999993,1.1102230246251565e-16,1
MQT Bench,graphstate_n8,mqtbench/graphstate_n8.qasm,8,16,0,6,Classical PDG,0.1875,0.4999999999999998,0.4999999999999999,0
MQT Bench,graphstate_n8,mqtbench/graphstate_n8.qasm,8,16,0,6,Causal-cone,0.75,0.9999999999999993,1.1102230246251565e-16,1
MQT Bench,graphstate_n8,mqtbench/graphstate_n8.qasm,8,16,0,7,QSlice-full,0.9375,0.9999999999999996,0.0,1
MQT Bench,graphstate_n8,mqtbench/graphstate_n8.qasm,8,16,0,7,QDG-no-ED,0.1875,0.4999999999999998,0.4999999999999999,0
MQT Bench,graphstate_n8,mqtbench/graphstate_n8.qasm,8,16,0,7,QDG-no-MD,0.9375,0.9999999999999996,0.0,1
MQT Bench,graphstate_n8,mqtbench/graphstate_n8.qasm,8,16,0,7,QDG-no-UED,0.9375,0.9999999999999996,0.0,1
MQT Bench,graphstate_n8,mqtbench/graphstate_n8.qasm,8,16,0,7,QDG-no-CD,0.9375,0.9999999999999996,0.0,1
MQT Bench,graphstate_n8,mqtbench/graphstate_n8.qasm,8,16,0,7,Classical PDG,0.1875,0.4999999999999998,0.4999999999999999,0
MQT Bench,graphstate_n8,mqtbench/graphstate_n8.qasm,8,16,0,7,Causal-cone,0.9375,0.9999999999999996,0.0,1
MQT Bench,bv_n8,mqtbench/bv_n8.qasm,8,18,0,0,QSlice-full,0.3888888888888889,0.9999999999999971,7.771561172376096e-16,1
MQT Bench,bv_n8,mqtbench/bv_n8.qasm,8,18,0,0,QDG-no-ED,0.2222222222222222,0.9999999999999978,1.1102230246251565e-15,1
MQT Bench,bv_n8,mqtbench/bv_n8.qasm,8,18,0,0,QDG-no-MD,0.3888888888888889,0.9999999999999971,7.771561172376096e-16,1
MQT Bench,bv_n8,mqtbench/bv_n8.qasm,8,18,0,0,QDG-no-UED,0.3888888888888889,0.9999999999999971,7.771561172376096e-16,1
MQT Bench,bv_n8,mqtbench/bv_n8.qasm,8,18,0,0,QDG-no-CD,0.3888888888888889,0.9999999999999971,7.771561172376096e-16,1
MQT Bench,bv_n8,mqtbench/bv_n8.qasm,8,18,0,0,Classical PDG,0.2222222222222222,0.9999999999999978,1.1102230246251565e-15,1
MQT Bench,bv_n8,mqtbench/bv_n8.qasm,8,18,0,0,Causal-cone,0.3888888888888889,0.9999999999999971,7.771561172376096e-16,1
MQT Bench,bv_n8,mqtbench/bv_n8.qasm,8,18,0,1,QSlice-full,0.1111111111111111,0.9999999999999973,8.88280544811387e-16,1
MQT Bench,bv_n8,mqtbench/bv_n8.qasm,8,18,0,1,QDG-no-ED,0.1111111111111111,0.9999999999999973,8.88280544811387e-16,1
MQT Bench,bv_n8,mqtbench/bv_n8.qasm,8,18,0,1,QDG-no-MD,0.1111111111111111,0.9999999999999973,8.88280544811387e-16,1
MQT Bench,bv_n8,mqtbench/bv_n8.qasm,8,18,0,1,QDG-no-UED,0.1111111111111111,0.9999999999999973,8.88280544811387e-16,1
MQT Bench,bv_n8,mqtbench/bv_n8.qasm,8,18,0,1,QDG-no-CD,0.1111111111111111,0.9999999999999973,8.88280544811387e-16,1
MQT Bench,bv_n8,mqtbench/bv_n8.qasm,8,18,0,1,Classical PDG,0.1111111111111111,0.9999999999999973,8.88280544811387e-16,1
MQT Bench,bv_n8,mqtbench/bv_n8.qasm,8,18,0,1,Causal-cone,0.1111111111111111,0.9999999999999973,8.88280544811387e-16,1
MQT Bench,bv_n8,mqtbench/bv_n8.qasm,8,18,0,2,QSlice-full,0.4444444444444444,0.9999999999999972,8.328711188808914e-16,1
MQT Bench,bv_n8,mqtbench/bv_n8.qasm,8,18,0,2,QDG-no-ED,0.16666666666666666,1.1040518171935751e-35,0.9999999999999987,0
MQT Bench,bv_n8,mqtbench/bv_n8.qasm,8,18,0,2,QDG-no-MD,0.4444444444444444,0.9999999999999972,8.328711188808914e-16,1
MQT Bench,bv_n8,mqtbench/bv_n8.qasm,8,18,0,2,QDG-no-UED,0.4444444444444444,0.9999999999999972,8.328711188808914e-16,1
MQT Bench,bv_n8,mqtbench/bv_n8.qasm,8,18,0,2,QDG-no-CD,0.4444444444444444,0.9999999999999972,8.328711188808914e-16,1
MQT Bench,bv_n8,mqtbench/bv_n8.qasm,8,18,0,2,Classical PDG,0.16666666666666666,1.1040518171935751e-35,0.9999999999999987,0
MQT Bench,bv_n8,mqtbench/bv_n8.qasm,8,18,0,2,Causal-cone,0.4444444444444444,0.9999999999999972,8.328711188808914e-16,1
MQT Bench,bv_n8,mqtbench/bv_n8.qasm,8,18,0,3,QSlice-full,0.1111111111111111,0.9999999999999973,8.889265640687216e-16,1
MQT Bench,bv_n8,mqtbench/bv_n8.qasm,8,18,0,3,QDG-no-ED,0.1111111111111111,0.9999999999999973,8.889265640687216e-16,1
MQT Bench,bv_n8,mqtbench/bv_n8.qasm,8,18,0,3,QDG-no-MD,0.1111111111111111,0.9999999999999973,8.889265640687216e-16,1
MQT Bench,bv_n8,mqtbench/bv_n8.qasm,8,18,0,3,QDG-no-UED,0.1111111111111111,0.9999999999999973,8.889265640687216e-16,1
MQT Bench,bv_n8,mqtbench/bv_n8.qasm,8,18,0,3,QDG-no-CD,0.1111111111111111,0.9999999999999973,8.889265640687216e-16,1
MQT Bench,bv_n8,mqtbench/bv_n8.qasm,8,18,0,3,Classical PDG,0.1111111111111111,0.9999999999999973,8.889265640687216e-16,1
MQT Bench,bv_n8,mqtbench/bv_n8.qasm,8,18,0,3,Causal-cone,0.1111111111111111,0.9999999999999973,8.889265640687216e-16,1
MQT Bench,bv_n8,mqtbench/bv_n8.qasm,8,18,0,4,QSlice-full,0.4444444444444444,0.9999999999999972,8.32679794988053e-16,1
MQT Bench,bv_n8,mqtbench/bv_n8.qasm,8,18,0,4,QDG-no-ED,0.16666666666666666,6.925423415391712e-34,0.9999999999999987,0
MQT Bench,bv_n8,mqtbench/bv_n8.qasm,8,18,0,4,QDG-no-MD,0.4444444444444444,0.9999999999999972,8.32679794988053e-16,1
MQT Bench,bv_n8,mqtbench/bv_n8.qasm,8,18,0,4,QDG-no-UED,0.4444444444444444,0.9999999999999972,8.32679794988053e-16,1
MQT Bench,bv_n8,mqtbench/bv_n8.qasm,8,18,0,4,QDG-no-CD,0.4444444444444444,0.9999999999999972,8.32679794988053e-16,1
MQT Bench,bv_n8,mqtbench/bv_n8.qasm,8,18,0,4,Classical PDG,0.16666666666666666,6.925423415391712e-34,0.9999999999999987,0
MQT Bench,bv_n8,mqtbench/bv_n8.qasm,8,18,0,4,Causal-cone,0.4444444444444444,0.9999999999999972,8.32679794988053e-16,1
MQT Bench,bv_n8,mqtbench/bv_n8.qasm,8,18,0,5,QSlice-full,0.1111111111111111,0.9999999999999973,8.881871811100778e-16,1
MQT Bench,bv_n8,mqtbench/bv_n8.qasm,8,18,0,5,QDG-no-ED,0.1111111111111111,0.9999999999999973,8.881871811100778e-16,1
MQT Bench,bv_n8,mqtbench/bv_n8.qasm,8,18,0,5,QDG-no-MD,0.1111111111111111,0.9999999999999973,8.881871811100778e-16,1
MQT Bench,bv_n8,mqtbench/bv_n8.qasm,8,18,0,5,QDG-no-UED,0.1111111111111111,0.9999999999999973,8.881871811100778e-16,1
MQT Bench,bv_n8,mqtbench/bv_n8.qasm,8,18,0,5,QDG-no-CD,0.1111111111111111,0.9999999999999973,8.881871811100778e-16,1
MQT Bench,bv_n8,mqtbench/bv_n8.qasm,8,18,0,5,Classical PDG,0.1111111111111111,0.9999999999999973,8.881871811100778e-16,1
MQT Bench,bv_n8,mqtbench/bv_n8.qasm,8,18,0,5,Causal-cone,0.1111111111111111,0.9999999999999973,8.881871811100778e-16,1
MQT Bench,bv_n8,mqtbench/bv_n8.qasm,8,18,0,6,QSlice-full,0.4444444444444444,0.9999999999999972,8.331362427399628e-16,1
MQT Bench,bv_n8,mqtbench/bv_n8.qasm,8,18,0,6,QDG-no-ED,0.16666666666666666,3.845835797864254e-35,0.9999999999999987,0
MQT Bench,bv_n8,mqtbench/bv_n8.qasm,8,18,0,6,QDG-no-MD,0.4444444444444444,0.9999999999999972,8.331362427399628e-16,1
MQT Bench,bv_n8,mqtbench/bv_n8.qasm,8,18,0,6,QDG-no-UED,0.4444444444444444,0.9999999999999972,8.331362427399628e-16,1
MQT Bench,bv_n8,mqtbench/bv_n8.qasm,8,18,0,6,QDG-no-CD,0.4444444444444444,0.9999999999999972,8.331362427399628e-16,1
MQT Bench,bv_n8,mqtbench/bv_n8.qasm,8,18,0,6,Classical PDG,0.16666666666666666,3.845835797864254e-35,0.9999999999999987,0
MQT Bench,bv_n8,mqtbench/bv_n8.qasm,8,18,0,6,Causal-cone,0.4444444444444444,0.9999999999999972,8.331362427399628e-16,1
MQT Bench,bv_n8,mqtbench/bv_n8.qasm,8,18,0,7,QSlice-full,0.1111111111111111,0.9999999999999973,8.885868497218617e-16,1
MQT Bench,bv_n8,mqtbench/bv_n8.qasm,8,18,0,7,QDG-no-ED,0.1111111111111111,0.9999999999999973,8.885868497218617e-16,1
MQT Bench,bv_n8,mqtbench/bv_n8.qasm,8,18,0,7,QDG-no-MD,0.1111111111111111,0.9999999999999973,8.885868497218617e-16,1
MQT Bench,bv_n8,mqtbench/bv_n8.qasm,8,18,0,7,QDG-no-UED,0.1111111111111111,0.9999999999999973,8.885868497218617e-16,1
MQT Bench,bv_n8,mqtbench/bv_n8.qasm,8,18,0,7,QDG-no-CD,0.1111111111111111,0.9999999999999973,8.885868497218617e-16,1
MQT Bench,bv_n8,mqtbench/bv_n8.qasm,8,18,0,7,Classical PDG,0.1111111111111111,0.9999999999999973,8.885868497218617e-16,1
MQT Bench,bv_n8,mqtbench/bv_n8.qasm,8,18,0,7,Causal-cone,0.1111111111111111,0.9999999999999973,8.885868497218617e-16,1
MQT Bench,wstate_n8,mqtbench/wstate_n8.qasm,8,29,0,0,QSlice-full,1.0,0.9999999999999998,0.0,1
MQT Bench,wstate_n8,mqtbench/wstate_n8.qasm,8,29,0,0,QDG-no-ED,0.13793103448275862,0.875,0.12499999999999994,0
MQT Bench,wstate_n8,mqtbench/wstate_n8.qasm,8,29,0,0,QDG-no-MD,1.0,0.9999999999999998,0.0,1
MQT Bench,wstate_n8,mqtbench/wstate_n8.qasm,8,29,0,0,QDG-no-UED,1.0,0.9999999999999998,0.0,1
MQT Bench,wstate_n8,mqtbench/wstate_n8.qasm,8,29,0,0,QDG-no-CD,1.0,0.9999999999999998,0.0,1
MQT Bench,wstate_n8,mqtbench/wstate_n8.qasm,8,29,0,0,Classical PDG,0.13793103448275862,0.875,0.12499999999999994,0
MQT Bench,wstate_n8,mqtbench/wstate_n8.qasm,8,29,0,0,Causal-cone,1.0,0.9999999999999998,0.0,1
MQT Bench,wstate_n8,mqtbench/wstate_n8.qasm,8,29,0,1,QSlice-full,1.0,0.9999999999999998,0.0,1
MQT Bench,wstate_n8,mqtbench/wstate_n8.qasm,8,29,0,1,QDG-no-ED,0.20689655172413793,0.875,0.12499999999999994,0
MQT Bench,wstate_n8,mqtbench/wstate_n8.qasm,8,29,0,1,QDG-no-MD,1.0,0.9999999999999998,0.0,1
MQT Bench,wstate_n8,mqtbench/wstate_n8.qasm,8,29,0,1,QDG-no-UED,1.0,0.9999999999999998,0.0,1
MQT Bench,wstate_n8,mqtbench/wstate_n8.qasm,8,29,0,1,QDG-no-CD,1.0,0.9999999999999998,0.0,1
MQT Bench,wstate_n8,mqtbench/wstate_n8.qasm,8,29,0,1,Classical PDG,0.20689655172413793,0.875,0.12499999999999994,0
MQT Bench,wstate_n8,mqtbench/wstate_n8.qasm,8,29,0,1,Causal-cone,1.0,0.9999999999999998,0.0,1
MQT Bench,wstate_n8,mqtbench/wstate_n8.qasm,8,29,0,2,QSlice-full,0.9655172413793104,0.9999999999999999,0.0,1
MQT Bench,wstate_n8,mqtbench/wstate_n8.qasm,8,29,0,2,QDG-no-ED,0.20689655172413793,0.875,0.12499999999999997,0
MQT Bench,wstate_n8,mqtbench/wstate_n8.qasm,8,29,0,2,QDG-no-MD,0.9655172413793104,0.9999999999999999,0.0,1
MQT Bench,wstate_n8,mqtbench/wstate_n8.qasm,8,29,0,2,QDG-no-UED,0.9655172413793104,0.9999999999999999,0.0,1
MQT Bench,wstate_n8,mqtbench/wstate_n8.qasm,8,29,0,2,QDG-no-CD,0.9655172413793104,0.9999999999999999,0.0,1
MQT Bench,wstate_n8,mqtbench/wstate_n8.qasm,8,29,0,2,Classical PDG,0.20689655172413793,0.875,0.12499999999999997,0
MQT Bench,wstate_n8,mqtbench/wstate_n8.qasm,8,29,0,2,Causal-cone,0.9655172413793104,0.9999999999999999,0.0,1
MQT Bench,wstate_n8,mqtbench/wstate_n8.qasm,8,29,0,3,QSlice-full,0.896551724137931,0.9999999999999998,1.3877787807814457e-17,1
MQT Bench,wstate_n8,mqtbench/wstate_n8.qasm,8,29,0,3,QDG-no-ED,0.20689655172413793,0.8749999999999999,0.12500000000000006,0
MQT Bench,wstate_n8,mqtbench/wstate_n8.qasm,8,29,0,3,QDG-no-MD,0.896551724137931,0.9999999999999998,1.3877787807814457e-17,1
MQT Bench,wstate_n8,mqtbench/wstate_n8.qasm,8,29,0,3,QDG-no-UED,0.896551724137931,0.9999999999999998,1.3877787807814457e-17,1
MQT Bench,wstate_n8,mqtbench/wstate_n8.qasm,8,29,0,3,QDG-no-CD,0.896551724137931,0.9999999999999998,1.3877787807814457e-17,1
MQT Bench,wstate_n8,mqtbench/wstate_n8.qasm,8,29,0,3,Classical PDG,0.20689655172413793,0.8749999999999999,0.12500000000000006,0
MQT Bench,wstate_n8,mqtbench/wstate_n8.qasm,8,29,0,3,Causal-cone,0.896551724137931,0.9999999999999998,1.3877787807814457e-17,1
MQT Bench,wstate_n8,mqtbench/wstate_n8.qasm,8,29,0,4,QSlice-full,0.7586206896551724,0.9999999999999997,6.938893903907228e-18,1
MQT Bench,wstate_n8,mqtbench/wstate_n8.qasm,8,29,0,4,QDG-no-ED,0.20689655172413793,0.8749999999999999,0.12500000000000006,0
MQT Bench,wstate_n8,mqtbench/wstate_n8.qasm,8,29,0,4,QDG-no-MD,0.7586206896551724,0.9999999999999997,6.938893903907228e-18,1
MQT Bench,wstate_n8,mqtbench/wstate_n8.qasm,8,29,0,4,QDG-no-UED,0.7586206896551724,0.9999999999999997,6.938893903907228e-18,1
MQT Bench,wstate_n8,mqtbench/wstate_n8.qasm,8,29,0,4,QDG-no-CD,0.7586206896551724,0.9999999999999997,6.938893903907228e-18,1
MQT Bench,wstate_n8,mqtbench/wstate_n8.qasm,8,29,0,4,Classical PDG,0.20689655172413793,0.8749999999999999,0.12500000000000006,0
MQT Bench,wstate_n8,mqtbench/wstate_n8.qasm,8,29,0,4,Causal-cone,0.7586206896551724,0.9999999999999997,6.938893903907228e-18,1
MQT Bench,wstate_n8,mqtbench/wstate_n8.qasm,8,29,0,5,QSlice-full,0.6206896551724138,0.9999999999999997,0.0,1
MQT Bench,wstate_n8,mqtbench/wstate_n8.qasm,8,29,0,5,QDG-no-ED,0.20689655172413793,0.8749999999999999,0.12500000000000006,0
MQT Bench,wstate_n8,mqtbench/wstate_n8.qasm,8,29,0,5,QDG-no-MD,0.6206896551724138,0.9999999999999997,0.0,1
MQT Bench,wstate_n8,mqtbench/wstate_n8.qasm,8,29,0,5,QDG-no-UED,0.6206896551724138,0.9999999999999997,0.0,1
MQT Bench,wstate_n8,mqtbench/wstate_n8.qasm,8,29,0,5,QDG-no-CD,0.6206896551724138,0.9999999999999997,0.0,1
MQT Bench,wstate_n8,mqtbench/wstate_n8.qasm,8,29,0,5,Classical PDG,0.20689655172413793,0.8749999999999999,0.12500000000000006,0
MQT Bench,wstate_n8,mqtbench/wstate_n8.qasm,8,29,0,5,Causal-cone,0.6206896551724138,0.9999999999999997,0.0,1
MQT Bench,wstate_n8,mqtbench/wstate_n8.qasm,8,29,0,6,QSlice-full,0.4827586206896552,0.9999999999999999,8.326672684688674e-17,1
MQT Bench,wstate_n8,mqtbench/wstate_n8.qasm,8,29,0,6,QDG-no-ED,0.20689655172413793,0.8749999999999999,0.12500000000000006,0
MQT Bench,wstate_n8,mqtbench/wstate_n8.qasm,8,29,0,6,QDG-no-MD,0.4827586206896552,0.9999999999999999,8.326672684688674e-17,1
MQT Bench,wstate_n8,mqtbench/wstate_n8.qasm,8,29,0,6,QDG-no-UED,0.4827586206896552,0.9999999999999999,8.326672684688674e-17,1
MQT Bench,wstate_n8,mqtbench/wstate_n8.qasm,8,29,0,6,QDG-no-CD,0.4827586206896552,0.9999999999999999,8.326672684688674e-17,1
MQT Bench,wstate_n8,mqtbench/wstate_n8.qasm,8,29,0,6,Classical PDG,0.20689655172413793,0.8749999999999999,0.12500000000000006,0
MQT Bench,wstate_n8,mqtbench/wstate_n8.qasm,8,29,0,6,Causal-cone,0.4827586206896552,0.9999999999999999,8.326672684688674e-17,1
MQT Bench,wstate_n8,mqtbench/wstate_n8.qasm,8,29,0,7,QSlice-full,0.3448275862068966,0.9999999999999998,1.5265566588595902e-16,1
MQT Bench,wstate_n8,mqtbench/wstate_n8.qasm,8,29,0,7,QDG-no-ED,0.10344827586206896,0.12500000000000017,0.8749999999999998,0
MQT Bench,wstate_n8,mqtbench/wstate_n8.qasm,8,29,0,7,QDG-no-MD,0.3448275862068966,0.9999999999999998,1.5265566588595902e-16,1
MQT Bench,wstate_n8,mqtbench/wstate_n8.qasm,8,29,0,7,QDG-no-UED,0.3448275862068966,0.9999999999999998,1.5265566588595902e-16,1
MQT Bench,wstate_n8,mqtbench/wstate_n8.qasm,8,29,0,7,QDG-no-CD,0.3448275862068966,0.9999999999999998,1.5265566588595902e-16,1
MQT Bench,wstate_n8,mqtbench/wstate_n8.qasm,8,29,0,7,Classical PDG,0.10344827586206896,0.12500000000000017,0.8749999999999998,0
MQT Bench,wstate_n8,mqtbench/wstate_n8.qasm,8,29,0,7,Causal-cone,0.3448275862068966,0.9999999999999998,1.5265566588595902e-16,1
MQT Bench,ghz_n10,mqtbench/ghz_n10.qasm,10,10,0,0,QSlice-full,1.0,0.9999999999999996,0.0,1
MQT Bench,ghz_n10,mqtbench/ghz_n10.qasm,10,10,0,0,QDG-no-ED,0.1,0.4999999999999999,0.5,0
MQT Bench,ghz_n10,mqtbench/ghz_n10.qasm,10,10,0,0,QDG-no-MD,1.0,0.9999999999999996,0.0,1
MQT Bench,ghz_n10,mqtbench/ghz_n10.qasm,10,10,0,0,QDG-no-UED,1.0,0.9999999999999996,0.0,1
MQT Bench,ghz_n10,mqtbench/ghz_n10.qasm,10,10,0,0,QDG-no-CD,1.0,0.9999999999999996,0.0,1
MQT Bench,ghz_n10,mqtbench/ghz_n10.qasm,10,10,0,0,Classical PDG,0.1,0.4999999999999999,0.5,0
MQT Bench,ghz_n10,mqtbench/ghz_n10.qasm,10,10,0,0,Causal-cone,1.0,0.9999999999999996,0.0,1
MQT Bench,ghz_n10,mqtbench/ghz_n10.qasm,10,10,0,1,QSlice-full,1.0,0.9999999999999996,0.0,1
MQT Bench,ghz_n10,mqtbench/ghz_n10.qasm,10,10,0,1,QDG-no-ED,0.2,0.4999999999999999,0.5,0
MQT Bench,ghz_n10,mqtbench/ghz_n10.qasm,10,10,0,1,QDG-no-MD,1.0,0.9999999999999996,0.0,1
MQT Bench,ghz_n10,mqtbench/ghz_n10.qasm,10,10,0,1,QDG-no-UED,1.0,0.9999999999999996,0.0,1
MQT Bench,ghz_n10,mqtbench/ghz_n10.qasm,10,10,0,1,QDG-no-CD,1.0,0.9999999999999996,0.0,1
MQT Bench,ghz_n10,mqtbench/ghz_n10.qasm,10,10,0,1,Classical PDG,0.2,0.4999999999999999,0.5,0
MQT Bench,ghz_n10,mqtbench/ghz_n10.qasm,10,10,0,1,Causal-cone,1.0,0.9999999999999996,0.0,1
MQT Bench,ghz_n10,mqtbench/ghz_n10.qasm,10,10,0,2,QSlice-full,0.9,0.9999999999999996,0.0,1
MQT Bench,ghz_n10,mqtbench/ghz_n10.qasm,10,10,0,2,QDG-no-ED,0.2,0.4999999999999999,0.5,0
MQT Bench,ghz_n10,mqtbench/ghz_n10.qasm,10,10,0,2,QDG-no-MD,0.9,0.9999999999999996,0.0,1
MQT Bench,ghz_n10,mqtbench/ghz_n10.qasm,10,10,0,2,QDG-no-UED,0.9,0.9999999999999996,0.0,1
MQT Bench,ghz_n10,mqtbench/ghz_n10.qasm,10,10,0,2,QDG-no-CD,0.9,0.9999999999999996,0.0,1
MQT Bench,ghz_n10,mqtbench/ghz_n10.qasm,10,10,0,2,Classical PDG,0.2,0.4999999999999999,0.5,0
MQT Bench,ghz_n10,mqtbench/ghz_n10.qasm,10,10,0,2,Causal-cone,0.9,0.9999999999999996,0.0,1
MQT Bench,ghz_n10,mqtbench/ghz_n10.qasm,10,10,0,3,QSlice-full,0.8,0.9999999999999996,0.0,1
MQT Bench,ghz_n10,mqtbench/ghz_n10.qasm,10,10,0,3,QDG-no-ED,0.2,0.4999999999999999,0.5,0
MQT Bench,ghz_n10,mqtbench/ghz_n10.qasm,10,10,0,3,QDG-no-MD,0.8,0.9999999999999996,0.0,1
MQT Bench,ghz_n10,mqtbench/ghz_n10.qasm,10,10,0,3,QDG-no-UED,0.8,0.9999999999999996,0.0,1
MQT Bench,ghz_n10,mqtbench/ghz_n10.qasm,10,10,0,3,QDG-no-CD,0.8,0.9999999999999996,0.0,1
MQT Bench,ghz_n10,mqtbench/ghz_n10.qasm,10,10,0,3,Classical PDG,0.2,0.4999999999999999,0.5,0
MQT Bench,ghz_n10,mqtbench/ghz_n10.qasm,10,10,0,3,Causal-cone,0.8,0.9999999999999996,0.0,1
MQT Bench,ghz_n10,mqtbench/ghz_n10.qasm,10,10,0,4,QSlice-full,0.7,0.9999999999999996,0.0,1
MQT Bench,ghz_n10,mqtbench/ghz_n10.qasm,10,10,0,4,QDG-no-ED,0.2,0.4999999999999999,0.5,0
MQT Bench,ghz_n10,mqtbench/ghz_n10.qasm,10,10,0,4,QDG-no-MD,0.7,0.9999999999999996,0.0,1
MQT Bench,ghz_n10,mqtbench/ghz_n10.qasm,10,10,0,4,QDG-no-UED,0.7,0.9999999999999996,0.0,1
MQT Bench,ghz_n10,mqtbench/ghz_n10.qasm,10,10,0,4,QDG-no-CD,0.7,0.9999999999999996,0.0,1
MQT Bench,ghz_n10,mqtbench/ghz_n10.qasm,10,10,0,4,Classical PDG,0.2,0.4999999999999999,0.5,0
MQT Bench,ghz_n10,mqtbench/ghz_n10.qasm,10,10,0,4,Causal-cone,0.7,0.9999999999999996,0.0,1
MQT Bench,ghz_n10,mqtbench/ghz_n10.qasm,10,10,0,5,QSlice-full,0.6,0.9999999999999996,0.0,1
MQT Bench,ghz_n10,mqtbench/ghz_n10.qasm,10,10,0,5,QDG-no-ED,0.2,0.4999999999999999,0.5,0
MQT Bench,ghz_n10,mqtbench/ghz_n10.qasm,10,10,0,5,QDG-no-MD,0.6,0.9999999999999996,0.0,1
MQT Bench,ghz_n10,mqtbench/ghz_n10.qasm,10,10,0,5,QDG-no-UED,0.6,0.9999999999999996,0.0,1
MQT Bench,ghz_n10,mqtbench/ghz_n10.qasm,10,10,0,5,QDG-no-CD,0.6,0.9999999999999996,0.0,1
MQT Bench,ghz_n10,mqtbench/ghz_n10.qasm,10,10,0,5,Classical PDG,0.2,0.4999999999999999,0.5,0
MQT Bench,ghz_n10,mqtbench/ghz_n10.qasm,10,10,0,5,Causal-cone,0.6,0.9999999999999996,0.0,1
MQT Bench,ghz_n10,mqtbench/ghz_n10.qasm,10,10,0,6,QSlice-full,0.5,0.9999999999999996,0.0,1
MQT Bench,ghz_n10,mqtbench/ghz_n10.qasm,10,10,0,6,QDG-no-ED,0.2,0.4999999999999999,0.5,0
MQT Bench,ghz_n10,mqtbench/ghz_n10.qasm,10,10,0,6,QDG-no-MD,0.5,0.9999999999999996,0.0,1
MQT Bench,ghz_n10,mqtbench/ghz_n10.qasm,10,10,0,6,QDG-no-UED,0.5,0.9999999999999996,0.0,1
MQT Bench,ghz_n10,mqtbench/ghz_n10.qasm,10,10,0,6,QDG-no-CD,0.5,0.9999999999999996,0.0,1
MQT Bench,ghz_n10,mqtbench/ghz_n10.qasm,10,10,0,6,Classical PDG,0.2,0.4999999999999999,0.5,0
MQT Bench,ghz_n10,mqtbench/ghz_n10.qasm,10,10,0,6,Causal-cone,0.5,0.9999999999999996,0.0,1
MQT Bench,ghz_n10,mqtbench/ghz_n10.qasm,10,10,0,7,QSlice-full,0.4,0.9999999999999996,0.0,1
MQT Bench,ghz_n10,mqtbench/ghz_n10.qasm,10,10,0,7,QDG-no-ED,0.2,0.4999999999999999,0.5,0
MQT Bench,ghz_n10,mqtbench/ghz_n10.qasm,10,10,0,7,QDG-no-MD,0.4,0.9999999999999996,0.0,1
MQT Bench,ghz_n10,mqtbench/ghz_n10.qasm,10,10,0,7,QDG-no-UED,0.4,0.9999999999999996,0.0,1
MQT Bench,ghz_n10,mqtbench/ghz_n10.qasm,10,10,0,7,QDG-no-CD,0.4,0.9999999999999996,0.0,1
MQT Bench,ghz_n10,mqtbench/ghz_n10.qasm,10,10,0,7,Classical PDG,0.2,0.4999999999999999,0.5,0
MQT Bench,ghz_n10,mqtbench/ghz_n10.qasm,10,10,0,7,Causal-cone,0.4,0.9999999999999996,0.0,1
MQT Bench,ghz_n10,mqtbench/ghz_n10.qasm,10,10,0,8,QSlice-full,0.3,0.9999999999999996,0.0,1
MQT Bench,ghz_n10,mqtbench/ghz_n10.qasm,10,10,0,8,QDG-no-ED,0.2,0.4999999999999999,0.5,0
MQT Bench,ghz_n10,mqtbench/ghz_n10.qasm,10,10,0,8,QDG-no-MD,0.3,0.9999999999999996,0.0,1
MQT Bench,ghz_n10,mqtbench/ghz_n10.qasm,10,10,0,8,QDG-no-UED,0.3,0.9999999999999996,0.0,1
MQT Bench,ghz_n10,mqtbench/ghz_n10.qasm,10,10,0,8,QDG-no-CD,0.3,0.9999999999999996,0.0,1
MQT Bench,ghz_n10,mqtbench/ghz_n10.qasm,10,10,0,8,Classical PDG,0.2,0.4999999999999999,0.5,0
MQT Bench,ghz_n10,mqtbench/ghz_n10.qasm,10,10,0,8,Causal-cone,0.3,0.9999999999999996,0.0,1
MQT Bench,ghz_n10,mqtbench/ghz_n10.qasm,10,10,0,9,QSlice-full,0.2,0.9999999999999996,0.0,1
MQT Bench,ghz_n10,mqtbench/ghz_n10.qasm,10,10,0,9,QDG-no-ED,0.2,0.9999999999999996,0.0,1
MQT Bench,ghz_n10,mqtbench/ghz_n10.qasm,10,10,0,9,QDG-no-MD,0.2,0.9999999999999996,0.0,1
MQT Bench,ghz_n10,mqtbench/ghz_n10.qasm,10,10,0,9,QDG-no-UED,0.2,0.9999999999999996,0.0,1
MQT Bench,ghz_n10,mqtbench/ghz_n10.qasm,10,10,0,9,QDG-no-CD,0.2,0.9999999999999996,0.0,1
MQT Bench,ghz_n10,mqtbench/ghz_n10.qasm,10,10,0,9,Classical PDG,0.2,0.9999999999999996,0.0,1
MQT Bench,ghz_n10,mqtbench/ghz_n10.qasm,10,10,0,9,Causal-cone,0.2,0.9999999999999996,0.0,1
MQT Bench,qftentangled_n10,mqtbench/qftentangled_n10.qasm,10,70,0,0,QSlice-full,0.9428571428571428,0.9999999999999966,1.0239645233670227e-16,1
MQT Bench,qftentangled_n10,mqtbench/qftentangled_n10.qasm,10,70,0,0,QDG-no-ED,0.17142857142857143,0.499999999999999,0.7071051172989233,0
MQT Bench,qftentangled_n10,mqtbench/qftentangled_n10.qasm,10,70,0,0,QDG-no-MD,0.9428571428571428,0.9999999999999966,1.0239645233670227e-16,1
MQT Bench,qftentangled_n10,mqtbench/qftentangled_n10.qasm,10,70,0,0,QDG-no-UED,0.9428571428571428,0.9999999999999966,1.0239645233670227e-16,1
MQT Bench,qftentangled_n10,mqtbench/qftentangled_n10.qasm,10,70,0,0,QDG-no-CD,0.9428571428571428,0.9999999999999966,1.0239645233670227e-16,1
MQT Bench,qftentangled_n10,mqtbench/qftentangled_n10.qasm,10,70,0,0,Classical PDG,0.17142857142857143,0.499999999999999,0.7071051172989233,0
MQT Bench,qftentangled_n10,mqtbench/qftentangled_n10.qasm,10,70,0,0,Causal-cone,0.9428571428571428,0.9999999999999966,1.0239645233670227e-16,1
MQT Bench,qftentangled_n10,mqtbench/qftentangled_n10.qasm,10,70,0,1,QSlice-full,0.9571428571428572,0.999999999999997,3.626567941496222e-16,1
MQT Bench,qftentangled_n10,mqtbench/qftentangled_n10.qasm,10,70,0,1,QDG-no-ED,0.18571428571428572,0.4999999999999989,0.7071001256752062,0
MQT Bench,qftentangled_n10,mqtbench/qftentangled_n10.qasm,10,70,0,1,QDG-no-MD,0.9571428571428572,0.999999999999997,3.626567941496222e-16,1
MQT Bench,qftentangled_n10,mqtbench/qftentangled_n10.qasm,10,70,0,1,QDG-no-UED,0.9571428571428572,0.999999999999997,3.626567941496222e-16,1
MQT Bench,qftentangled_n10,mqtbench/qftentangled_n10.qasm,10,70,0,1,QDG-no-CD,0.9571428571428572,0.999999999999997,3.626567941496222e-16,1
MQT Bench,qftentangled_n10,mqtbench/qftentangled_n10.qasm,10,70,0,1,Classical PDG,0.18571428571428572,0.4999999999999989,0.7071001256752062,0
MQT Bench,qftentangled_n10,mqtbench/qftentangled_n10.qasm,10,70,0,1,Causal-cone,0.9571428571428572,0.999999999999997,3.626567941496222e-16,1
MQT Bench,qftentangled_n10,mqtbench/qftentangled_n10.qasm,10,70,0,2,QSlice-full,0.9714285714285714,0.9999999999999964,2.841188977517478e-17,1
MQT Bench,qftentangled_n10,mqtbench/qftentangled_n10.qasm,10,70,0,2,QDG-no-ED,0.18571428571428572,0.49999999999999895,0.707080159767635,0
MQT Bench,qftentangled_n10,mqtbench/qftentangled_n10.qasm,10,70,0,2,QDG-no-MD,0.9714285714285714,0.9999999999999964,2.841188977517478e-17,1
MQT Bench,qftentangled_n10,mqtbench/qftentangled_n10.qasm,10,70,0,2,QDG-no-UED,0.9714285714285714,0.9999999999999964,2.841188977517478e-17,1
MQT Bench,qftentangled_n10,mqtbench/qftentangled_n10.qasm,10,70,0,2,QDG-no-CD,0.9714285714285714,0.9999999999999964,2.841188977517478e-17,1
MQT Bench,qftentangled_n10,mqtbench/qftentangled_n10.qasm,10,70,0,2,Classical PDG,0.18571428571428572,0.49999999999999895,0.707080159767635,0
MQT Bench,qftentangled_n10,mqtbench/qftentangled_n10.qasm,10,70,0,2,Causal-cone,0.9714285714285714,0.9999999999999964,2.841188977517478e-17,1
MQT Bench,qftentangled_n10,mqtbench/qftentangled_n10.qasm,10,70,0,3,QSlice-full,0.9857142857142858,0.9999999999999967,5.551115123125783e-17,1
MQT Bench,qftentangled_n10,mqtbench/qftentangled_n10.qasm,10,70,0,3,QDG-no-ED,0.18571428571428572,0.49999999999999906,0.7070003055343368,0
MQT Bench,qftentangled_n10,mqtbench/qftentangled_n10.qasm,10,70,0,3,QDG-no-MD,0.9857142857142858,0.9999999999999967,5.551115123125783e-17,1
MQT Bench,qftentangled_n10,mqtbench/qftentangled_n10.qasm,10,70,0,3,QDG-no-UED,0.9857142857142858,0.9999999999999967,5.551115123125783e-17,1
MQT Bench,qftentangled_n10,mqtbench/qftentangled_n10.qasm,10,70,0,3,QDG-no-CD,0.9857142857142858,0.9999999999999967,5.551115123125783e-17,1
MQT Bench,qftentangled_n10,mqtbench/qftentangled_n10.qasm,10,70,0,3,Classical PDG,0.18571428571428572,0.49999999999999906,0.7070003055343368,0
MQT Bench,qftentangled_n10,mqtbench/qftentangled_n10.qasm,10,70,0,3,Causal-cone,0.9857142857142858,0.9999999999999967,5.551115123125783e-17,1
MQT Bench,qftentangled_n10,mqtbench/qftentangled_n10.qasm,10,70,0,4,QSlice-full,1.0,0.9999999999999964,0.0,1
MQT Bench,qftentangled_n10,mqtbench/qftentangled_n10.qasm,10,70,0,4,QDG-no-ED,0.18571428571428572,0.49999999999999906,0.7066810389659703,0
MQT Bench,qftentangled_n10,mqtbench/qftentangled_n10.qasm,10,70,0,4,QDG-no-MD,1.0,0.9999999999999964,0.0,1
MQT Bench,qftentangled_n10,mqtbench/qftentangled_n10.qasm,10,70,0,4,QDG-no-UED,1.0,0.9999999999999964,0.0,1
MQT Bench,qftentangled_n10,mqtbench/qftentangled_n10.qasm,10,70,0,4,QDG-no-CD,1.0,0.9999999999999964,0.0,1
MQT Bench,qftentangled_n10,mqtbench/qftentangled_n10.qasm,10,70,0,4,Classical PDG,0.18571428571428572,0.49999999999999906,0.7066810389659703,0
MQT Bench,qftentangled_n10,mqtbench/qftentangled_n10.qasm,10,70,0,4,Causal-cone,1.0,0.9999999999999964,0.0,1
MQT Bench,qftentangled_n10,mqtbench/qftentangled_n10.qasm,10,70,0,5,QSlice-full,1.0,0.9999999999999964,0.0,1
MQT Bench,qftentangled_n10,mqtbench/qftentangled_n10.qasm,10,70,0,5,QDG-no-ED,0.18571428571428572,0.499999999999999,0.705406379366109,0
MQT Bench,qftentangled_n10,mqtbench/qftentangled_n10.qasm,10,70,0,5,QDG-no-MD,1.0,0.9999999999999964,0.0,1
MQT Bench,qftentangled_n10,mqtbench/qftentangled_n10.qasm,10,70,0,5,QDG-no-UED,1.0,0.9999999999999964,0.0,1
MQT Bench,qftentangled_n10,mqtbench/qftentangled_n10.qasm,10,70,0,5,QDG-no-CD,1.0,0.9999999999999964,0.0,1
MQT Bench,qftentangled_n10,mqtbench/qftentangled_n10.qasm,10,70,0,5,Classical PDG,0.18571428571428572,0.499999999999999,0.705406379366109,0
MQT Bench,qftentangled_n10,mqtbench/qftentangled_n10.qasm,10,70,0,5,Causal-cone,1.0,0.9999999999999964,0.0,1
MQT Bench,qftentangled_n10,mqtbench/qftentangled_n10.qasm,10,70,0,6,QSlice-full,0.9857142857142858,0.9999999999999963,1.1857187100668868e-16,1
MQT Bench,qftentangled_n10,mqtbench/qftentangled_n10.qasm,10,70,0,6,QDG-no-ED,0.18571428571428572,0.4999999999999989,0.7003463011710063,0
MQT Bench,qftentangled_n10,mqtbench/qftentangled_n10.qasm,10,70,0,6,QDG-no-MD,0.9857142857142858,0.9999999999999963,1.1857187100668868e-16,1
MQT Bench,qftentangled_n10,mqtbench/qftentangled_n10.qasm,10,70,0,6,QDG-no-UED,0.9857142857142858,0.9999999999999963,1.1857187100668868e-16,1
MQT Bench,qftentangled_n10,mqtbench/qftentangled_n10.qasm,10,70,0,6,QDG-no-CD,0.9857142857142858,0.9999999999999963,1.1857187100668868e-16,1
MQT Bench,qftentangled_n10,mqtbench/qftentangled_n10.qasm,10,70,0,6,Classical PDG,0.18571428571428572,0.4999999999999989,0.7003463011710063,0
MQT Bench,qftentangled_n10,mqtbench/qftentangled_n10.qasm,10,70,0,6,Causal-cone,0.9857142857142858,0.9999999999999963,1.1857187100668868e-16,1
MQT Bench,qftentangled_n10,mqtbench/qftentangled_n10.qasm,10,70,0,7,QSlice-full,0.9714285714285714,0.999999999999996,2.0014830212433607e-16,1
MQT Bench,qftentangled_n10,mqtbench/qftentangled_n10.qasm,10,70,0,7,QDG-no-ED,0.18571428571428572,0.49999999999999883,0.6807263382948521,0
MQT Bench,qftentangled_n10,mqtbench/qftentangled_n10.qasm,10,70,0,7,QDG-no-MD,0.9714285714285714,0.999999999999996,2.0014830212433607e-16,1
MQT Bench,qftentangled_n10,mqtbench/qftentangled_n10.qasm,10,70,0,7,QDG-no-UED,0.9714285714285714,0.999999999999996,2.0014830212433607e-16,1
MQT Bench,qftentangled_n10,mqtbench/qftentangled_n10.qasm,10,70,0,7,QDG-no-CD,0.9714285714285714,0.999999999999996,2.0014830212433607e-16,1
MQT Bench,qftentangled_n10,mqtbench/qftentangled_n10.qasm,10,70,0,7,Classical PDG,0.18571428571428572,0.49999999999999883,0.6807263382948521,0
MQT Bench,qftentangled_n10,mqtbench/qftentangled_n10.qasm,10,70,0,7,Causal-cone,0.9714285714285714,0.999999999999996,2.0014830212433607e-16,1
MQT Bench,qftentangled_n10,mqtbench/qftentangled_n10.qasm,10,70,0,8,QSlice-full,0.9571428571428572,0.9999999999999962,1.7772239894833365e-16,1
MQT Bench,qftentangled_n10,mqtbench/qftentangled_n10.qasm,10,70,0,8,QDG-no-ED,0.18571428571428572,0.49999999999999895,0.612372435695794,0
MQT Bench,qftentangled_n10,mqtbench/qftentangled_n10.qasm,10,70,0,8,QDG-no-MD,0.9571428571428572,0.9999999999999962,1.7772239894833365e-16,1
MQT Bench,qftentangled_n10,mqtbench/qftentangled_n10.qasm,10,70,0,8,QDG-no-UED,0.9571428571428572,0.9999999999999962,1.7772239894833365e-16,1
MQT Bench,qftentangled_n10,mqtbench/qftentangled_n10.qasm,10,70,0,8,QDG-no-CD,0.9571428571428572,0.9999999999999962,1.7772239894833365e-16,1
MQT Bench,qftentangled_n10,mqtbench/qftentangled_n10.qasm,10,70,0,8,Classical PDG,0.18571428571428572,0.49999999999999895,0.612372435695794,0
MQT Bench,qftentangled_n10,mqtbench/qftentangled_n10.qasm,10,70,0,8,Causal-cone,0.9571428571428572,0.9999999999999962,1.7772239894833365e-16,1
MQT Bench,qftentangled_n10,mqtbench/qftentangled_n10.qasm,10,70,0,9,QSlice-full,0.9428571428571428,0.9999999999999963,6.245004513516506e-17,1
MQT Bench,qftentangled_n10,mqtbench/qftentangled_n10.qasm,10,70,0,9,QDG-no-ED,0.18571428571428572,0.5009765624999987,0.5918994332100467,0
MQT Bench,qftentangled_n10,mqtbench/qftentangled_n10.qasm,10,70,0,9,QDG-no-MD,0.9428571428571428,0.9999999999999963,6.245004513516506e-17,1
MQT Bench,qftentangled_n10,mqtbench/qftentangled_n10.qasm,10,70,0,9,QDG-no-UED,0.9428571428571428,0.9999999999999963,6.245004513516506e-17,1
MQT Bench,qftentangled_n10,mqtbench/qftentangled_n10.qasm,10,70,0,9,QDG-no-CD,0.9428571428571428,0.9999999999999963,6.245004513516506e-17,1
MQT Bench,qftentangled_n10,mqtbench/qftentangled_n10.qasm,10,70,0,9,Classical PDG,0.18571428571428572,0.5009765624999987,0.5918994332100467,0
MQT Bench,qftentangled_n10,mqtbench/qftentangled_n10.qasm,10,70,0,9,Causal-cone,0.9428571428571428,0.9999999999999963,6.245004513516506e-17,1
MQT Bench,dj_n10,mqtbench/dj_n10.qasm,10,41,0,0,QSlice-full,0.2682926829268293,0.9999999999999962,1.110304726404978e-15,1
MQT Bench,dj_n10,mqtbench/dj_n10.qasm,10,41,0,0,QDG-no-ED,0.12195121951219512,0.4999999999999983,0.4999999999999985,0
MQT Bench,dj_n10,mqtbench/dj_n10.qasm,10,41,0,0,QDG-no-MD,0.2682926829268293,0.9999999999999962,1.110304726404978e-15,1
MQT Bench,dj_n10,mqtbench/dj_n10.qasm,10,41,0,0,QDG-no-UED,0.24390243902439024,3.1126934509036064e-35,0.9999999999999981,0
MQT Bench,dj_n10,mqtbench/dj_n10.qasm,10,41,0,0,QDG-no-CD,0.2682926829268293,0.9999999999999962,1.110304726404978e-15,1
MQT Bench,dj_n10,mqtbench/dj_n10.qasm,10,41,0,0,Classical PDG,0.12195121951219512,0.4999999999999983,0.4999999999999985,0
MQT Bench,dj_n10,mqtbench/dj_n10.qasm,10,41,0,0,Causal-cone,0.2682926829268293,0.9999999999999962,1.110304726404978e-15,1
MQT Bench,dj_n10,mqtbench/dj_n10.qasm,10,41,0,1,QSlice-full,0.34146341463414637,0.9999999999999961,1.0555494569987381e-15,1
MQT Bench,dj_n10,mqtbench/dj_n10.qasm,10,41,0,1,QDG-no-ED,0.12195121951219512,0.4999999999999983,0.4999999999999985,0
MQT Bench,dj_n10,mqtbench/dj_n10.qasm,10,41,0,1,QDG-no-MD,0.34146341463414637,0.9999999999999961,1.0555494569987381e-15,1
MQT Bench,dj_n10,mqtbench/dj_n10.qasm,10,41,0,1,QDG-no-UED,0.3170731707317073,2.693312223142679e-35,0.999999999999998,0
MQT Bench,dj_n10,mqtbench/dj_n10.qasm,10,41,0,1,QDG-no-CD,0.34146341463414637,0.9999999999999961,1.0555494569987381e-15,1
MQT Bench,dj_n10,mqtbench/dj_n10.qasm,10,41,0,1,Classical PDG,0.12195121951219512,0.4999999999999983,0.4999999999999985,0
MQT Bench,dj_n10,mqtbench/dj_n10.qasm,10,41,0,1,Causal-cone,0.34146341463414637,0.9999999999999961,1.0555494569987381e-15,1
MQT Bench,dj_n10,mqtbench/dj_n10.qasm,10,41,0,2,QSlice-full,0.4146341463414634,0.9999999999999957,8.335101189171128e-16,1
MQT Bench,dj_n10,mqtbench/dj_n10.qasm,10,41,0,2,QDG-no-ED,0.07317073170731707,0.4999999999999983,0.4999999999999985,0
MQT Bench,dj_n10,mqtbench/dj_n10.qasm,10,41,0,2,QDG-no-MD,0.4146341463414634,0.9999999999999957,8.335101189171128e-16,1
MQT Bench,dj_n10,mqtbench/dj_n10.qasm,10,41,0,2,QDG-no-UED,0.4146341463414634,0.9999999999999957,8.335101189171128e-16,1
MQT Bench,dj_n10,mqtbench/dj_n10.qasm,10,41,0,2,QDG-no-CD,0.4146341463414634,0.9999999999999957,8.335101189171128e-16,1
MQT Bench,dj_n10,mqtbench/dj_n10.qasm,10,41,0,2,Classical PDG,0.07317073170731707,0.4999999999999983,0.4999999999999985,0
MQT Bench,dj_n10,mqtbench/dj_n10.qasm,10,41,0,2,Causal-cone,0.4146341463414634,0.9999999999999957,8.335101189171128e-16,1
MQT Bench,dj_n10,mqtbench/dj_n10.qasm,10,41,0,3,QSlice-full,0.4634146341463415,0.9999999999999956,7.772910206741008e-16,1
MQT Bench,dj_n10,mqtbench/dj_n10.qasm,10,41,0,3,QDG-no-ED,0.07317073170731707,0.4999999999999983,0.4999999999999985,0
MQT Bench,dj_n10,mqtbench/dj_n10.qasm,10,41,0,3,QDG-no-MD,0.4634146341463415,0.9999999999999956,7.772910206741008e-16,1
MQT Bench,dj_n10,mqtbench/dj_n10.qasm,10,41,0,3,QDG-no-UED,0.4634146341463415,0.9999999999999956,7.772910206741008e-16,1
MQT Bench,dj_n10,mqtbench/dj_n10.qasm,10,41,0,3,QDG-no-CD,0.4634146341463415,0.9999999999999956,7.772910206741008e-16,1
MQT Bench,dj_n10,mqtbench/dj_n10.qasm,10,41,0,3,Classical PDG,0.07317073170731707,0.4999999999999983,0.4999999999999985,0
MQT Bench,dj_n10,mqtbench/dj_n10.qasm,10,41,0,3,Causal-cone,0.4634146341463415,0.9999999999999956,7.772910206741008e-16,1
MQT Bench,dj_n10,mqtbench/dj_n10.qasm,10,41,0,4,QSlice-full,0.5609756097560976,0.9999999999999956,7.772027355879714e-16,1
MQT Bench,dj_n10,mqtbench/dj_n10.qasm,10,41,0,4,QDG-no-ED,0.12195121951219512,0.4999999999999983,0.4999999999999985,0
MQT Bench,dj_n10,mqtbench/dj_n10.qasm,10,41,0,4,QDG-no-MD,0.5609756097560976,0.9999999999999956,7.772027355879714e-16,1
MQT Bench,dj_n10,mqtbench/dj_n10.qasm,10,41,0,4,QDG-no-UED,0.5609756097560976,0.9999999999999956,7.772027355879714e-16,1
MQT Bench,dj_n10,mqtbench/dj_n10.qasm,10,41,0,4,QDG-no-CD,0.5609756097560976,0.9999999999999956,7.772027355879714e-16,1
MQT Bench,dj_n10,mqtbench/dj_n10.qasm,10,41,0,4,Classical PDG,0.12195121951219512,0.4999999999999983,0.4999999999999985,0
MQT Bench,dj_n10,mqtbench/dj_n10.qasm,10,41,0,4,Causal-cone,0.5609756097560976,0.9999999999999956,7.772027355879714e-16,1
MQT Bench,dj_n10,mqtbench/dj_n10.qasm,10,41,0,5,QSlice-full,0.6341463414634146,0.9999999999999952,6.114349186509597e-16,1
MQT Bench,dj_n10,mqtbench/dj_n10.qasm,10,41,0,5,QDG-no-ED,0.12195121951219512,0.4999999999999983,0.4999999999999985,0
MQT Bench,dj_n10,mqtbench/dj_n10.qasm,10,41,0,5,QDG-no-MD,0.6341463414634146,0.9999999999999952,6.114349186509597e-16,1
MQT Bench,dj_n10,mqtbench/dj_n10.qasm,10,41,0,5,QDG-no-UED,0.6097560975609756,0.9999999999999956,7.772728295966866e-16,1
MQT Bench,dj_n10,mqtbench/dj_n10.qasm,10,41,0,5,QDG-no-CD,0.6341463414634146,0.9999999999999952,6.114349186509597e-16,1
MQT Bench,dj_n10,mqtbench/dj_n10.qasm,10,41,0,5,Classical PDG,0.12195121951219512,0.4999999999999983,0.4999999999999985,0
MQT Bench,dj_n10,mqtbench/dj_n10.qasm,10,41,0,5,Causal-cone,0.6341463414634146,0.9999999999999952,6.114349186509597e-16,1
MQT Bench,dj_n10,mqtbench/dj_n10.qasm,10,41,0,6,QSlice-full,0.7073170731707317,0.9999999999999948,3.8857937582018417e-16,1
MQT Bench,dj_n10,mqtbench/dj_n10.qasm,10,41,0,6,QDG-no-ED,0.12195121951219512,0.4999999999999983,0.4999999999999985,0
MQT Bench,dj_n10,mqtbench/dj_n10.qasm,10,41,0,6,QDG-no-MD,0.7073170731707317,0.9999999999999948,3.8857937582018417e-16,1
MQT Bench,dj_n10,mqtbench/dj_n10.qasm,10,41,0,6,QDG-no-UED,0.6585365853658537,0.9999999999999956,7.777944799702386e-16,1
MQT Bench,dj_n10,mqtbench/dj_n10.qasm,10,41,0,6,QDG-no-CD,0.7073170731707317,0.9999999999999948,3.8857937582018417e-16,1
MQT Bench,dj_n10,mqtbench/dj_n10.qasm,10,41,0,6,Classical PDG,0.12195121951219512,0.4999999999999983,0.4999999999999985,0
MQT Bench,dj_n10,mqtbench/dj_n10.qasm,10,41,0,6,Causal-cone,0.7073170731707317,0.9999999999999948,3.8857937582018417e-16,1
MQT Bench,dj_n10,mqtbench/dj_n10.qasm,10,41,0,7,QSlice-full,0.7317073170731707,0.999999999999995,5.007242200950061e-16,1
MQT Bench,dj_n10,mqtbench/dj_n10.qasm,10,41,0,7,QDG-no-ED,0.07317073170731707,0.4999999999999983,0.4999999999999985,0
MQT Bench,dj_n10,mqtbench/dj_n10.qasm,10,41,0,7,QDG-no-MD,0.7317073170731707,0.999999999999995,5.007242200950061e-16,1
MQT Bench,dj_n10,mqtbench/dj_n10.qasm,10,41,0,7,QDG-no-UED,0.6585365853658537,0.9999999999999954,7.218963215733364e-16,1
MQT Bench,dj_n10,mqtbench/dj_n10.qasm,10,41,0,7,QDG-no-CD,0.7317073170731707,0.999999999999995,5.007242200950061e-16,1
MQT Bench,dj_n10,mqtbench/dj_n10.qasm,10,41,0,7,Classical PDG,0.07317073170731707,0.4999999999999983,0.4999999999999985,0
MQT Bench,dj_n10,mqtbench/dj_n10.qasm,10,41,0,7,Causal-cone,0.7317073170731707,0.999999999999995,5.007242200950061e-16,1
MQT Bench,dj_n10,mqtbench/dj_n10.qasm,10,41,0,8,QSlice-full,0.7804878048780488,0.999999999999995,4.997818942918885e-16,1
MQT Bench,dj_n10,mqtbench/dj_n10.qasm,10,41,0,8,QDG-no-ED,0.12195121951219512,0.4999999999999983,0.4999999999999985,0
MQT Bench,dj_n10,mqtbench/dj_n10.qasm,10,41,0,8,QDG-no-MD,0.7804878048780488,0.999999999999995,4.997818942918885e-16,1
MQT Bench,dj_n10,mqtbench/dj_n10.qasm,10,41,0,8,QDG-no-UED,0.7073170731707317,0.9999999999999954,7.216456752694865e-16,1
MQT Bench,dj_n10,mqtbench/dj_n10.qasm,10,41,0,8,QDG-no-CD,0.7804878048780488,0.999999999999995,4.997818942918885e-16,1
MQT Bench,dj_n10,mqtbench/dj_n10.qasm,10,41,0,8,Classical PDG,0.12195121951219512,0.4999999999999983,0.4999999999999985,0
MQT Bench,dj_n10,mqtbench/dj_n10.qasm,10,41,0,8,Causal-cone,0.7804878048780488,0.999999999999995,4.997818942918885e-16,1
MQT Bench,dj_n10,mqtbench/dj_n10.qasm,10,41,0,9,QSlice-full,0.7317073170731707,0.999999999999995,4.996003610813204e-16,1
MQT Bench,dj_n10,mqtbench/dj_n10.qasm,10,41,0,9,QDG-no-ED,0.2682926829268293,0.9999999999999968,1.3877787807814457e-15,1
MQT Bench,dj_n10,mqtbench/dj_n10.qasm,10,41,0,9,QDG-no-MD,0.7317073170731707,0.999999999999995,4.996003610813204e-16,1
MQT Bench,dj_n10,mqtbench/dj_n10.qasm,10,41,0,9,QDG-no-UED,0.6585365853658537,0.9999999999999954,7.216449660063518e-16,1
MQT Bench,dj_n10,mqtbench/dj_n10.qasm,10,41,0,9,QDG-no-CD,0.7317073170731707,0.999999999999995,4.996003610813204e-16,1
MQT Bench,dj_n10,mqtbench/dj_n10.qasm,10,41,0,9,Classical PDG,0.2682926829268293,0.9999999999999968,1.3877787807814457e-15,1
MQT Bench,dj_n10,mqtbench/dj_n10.qasm,10,41,0,9,Causal-cone,0.7317073170731707,0.999999999999995,4.996003610813204e-16,1
MQT Bench,graphstate_n10,mqtbench/graphstate_n10.qasm,10,20,0,0,QSlice-full,0.35,0.9999999999999993,1.1102230246251565e-16,1
MQT Bench,graphstate_n10,mqtbench/graphstate_n10.qasm,10,20,0,0,QDG-no-ED,0.15,0.4999999999999998,0.4999999999999999,0
MQT Bench,graphstate_n10,mqtbench/graphstate_n10.qasm,10,20,0,0,QDG-no-MD,0.35,0.9999999999999993,1.1102230246251565e-16,1
MQT Bench,graphstate_n10,mqtbench/graphstate_n10.qasm,10,20,0,0,QDG-no-UED,0.35,0.9999999999999993,1.1102230246251565e-16,1
MQT Bench,graphstate_n10,mqtbench/graphstate_n10.qasm,10,20,0,0,QDG-no-CD,0.35,0.9999999999999993,1.1102230246251565e-16,1
MQT Bench,graphstate_n10,mqtbench/graphstate_n10.qasm,10,20,0,0,Classical PDG,0.15,0.4999999999999998,0.4999999999999999,0
MQT Bench,graphstate_n10,mqtbench/graphstate_n10.qasm,10,20,0,0,Causal-cone,0.35,0.9999999999999993,1.1102230246251565e-16,1
MQT Bench,graphstate_n10,mqtbench/graphstate_n10.qasm,10,20,0,1,QSlice-full,0.35,0.9999999999999991,2.220446049250313e-16,1
MQT Bench,graphstate_n10,mqtbench/graphstate_n10.qasm,10,20,0,1,QDG-no-ED,0.15,0.4999999999999998,0.4999999999999999,0
MQT Bench,graphstate_n10,mqtbench/graphstate_n10.qasm,10,20,0,1,QDG-no-MD,0.35,0.9999999999999991,2.220446049250313e-16,1
MQT Bench,graphstate_n10,mqtbench/graphstate_n10.qasm,10,20,0,1,QDG-no-UED,0.35,0.9999999999999991,2.220446049250313e-16,1
MQT Bench,graphstate_n10,mqtbench/graphstate_n10.qasm,10,20,0,1,QDG-no-CD,0.35,0.9999999999999991,2.220446049250313e-16,1
MQT Bench,graphstate_n10,mqtbench/graphstate_n10.qasm,10,20,0,1,Classical PDG,0.15,0.4999999999999998,0.4999999999999999,0
MQT Bench,graphstate_n10,mqtbench/graphstate_n10.qasm,10,20,0,1,Causal-cone,0.35,0.9999999999999991,2.220446049250313e-16,1
MQT Bench,graphstate_n10,mqtbench/graphstate_n10.qasm,10,20,0,2,QSlice-full,0.55,0.9999999999999996,2.168404344971034e-19,1
MQT Bench,graphstate_n10,mqtbench/graphstate_n10.qasm,10,20,0,2,QDG-no-ED,0.15,0.4999999999999998,0.4999999999999999,0
MQT Bench,graphstate_n10,mqtbench/graphstate_n10.qasm,10,20,0,2,QDG-no-MD,0.55,0.9999999999999996,2.168404344971034e-19,1
MQT Bench,graphstate_n10,mqtbench/graphstate_n10.qasm,10,20,0,2,QDG-no-UED,0.55,0.9999999999999996,2.168404344971034e-19,1
MQT Bench,graphstate_n10,mqtbench/graphstate_n10.qasm,10,20,0,2,QDG-no-CD,0.55,0.9999999999999996,2.168404344971034e-19,1
MQT Bench,graphstate_n10,mqtbench/graphstate_n10.qasm,10,20,0,2,Classical PDG,0.15,0.4999999999999998,0.4999999999999999,0
MQT Bench,graphstate_n10,mqtbench/graphstate_n10.qasm,10,20,0,2,Causal-cone,0.55,0.9999999999999996,2.168404344971034e-19,1
MQT Bench,graphstate_n10,mqtbench/graphstate_n10.qasm,10,20,0,3,QSlice-full,0.5,0.9999999999999993,1.1102230246251565e-16,1
MQT Bench,graphstate_n10,mqtbench/graphstate_n10.qasm,10,20,0,3,QDG-no-ED,0.15,0.4999999999999998,0.4999999999999999,0
MQT Bench,graphstate_n10,mqtbench/graphstate_n10.qasm,10,20,0,3,QDG-no-MD,0.5,0.9999999999999993,1.1102230246251565e-16,1
MQT Bench,graphstate_n10,mqtbench/graphstate_n10.qasm,10,20,0,3,QDG-no-UED,0.5,0.9999999999999993,1.1102230246251565e-16,1
MQT Bench,graphstate_n10,mqtbench/graphstate_n10.qasm,10,20,0,3,QDG-no-CD,0.5,0.9999999999999993,1.1102230246251565e-16,1
MQT Bench,graphstate_n10,mqtbench/graphstate_n10.qasm,10,20,0,3,Classical PDG,0.15,0.4999999999999998,0.4999999999999999,0
MQT Bench,graphstate_n10,mqtbench/graphstate_n10.qasm,10,20,0,3,Causal-cone,0.5,0.9999999999999993,1.1102230246251565e-16,1
MQT Bench,graphstate_n10,mqtbench/graphstate_n10.qasm,10,20,0,4,QSlice-full,0.25,0.9999999999999993,1.1102230246251565e-16,1
MQT Bench,graphstate_n10,mqtbench/graphstate_n10.qasm,10,20,0,4,QDG-no-ED,0.15,0.4999999999999998,0.4999999999999999,0
MQT Bench,graphstate_n10,mqtbench/graphstate_n10.qasm,10,20,0,4,QDG-no-MD,0.25,0.9999999999999993,1.1102230246251565e-16,1
MQT Bench,graphstate_n10,mqtbench/graphstate_n10.qasm,10,20,0,4,QDG-no-UED,0.25,0.9999999999999993,1.1102230246251565e-16,1
MQT Bench,graphstate_n10,mqtbench/graphstate_n10.qasm,10,20,0,4,QDG-no-CD,0.25,0.9999999999999993,1.1102230246251565e-16,1
MQT Bench,graphstate_n10,mqtbench/graphstate_n10.qasm,10,20,0,4,Classical PDG,0.15,0.4999999999999998,0.4999999999999999,0
MQT Bench,graphstate_n10,mqtbench/graphstate_n10.qasm,10,20,0,4,Causal-cone,0.25,0.9999999999999993,1.1102230246251565e-16,1
MQT Bench,graphstate_n10,mqtbench/graphstate_n10.qasm,10,20,0,5,QSlice-full,0.25,0.9999999999999993,1.1102230246251565e-16,1
MQT Bench,graphstate_n10,mqtbench/graphstate_n10.qasm,10,20,0,5,QDG-no-ED,0.15,0.4999999999999998,0.4999999999999999,0
MQT Bench,graphstate_n10,mqtbench/graphstate_n10.qasm,10,20,0,5,QDG-no-MD,0.25,0.9999999999999993,1.1102230246251565e-16,1
MQT Bench,graphstate_n10,mqtbench/graphstate_n10.qasm,10,20,0,5,QDG-no-UED,0.25,0.9999999999999993,1.1102230246251565e-16,1
MQT Bench,graphstate_n10,mqtbench/graphstate_n10.qasm,10,20,0,5,QDG-no-CD,0.25,0.9999999999999993,1.1102230246251565e-16,1
MQT Bench,graphstate_n10,mqtbench/graphstate_n10.qasm,10,20,0,5,Classical PDG,0.15,0.4999999999999998,0.4999999999999999,0
MQT Bench,graphstate_n10,mqtbench/graphstate_n10.qasm,10,20,0,5,Causal-cone,0.25,0.9999999999999993,1.1102230246251565e-16,1
MQT Bench,graphstate_n10,mqtbench/graphstate_n10.qasm,10,20,0,6,QSlice-full,0.4,0.9999999999999993,1.1102230246251565e-16,1
MQT Bench,graphstate_n10,mqtbench/graphstate_n10.qasm,10,20,0,6,QDG-no-ED,0.15,0.4999999999999998,0.4999999999999999,0
MQT Bench,graphstate_n10,mqtbench/graphstate_n10.qasm,10,20,0,6,QDG-no-MD,0.4,0.9999999999999993,1.1102230246251565e-16,1
MQT Bench,graphstate_n10,mqtbench/graphstate_n10.qasm,10,20,0,6,QDG-no-UED,0.4,0.9999999999999993,1.1102230246251565e-16,1
MQT Bench,graphstate_n10,mqtbench/graphstate_n10.qasm,10,20,0,6,QDG-no-CD,0.4,0.9999999999999993,1.1102230246251565e-16,1
MQT Bench,graphstate_n10,mqtbench/graphstate_n10.qasm,10,20,0,6,Classical PDG,0.15,0.4999999999999998,0.4999999999999999,0
MQT Bench,graphstate_n10,mqtbench/graphstate_n10.qasm,10,20,0,6,Causal-cone,0.4,0.9999999999999993,1.1102230246251565e-16,1
MQT Bench,graphstate_n10,mqtbench/graphstate_n10.qasm,10,20,0,7,QSlice-full,0.8,0.9999999999999994,5.551115123125783e-17,1
MQT Bench,graphstate_n10,mqtbench/graphstate_n10.qasm,10,20,0,7,QDG-no-ED,0.15,0.4999999999999998,0.4999999999999999,0
MQT Bench,graphstate_n10,mqtbench/graphstate_n10.qasm,10,20,0,7,QDG-no-MD,0.8,0.9999999999999994,5.551115123125783e-17,1
MQT Bench,graphstate_n10,mqtbench/graphstate_n10.qasm,10,20,0,7,QDG-no-UED,0.8,0.9999999999999994,5.551115123125783e-17,1
MQT Bench,graphstate_n10,mqtbench/graphstate_n10.qasm,10,20,0,7,QDG-no-CD,0.8,0.9999999999999994,5.551115123125783e-17,1
MQT Bench,graphstate_n10,mqtbench/graphstate_n10.qasm,10,20,0,7,Classical PDG,0.15,0.4999999999999998,0.4999999999999999,0
MQT Bench,graphstate_n10,mqtbench/graphstate_n10.qasm,10,20,0,7,Causal-cone,0.8,0.9999999999999994,5.551115123125783e-17,1
MQT Bench,graphstate_n10,mqtbench/graphstate_n10.qasm,10,20,0,8,QSlice-full,0.55,0.9999999999999996,1.3120397746138044e-33,1
MQT Bench,graphstate_n10,mqtbench/graphstate_n10.qasm,10,20,0,8,QDG-no-ED,0.15,0.4999999999999998,0.4999999999999999,0
MQT Bench,graphstate_n10,mqtbench/graphstate_n10.qasm,10,20,0,8,QDG-no-MD,0.55,0.9999999999999996,1.3120397746138044e-33,1
MQT Bench,graphstate_n10,mqtbench/graphstate_n10.qasm,10,20,0,8,QDG-no-UED,0.55,0.9999999999999996,1.3120397746138044e-33,1
MQT Bench,graphstate_n10,mqtbench/graphstate_n10.qasm,10,20,0,8,QDG-no-CD,0.55,0.9999999999999996,1.3120397746138044e-33,1
MQT Bench,graphstate_n10,mqtbench/graphstate_n10.qasm,10,20,0,8,Classical PDG,0.15,0.4999999999999998,0.4999999999999999,0
MQT Bench,graphstate_n10,mqtbench/graphstate_n10.qasm,10,20,0,8,Causal-cone,0.55,0.9999999999999996,1.3120397746138044e-33,1
MQT Bench,graphstate_n10,mqtbench/graphstate_n10.qasm,10,20,0,9,QSlice-full,0.8,0.9999999999999996,2.555656160680668e-19,1
MQT Bench,graphstate_n10,mqtbench/graphstate_n10.qasm,10,20,0,9,QDG-no-ED,0.15,0.4999999999999998,0.4999999999999999,0
MQT Bench,graphstate_n10,mqtbench/graphstate_n10.qasm,10,20,0,9,QDG-no-MD,0.8,0.9999999999999996,2.555656160680668e-19,1
MQT Bench,graphstate_n10,mqtbench/graphstate_n10.qasm,10,20,0,9,QDG-no-UED,0.8,0.9999999999999996,2.555656160680668e-19,1
MQT Bench,graphstate_n10,mqtbench/graphstate_n10.qasm,10,20,0,9,QDG-no-CD,0.8,0.9999999999999996,2.555656160680668e-19,1
MQT Bench,graphstate_n10,mqtbench/graphstate_n10.qasm,10,20,0,9,Classical PDG,0.15,0.4999999999999998,0.4999999999999999,0
MQT Bench,graphstate_n10,mqtbench/graphstate_n10.qasm,10,20,0,9,Causal-cone,0.8,0.9999999999999996,2.555656160680668e-19,1
MQT Bench,bv_n10,mqtbench/bv_n10.qasm,10,23,0,0,QSlice-full,0.391304347826087,0.9999999999999968,1.27675647831893e-15,1
MQT Bench,bv_n10,mqtbench/bv_n10.qasm,10,23,0,0,QDG-no-ED,0.21739130434782608,0.9999999999999971,1.4432899320127035e-15,1
MQT Bench,bv_n10,mqtbench/bv_n10.qasm,10,23,0,0,QDG-no-MD,0.391304347826087,0.9999999999999968,1.27675647831893e-15,1
MQT Bench,bv_n10,mqtbench/bv_n10.qasm,10,23,0,0,QDG-no-UED,0.391304347826087,0.9999999999999968,1.27675647831893e-15,1
MQT Bench,bv_n10,mqtbench/bv_n10.qasm,10,23,0,0,QDG-no-CD,0.391304347826087,0.9999999999999968,1.27675647831893e-15,1
MQT Bench,bv_n10,mqtbench/bv_n10.qasm,10,23,0,0,Classical PDG,0.21739130434782608,0.9999999999999971,1.4432899320127035e-15,1
MQT Bench,bv_n10,mqtbench/bv_n10.qasm,10,23,0,0,Causal-cone,0.391304347826087,0.9999999999999968,1.27675647831893e-15,1
MQT Bench,bv_n10,mqtbench/bv_n10.qasm,10,23,0,1,QSlice-full,0.08695652173913043,0.9999999999999967,1.2217895399861166e-15,1
MQT Bench,bv_n10,mqtbench/bv_n10.qasm,10,23,0,1,QDG-no-ED,0.08695652173913043,0.9999999999999967,1.2217895399861166e-15,1
MQT Bench,bv_n10,mqtbench/bv_n10.qasm,10,23,0,1,QDG-no-MD,0.08695652173913043,0.9999999999999967,1.2217895399861166e-15,1
MQT Bench,bv_n10,mqtbench/bv_n10.qasm,10,23,0,1,QDG-no-UED,0.08695652173913043,0.9999999999999967,1.2217895399861166e-15,1
MQT Bench,bv_n10,mqtbench/bv_n10.qasm,10,23,0,1,QDG-no-CD,0.08695652173913043,0.9999999999999967,1.2217895399861166e-15,1
MQT Bench,bv_n10,mqtbench/bv_n10.qasm,10,23,0,1,Classical PDG,0.08695652173913043,0.9999999999999967,1.2217895399861166e-15,1
MQT Bench,bv_n10,mqtbench/bv_n10.qasm,10,23,0,1,Causal-cone,0.08695652173913043,0.9999999999999967,1.2217895399861166e-15,1
MQT Bench,bv_n10,mqtbench/bv_n10.qasm,10,23,0,2,QSlice-full,0.43478260869565216,0.9999999999999963,1.0547978749255565e-15,1
MQT Bench,bv_n10,mqtbench/bv_n10.qasm,10,23,0,2,QDG-no-ED,0.13043478260869565,6.925423415391707e-34,0.9999999999999983,0
MQT Bench,bv_n10,mqtbench/bv_n10.qasm,10,23,0,2,QDG-no-MD,0.43478260869565216,0.9999999999999963,1.0547978749255565e-15,1
MQT Bench,bv_n10,mqtbench/bv_n10.qasm,10,23,0,2,QDG-no-UED,0.43478260869565216,0.9999999999999963,1.0547978749255565e-15,1
MQT Bench,bv_n10,mqtbench/bv_n10.qasm,10,23,0,2,QDG-no-CD,0.43478260869565216,0.9999999999999963,1.0547978749255565e-15,1
MQT Bench,bv_n10,mqtbench/bv_n10.qasm,10,23,0,2,Classical PDG,0.13043478260869565,6.925423415391707e-34,0.9999999999999983,0
MQT Bench,bv_n10,mqtbench/bv_n10.qasm,10,23,0,2,Causal-cone,0.43478260869565216,0.9999999999999963,1.0547978749255565e-15,1
MQT Bench,bv_n10,mqtbench/bv_n10.qasm,10,23,0,3,QSlice-full,0.08695652173913043,0.9999999999999967,1.2212516990369882e-15,1
MQT Bench,bv_n10,mqtbench/bv_n10.qasm,10,23,0,3,QDG-no-ED,0.08695652173913043,0.9999999999999967,1.2212516990369882e-15,1
MQT Bench,bv_n10,mqtbench/bv_n10.qasm,10,23,0,3,QDG-no-MD,0.08695652173913043,0.9999999999999967,1.2212516990369882e-15,1
MQT Bench,bv_n10,mqtbench/bv_n10.qasm,10,23,0,3,QDG-no-UED,0.08695652173913043,0.9999999999999967,1.2212516990369882e-15,1
MQT Bench,bv_n10,mqtbench/bv_n10.qasm,10,23,0,3,QDG-no-CD,0.08695652173913043,0.9999999999999967,1.2212516990369882e-15,1
MQT Bench,bv_n10,mqtbench/bv_n10.qasm,10,23,0,3,Classical PDG,0.08695652173913043,0.9999999999999967,1.2212516990369882e-15,1
MQT Bench,bv_n10,mqtbench/bv_n10.qasm,10,23,0,3,Causal-cone,0.08695652173913043,0.9999999999999967,1.2212516990369882e-15,1
MQT Bench,bv_n10,mqtbench/bv_n10.qasm,10,23,0,4,QSlice-full,0.43478260869565216,0.9999999999999963,1.0548838694457664e-15,1
MQT Bench,bv_n10,mqtbench/bv_n10.qasm,10,23,0,4,QDG-no-ED,0.13043478260869565,3.845835797864291e-35,0.9999999999999983,0
MQT Bench,bv_n10,mqtbench/bv_n10.qasm,10,23,0,4,QDG-no-MD,0.43478260869565216,0.9999999999999963,1.0548838694457664e-15,1
MQT Bench,bv_n10,mqtbench/bv_n10.qasm,10,23,0,4,QDG-no-UED,0.43478260869565216,0.9999999999999963,1.0548838694457664e-15,1
MQT Bench,bv_n10,mqtbench/bv_n10.qasm,10,23,0,4,QDG-no-CD,0.43478260869565216,0.9999999999999963,1.0548838694457664e-15,1
MQT Bench,bv_n10,mqtbench/bv_n10.qasm,10,23,0,4,Classical PDG,0.13043478260869565,3.845835797864291e-35,0.9999999999999983,0
MQT Bench,bv_n10,mqtbench/bv_n10.qasm,10,23,0,4,Causal-cone,0.43478260869565216,0.9999999999999963,1.0548838694457664e-15,1
MQT Bench,bv_n10,mqtbench/bv_n10.qasm,10,23,0,5,QSlice-full,0.08695652173913043,0.9999999999999967,1.221542399268681e-15,1
MQT Bench,bv_n10,mqtbench/bv_n10.qasm,10,23,0,5,QDG-no-ED,0.08695652173913043,0.9999999999999967,1.221542399268681e-15,1
MQT Bench,bv_n10,mqtbench/bv_n10.qasm,10,23,0,5,QDG-no-MD,0.08695652173913043,0.9999999999999967,1.221542399268681e-15,1
MQT Bench,bv_n10,mqtbench/bv_n10.qasm,10,23,0,5,QDG-no-UED,0.08695652173913043,0.9999999999999967,1.221542399268681e-15,1
MQT Bench,bv_n10,mqtbench/bv_n10.qasm,10,23,0,5,QDG-no-CD,0.08695652173913043,0.9999999999999967,1.221542399268681e-15,1
MQT Bench,bv_n10,mqtbench/bv_n10.qasm,10,23,0,5,Classical PDG,0.08695652173913043,0.9999999999999967,1.221542399268681e-15,1
MQT Bench,bv_n10,mqtbench/bv_n10.qasm,10,23,0,5,Causal-cone,0.08695652173913043,0.9999999999999967,1.221542399268681e-15,1
MQT Bench,bv_n10,mqtbench/bv_n10.qasm,10,23,0,6,QSlice-full,0.43478260869565216,0.9999999999999963,1.054719251433917e-15,1
MQT Bench,bv_n10,mqtbench/bv_n10.qasm,10,23,0,6,QDG-no-ED,0.13043478260869565,2.8197097509372747e-34,0.9999999999999983,0
MQT Bench,bv_n10,mqtbench/bv_n10.qasm,10,23,0,6,QDG-no-MD,0.43478260869565216,0.9999999999999963,1.054719251433917e-15,1
MQT Bench,bv_n10,mqtbench/bv_n10.qasm,10,23,0,6,QDG-no-UED,0.43478260869565216,0.9999999999999963,1.054719251433917e-15,1
MQT Bench,bv_n10,mqtbench/bv_n10.qasm,10,23,0,6,QDG-no-CD,0.43478260869565216,0.9999999999999963,1.054719251433917e-15,1
MQT Bench,bv_n10,mqtbench/bv_n10.qasm,10,23,0,6,Classical PDG,0.13043478260869565,2.8197097509372747e-34,0.9999999999999983,0
MQT Bench,bv_n10,mqtbench/bv_n10.qasm,10,23,0,6,Causal-cone,0.43478260869565216,0.9999999999999963,1.054719251433917e-15,1
MQT Bench,bv_n10,mqtbench/bv_n10.qasm,10,23,0,7,QSlice-full,0.08695652173913043,0.9999999999999967,1.2222656640449936e-15,1
MQT Bench,bv_n10,mqtbench/bv_n10.qasm,10,23,0,7,QDG-no-ED,0.08695652173913043,0.9999999999999967,1.2222656640449936e-15,1
MQT Bench,bv_n10,mqtbench/bv_n10.qasm,10,23,0,7,QDG-no-MD,0.08695652173913043,0.9999999999999967,1.2222656640449936e-15,1
MQT Bench,bv_n10,mqtbench/bv_n10.qasm,10,23,0,7,QDG-no-UED,0.08695652173913043,0.9999999999999967,1.2222656640449936e-15,1
MQT Bench,bv_n10,mqtbench/bv_n10.qasm,10,23,0,7,QDG-no-CD,0.08695652173913043,0.9999999999999967,1.2222656640449936e-15,1
MQT Bench,bv_n10,mqtbench/bv_n10.qasm,10,23,0,7,Classical PDG,0.08695652173913043,0.9999999999999967,1.2222656640449936e-15,1
MQT Bench,bv_n10,mqtbench/bv_n10.qasm,10,23,0,7,Causal-cone,0.08695652173913043,0.9999999999999967,1.2222656640449936e-15,1
MQT Bench,bv_n10,mqtbench/bv_n10.qasm,10,23,0,8,QSlice-full,0.43478260869565216,0.9999999999999963,1.0550558374586998e-15,1
MQT Bench,bv_n10,mqtbench/bv_n10.qasm,10,23,0,8,QDG-no-ED,0.13043478260869565,1.5828830741157824e-33,0.9999999999999983,0
MQT Bench,bv_n10,mqtbench/bv_n10.qasm,10,23,0,8,QDG-no-MD,0.43478260869565216,0.9999999999999963,1.0550558374586998e-15,1
MQT Bench,bv_n10,mqtbench/bv_n10.qasm,10,23,0,8,QDG-no-UED,0.43478260869565216,0.9999999999999963,1.0550558374586998e-15,1
MQT Bench,bv_n10,mqtbench/bv_n10.qasm,10,23,0,8,QDG-no-CD,0.43478260869565216,0.9999999999999963,1.0550558374586998e-15,1
MQT Bench,bv_n10,mqtbench/bv_n10.qasm,10,23,0,8,Classical PDG,0.13043478260869565,1.5828830741157824e-33,0.9999999999999983,0
MQT Bench,bv_n10,mqtbench/bv_n10.qasm,10,23,0,8,Causal-cone,0.43478260869565216,0.9999999999999963,1.0550558374586998e-15,1
MQT Bench,bv_n10,mqtbench/bv_n10.qasm,10,23,0,9,QSlice-full,0.08695652173913043,0.9999999999999967,1.2213694803261167e-15,1
MQT Bench,bv_n10,mqtbench/bv_n10.qasm,10,23,0,9,QDG-no-ED,0.08695652173913043,0.9999999999999967,1.2213694803261167e-15,1
MQT Bench,bv_n10,mqtbench/bv_n10.qasm,10,23,0,9,QDG-no-MD,0.08695652173913043,0.9999999999999967,1.2213694803261167e-15,1
MQT Bench,bv_n10,mqtbench/bv_n10.qasm,10,23,0,9,QDG-no-UED,0.08695652173913043,0.9999999999999967,1.2213694803261167e-15,1
MQT Bench,bv_n10,mqtbench/bv_n10.qasm,10,23,0,9,QDG-no-CD,0.08695652173913043,0.9999999999999967,1.2213694803261167e-15,1
MQT Bench,bv_n10,mqtbench/bv_n10.qasm,10,23,0,9,Classical PDG,0.08695652173913043,0.9999999999999967,1.2213694803261167e-15,1
MQT Bench,bv_n10,mqtbench/bv_n10.qasm,10,23,0,9,Causal-cone,0.08695652173913043,0.9999999999999967,1.2213694803261167e-15,1
MQT Bench,wstate_n10,mqtbench/wstate_n10.qasm,10,37,0,0,QSlice-full,1.0,1.0,0.0,1
MQT Bench,wstate_n10,mqtbench/wstate_n10.qasm,10,37,0,0,QDG-no-ED,0.10810810810810811,0.9,0.09999999999999999,0
MQT Bench,wstate_n10,mqtbench/wstate_n10.qasm,10,37,0,0,QDG-no-MD,1.0,1.0,0.0,1
MQT Bench,wstate_n10,mqtbench/wstate_n10.qasm,10,37,0,0,QDG-no-UED,1.0,1.0,0.0,1
MQT Bench,wstate_n10,mqtbench/wstate_n10.qasm,10,37,0,0,QDG-no-CD,1.0,1.0,0.0,1
MQT Bench,wstate_n10,mqtbench/wstate_n10.qasm,10,37,0,0,Classical PDG,0.10810810810810811,0.9,0.09999999999999999,0
MQT Bench,wstate_n10,mqtbench/wstate_n10.qasm,10,37,0,0,Causal-cone,1.0,1.0,0.0,1
MQT Bench,wstate_n10,mqtbench/wstate_n10.qasm,10,37,0,1,QSlice-full,1.0,1.0,0.0,1
MQT Bench,wstate_n10,mqtbench/wstate_n10.qasm,10,37,0,1,QDG-no-ED,0.16216216216216217,0.9,0.09999999999999999,0
MQT Bench,wstate_n10,mqtbench/wstate_n10.qasm,10,37,0,1,QDG-no-MD,1.0,1.0,0.0,1
MQT Bench,wstate_n10,mqtbench/wstate_n10.qasm,10,37,0,1,QDG-no-UED,1.0,1.0,0.0,1
MQT Bench,wstate_n10,mqtbench/wstate_n10.qasm,10,37,0,1,QDG-no-CD,1.0,1.0,0.0,1
MQT Bench,wstate_n10,mqtbench/wstate_n10.qasm,10,37,0,1,Classical PDG,0.16216216216216217,0.9,0.09999999999999999,0
MQT Bench,wstate_n10,mqtbench/wstate_n10.qasm,10,37,0,1,Causal-cone,1.0,1.0,0.0,1
MQT Bench,wstate_n10,mqtbench/wstate_n10.qasm,10,37,0,2,QSlice-full,0.972972972972973,1.0,0.0,1
MQT Bench,wstate_n10,mqtbench/wstate_n10.qasm,10,37,0,2,QDG-no-ED,0.16216216216216217,0.9,0.09999999999999998,0
MQT Bench,wstate_n10,mqtbench/wstate_n10.qasm,10,37,0,2,QDG-no-MD,0.972972972972973,1.0,0.0,1
MQT Bench,wstate_n10,mqtbench/wstate_n10.qasm,10,37,0,2,QDG-no-UED,0.972972972972973,1.0,0.0,1
MQT Bench,wstate_n10,mqtbench/wstate_n10.qasm,10,37,0,2,QDG-no-CD,0.972972972972973,1.0,0.0,1
MQT Bench,wstate_n10,mqtbench/wstate_n10.qasm,10,37,0,2,Classical PDG,0.16216216216216217,0.9,0.09999999999999998,0
MQT Bench,wstate_n10,mqtbench/wstate_n10.qasm,10,37,0,2,Causal-cone,0.972972972972973,1.0,0.0,1
MQT Bench,wstate_n10,mqtbench/wstate_n10.qasm,10,37,0,3,QSlice-full,0.918918918918919,1.0,1.3877787807814457e-17,1
MQT Bench,wstate_n10,mqtbench/wstate_n10.qasm,10,37,0,3,QDG-no-ED,0.16216216216216217,0.9,0.1,0
MQT Bench,wstate_n10,mqtbench/wstate_n10.qasm,10,37,0,3,QDG-no-MD,0.918918918918919,1.0,1.3877787807814457e-17,1
MQT Bench,wstate_n10,mqtbench/wstate_n10.qasm,10,37,0,3,QDG-no-UED,0.918918918918919,1.0,1.3877787807814457e-17,1
MQT Bench,wstate_n10,mqtbench/wstate_n10.qasm,10,37,0,3,QDG-no-CD,0.918918918918919,1.0,1.3877787807814457e-17,1
MQT Bench,wstate_n10,mqtbench/wstate_n10.qasm,10,37,0,3,Classical PDG,0.16216216216216217,0.9,0.1,0
MQT Bench,wstate_n10,mqtbench/wstate_n10.qasm,10,37,0,3,Causal-cone,0.918918918918919,1.0,1.3877787807814457e-17,1
MQT Bench,wstate_n10,mqtbench/wstate_n10.qasm,10,37,0,4,QSlice-full,0.8108108108108109,1.0,7.632783294297951e-17,1
MQT Bench,wstate_n10,mqtbench/wstate_n10.qasm,10,37,0,4,QDG-no-ED,0.16216216216216217,0.9,0.1,0
MQT Bench,wstate_n10,mqtbench/wstate_n10.qasm,10,37,0,4,QDG-no-MD,0.8108108108108109,1.0,7.632783294297951e-17,1
MQT Bench,wstate_n10,mqtbench/wstate_n10.qasm,10,37,0,4,QDG-no-UED,0.8108108108108109,1.0,7.632783294297951e-17,1
MQT Bench,wstate_n10,mqtbench/wstate_n10.qasm,10,37,0,4,QDG-no-CD,0.8108108108108109,1.0,7.632783294297951e-17,1
MQT Bench,wstate_n10,mqtbench/wstate_n10.qasm,10,37,0,4,Classical PDG,0.16216216216216217,0.9,0.1,0
MQT Bench,wstate_n10,mqtbench/wstate_n10.qasm,10,37,0,4,Causal-cone,0.8108108108108109,1.0,7.632783294297951e-17,1
MQT Bench,wstate_n10,mqtbench/wstate_n10.qasm,10,37,0,5,QSlice-full,0.7027027027027027,1.0,1.3877787807814457e-16,1
MQT Bench,wstate_n10,mqtbench/wstate_n10.qasm,10,37,0,5,QDG-no-ED,0.16216216216216217,0.9000000000000001,0.09999999999999992,0
MQT Bench,wstate_n10,mqtbench/wstate_n10.qasm,10,37,0,5,QDG-no-MD,0.7027027027027027,1.0,1.3877787807814457e-16,1
MQT Bench,wstate_n10,mqtbench/wstate_n10.qasm,10,37,0,5,QDG-no-UED,0.7027027027027027,1.0,1.3877787807814457e-16,1
MQT Bench,wstate_n10,mqtbench/wstate_n10.qasm,10,37,0,5,QDG-no-CD,0.7027027027027027,1.0,1.3877787807814457e-16,1
MQT Bench,wstate_n10,mqtbench/wstate_n10.qasm,10,37,0,5,Classical PDG,0.16216216216216217,0.9000000000000001,0.09999999999999992,0
MQT Bench,wstate_n10,mqtbench/wstate_n10.qasm,10,37,0,5,Causal-cone,0.7027027027027027,1.0,1.3877787807814457e-16,1
MQT Bench,wstate_n10,mqtbench/wstate_n10.qasm,10,37,0,6,QSlice-full,0.5945945945945946,1.0,7.632783294297951e-17,1
MQT Bench,wstate_n10,mqtbench/wstate_n10.qasm,10,37,0,6,QDG-no-ED,0.16216216216216217,0.9000000000000001,0.09999999999999992,0
MQT Bench,wstate_n10,mqtbench/wstate_n10.qasm,10,37,0,6,QDG-no-MD,0.5945945945945946,1.0,7.632783294297951e-17,1
MQT Bench,wstate_n10,mqtbench/wstate_n10.qasm,10,37,0,6,QDG-no-UED,0.5945945945945946,1.0,7.632783294297951e-17,1
MQT Bench,wstate_n10,mqtbench/wstate_n10.qasm,10,37,0,6,QDG-no-CD,0.5945945945945946,1.0,7.632783294297951e-17,1
MQT Bench,wstate_n10,mqtbench/wstate_n10.qasm,10,37,0,6,Classical PDG,0.16216216216216217,0.9000000000000001,0.09999999999999992,0
MQT Bench,wstate_n10,mqtbench/wstate_n10.qasm,10,37,0,6,Causal-cone,0.5945945945945946,1.0,7.632783294297951e-17,1
MQT Bench,wstate_n10,mqtbench/wstate_n10.qasm,10,37,0,7,QSlice-full,0.4864864864864865,1.0,1.0408340855860843e-16,1
MQT Bench,wstate_n10,mqtbench/wstate_n10.qasm,10,37,0,7,QDG-no-ED,0.16216216216216217,0.9,0.1,0
MQT Bench,wstate_n10,mqtbench/wstate_n10.qasm,10,37,0,7,QDG-no-MD,0.4864864864864865,1.0,1.0408340855860843e-16,1
MQT Bench,wstate_n10,mqtbench/wstate_n10.qasm,10,37,0,7,QDG-no-UED,0.4864864864864865,1.0,1.0408340855860843e-16,1
MQT Bench,wstate_n10,mqtbench/wstate_n10.qasm,10,37,0,7,QDG-no-CD,0.4864864864864865,1.0,1.0408340855860843e-16,1
MQT Bench,wstate_n10,mqtbench/wstate_n10.qasm,10,37,0,7,Classical PDG,0.16216216216216217,0.9,0.1,0
MQT Bench,wstate_n10,mqtbench/wstate_n10.qasm,10,37,0,7,Causal-cone,0.4864864864864865,1.0,1.0408340855860843e-16,1
MQT Bench,wstate_n10,mqtbench/wstate_n10.qasm,10,37,0,8,QSlice-full,0.3783783783783784,1.0,6.245004513516506e-17,1
MQT Bench,wstate_n10,mqtbench/wstate_n10.qasm,10,37,0,8,QDG-no-ED,0.16216216216216217,0.8999999999999999,0.09999999999999981,0
MQT Bench,wstate_n10,mqtbench/wstate_n10.qasm,10,37,0,8,QDG-no-MD,0.3783783783783784,1.0,6.245004513516506e-17,1
MQT Bench,wstate_n10,mqtbench/wstate_n10.qasm,10,37,0,8,QDG-no-UED,0.3783783783783784,1.0,6.245004513516506e-17,1
MQT Bench,wstate_n10,mqtbench/wstate_n10.qasm,10,37,0,8,QDG-no-CD,0.3783783783783784,1.0,6.245004513516506e-17,1
MQT Bench,wstate_n10,mqtbench/wstate_n10.qasm,10,37,0,8,Classical PDG,0.16216216216216217,0.8999999999999999,0.09999999999999981,0
MQT Bench,wstate_n10,mqtbench/wstate_n10.qasm,10,37,0,8,Causal-cone,0.3783783783783784,1.0,6.245004513516506e-17,1
MQT Bench,wstate_n10,mqtbench/wstate_n10.qasm,10,37,0,9,QSlice-full,0.1891891891891892,1.0,1.3877787807814457e-17,1
MQT Bench,wstate_n10,mqtbench/wstate_n10.qasm,10,37,0,9,QDG-no-ED,0.08108108108108109,0.09999999999999996,0.9000000000000001,0
MQT Bench,wstate_n10,mqtbench/wstate_n10.qasm,10,37,0,9,QDG-no-MD,0.1891891891891892,1.0,1.3877787807814457e-17,1
MQT Bench,wstate_n10,mqtbench/wstate_n10.qasm,10,37,0,9,QDG-no-UED,0.1891891891891892,1.0,1.3877787807814457e-17,1
MQT Bench,wstate_n10,mqtbench/wstate_n10.qasm,10,37,0,9,QDG-no-CD,0.1891891891891892,1.0,1.3877787807814457e-17,1
MQT Bench,wstate_n10,mqtbench/wstate_n10.qasm,10,37,0,9,Classical PDG,0.08108108108108109,0.09999999999999996,0.9000000000000001,0
MQT Bench,wstate_n10,mqtbench/wstate_n10.qasm,10,37,0,9,Causal-cone,0.1891891891891892,1.0,1.3877787807814457e-17,1
MQT Bench,ghz_n14,mqtbench/ghz_n14.qasm,14,14,0,0,QSlice-full,1.0,0.9999999999999996,0.0,1
MQT Bench,ghz_n14,mqtbench/ghz_n14.qasm,14,14,0,0,QDG-no-ED,0.07142857142857142,0.4999999999999999,0.5,0
MQT Bench,ghz_n14,mqtbench/ghz_n14.qasm,14,14,0,0,QDG-no-MD,1.0,0.9999999999999996,0.0,1
MQT Bench,ghz_n14,mqtbench/ghz_n14.qasm,14,14,0,0,QDG-no-UED,1.0,0.9999999999999996,0.0,1
MQT Bench,ghz_n14,mqtbench/ghz_n14.qasm,14,14,0,0,QDG-no-CD,1.0,0.9999999999999996,0.0,1
MQT Bench,ghz_n14,mqtbench/ghz_n14.qasm,14,14,0,0,Classical PDG,0.07142857142857142,0.4999999999999999,0.5,0
MQT Bench,ghz_n14,mqtbench/ghz_n14.qasm,14,14,0,0,Causal-cone,1.0,0.9999999999999996,0.0,1
MQT Bench,ghz_n14,mqtbench/ghz_n14.qasm,14,14,0,1,QSlice-full,1.0,0.9999999999999996,0.0,1
MQT Bench,ghz_n14,mqtbench/ghz_n14.qasm,14,14,0,1,QDG-no-ED,0.14285714285714285,0.4999999999999999,0.5,0
MQT Bench,ghz_n14,mqtbench/ghz_n14.qasm,14,14,0,1,QDG-no-MD,1.0,0.9999999999999996,0.0,1
MQT Bench,ghz_n14,mqtbench/ghz_n14.qasm,14,14,0,1,QDG-no-UED,1.0,0.9999999999999996,0.0,1
MQT Bench,ghz_n14,mqtbench/ghz_n14.qasm,14,14,0,1,QDG-no-CD,1.0,0.9999999999999996,0.0,1
MQT Bench,ghz_n14,mqtbench/ghz_n14.qasm,14,14,0,1,Classical PDG,0.14285714285714285,0.4999999999999999,0.5,0
MQT Bench,ghz_n14,mqtbench/ghz_n14.qasm,14,14,0,1,Causal-cone,1.0,0.9999999999999996,0.0,1
MQT Bench,ghz_n14,mqtbench/ghz_n14.qasm,14,14,0,2,QSlice-full,0.9285714285714286,0.9999999999999996,0.0,1
MQT Bench,ghz_n14,mqtbench/ghz_n14.qasm,14,14,0,2,QDG-no-ED,0.14285714285714285,0.4999999999999999,0.5,0
MQT Bench,ghz_n14,mqtbench/ghz_n14.qasm,14,14,0,2,QDG-no-MD,0.9285714285714286,0.9999999999999996,0.0,1
MQT Bench,ghz_n14,mqtbench/ghz_n14.qasm,14,14,0,2,QDG-no-UED,0.9285714285714286,0.9999999999999996,0.0,1
MQT Bench,ghz_n14,mqtbench/ghz_n14.qasm,14,14,0,2,QDG-no-CD,0.9285714285714286,0.9999999999999996,0.0,1
MQT Bench,ghz_n14,mqtbench/ghz_n14.qasm,14,14,0,2,Classical PDG,0.14285714285714285,0.4999999999999999,0.5,0
MQT Bench,ghz_n14,mqtbench/ghz_n14.qasm,14,14,0,2,Causal-cone,0.9285714285714286,0.9999999999999996,0.0,1
MQT Bench,ghz_n14,mqtbench/ghz_n14.qasm,14,14,0,3,QSlice-full,0.8571428571428571,0.9999999999999996,0.0,1
MQT Bench,ghz_n14,mqtbench/ghz_n14.qasm,14,14,0,3,QDG-no-ED,0.14285714285714285,0.4999999999999999,0.5,0
MQT Bench,ghz_n14,mqtbench/ghz_n14.qasm,14,14,0,3,QDG-no-MD,0.8571428571428571,0.9999999999999996,0.0,1
MQT Bench,ghz_n14,mqtbench/ghz_n14.qasm,14,14,0,3,QDG-no-UED,0.8571428571428571,0.9999999999999996,0.0,1
MQT Bench,ghz_n14,mqtbench/ghz_n14.qasm,14,14,0,3,QDG-no-CD,0.8571428571428571,0.9999999999999996,0.0,1
MQT Bench,ghz_n14,mqtbench/ghz_n14.qasm,14,14,0,3,Classical PDG,0.14285714285714285,0.4999999999999999,0.5,0
MQT Bench,ghz_n14,mqtbench/ghz_n14.qasm,14,14,0,3,Causal-cone,0.8571428571428571,0.9999999999999996,0.0,1
MQT Bench,ghz_n14,mqtbench/ghz_n14.qasm,14,14,0,4,QSlice-full,0.7857142857142857,0.9999999999999996,0.0,1
MQT Bench,ghz_n14,mqtbench/ghz_n14.qasm,14,14,0,4,QDG-no-ED,0.14285714285714285,0.4999999999999999,0.5,0
MQT Bench,ghz_n14,mqtbench/ghz_n14.qasm,14,14,0,4,QDG-no-MD,0.7857142857142857,0.9999999999999996,0.0,1
MQT Bench,ghz_n14,mqtbench/ghz_n14.qasm,14,14,0,4,QDG-no-UED,0.7857142857142857,0.9999999999999996,0.0,1
MQT Bench,ghz_n14,mqtbench/ghz_n14.qasm,14,14,0,4,QDG-no-CD,0.7857142857142857,0.9999999999999996,0.0,1
MQT Bench,ghz_n14,mqtbench/ghz_n14.qasm,14,14,0,4,Classical PDG,0.14285714285714285,0.4999999999999999,0.5,0
MQT Bench,ghz_n14,mqtbench/ghz_n14.qasm,14,14,0,4,Causal-cone,0.7857142857142857,0.9999999999999996,0.0,1
MQT Bench,ghz_n14,mqtbench/ghz_n14.qasm,14,14,0,5,QSlice-full,0.7142857142857143,0.9999999999999996,0.0,1
MQT Bench,ghz_n14,mqtbench/ghz_n14.qasm,14,14,0,5,QDG-no-ED,0.14285714285714285,0.4999999999999999,0.5,0
MQT Bench,ghz_n14,mqtbench/ghz_n14.qasm,14,14,0,5,QDG-no-MD,0.7142857142857143,0.9999999999999996,0.0,1
MQT Bench,ghz_n14,mqtbench/ghz_n14.qasm,14,14,0,5,QDG-no-UED,0.7142857142857143,0.9999999999999996,0.0,1
MQT Bench,ghz_n14,mqtbench/ghz_n14.qasm,14,14,0,5,QDG-no-CD,0.7142857142857143,0.9999999999999996,0.0,1
MQT Bench,ghz_n14,mqtbench/ghz_n14.qasm,14,14,0,5,Classical PDG,0.14285714285714285,0.4999999999999999,0.5,0
MQT Bench,ghz_n14,mqtbench/ghz_n14.qasm,14,14,0,5,Causal-cone,0.7142857142857143,0.9999999999999996,0.0,1
MQT Bench,ghz_n14,mqtbench/ghz_n14.qasm,14,14,0,6,QSlice-full,0.6428571428571429,0.9999999999999996,0.0,1
MQT Bench,ghz_n14,mqtbench/ghz_n14.qasm,14,14,0,6,QDG-no-ED,0.14285714285714285,0.4999999999999999,0.5,0
MQT Bench,ghz_n14,mqtbench/ghz_n14.qasm,14,14,0,6,QDG-no-MD,0.6428571428571429,0.9999999999999996,0.0,1
MQT Bench,ghz_n14,mqtbench/ghz_n14.qasm,14,14,0,6,QDG-no-UED,0.6428571428571429,0.9999999999999996,0.0,1
MQT Bench,ghz_n14,mqtbench/ghz_n14.qasm,14,14,0,6,QDG-no-CD,0.6428571428571429,0.9999999999999996,0.0,1
MQT Bench,ghz_n14,mqtbench/ghz_n14.qasm,14,14,0,6,Classical PDG,0.14285714285714285,0.4999999999999999,0.5,0
MQT Bench,ghz_n14,mqtbench/ghz_n14.qasm,14,14,0,6,Causal-cone,0.6428571428571429,0.9999999999999996,0.0,1
MQT Bench,ghz_n14,mqtbench/ghz_n14.qasm,14,14,0,7,QSlice-full,0.5714285714285714,0.9999999999999996,0.0,1
MQT Bench,ghz_n14,mqtbench/ghz_n14.qasm,14,14,0,7,QDG-no-ED,0.14285714285714285,0.4999999999999999,0.5,0
MQT Bench,ghz_n14,mqtbench/ghz_n14.qasm,14,14,0,7,QDG-no-MD,0.5714285714285714,0.9999999999999996,0.0,1
MQT Bench,ghz_n14,mqtbench/ghz_n14.qasm,14,14,0,7,QDG-no-UED,0.5714285714285714,0.9999999999999996,0.0,1
MQT Bench,ghz_n14,mqtbench/ghz_n14.qasm,14,14,0,7,QDG-no-CD,0.5714285714285714,0.9999999999999996,0.0,1
MQT Bench,ghz_n14,mqtbench/ghz_n14.qasm,14,14,0,7,Classical PDG,0.14285714285714285,0.4999999999999999,0.5,0
MQT Bench,ghz_n14,mqtbench/ghz_n14.qasm,14,14,0,7,Causal-cone,0.5714285714285714,0.9999999999999996,0.0,1
MQT Bench,ghz_n14,mqtbench/ghz_n14.qasm,14,14,0,8,QSlice-full,0.5,0.9999999999999996,0.0,1
MQT Bench,ghz_n14,mqtbench/ghz_n14.qasm,14,14,0,8,QDG-no-ED,0.14285714285714285,0.4999999999999999,0.5,0
MQT Bench,ghz_n14,mqtbench/ghz_n14.qasm,14,14,0,8,QDG-no-MD,0.5,0.9999999999999996,0.0,1
MQT Bench,ghz_n14,mqtbench/ghz_n14.qasm,14,14,0,8,QDG-no-UED,0.5,0.9999999999999996,0.0,1
MQT Bench,ghz_n14,mqtbench/ghz_n14.qasm,14,14,0,8,QDG-no-CD,0.5,0.9999999999999996,0.0,1
MQT Bench,ghz_n14,mqtbench/ghz_n14.qasm,14,14,0,8,Classical PDG,0.14285714285714285,0.4999999999999999,0.5,0
MQT Bench,ghz_n14,mqtbench/ghz_n14.qasm,14,14,0,8,Causal-cone,0.5,0.9999999999999996,0.0,1
MQT Bench,ghz_n14,mqtbench/ghz_n14.qasm,14,14,0,9,QSlice-full,0.42857142857142855,0.9999999999999996,0.0,1
MQT Bench,ghz_n14,mqtbench/ghz_n14.qasm,14,14,0,9,QDG-no-ED,0.14285714285714285,0.4999999999999999,0.5,0
MQT Bench,ghz_n14,mqtbench/ghz_n14.qasm,14,14,0,9,QDG-no-MD,0.42857142857142855,0.9999999999999996,0.0,1
MQT Bench,ghz_n14,mqtbench/ghz_n14.qasm,14,14,0,9,QDG-no-UED,0.42857142857142855,0.9999999999999996,0.0,1
MQT Bench,ghz_n14,mqtbench/ghz_n14.qasm,14,14,0,9,QDG-no-CD,0.42857142857142855,0.9999999999999996,0.0,1
MQT Bench,ghz_n14,mqtbench/ghz_n14.qasm,14,14,0,9,Classical PDG,0.14285714285714285,0.4999999999999999,0.5,0
MQT Bench,ghz_n14,mqtbench/ghz_n14.qasm,14,14,0,9,Causal-cone,0.42857142857142855,0.9999999999999996,0.0,1
MQT Bench,ghz_n14,mqtbench/ghz_n14.qasm,14,14,0,10,QSlice-full,0.35714285714285715,0.9999999999999996,0.0,1
MQT Bench,ghz_n14,mqtbench/ghz_n14.qasm,14,14,0,10,QDG-no-ED,0.14285714285714285,0.4999999999999999,0.5,0
MQT Bench,ghz_n14,mqtbench/ghz_n14.qasm,14,14,0,10,QDG-no-MD,0.35714285714285715,0.9999999999999996,0.0,1
MQT Bench,ghz_n14,mqtbench/ghz_n14.qasm,14,14,0,10,QDG-no-UED,0.35714285714285715,0.9999999999999996,0.0,1
MQT Bench,ghz_n14,mqtbench/ghz_n14.qasm,14,14,0,10,QDG-no-CD,0.35714285714285715,0.9999999999999996,0.0,1
MQT Bench,ghz_n14,mqtbench/ghz_n14.qasm,14,14,0,10,Classical PDG,0.14285714285714285,0.4999999999999999,0.5,0
MQT Bench,ghz_n14,mqtbench/ghz_n14.qasm,14,14,0,10,Causal-cone,0.35714285714285715,0.9999999999999996,0.0,1
MQT Bench,ghz_n14,mqtbench/ghz_n14.qasm,14,14,0,11,QSlice-full,0.2857142857142857,0.9999999999999996,0.0,1
MQT Bench,ghz_n14,mqtbench/ghz_n14.qasm,14,14,0,11,QDG-no-ED,0.14285714285714285,0.4999999999999999,0.5,0
MQT Bench,ghz_n14,mqtbench/ghz_n14.qasm,14,14,0,11,QDG-no-MD,0.2857142857142857,0.9999999999999996,0.0,1
MQT Bench,ghz_n14,mqtbench/ghz_n14.qasm,14,14,0,11,QDG-no-UED,0.2857142857142857,0.9999999999999996,0.0,1
MQT Bench,ghz_n14,mqtbench/ghz_n14.qasm,14,14,0,11,QDG-no-CD,0.2857142857142857,0.9999999999999996,0.0,1
MQT Bench,ghz_n14,mqtbench/ghz_n14.qasm,14,14,0,11,Classical PDG,0.14285714285714285,0.4999999999999999,0.5,0
MQT Bench,ghz_n14,mqtbench/ghz_n14.qasm,14,14,0,11,Causal-cone,0.2857142857142857,0.9999999999999996,0.0,1
MQT Bench,ghz_n14,mqtbench/ghz_n14.qasm,14,14,0,12,QSlice-full,0.21428571428571427,0.9999999999999996,0.0,1
MQT Bench,ghz_n14,mqtbench/ghz_n14.qasm,14,14,0,12,QDG-no-ED,0.14285714285714285,0.4999999999999999,0.5,0
MQT Bench,ghz_n14,mqtbench/ghz_n14.qasm,14,14,0,12,QDG-no-MD,0.21428571428571427,0.9999999999999996,0.0,1
MQT Bench,ghz_n14,mqtbench/ghz_n14.qasm,14,14,0,12,QDG-no-UED,0.21428571428571427,0.9999999999999996,0.0,1
MQT Bench,ghz_n14,mqtbench/ghz_n14.qasm,14,14,0,12,QDG-no-CD,0.21428571428571427,0.9999999999999996,0.0,1
MQT Bench,ghz_n14,mqtbench/ghz_n14.qasm,14,14,0,12,Classical PDG,0.14285714285714285,0.4999999999999999,0.5,0
MQT Bench,ghz_n14,mqtbench/ghz_n14.qasm,14,14,0,12,Causal-cone,0.21428571428571427,0.9999999999999996,0.0,1
MQT Bench,ghz_n14,mqtbench/ghz_n14.qasm,14,14,0,13,QSlice-full,0.14285714285714285,0.9999999999999996,0.0,1
MQT Bench,ghz_n14,mqtbench/ghz_n14.qasm,14,14,0,13,QDG-no-ED,0.14285714285714285,0.9999999999999996,0.0,1
MQT Bench,ghz_n14,mqtbench/ghz_n14.qasm,14,14,0,13,QDG-no-MD,0.14285714285714285,0.9999999999999996,0.0,1
MQT Bench,ghz_n14,mqtbench/ghz_n14.qasm,14,14,0,13,QDG-no-UED,0.14285714285714285,0.9999999999999996,0.0,1
MQT Bench,ghz_n14,mqtbench/ghz_n14.qasm,14,14,0,13,QDG-no-CD,0.14285714285714285,0.9999999999999996,0.0,1
MQT Bench,ghz_n14,mqtbench/ghz_n14.qasm,14,14,0,13,Classical PDG,0.14285714285714285,0.9999999999999996,0.0,1
MQT Bench,ghz_n14,mqtbench/ghz_n14.qasm,14,14,0,13,Causal-cone,0.14285714285714285,0.9999999999999996,0.0,1
MQT Bench,qftentangled_n14,mqtbench/qftentangled_n14.qasm,14,126,0,0,QSlice-full,0.9523809523809523,0.999999999999995,5.551115123125783e-17,1
MQT Bench,qftentangled_n14,mqtbench/qftentangled_n14.qasm,14,126,0,0,QDG-no-ED,0.12698412698412698,0.49999999999999856,0.7071067746869727,0
MQT Bench,qftentangled_n14,mqtbench/qftentangled_n14.qasm,14,126,0,0,QDG-no-MD,0.9523809523809523,0.999999999999995,5.551115123125783e-17,1
MQT Bench,qftentangled_n14,mqtbench/qftentangled_n14.qasm,14,126,0,0,QDG-no-UED,0.9523809523809523,0.999999999999995,5.551115123125783e-17,1
MQT Bench,qftentangled_n14,mqtbench/qftentangled_n14.qasm,14,126,0,0,QDG-no-CD,0.9523809523809523,0.999999999999995,5.551115123125783e-17,1
MQT Bench,qftentangled_n14,mqtbench/qftentangled_n14.qasm,14,126,0,0,Classical PDG,0.12698412698412698,0.49999999999999856,0.7071067746869727,0
MQT Bench,qftentangled_n14,mqtbench/qftentangled_n14.qasm,14,126,0,0,Causal-cone,0.9523809523809523,0.999999999999995,5.551115123125783e-17,1
MQT Bench,qftentangled_n14,mqtbench/qftentangled_n14.qasm,14,126,0,1,QSlice-full,0.9603174603174603,0.9999999999999949,1.387778780781446e-16,1
MQT Bench,qftentangled_n14,mqtbench/qftentangled_n14.qasm,14,126,0,1,QDG-no-ED,0.1349206349206349,0.4999999999999986,0.7071067551882524,0
MQT Bench,qftentangled_n14,mqtbench/qftentangled_n14.qasm,14,126,0,1,QDG-no-MD,0.9603174603174603,0.9999999999999949,1.387778780781446e-16,1
MQT Bench,qftentangled_n14,mqtbench/qftentangled_n14.qasm,14,126,0,1,QDG-no-UED,0.9603174603174603,0.9999999999999949,1.387778780781446e-16,1
MQT Bench,qftentangled_n14,mqtbench/qftentangled_n14.qasm,14,126,0,1,QDG-no-CD,0.9603174603174603,0.9999999999999949,1.387778780781446e-16,1
MQT Bench,qftentangled_n14,mqtbench/qftentangled_n14.qasm,14,126,0,1,Classical PDG,0.1349206349206349,0.4999999999999986,0.7071067551882524,0
MQT Bench,qftentangled_n14,mqtbench/qftentangled_n14.qasm,14,126,0,1,Causal-cone,0.9603174603174603,0.9999999999999949,1.387778780781446e-16,1
MQT Bench,qftentangled_n14,mqtbench/qftentangled_n14.qasm,14,126,0,2,QSlice-full,0.9682539682539683,0.9999999999999949,1.6906449484466095e-16,1
MQT Bench,qftentangled_n14,mqtbench/qftentangled_n14.qasm,14,126,0,2,QDG-no-ED,0.1349206349206349,0.4999999999999986,0.7071066771933789,0
MQT Bench,qftentangled_n14,mqtbench/qftentangled_n14.qasm,14,126,0,2,QDG-no-MD,0.9682539682539683,0.9999999999999949,1.6906449484466095e-16,1
MQT Bench,qftentangled_n14,mqtbench/qftentangled_n14.qasm,14,126,0,2,QDG-no-UED,0.9682539682539683,0.9999999999999949,1.6906449484466095e-16,1
MQT Bench,qftentangled_n14,mqtbench/qftentangled_n14.qasm,14,126,0,2,QDG-no-CD,0.9682539682539683,0.9999999999999949,1.6906449484466095e-16,1
MQT Bench,qftentangled_n14,mqtbench/qftentangled_n14.qasm,14,126,0,2,Classical PDG,0.1349206349206349,0.4999999999999986,0.7071066771933789,0
MQT Bench,qftentangled_n14,mqtbench/qftentangled_n14.qasm,14,126,0,2,Causal-cone,0.9682539682539683,0.9999999999999949,1.6906449484466095e-16,1
MQT Bench,qftentangled_n14,mqtbench/qftentangled_n14.qasm,14,126,0,3,QSlice-full,0.9761904761904762,0.999999999999995,1.3877792042978546e-16,1
MQT Bench,qftentangled_n14,mqtbench/qftentangled_n14.qasm,14,126,0,3,QDG-no-ED,0.1349206349206349,0.4999999999999986,0.7071063652140288,0
MQT Bench,qftentangled_n14,mqtbench/qftentangled_n14.qasm,14,126,0,3,QDG-no-MD,0.9761904761904762,0.999999999999995,1.3877792042978546e-16,1
MQT Bench,qftentangled_n14,mqtbench/qftentangled_n14.qasm,14,126,0,3,QDG-no-UED,0.9761904761904762,0.999999999999995,1.3877792042978546e-16,1
MQT Bench,qftentangled_n14,mqtbench/qftentangled_n14.qasm,14,126,0,3,QDG-no-CD,0.9761904761904762,0.999999999999995,1.3877792042978546e-16,1
MQT Bench,qftentangled_n14,mqtbench/qftentangled_n14.qasm,14,126,0,3,Classical PDG,0.1349206349206349,0.4999999999999986,0.7071063652140288,0
MQT Bench,qftentangled_n14,mqtbench/qftentangled_n14.qasm,14,126,0,3,Causal-cone,0.9761904761904762,0.999999999999995,1.3877792042978546e-16,1
MQT Bench,qftentangled_n14,mqtbench/qftentangled_n14.qasm,14,126,0,4,QSlice-full,0.9841269841269841,0.9999999999999948,6.214852643411485e-17,1
MQT Bench,qftentangled_n14,mqtbench/qftentangled_n14.qasm,14,126,0,4,QDG-no-ED,0.1349206349206349,0.49999999999999856,0.7071051172989231,0
MQT Bench,qftentangled_n14,mqtbench/qftentangled_n14.qasm,14,126,0,4,QDG-no-MD,0.9841269841269841,0.9999999999999948,6.214852643411485e-17,1
MQT Bench,qftentangled_n14,mqtbench/qftentangled_n14.qasm,14,126,0,4,QDG-no-UED,0.9841269841269841,0.9999999999999948,6.214852643411485e-17,1
MQT Bench,qftentangled_n14,mqtbench/qftentangled_n14.qasm,14,126,0,4,QDG-no-CD,0.9841269841269841,0.9999999999999948,6.214852643411485e-17,1
MQT Bench,qftentangled_n14,mqtbench/qftentangled_n14.qasm,14,126,0,4,Classical PDG,0.1349206349206349,0.49999999999999856,0.7071051172989231,0
MQT Bench,qftentangled_n14,mqtbench/qftentangled_n14.qasm,14,126,0,4,Causal-cone,0.9841269841269841,0.9999999999999948,6.214852643411485e-17,1
MQT Bench,qftentangled_n14,mqtbench/qftentangled_n14.qasm,14,126,0,5,QSlice-full,0.9920634920634921,0.999999999999995,1.3975294508054685e-16,1
MQT Bench,qftentangled_n14,mqtbench/qftentangled_n14.qasm,14,126,0,5,QDG-no-ED,0.1349206349206349,0.4999999999999987,0.7071001256752056,0
MQT Bench,qftentangled_n14,mqtbench/qftentangled_n14.qasm,14,126,0,5,QDG-no-MD,0.9920634920634921,0.999999999999995,1.3975294508054685e-16,1
MQT Bench,qftentangled_n14,mqtbench/qftentangled_n14.qasm,14,126,0,5,QDG-no-UED,0.9920634920634921,0.999999999999995,1.3975294508054685e-16,1
MQT Bench,qftentangled_n14,mqtbench/qftentangled_n14.qasm,14,126,0,5,QDG-no-CD,0.9920634920634921,0.999999999999995,1.3975294508054685e-16,1
MQT Bench,qftentangled_n14,mqtbench/qftentangled_n14.qasm,14,126,0,5,Classical PDG,0.1349206349206349,0.4999999999999987,0.7071001256752056,0
MQT Bench,qftentangled_n14,mqtbench/qftentangled_n14.qasm,14,126,0,5,Causal-cone,0.9920634920634921,0.999999999999995,1.3975294508054685e-16,1
MQT Bench,qftentangled_n14,mqtbench/qftentangled_n14.qasm,14,126,0,6,QSlice-full,1.0,0.9999999999999948,0.0,1
MQT Bench,qftentangled_n14,mqtbench/qftentangled_n14.qasm,14,126,0,6,QDG-no-ED,0.1349206349206349,0.49999999999999856,0.7070801597676348,0
MQT Bench,qftentangled_n14,mqtbench/qftentangled_n14.qasm,14,126,0,6,QDG-no-MD,1.0,0.9999999999999948,0.0,1
MQT Bench,qftentangled_n14,mqtbench/qftentangled_n14.qasm,14,126,0,6,QDG-no-UED,1.0,0.9999999999999948,0.0,1
MQT Bench,qftentangled_n14,mqtbench/qftentangled_n14.qasm,14,126,0,6,QDG-no-CD,1.0,0.9999999999999948,0.0,1
MQT Bench,qftentangled_n14,mqtbench/qftentangled_n14.qasm,14,126,0,6,Classical PDG,0.1349206349206349,0.49999999999999856,0.7070801597676348,0
MQT Bench,qftentangled_n14,mqtbench/qftentangled_n14.qasm,14,126,0,6,Causal-cone,1.0,0.9999999999999948,0.0,1
MQT Bench,qftentangled_n14,mqtbench/qftentangled_n14.qasm,14,126,0,7,QSlice-full,1.0,0.9999999999999949,0.0,1
MQT Bench,qftentangled_n14,mqtbench/qftentangled_n14.qasm,14,126,0,7,QDG-no-ED,0.1349206349206349,0.49999999999999856,0.7070003055343365,0
MQT Bench,qftentangled_n14,mqtbench/qftentangled_n14.qasm,14,126,0,7,QDG-no-MD,1.0,0.9999999999999949,0.0,1
MQT Bench,qftentangled_n14,mqtbench/qftentangled_n14.qasm,14,126,0,7,QDG-no-UED,1.0,0.9999999999999949,0.0,1
MQT Bench,qftentangled_n14,mqtbench/qftentangled_n14.qasm,14,126,0,7,QDG-no-CD,1.0,0.9999999999999949,0.0,1
MQT Bench,qftentangled_n14,mqtbench/qftentangled_n14.qasm,14,126,0,7,Classical PDG,0.1349206349206349,0.49999999999999856,0.7070003055343365,0
MQT Bench,qftentangled_n14,mqtbench/qftentangled_n14.qasm,14,126,0,7,Causal-cone,1.0,0.9999999999999949,0.0,1
MQT Bench,qftentangled_n14,mqtbench/qftentangled_n14.qasm,14,126,0,8,QSlice-full,0.9920634920634921,0.9999999999999948,8.326672684688674e-17,1
MQT Bench,qftentangled_n14,mqtbench/qftentangled_n14.qasm,14,126,0,8,QDG-no-ED,0.1349206349206349,0.4999999999999986,0.7066810389659703,0
MQT Bench,qftentangled_n14,mqtbench/qftentangled_n14.qasm,14,126,0,8,QDG-no-MD,0.9920634920634921,0.9999999999999948,8.326672684688674e-17,1
MQT Bench,qftentangled_n14,mqtbench/qftentangled_n14.qasm,14,126,0,8,QDG-no-UED,0.9920634920634921,0.9999999999999948,8.326672684688674e-17,1
MQT Bench,qftentangled_n14,mqtbench/qftentangled_n14.qasm,14,126,0,8,QDG-no-CD,0.9920634920634921,0.9999999999999948,8.326672684688674e-17,1
MQT Bench,qftentangled_n14,mqtbench/qftentangled_n14.qasm,14,126,0,8,Classical PDG,0.1349206349206349,0.4999999999999986,0.7066810389659703,0
MQT Bench,qftentangled_n14,mqtbench/qftentangled_n14.qasm,14,126,0,8,Causal-cone,0.9920634920634921,0.9999999999999948,8.326672684688674e-17,1
MQT Bench,qftentangled_n14,mqtbench/qftentangled_n14.qasm,14,126,0,9,QSlice-full,0.9841269841269841,0.9999999999999952,6.245004513516506e-17,1
MQT Bench,qftentangled_n14,mqtbench/qftentangled_n14.qasm,14,126,0,9,QDG-no-ED,0.1349206349206349,0.4999999999999988,0.7054063793661087,0
MQT Bench,qftentangled_n14,mqtbench/qftentangled_n14.qasm,14,126,0,9,QDG-no-MD,0.9841269841269841,0.9999999999999952,6.245004513516506e-17,1
MQT Bench,qftentangled_n14,mqtbench/qftentangled_n14.qasm,14,126,0,9,QDG-no-UED,0.9841269841269841,0.9999999999999952,6.245004513516506e-17,1
MQT Bench,qftentangled_n14,mqtbench/qftentangled_n14.qasm,14,126,0,9,QDG-no-CD,0.9841269841269841,0.9999999999999952,6.245004513516506e-17,1
MQT Bench,qftentangled_n14,mqtbench/qftentangled_n14.qasm,14,126,0,9,Classical PDG,0.1349206349206349,0.4999999999999988,0.7054063793661087,0
MQT Bench,qftentangled_n14,mqtbench/qftentangled_n14.qasm,14,126,0,9,Causal-cone,0.9841269841269841,0.9999999999999952,6.245004513516506e-17,1
MQT Bench,qftentangled_n14,mqtbench/qftentangled_n14.qasm,14,126,0,10,QSlice-full,0.9761904761904762,0.999999999999995,1.2177709378935643e-16,1
MQT Bench,qftentangled_n14,mqtbench/qftentangled_n14.qasm,14,126,0,10,QDG-no-ED,0.1349206349206349,0.4999999999999986,0.7003463011710059,0
MQT Bench,qftentangled_n14,mqtbench/qftentangled_n14.qasm,14,126,0,10,QDG-no-MD,0.9761904761904762,0.999999999999995,1.2177709378935643e-16,1
MQT Bench,qftentangled_n14,mqtbench/qftentangled_n14.qasm,14,126,0,10,QDG-no-UED,0.9761904761904762,0.999999999999995,1.2177709378935643e-16,1
MQT Bench,qftentangled_n14,mqtbench/qftentangled_n14.qasm,14,126,0,10,QDG-no-CD,0.9761904761904762,0.999999999999995,1.2177709378935643e-16,1
MQT Bench,qftentangled_n14,mqtbench/qftentangled_n14.qasm,14,126,0,10,Classical PDG,0.1349206349206349,0.4999999999999986,0.7003463011710059,0
MQT Bench,qftentangled_n14,mqtbench/qftentangled_n14.qasm,14,126,0,10,Causal-cone,0.9761904761904762,0.999999999999995,1.2177709378935643e-16,1
MQT Bench,qftentangled_n14,mqtbench/qftentangled_n14.qasm,14,126,0,11,QSlice-full,0.9682539682539683,0.9999999999999949,1.2719202621569003e-16,1
MQT Bench,qftentangled_n14,mqtbench/qftentangled_n14.qasm,14,126,0,11,QDG-no-ED,0.1349206349206349,0.49999999999999867,0.6807263382948519,0
MQT Bench,qftentangled_n14,mqtbench/qftentangled_n14.qasm,14,126,0,11,QDG-no-MD,0.9682539682539683,0.9999999999999949,1.2719202621569003e-16,1
MQT Bench,qftentangled_n14,mqtbench/qftentangled_n14.qasm,14,126,0,11,QDG-no-UED,0.9682539682539683,0.9999999999999949,1.2719202621569003e-16,1
MQT Bench,qftentangled_n14,mqtbench/qftentangled_n14.qasm,14,126,0,11,QDG-no-CD,0.9682539682539683,0.9999999999999949,1.2719202621569003e-16,1
MQT Bench,qftentangled_n14,mqtbench/qftentangled_n14.qasm,14,126,0,11,Classical PDG,0.1349206349206349,0.49999999999999867,0.6807263382948519,0
MQT Bench,qftentangled_n14,mqtbench/qftentangled_n14.qasm,14,126,0,11,Causal-cone,0.9682539682539683,0.9999999999999949,1.2719202621569003e-16,1
MQT Bench,qftentangled_n14,mqtbench/qftentangled_n14.qasm,14,126,0,12,QSlice-full,0.9603174603174603,0.999999999999995,1.1443916996305594e-16,1
MQT Bench,qftentangled_n14,mqtbench/qftentangled_n14.qasm,14,126,0,12,QDG-no-ED,0.1349206349206349,0.49999999999999867,0.6123724356957939,0
MQT Bench,qftentangled_n14,mqtbench/qftentangled_n14.qasm,14,126,0,12,QDG-no-MD,0.9603174603174603,0.999999999999995,1.1443916996305594e-16,1
MQT Bench,qftentangled_n14,mqtbench/qftentangled_n14.qasm,14,126,0,12,QDG-no-UED,0.9603174603174603,0.999999999999995,1.1443916996305594e-16,1
MQT Bench,qftentangled_n14,mqtbench/qftentangled_n14.qasm,14,126,0,12,QDG-no-CD,0.9603174603174603,0.999999999999995,1.1443916996305594e-16,1
MQT Bench,qftentangled_n14,mqtbench/qftentangled_n14.qasm,14,126,0,12,Classical PDG,0.1349206349206349,0.49999999999999867,0.6123724356957939,0
MQT Bench,qftentangled_n14,mqtbench/qftentangled_n14.qasm,14,126,0,12,Causal-cone,0.9603174603174603,0.999999999999995,1.1443916996305594e-16,1
MQT Bench,qftentangled_n14,mqtbench/qftentangled_n14.qasm,14,126,0,13,QSlice-full,0.9523809523809523,0.9999999999999949,8.326672684688674e-17,1
MQT Bench,qftentangled_n14,mqtbench/qftentangled_n14.qasm,14,126,0,13,QDG-no-ED,0.1349206349206349,0.5000610351562481,0.592672042303204,0
MQT Bench,qftentangled_n14,mqtbench/qftentangled_n14.qasm,14,126,0,13,QDG-no-MD,0.9523809523809523,0.9999999999999949,8.326672684688674e-17,1
MQT Bench,qftentangled_n14,mqtbench/qftentangled_n14.qasm,14,126,0,13,QDG-no-UED,0.9523809523809523,0.9999999999999949,8.326672684688674e-17,1
MQT Bench,qftentangled_n14,mqtbench/qftentangled_n14.qasm,14,126,0,13,QDG-no-CD,0.9523809523809523,0.9999999999999949,8.326672684688674e-17,1
MQT Bench,qftentangled_n14,mqtbench/qftentangled_n14.qasm,14,126,0,13,Classical PDG,0.1349206349206349,0.5000610351562481,0.592672042303204,0
MQT Bench,qftentangled_n14,mqtbench/qftentangled_n14.qasm,14,126,0,13,Causal-cone,0.9523809523809523,0.9999999999999949,8.326672684688674e-17,1
MQT Bench,dj_n14,mqtbench/dj_n14.qasm,14,55,0,0,QSlice-full,0.36363636363636365,0.9999999999999934,9.439948399111692e-16,1
MQT Bench,dj_n14,mqtbench/dj_n14.qasm,14,55,0,0,QDG-no-ED,0.09090909090909091,0.49999999999999767,0.4999999999999979,0
MQT Bench,dj_n14,mqtbench/dj_n14.qasm,14,55,0,0,QDG-no-MD,0.36363636363636365,0.9999999999999934,9.439948399111692e-16,1
MQT Bench,dj_n14,mqtbench/dj_n14.qasm,14,55,0,0,QDG-no-UED,0.34545454545454546,1.6504374776789748e-34,0.9999999999999967,0
MQT Bench,dj_n14,mqtbench/dj_n14.qasm,14,55,0,0,QDG-no-CD,0.36363636363636365,0.9999999999999934,9.439948399111692e-16,1
MQT Bench,dj_n14,mqtbench/dj_n14.qasm,14,55,0,0,Classical PDG,0.09090909090909091,0.49999999999999767,0.4999999999999979,0
MQT Bench,dj_n14,mqtbench/dj_n14.qasm,14,55,0,0,Causal-cone,0.36363636363636365,0.9999999999999934,9.439948399111692e-16,1
MQT Bench,dj_n14,mqtbench/dj_n14.qasm,14,55,0,1,QSlice-full,0.41818181818181815,0.9999999999999936,9.992012344083586e-16,1
MQT Bench,dj_n14,mqtbench/dj_n14.qasm,14,55,0,1,QDG-no-ED,0.09090909090909091,0.49999999999999767,0.4999999999999979,0
MQT Bench,dj_n14,mqtbench/dj_n14.qasm,14,55,0,1,QDG-no-MD,0.41818181818181815,0.9999999999999936,9.992012344083586e-16,1
MQT Bench,dj_n14,mqtbench/dj_n14.qasm,14,55,0,1,QDG-no-UED,0.4,3.150967550351537e-33,0.9999999999999968,0
MQT Bench,dj_n14,mqtbench/dj_n14.qasm,14,55,0,1,QDG-no-CD,0.41818181818181815,0.9999999999999936,9.992012344083586e-16,1
MQT Bench,dj_n14,mqtbench/dj_n14.qasm,14,55,0,1,Classical PDG,0.09090909090909091,0.49999999999999767,0.4999999999999979,0
MQT Bench,dj_n14,mqtbench/dj_n14.qasm,14,55,0,1,Causal-cone,0.41818181818181815,0.9999999999999936,9.992012344083586e-16,1
MQT Bench,dj_n14,mqtbench/dj_n14.qasm,14,55,0,2,QSlice-full,0.45454545454545453,0.9999999999999936,9.994424838397072e-16,1
MQT Bench,dj_n14,mqtbench/dj_n14.qasm,14,55,0,2,QDG-no-ED,0.05454545454545454,0.49999999999999767,0.4999999999999979,0
MQT Bench,dj_n14,mqtbench/dj_n14.qasm,14,55,0,2,QDG-no-MD,0.45454545454545453,0.9999999999999936,9.994424838397072e-16,1
MQT Bench,dj_n14,mqtbench/dj_n14.qasm,14,55,0,2,QDG-no-UED,0.43636363636363634,1.6504374776789793e-34,0.9999999999999968,0
MQT Bench,dj_n14,mqtbench/dj_n14.qasm,14,55,0,2,QDG-no-CD,0.45454545454545453,0.9999999999999936,9.994424838397072e-16,1
MQT Bench,dj_n14,mqtbench/dj_n14.qasm,14,55,0,2,Classical PDG,0.05454545454545454,0.49999999999999767,0.4999999999999979,0
MQT Bench,dj_n14,mqtbench/dj_n14.qasm,14,55,0,2,Causal-cone,0.45454545454545453,0.9999999999999936,9.994424838397072e-16,1
MQT Bench,dj_n14,mqtbench/dj_n14.qasm,14,55,0,3,QSlice-full,0.4909090909090909,0.9999999999999934,9.437483843981724e-16,1
MQT Bench,dj_n14,mqtbench/dj_n14.qasm,14,55,0,3,QDG-no-ED,0.05454545454545454,0.49999999999999767,0.4999999999999979,0
MQT Bench,dj_n14,mqtbench/dj_n14.qasm,14,55,0,3,QDG-no-MD,0.4909090909090909,0.9999999999999934,9.437483843981724e-16,1
MQT Bench,dj_n14,mqtbench/dj_n14.qasm,14,55,0,3,QDG-no-UED,0.4727272727272727,3.872928019571084e-37,0.9999999999999967,0
MQT Bench,dj_n14,mqtbench/dj_n14.qasm,14,55,0,3,QDG-no-CD,0.4909090909090909,0.9999999999999934,9.437483843981724e-16,1
MQT Bench,dj_n14,mqtbench/dj_n14.qasm,14,55,0,3,Classical PDG,0.05454545454545454,0.49999999999999767,0.4999999999999979,0
MQT Bench,dj_n14,mqtbench/dj_n14.qasm,14,55,0,3,Causal-cone,0.4909090909090909,0.9999999999999934,9.437483843981724e-16,1
MQT Bench,dj_n14,mqtbench/dj_n14.qasm,14,55,0,4,QSlice-full,0.5454545454545454,0.9999999999999934,9.437717920707335e-16,1
MQT Bench,dj_n14,mqtbench/dj_n14.qasm,14,55,0,4,QDG-no-ED,0.09090909090909091,0.49999999999999767,0.4999999999999979,0
MQT Bench,dj_n14,mqtbench/dj_n14.qasm,14,55,0,4,QDG-no-MD,0.5454545454545454,0.9999999999999934,9.437717920707335e-16,1
MQT Bench,dj_n14,mqtbench/dj_n14.qasm,14,55,0,4,QDG-no-UED,0.5272727272727272,1.8202353171583593e-33,0.9999999999999967,0
MQT Bench,dj_n14,mqtbench/dj_n14.qasm,14,55,0,4,QDG-no-CD,0.5454545454545454,0.9999999999999934,9.437717920707335e-16,1
MQT Bench,dj_n14,mqtbench/dj_n14.qasm,14,55,0,4,Classical PDG,0.09090909090909091,0.49999999999999767,0.4999999999999979,0
MQT Bench,dj_n14,mqtbench/dj_n14.qasm,14,55,0,4,Causal-cone,0.5454545454545454,0.9999999999999934,9.437717920707335e-16,1
MQT Bench,dj_n14,mqtbench/dj_n14.qasm,14,55,0,5,QSlice-full,0.6363636363636364,0.999999999999993,7.220111887659789e-16,1
MQT Bench,dj_n14,mqtbench/dj_n14.qasm,14,55,0,5,QDG-no-ED,0.09090909090909091,0.49999999999999767,0.4999999999999979,0
MQT Bench,dj_n14,mqtbench/dj_n14.qasm,14,55,0,5,QDG-no-MD,0.6363636363636364,0.999999999999993,7.220111887659789e-16,1
MQT Bench,dj_n14,mqtbench/dj_n14.qasm,14,55,0,5,QDG-no-UED,0.6363636363636364,0.999999999999993,7.220111887659789e-16,1
MQT Bench,dj_n14,mqtbench/dj_n14.qasm,14,55,0,5,QDG-no-CD,0.6363636363636364,0.999999999999993,7.220111887659789e-16,1
MQT Bench,dj_n14,mqtbench/dj_n14.qasm,14,55,0,5,Classical PDG,0.09090909090909091,0.49999999999999767,0.4999999999999979,0
MQT Bench,dj_n14,mqtbench/dj_n14.qasm,14,55,0,5,Causal-cone,0.6363636363636364,0.999999999999993,7.220111887659789e-16,1
MQT Bench,dj_n14,mqtbench/dj_n14.qasm,14,55,0,6,QSlice-full,0.6909090909090909,0.999999999999993,7.220111887659789e-16,1
MQT Bench,dj_n14,mqtbench/dj_n14.qasm,14,55,0,6,QDG-no-ED,0.09090909090909091,0.49999999999999767,0.4999999999999979,0
MQT Bench,dj_n14,mqtbench/dj_n14.qasm,14,55,0,6,QDG-no-MD,0.6909090909090909,0.999999999999993,7.220111887659789e-16,1
MQT Bench,dj_n14,mqtbench/dj_n14.qasm,14,55,0,6,QDG-no-UED,0.6727272727272727,0.999999999999993,7.216509274890897e-16,1
MQT Bench,dj_n14,mqtbench/dj_n14.qasm,14,55,0,6,QDG-no-CD,0.6909090909090909,0.999999999999993,7.220111887659789e-16,1
MQT Bench,dj_n14,mqtbench/dj_n14.qasm,14,55,0,6,Classical PDG,0.09090909090909091,0.49999999999999767,0.4999999999999979,0
MQT Bench,dj_n14,mqtbench/dj_n14.qasm,14,55,0,6,Causal-cone,0.6909090909090909,0.999999999999993,7.220111887659789e-16,1
MQT Bench,dj_n14,mqtbench/dj_n14.qasm,14,55,0,7,QSlice-full,0.7090909090909091,0.9999999999999921,2.7945410581595757e-16,1
MQT Bench,dj_n14,mqtbench/dj_n14.qasm,14,55,0,7,QDG-no-ED,0.05454545454545454,0.49999999999999767,0.4999999999999979,0
MQT Bench,dj_n14,mqtbench/dj_n14.qasm,14,55,0,7,QDG-no-MD,0.7090909090909091,0.9999999999999921,2.7945410581595757e-16,1
MQT Bench,dj_n14,mqtbench/dj_n14.qasm,14,55,0,7,QDG-no-UED,0.6727272727272727,0.999999999999993,7.217078131051443e-16,1
MQT Bench,dj_n14,mqtbench/dj_n14.qasm,14,55,0,7,QDG-no-CD,0.7090909090909091,0.9999999999999921,2.7945410581595757e-16,1
MQT Bench,dj_n14,mqtbench/dj_n14.qasm,14,55,0,7,Classical PDG,0.05454545454545454,0.49999999999999767,0.4999999999999979,0
MQT Bench,dj_n14,mqtbench/dj_n14.qasm,14,55,0,7,Causal-cone,0.7090909090909091,0.9999999999999921,2.7945410581595757e-16,1
MQT Bench,dj_n14,mqtbench/dj_n14.qasm,14,55,0,8,QSlice-full,0.7454545454545455,0.9999999999999921,2.776340000580904e-16,1
MQT Bench,dj_n14,mqtbench/dj_n14.qasm,14,55,0,8,QDG-no-ED,0.09090909090909091,0.49999999999999767,0.4999999999999979,0
MQT Bench,dj_n14,mqtbench/dj_n14.qasm,14,55,0,8,QDG-no-MD,0.7454545454545455,0.9999999999999921,2.776340000580904e-16,1
MQT Bench,dj_n14,mqtbench/dj_n14.qasm,14,55,0,8,QDG-no-UED,0.7090909090909091,0.999999999999993,7.222511288557019e-16,1
MQT Bench,dj_n14,mqtbench/dj_n14.qasm,14,55,0,8,QDG-no-CD,0.7454545454545455,0.9999999999999921,2.776340000580904e-16,1
MQT Bench,dj_n14,mqtbench/dj_n14.qasm,14,55,0,8,Classical PDG,0.09090909090909091,0.49999999999999767,0.4999999999999979,0
MQT Bench,dj_n14,mqtbench/dj_n14.qasm,14,55,0,8,Causal-cone,0.7454545454545455,0.9999999999999921,2.776340000580904e-16,1
MQT Bench,dj_n14,mqtbench/dj_n14.qasm,14,55,0,9,QSlice-full,0.8,0.9999999999999928,6.108429265938841e-16,1
MQT Bench,dj_n14,mqtbench/dj_n14.qasm,14,55,0,9,QDG-no-ED,0.09090909090909091,0.49999999999999767,0.4999999999999979,0
MQT Bench,dj_n14,mqtbench/dj_n14.qasm,14,55,0,9,QDG-no-MD,0.8,0.9999999999999928,6.108429265938841e-16,1
MQT Bench,dj_n14,mqtbench/dj_n14.qasm,14,55,0,9,QDG-no-UED,0.7636363636363637,0.9999999999999925,4.441381164885753e-16,1
MQT Bench,dj_n14,mqtbench/dj_n14.qasm,14,55,0,9,QDG-no-CD,0.8,0.9999999999999928,6.108429265938841e-16,1
MQT Bench,dj_n14,mqtbench/dj_n14.qasm,14,55,0,9,Classical PDG,0.09090909090909091,0.49999999999999767,0.4999999999999979,0
MQT Bench,dj_n14,mqtbench/dj_n14.qasm,14,55,0,9,Causal-cone,0.8,0.9999999999999928,6.108429265938841e-16,1
MQT Bench,dj_n14,mqtbench/dj_n14.qasm,14,55,0,10,QSlice-full,0.8363636363636363,0.9999999999999922,3.3345653706005694e-16,1
MQT Bench,dj_n14,mqtbench/dj_n14.qasm,14,55,0,10,QDG-no-ED,0.05454545454545454,0.49999999999999767,0.4999999999999979,0
MQT Bench,dj_n14,mqtbench/dj_n14.qasm,14,55,0,10,QDG-no-MD,0.8363636363636363,0.9999999999999922,3.3345653706005694e-16,1
MQT Bench,dj_n14,mqtbench/dj_n14.qasm,14,55,0,10,QDG-no-UED,0.8,0.9999999999999925,4.443920229275784e-16,1
MQT Bench,dj_n14,mqtbench/dj_n14.qasm,14,55,0,10,QDG-no-CD,0.8363636363636363,0.9999999999999922,3.3345653706005694e-16,1
MQT Bench,dj_n14,mqtbench/dj_n14.qasm,14,55,0,10,Classical PDG,0.05454545454545454,0.49999999999999767,0.4999999999999979,0
MQT Bench,dj_n14,mqtbench/dj_n14.qasm,14,55,0,10,Causal-cone,0.8363636363636363,0.9999999999999922,3.3345653706005694e-16,1
MQT Bench,dj_n14,mqtbench/dj_n14.qasm,14,55,0,11,QSlice-full,0.8727272727272727,0.9999999999999921,2.8178422174715823e-16,1
MQT Bench,dj_n14,mqtbench/dj_n14.qasm,14,55,0,11,QDG-no-ED,0.05454545454545454,0.49999999999999767,0.4999999999999979,0
MQT Bench,dj_n14,mqtbench/dj_n14.qasm,14,55,0,11,QDG-no-MD,0.8727272727272727,0.9999999999999921,2.8178422174715823e-16,1
MQT Bench,dj_n14,mqtbench/dj_n14.qasm,14,55,0,11,QDG-no-UED,0.8363636363636363,0.9999999999999925,4.443815068346491e-16,1
MQT Bench,dj_n14,mqtbench/dj_n14.qasm,14,55,0,11,QDG-no-CD,0.8727272727272727,0.9999999999999921,2.8178422174715823e-16,1
MQT Bench,dj_n14,mqtbench/dj_n14.qasm,14,55,0,11,Classical PDG,0.05454545454545454,0.49999999999999767,0.4999999999999979,0
MQT Bench,dj_n14,mqtbench/dj_n14.qasm,14,55,0,11,Causal-cone,0.8727272727272727,0.9999999999999921,2.8178422174715823e-16,1
MQT Bench,dj_n14,mqtbench/dj_n14.qasm,14,55,0,12,QSlice-full,0.9090909090909091,0.999999999999992,2.235199813343547e-16,1
MQT Bench,dj_n14,mqtbench/dj_n14.qasm,14,55,0,12,QDG-no-ED,0.05454545454545454,0.49999999999999767,0.4999999999999979,0
MQT Bench,dj_n14,mqtbench/dj_n14.qasm,14,55,0,12,QDG-no-MD,0.9090909090909091,0.999999999999992,2.235199813343547e-16,1
MQT Bench,dj_n14,mqtbench/dj_n14.qasm,14,55,0,12,QDG-no-UED,0.8727272727272727,0.9999999999999922,3.365987442740495e-16,1
MQT Bench,dj_n14,mqtbench/dj_n14.qasm,14,55,0,12,QDG-no-CD,0.9090909090909091,0.999999999999992,2.235199813343547e-16,1
MQT Bench,dj_n14,mqtbench/dj_n14.qasm,14,55,0,12,Classical PDG,0.05454545454545454,0.49999999999999767,0.4999999999999979,0
MQT Bench,dj_n14,mqtbench/dj_n14.qasm,14,55,0,12,Causal-cone,0.9090909090909091,0.999999999999992,2.235199813343547e-16,1
MQT Bench,dj_n14,mqtbench/dj_n14.qasm,14,55,0,13,QSlice-full,0.8909090909090909,0.999999999999992,2.220446049250313e-16,1
MQT Bench,dj_n14,mqtbench/dj_n14.qasm,14,55,0,13,QDG-no-ED,0.2727272727272727,0.9999999999999956,1.9984014443252818e-15,1
MQT Bench,dj_n14,mqtbench/dj_n14.qasm,14,55,0,13,QDG-no-MD,0.8909090909090909,0.999999999999992,2.220446049250313e-16,1
MQT Bench,dj_n14,mqtbench/dj_n14.qasm,14,55,0,13,QDG-no-UED,0.8545454545454545,0.9999999999999925,4.440892098500626e-16,1
MQT Bench,dj_n14,mqtbench/dj_n14.qasm,14,55,0,13,QDG-no-CD,0.8909090909090909,0.999999999999992,2.220446049250313e-16,1
MQT Bench,dj_n14,mqtbench/dj_n14.qasm,14,55,0,13,Classical PDG,0.2727272727272727,0.9999999999999956,1.9984014443252818e-15,1
MQT Bench,dj_n14,mqtbench/dj_n14.qasm,14,55,0,13,Causal-cone,0.8909090909090909,0.999999999999992,2.220446049250313e-16,1
MQT Bench,graphstate_n14,mqtbench/graphstate_n14.qasm,14,28,0,0,QSlice-full,0.17857142857142858,0.9999999999999994,1.6653345369377348e-16,1
MQT Bench,graphstate_n14,mqtbench/graphstate_n14.qasm,14,28,0,0,QDG-no-ED,0.10714285714285714,0.49999999999999983,0.4999999999999999,0
MQT Bench,graphstate_n14,mqtbench/graphstate_n14.qasm,14,28,0,0,QDG-no-MD,0.17857142857142858,0.9999999999999994,1.6653345369377348e-16,1
MQT Bench,graphstate_n14,mqtbench/graphstate_n14.qasm,14,28,0,0,QDG-no-UED,0.17857142857142858,0.9999999999999994,1.6653345369377348e-16,1
MQT Bench,graphstate_n14,mqtbench/graphstate_n14.qasm,14,28,0,0,QDG-no-CD,0.17857142857142858,0.9999999999999994,1.6653345369377348e-16,1
MQT Bench,graphstate_n14,mqtbench/graphstate_n14.qasm,14,28,0,0,Classical PDG,0.10714285714285714,0.49999999999999983,0.4999999999999999,0
MQT Bench,graphstate_n14,mqtbench/graphstate_n14.qasm,14,28,0,0,Causal-cone,0.17857142857142858,0.9999999999999994,1.6653345369377348e-16,1
MQT Bench,graphstate_n14,mqtbench/graphstate_n14.qasm,14,28,0,1,QSlice-full,0.2857142857142857,0.9999999999999991,3.3306690738754696e-16,1
MQT Bench,graphstate_n14,mqtbench/graphstate_n14.qasm,14,28,0,1,QDG-no-ED,0.10714285714285714,0.49999999999999983,0.4999999999999999,0
MQT Bench,graphstate_n14,mqtbench/graphstate_n14.qasm,14,28,0,1,QDG-no-MD,0.2857142857142857,0.9999999999999991,3.3306690738754696e-16,1
MQT Bench,graphstate_n14,mqtbench/graphstate_n14.qasm,14,28,0,1,QDG-no-UED,0.2857142857142857,0.9999999999999991,3.3306690738754696e-16,1
MQT Bench,graphstate_n14,mqtbench/graphstate_n14.qasm,14,28,0,1,QDG-no-CD,0.2857142857142857,0.9999999999999991,3.3306690738754696e-16,1
MQT Bench,graphstate_n14,mqtbench/graphstate_n14.qasm,14,28,0,1,Classical PDG,0.10714285714285714,0.49999999999999983,0.4999999999999999,0
MQT Bench,graphstate_n14,mqtbench/graphstate_n14.qasm,14,28,0,1,Causal-cone,0.2857142857142857,0.9999999999999991,3.3306690738754696e-16,1
MQT Bench,graphstate_n14,mqtbench/graphstate_n14.qasm,14,28,0,2,QSlice-full,0.35714285714285715,0.9999999999999992,2.7755575615628914e-16,1
MQT Bench,graphstate_n14,mqtbench/graphstate_n14.qasm,14,28,0,2,QDG-no-ED,0.10714285714285714,0.49999999999999983,0.4999999999999999,0
MQT Bench,graphstate_n14,mqtbench/graphstate_n14.qasm,14,28,0,2,QDG-no-MD,0.35714285714285715,0.9999999999999992,2.7755575615628914e-16,1
MQT Bench,graphstate_n14,mqtbench/graphstate_n14.qasm,14,28,0,2,QDG-no-UED,0.35714285714285715,0.9999999999999992,2.7755575615628914e-16,1
MQT Bench,graphstate_n14,mqtbench/graphstate_n14.qasm,14,28,0,2,QDG-no-CD,0.35714285714285715,0.9999999999999992,2.7755575615628914e-16,1
MQT Bench,graphstate_n14,mqtbench/graphstate_n14.qasm,14,28,0,2,Classical PDG,0.10714285714285714,0.49999999999999983,0.4999999999999999,0
MQT Bench,graphstate_n14,mqtbench/graphstate_n14.qasm,14,28,0,2,Causal-cone,0.35714285714285715,0.9999999999999992,2.7755575615628914e-16,1
MQT Bench,graphstate_n14,mqtbench/graphstate_n14.qasm,14,28,0,3,QSlice-full,0.5357142857142857,0.9999999999999983,7.216449660063518e-16,1
MQT Bench,graphstate_n14,mqtbench/graphstate_n14.qasm,14,28,0,3,QDG-no-ED,0.10714285714285714,0.49999999999999983,0.4999999999999999,0
MQT Bench,graphstate_n14,mqtbench/graphstate_n14.qasm,14,28,0,3,QDG-no-MD,0.5357142857142857,0.9999999999999983,7.216449660063518e-16,1
MQT Bench,graphstate_n14,mqtbench/graphstate_n14.qasm,14,28,0,3,QDG-no-UED,0.5357142857142857,0.9999999999999983,7.216449660063518e-16,1
MQT Bench,graphstate_n14,mqtbench/graphstate_n14.qasm,14,28,0,3,QDG-no-CD,0.5357142857142857,0.9999999999999983,7.216449660063518e-16,1
MQT Bench,graphstate_n14,mqtbench/graphstate_n14.qasm,14,28,0,3,Classical PDG,0.10714285714285714,0.49999999999999983,0.4999999999999999,0
MQT Bench,graphstate_n14,mqtbench/graphstate_n14.qasm,14,28,0,3,Causal-cone,0.5357142857142857,0.9999999999999983,7.216449660063518e-16,1
MQT Bench,graphstate_n14,mqtbench/graphstate_n14.qasm,14,28,0,4,QSlice-full,0.32142857142857145,0.9999999999999991,3.3306690738754696e-16,1
MQT Bench,graphstate_n14,mqtbench/graphstate_n14.qasm,14,28,0,4,QDG-no-ED,0.10714285714285714,0.49999999999999983,0.4999999999999999,0
MQT Bench,graphstate_n14,mqtbench/graphstate_n14.qasm,14,28,0,4,QDG-no-MD,0.32142857142857145,0.9999999999999991,3.3306690738754696e-16,1
MQT Bench,graphstate_n14,mqtbench/graphstate_n14.qasm,14,28,0,4,QDG-no-UED,0.32142857142857145,0.9999999999999991,3.3306690738754696e-16,1
MQT Bench,graphstate_n14,mqtbench/graphstate_n14.qasm,14,28,0,4,QDG-no-CD,0.32142857142857145,0.9999999999999991,3.3306690738754696e-16,1
MQT Bench,graphstate_n14,mqtbench/graphstate_n14.qasm,14,28,0,4,Classical PDG,0.10714285714285714,0.49999999999999983,0.4999999999999999,0
MQT Bench,graphstate_n14,mqtbench/graphstate_n14.qasm,14,28,0,4,Causal-cone,0.32142857142857145,0.9999999999999991,3.3306690738754696e-16,1
MQT Bench,graphstate_n14,mqtbench/graphstate_n14.qasm,14,28,0,5,QSlice-full,0.17857142857142858,0.9999999999999994,1.6653345369377348e-16,1
MQT Bench,graphstate_n14,mqtbench/graphstate_n14.qasm,14,28,0,5,QDG-no-ED,0.10714285714285714,0.49999999999999983,0.4999999999999999,0
MQT Bench,graphstate_n14,mqtbench/graphstate_n14.qasm,14,28,0,5,QDG-no-MD,0.17857142857142858,0.9999999999999994,1.6653345369377348e-16,1
MQT Bench,graphstate_n14,mqtbench/graphstate_n14.qasm,14,28,0,5,QDG-no-UED,0.17857142857142858,0.9999999999999994,1.6653345369377348e-16,1
MQT Bench,graphstate_n14,mqtbench/graphstate_n14.qasm,14,28,0,5,QDG-no-CD,0.17857142857142858,0.9999999999999994,1.6653345369377348e-16,1
MQT Bench,graphstate_n14,mqtbench/graphstate_n14.qasm,14,28,0,5,Classical PDG,0.10714285714285714,0.49999999999999983,0.4999999999999999,0
MQT Bench,graphstate_n14,mqtbench/graphstate_n14.qasm,14,28,0,5,Causal-cone,0.17857142857142858,0.9999999999999994,1.6653345369377348e-16,1
MQT Bench,graphstate_n14,mqtbench/graphstate_n14.qasm,14,28,0,6,QSlice-full,0.25,0.9999999999999992,2.7755575615628914e-16,1
MQT Bench,graphstate_n14,mqtbench/graphstate_n14.qasm,14,28,0,6,QDG-no-ED,0.10714285714285714,0.49999999999999983,0.4999999999999999,0
MQT Bench,graphstate_n14,mqtbench/graphstate_n14.qasm,14,28,0,6,QDG-no-MD,0.25,0.9999999999999992,2.7755575615628914e-16,1
MQT Bench,graphstate_n14,mqtbench/graphstate_n14.qasm,14,28,0,6,QDG-no-UED,0.25,0.9999999999999992,2.7755575615628914e-16,1
MQT Bench,graphstate_n14,mqtbench/graphstate_n14.qasm,14,28,0,6,QDG-no-CD,0.25,0.9999999999999992,2.7755575615628914e-16,1
MQT Bench,graphstate_n14,mqtbench/graphstate_n14.qasm,14,28,0,6,Classical PDG,0.10714285714285714,0.49999999999999983,0.4999999999999999,0
MQT Bench,graphstate_n14,mqtbench/graphstate_n14.qasm,14,28,0,6,Causal-cone,0.25,0.9999999999999992,2.7755575615628914e-16,1
MQT Bench,graphstate_n14,mqtbench/graphstate_n14.qasm,14,28,0,7,QSlice-full,0.21428571428571427,0.9999999999999994,1.6653345369377348e-16,1
MQT Bench,graphstate_n14,mqtbench/graphstate_n14.qasm,14,28,0,7,QDG-no-ED,0.10714285714285714,0.49999999999999983,0.4999999999999999,0
MQT Bench,graphstate_n14,mqtbench/graphstate_n14.qasm,14,28,0,7,QDG-no-MD,0.21428571428571427,0.9999999999999994,1.6653345369377348e-16,1
MQT Bench,graphstate_n14,mqtbench/graphstate_n14.qasm,14,28,0,7,QDG-no-UED,0.21428571428571427,0.9999999999999994,1.6653345369377348e-16,1
MQT Bench,graphstate_n14,mqtbench/graphstate_n14.qasm,14,28,0,7,QDG-no-CD,0.21428571428571427,0.9999999999999994,1.6653345369377348e-16,1
MQT Bench,graphstate_n14,mqtbench/graphstate_n14.qasm,14,28,0,7,Classical PDG,0.10714285714285714,0.49999999999999983,0.4999999999999999,0
MQT Bench,graphstate_n14,mqtbench/graphstate_n14.qasm,14,28,0,7,Causal-cone,0.21428571428571427,0.9999999999999994,1.6653345369377348e-16,1
MQT Bench,graphstate_n14,mqtbench/graphstate_n14.qasm,14,28,0,8,QSlice-full,0.39285714285714285,0.9999999999999994,1.6653345369377348e-16,1
MQT Bench,graphstate_n14,mqtbench/graphstate_n14.qasm,14,28,0,8,QDG-no-ED,0.10714285714285714,0.49999999999999983,0.4999999999999999,0
MQT Bench,graphstate_n14,mqtbench/graphstate_n14.qasm,14,28,0,8,QDG-no-MD,0.39285714285714285,0.9999999999999994,1.6653345369377348e-16,1
MQT Bench,graphstate_n14,mqtbench/graphstate_n14.qasm,14,28,0,8,QDG-no-UED,0.39285714285714285,0.9999999999999994,1.6653345369377348e-16,1
MQT Bench,graphstate_n14,mqtbench/graphstate_n14.qasm,14,28,0,8,QDG-no-CD,0.39285714285714285,0.9999999999999994,1.6653345369377348e-16,1
MQT Bench,graphstate_n14,mqtbench/graphstate_n14.qasm,14,28,0,8,Classical PDG,0.10714285714285714,0.49999999999999983,0.4999999999999999,0
MQT Bench,graphstate_n14,mqtbench/graphstate_n14.qasm,14,28,0,8,Causal-cone,0.39285714285714285,0.9999999999999994,1.6653345369377348e-16,1
MQT Bench,graphstate_n14,mqtbench/graphstate_n14.qasm,14,28,0,9,QSlice-full,0.32142857142857145,0.9999999999999994,1.6653345369377348e-16,1
MQT Bench,graphstate_n14,mqtbench/graphstate_n14.qasm,14,28,0,9,QDG-no-ED,0.10714285714285714,0.49999999999999983,0.4999999999999999,0
MQT Bench,graphstate_n14,mqtbench/graphstate_n14.qasm,14,28,0,9,QDG-no-MD,0.32142857142857145,0.9999999999999994,1.6653345369377348e-16,1
MQT Bench,graphstate_n14,mqtbench/graphstate_n14.qasm,14,28,0,9,QDG-no-UED,0.32142857142857145,0.9999999999999994,1.6653345369377348e-16,1
MQT Bench,graphstate_n14,mqtbench/graphstate_n14.qasm,14,28,0,9,QDG-no-CD,0.32142857142857145,0.9999999999999994,1.6653345369377348e-16,1
MQT Bench,graphstate_n14,mqtbench/graphstate_n14.qasm,14,28,0,9,Classical PDG,0.10714285714285714,0.49999999999999983,0.4999999999999999,0
MQT Bench,graphstate_n14,mqtbench/graphstate_n14.qasm,14,28,0,9,Causal-cone,0.32142857142857145,0.9999999999999994,1.6653345369377348e-16,1
MQT Bench,graphstate_n14,mqtbench/graphstate_n14.qasm,14,28,0,10,QSlice-full,0.25,0.9999999999999993,2.220446049250313e-16,1
MQT Bench,graphstate_n14,mqtbench/graphstate_n14.qasm,14,28,0,10,QDG-no-ED,0.10714285714285714,0.49999999999999983,0.4999999999999999,0
MQT Bench,graphstate_n14,mqtbench/graphstate_n14.qasm,14,28,0,10,QDG-no-MD,0.25,0.9999999999999993,2.220446049250313e-16,1
MQT Bench,graphstate_n14,mqtbench/graphstate_n14.qasm,14,28,0,10,QDG-no-UED,0.25,0.9999999999999993,2.220446049250313e-16,1
MQT Bench,graphstate_n14,mqtbench/graphstate_n14.qasm,14,28,0,10,QDG-no-CD,0.25,0.9999999999999993,2.220446049250313e-16,1
MQT Bench,graphstate_n14,mqtbench/graphstate_n14.qasm,14,28,0,10,Classical PDG,0.10714285714285714,0.49999999999999983,0.4999999999999999,0
MQT Bench,graphstate_n14,mqtbench/graphstate_n14.qasm,14,28,0,10,Causal-cone,0.25,0.9999999999999993,2.220446049250313e-16,1
MQT Bench,graphstate_n14,mqtbench/graphstate_n14.qasm,14,28,0,11,QSlice-full,0.21428571428571427,0.9999999999999994,1.6653345369377348e-16,1
MQT Bench,graphstate_n14,mqtbench/graphstate_n14.qasm,14,28,0,11,QDG-no-ED,0.10714285714285714,0.49999999999999983,0.4999999999999999,0
MQT Bench,graphstate_n14,mqtbench/graphstate_n14.qasm,14,28,0,11,QDG-no-MD,0.21428571428571427,0.9999999999999994,1.6653345369377348e-16,1
MQT Bench,graphstate_n14,mqtbench/graphstate_n14.qasm,14,28,0,11,QDG-no-UED,0.21428571428571427,0.9999999999999994,1.6653345369377348e-16,1
MQT Bench,graphstate_n14,mqtbench/graphstate_n14.qasm,14,28,0,11,QDG-no-CD,0.21428571428571427,0.9999999999999994,1.6653345369377348e-16,1
MQT Bench,graphstate_n14,mqtbench/graphstate_n14.qasm,14,28,0,11,Classical PDG,0.10714285714285714,0.49999999999999983,0.4999999999999999,0
MQT Bench,graphstate_n14,mqtbench/graphstate_n14.qasm,14,28,0,11,Causal-cone,0.21428571428571427,0.9999999999999994,1.6653345369377348e-16,1
MQT Bench,graphstate_n14,mqtbench/graphstate_n14.qasm,14,28,0,12,QSlice-full,0.5357142857142857,0.9999999999999991,3.3306690738754696e-16,1
MQT Bench,graphstate_n14,mqtbench/graphstate_n14.qasm,14,28,0,12,QDG-no-ED,0.10714285714285714,0.49999999999999983,0.4999999999999999,0
MQT Bench,graphstate_n14,mqtbench/graphstate_n14.qasm,14,28,0,12,QDG-no-MD,0.5357142857142857,0.9999999999999991,3.3306690738754696e-16,1
MQT Bench,graphstate_n14,mqtbench/graphstate_n14.qasm,14,28,0,12,QDG-no-UED,0.5357142857142857,0.9999999999999991,3.3306690738754696e-16,1
MQT Bench,graphstate_n14,mqtbench/graphstate_n14.qasm,14,28,0,12,QDG-no-CD,0.5357142857142857,0.9999999999999991,3.3306690738754696e-16,1
MQT Bench,graphstate_n14,mqtbench/graphstate_n14.qasm,14,28,0,12,Classical PDG,0.10714285714285714,0.49999999999999983,0.4999999999999999,0
MQT Bench,graphstate_n14,mqtbench/graphstate_n14.qasm,14,28,0,12,Causal-cone,0.5357142857142857,0.9999999999999991,3.3306690738754696e-16,1
MQT Bench,graphstate_n14,mqtbench/graphstate_n14.qasm,14,28,0,13,QSlice-full,0.39285714285714285,0.9999999999999994,1.6653345369377348e-16,1
MQT Bench,graphstate_n14,mqtbench/graphstate_n14.qasm,14,28,0,13,QDG-no-ED,0.10714285714285714,0.49999999999999983,0.4999999999999999,0
MQT Bench,graphstate_n14,mqtbench/graphstate_n14.qasm,14,28,0,13,QDG-no-MD,0.39285714285714285,0.9999999999999994,1.6653345369377348e-16,1
MQT Bench,graphstate_n14,mqtbench/graphstate_n14.qasm,14,28,0,13,QDG-no-UED,0.39285714285714285,0.9999999999999994,1.6653345369377348e-16,1
MQT Bench,graphstate_n14,mqtbench/graphstate_n14.qasm,14,28,0,13,QDG-no-CD,0.39285714285714285,0.9999999999999994,1.6653345369377348e-16,1
MQT Bench,graphstate_n14,mqtbench/graphstate_n14.qasm,14,28,0,13,Classical PDG,0.10714285714285714,0.49999999999999983,0.4999999999999999,0
MQT Bench,graphstate_n14,mqtbench/graphstate_n14.qasm,14,28,0,13,Causal-cone,0.39285714285714285,0.9999999999999994,1.6653345369377348e-16,1
MQT Bench,bv_n14,mqtbench/bv_n14.qasm,14,33,0,0,QSlice-full,0.3939393939393939,0.999999999999995,1.7208456881689926e-15,1
MQT Bench,bv_n14,mqtbench/bv_n14.qasm,14,33,0,0,QDG-no-ED,0.21212121212121213,0.9999999999999958,2.1094237467877974e-15,1
MQT Bench,bv_n14,mqtbench/bv_n14.qasm,14,33,0,0,QDG-no-MD,0.3939393939393939,0.999999999999995,1.7208456881689926e-15,1
MQT Bench,bv_n14,mqtbench/bv_n14.qasm,14,33,0,0,QDG-no-UED,0.3939393939393939,0.999999999999995,1.7208456881689926e-15,1
MQT Bench,bv_n14,mqtbench/bv_n14.qasm,14,33,0,0,QDG-no-CD,0.3939393939393939,0.999999999999995,1.7208456881689926e-15,1
MQT Bench,bv_n14,mqtbench/bv_n14.qasm,14,33,0,0,Classical PDG,0.21212121212121213,0.9999999999999958,2.1094237467877974e-15,1
MQT Bench,bv_n14,mqtbench/bv_n14.qasm,14,33,0,0,Causal-cone,0.3939393939393939,0.999999999999995,1.7208456881689926e-15,1
MQT Bench,bv_n14,mqtbench/bv_n14.qasm,14,33,0,1,QSlice-full,0.06060606060606061,0.9999999999999953,1.887571378628168e-15,1
MQT Bench,bv_n14,mqtbench/bv_n14.qasm,14,33,0,1,QDG-no-ED,0.06060606060606061,0.9999999999999953,1.887571378628168e-15,1
MQT Bench,bv_n14,mqtbench/bv_n14.qasm,14,33,0,1,QDG-no-MD,0.06060606060606061,0.9999999999999953,1.887571378628168e-15,1
MQT Bench,bv_n14,mqtbench/bv_n14.qasm,14,33,0,1,QDG-no-UED,0.06060606060606061,0.9999999999999953,1.887571378628168e-15,1
MQT Bench,bv_n14,mqtbench/bv_n14.qasm,14,33,0,1,QDG-no-CD,0.06060606060606061,0.9999999999999953,1.887571378628168e-15,1
MQT Bench,bv_n14,mqtbench/bv_n14.qasm,14,33,0,1,Classical PDG,0.06060606060606061,0.9999999999999953,1.887571378628168e-15,1
MQT Bench,bv_n14,mqtbench/bv_n14.qasm,14,33,0,1,Causal-cone,0.06060606060606061,0.9999999999999953,1.887571378628168e-15,1
MQT Bench,bv_n14,mqtbench/bv_n14.qasm,14,33,0,2,QSlice-full,0.42424242424242425,0.9999999999999947,1.554428951215897e-15,1
MQT Bench,bv_n14,mqtbench/bv_n14.qasm,14,33,0,2,QDG-no-ED,0.09090909090909091,2.8197097509372717e-34,0.9999999999999977,0
MQT Bench,bv_n14,mqtbench/bv_n14.qasm,14,33,0,2,QDG-no-MD,0.42424242424242425,0.9999999999999947,1.554428951215897e-15,1
MQT Bench,bv_n14,mqtbench/bv_n14.qasm,14,33,0,2,QDG-no-UED,0.42424242424242425,0.9999999999999947,1.554428951215897e-15,1
MQT Bench,bv_n14,mqtbench/bv_n14.qasm,14,33,0,2,QDG-no-CD,0.42424242424242425,0.9999999999999947,1.554428951215897e-15,1
MQT Bench,bv_n14,mqtbench/bv_n14.qasm,14,33,0,2,Classical PDG,0.09090909090909091,2.8197097509372717e-34,0.9999999999999977,0
MQT Bench,bv_n14,mqtbench/bv_n14.qasm,14,33,0,2,Causal-cone,0.42424242424242425,0.9999999999999947,1.554428951215897e-15,1
MQT Bench,bv_n14,mqtbench/bv_n14.qasm,14,33,0,3,QSlice-full,0.06060606060606061,0.9999999999999953,1.888039520165959e-15,1
MQT Bench,bv_n14,mqtbench/bv_n14.qasm,14,33,0,3,QDG-no-ED,0.06060606060606061,0.9999999999999953,1.888039520165959e-15,1
MQT Bench,bv_n14,mqtbench/bv_n14.qasm,14,33,0,3,QDG-no-MD,0.06060606060606061,0.9999999999999953,1.888039520165959e-15,1
MQT Bench,bv_n14,mqtbench/bv_n14.qasm,14,33,0,3,QDG-no-UED,0.06060606060606061,0.9999999999999953,1.888039520165959e-15,1
MQT Bench,bv_n14,mqtbench/bv_n14.qasm,14,33,0,3,QDG-no-CD,0.06060606060606061,0.9999999999999953,1.888039520165959e-15,1
MQT Bench,bv_n14,mqtbench/bv_n14.qasm,14,33,0,3,Classical PDG,0.06060606060606061,0.9999999999999953,1.888039520165959e-15,1
MQT Bench,bv_n14,mqtbench/bv_n14.qasm,14,33,0,3,Causal-cone,0.06060606060606061,0.9999999999999953,1.888039520165959e-15,1
MQT Bench,bv_n14,mqtbench/bv_n14.qasm,14,33,0,4,QSlice-full,0.42424242424242425,0.9999999999999947,1.5543172410118223e-15,1
MQT Bench,bv_n14,mqtbench/bv_n14.qasm,14,33,0,4,QDG-no-ED,0.09090909090909091,1.5828830741157804e-33,0.9999999999999977,0
MQT Bench,bv_n14,mqtbench/bv_n14.qasm,14,33,0,4,QDG-no-MD,0.42424242424242425,0.9999999999999947,1.5543172410118223e-15,1
MQT Bench,bv_n14,mqtbench/bv_n14.qasm,14,33,0,4,QDG-no-UED,0.42424242424242425,0.9999999999999947,1.5543172410118223e-15,1
MQT Bench,bv_n14,mqtbench/bv_n14.qasm,14,33,0,4,QDG-no-CD,0.42424242424242425,0.9999999999999947,1.5543172410118223e-15,1
MQT Bench,bv_n14,mqtbench/bv_n14.qasm,14,33,0,4,Classical PDG,0.09090909090909091,1.5828830741157804e-33,0.9999999999999977,0
MQT Bench,bv_n14,mqtbench/bv_n14.qasm,14,33,0,4,Causal-cone,0.42424242424242425,0.9999999999999947,1.5543172410118223e-15,1
MQT Bench,bv_n14,mqtbench/bv_n14.qasm,14,33,0,5,QSlice-full,0.06060606060606061,0.9999999999999953,1.887459478684839e-15,1
MQT Bench,bv_n14,mqtbench/bv_n14.qasm,14,33,0,5,QDG-no-ED,0.06060606060606061,0.9999999999999953,1.887459478684839e-15,1
MQT Bench,bv_n14,mqtbench/bv_n14.qasm,14,33,0,5,QDG-no-MD,0.06060606060606061,0.9999999999999953,1.887459478684839e-15,1
MQT Bench,bv_n14,mqtbench/bv_n14.qasm,14,33,0,5,QDG-no-UED,0.06060606060606061,0.9999999999999953,1.887459478684839e-15,1
MQT Bench,bv_n14,mqtbench/bv_n14.qasm,14,33,0,5,QDG-no-CD,0.06060606060606061,0.9999999999999953,1.887459478684839e-15,1
MQT Bench,bv_n14,mqtbench/bv_n14.qasm,14,33,0,5,Classical PDG,0.06060606060606061,0.9999999999999953,1.887459478684839e-15,1
MQT Bench,bv_n14,mqtbench/bv_n14.qasm,14,33,0,5,Causal-cone,0.06060606060606061,0.9999999999999953,1.887459478684839e-15,1
MQT Bench,bv_n14,mqtbench/bv_n14.qasm,14,33,0,6,QSlice-full,0.42424242424242425,0.9999999999999947,1.5545748348187232e-15,1
MQT Bench,bv_n14,mqtbench/bv_n14.qasm,14,33,0,6,QDG-no-ED,0.09090909090909091,5.282067805095113e-35,0.9999999999999977,0
MQT Bench,bv_n14,mqtbench/bv_n14.qasm,14,33,0,6,QDG-no-MD,0.42424242424242425,0.9999999999999947,1.5545748348187232e-15,1
MQT Bench,bv_n14,mqtbench/bv_n14.qasm,14,33,0,6,QDG-no-UED,0.42424242424242425,0.9999999999999947,1.5545748348187232e-15,1
MQT Bench,bv_n14,mqtbench/bv_n14.qasm,14,33,0,6,QDG-no-CD,0.42424242424242425,0.9999999999999947,1.5545748348187232e-15,1
MQT Bench,bv_n14,mqtbench/bv_n14.qasm,14,33,0,6,Classical PDG,0.09090909090909091,5.282067805095113e-35,0.9999999999999977,0
MQT Bench,bv_n14,mqtbench/bv_n14.qasm,14,33,0,6,Causal-cone,0.42424242424242425,0.9999999999999947,1.5545748348187232e-15,1
MQT Bench,bv_n14,mqtbench/bv_n14.qasm,14,33,0,7,QSlice-full,0.06060606060606061,0.9999999999999953,1.887811647056786e-15,1
MQT Bench,bv_n14,mqtbench/bv_n14.qasm,14,33,0,7,QDG-no-ED,0.06060606060606061,0.9999999999999953,1.887811647056786e-15,1
MQT Bench,bv_n14,mqtbench/bv_n14.qasm,14,33,0,7,QDG-no-MD,0.06060606060606061,0.9999999999999953,1.887811647056786e-15,1
MQT Bench,bv_n14,mqtbench/bv_n14.qasm,14,33,0,7,QDG-no-UED,0.06060606060606061,0.9999999999999953,1.887811647056786e-15,1
MQT Bench,bv_n14,mqtbench/bv_n14.qasm,14,33,0,7,QDG-no-CD,0.06060606060606061,0.9999999999999953,1.887811647056786e-15,1
MQT Bench,bv_n14,mqtbench/bv_n14.qasm,14,33,0,7,Classical PDG,0.06060606060606061,0.9999999999999953,1.887811647056786e-15,1
MQT Bench,bv_n14,mqtbench/bv_n14.qasm,14,33,0,7,Causal-cone,0.06060606060606061,0.9999999999999953,1.887811647056786e-15,1
MQT Bench,bv_n14,mqtbench/bv_n14.qasm,14,33,0,8,QSlice-full,0.30303030303030304,0.999999999999995,1.7209337991417413e-15,1
MQT Bench,bv_n14,mqtbench/bv_n14.qasm,14,33,0,8,QDG-no-ED,0.09090909090909091,9.157435708208547e-34,0.9999999999999977,0
MQT Bench,bv_n14,mqtbench/bv_n14.qasm,14,33,0,8,QDG-no-MD,0.30303030303030304,0.999999999999995,1.7209337991417413e-15,1
MQT Bench,bv_n14,mqtbench/bv_n14.qasm,14,33,0,8,QDG-no-UED,0.30303030303030304,0.999999999999995,1.7209337991417413e-15,1
MQT Bench,bv_n14,mqtbench/bv_n14.qasm,14,33,0,8,QDG-no-CD,0.30303030303030304,0.999999999999995,1.7209337991417413e-15,1
MQT Bench,bv_n14,mqtbench/bv_n14.qasm,14,33,0,8,Classical PDG,0.09090909090909091,9.157435708208547e-34,0.9999999999999977,0
MQT Bench,bv_n14,mqtbench/bv_n14.qasm,14,33,0,8,Causal-cone,0.30303030303030304,0.999999999999995,1.7209337991417413e-15,1
MQT Bench,bv_n14,mqtbench/bv_n14.qasm,14,33,0,9,QSlice-full,0.06060606060606061,0.9999999999999953,1.8873956339378476e-15,1
MQT Bench,bv_n14,mqtbench/bv_n14.qasm,14,33,0,9,QDG-no-ED,0.06060606060606061,0.9999999999999953,1.8873956339378476e-15,1
MQT Bench,bv_n14,mqtbench/bv_n14.qasm,14,33,0,9,QDG-no-MD,0.06060606060606061,0.9999999999999953,1.8873956339378476e-15,1
MQT Bench,bv_n14,mqtbench/bv_n14.qasm,14,33,0,9,QDG-no-UED,0.06060606060606061,0.9999999999999953,1.8873956339378476e-15,1
MQT Bench,bv_n14,mqtbench/bv_n14.qasm,14,33,0,9,QDG-no-CD,0.06060606060606061,0.9999999999999953,1.8873956339378476e-15,1
MQT Bench,bv_n14,mqtbench/bv_n14.qasm,14,33,0,9,Classical PDG,0.06060606060606061,0.9999999999999953,1.8873956339378476e-15,1
MQT Bench,bv_n14,mqtbench/bv_n14.qasm,14,33,0,9,Causal-cone,0.06060606060606061,0.9999999999999953,1.8873956339378476e-15,1
MQT Bench,bv_n14,mqtbench/bv_n14.qasm,14,33,0,10,QSlice-full,0.42424242424242425,0.9999999999999947,1.5547790488666131e-15,1
MQT Bench,bv_n14,mqtbench/bv_n14.qasm,14,33,0,10,QDG-no-ED,0.09090909090909091,5.0914504108423036e-36,0.9999999999999977,0
MQT Bench,bv_n14,mqtbench/bv_n14.qasm,14,33,0,10,QDG-no-MD,0.42424242424242425,0.9999999999999947,1.5547790488666131e-15,1
MQT Bench,bv_n14,mqtbench/bv_n14.qasm,14,33,0,10,QDG-no-UED,0.42424242424242425,0.9999999999999947,1.5547790488666131e-15,1
MQT Bench,bv_n14,mqtbench/bv_n14.qasm,14,33,0,10,QDG-no-CD,0.42424242424242425,0.9999999999999947,1.5547790488666131e-15,1
MQT Bench,bv_n14,mqtbench/bv_n14.qasm,14,33,0,10,Classical PDG,0.09090909090909091,5.0914504108423036e-36,0.9999999999999977,0
MQT Bench,bv_n14,mqtbench/bv_n14.qasm,14,33,0,10,Causal-cone,0.42424242424242425,0.9999999999999947,1.5547790488666131e-15,1
MQT Bench,bv_n14,mqtbench/bv_n14.qasm,14,33,0,11,QSlice-full,0.06060606060606061,0.9999999999999953,1.8876318022557812e-15,1
MQT Bench,bv_n14,mqtbench/bv_n14.qasm,14,33,0,11,QDG-no-ED,0.06060606060606061,0.9999999999999953,1.8876318022557812e-15,1
MQT Bench,bv_n14,mqtbench/bv_n14.qasm,14,33,0,11,QDG-no-MD,0.06060606060606061,0.9999999999999953,1.8876318022557812e-15,1
MQT Bench,bv_n14,mqtbench/bv_n14.qasm,14,33,0,11,QDG-no-UED,0.06060606060606061,0.9999999999999953,1.8876318022557812e-15,1
MQT Bench,bv_n14,mqtbench/bv_n14.qasm,14,33,0,11,QDG-no-CD,0.06060606060606061,0.9999999999999953,1.8876318022557812e-15,1
MQT Bench,bv_n14,mqtbench/bv_n14.qasm,14,33,0,11,Classical PDG,0.06060606060606061,0.9999999999999953,1.8876318022557812e-15,1
MQT Bench,bv_n14,mqtbench/bv_n14.qasm,14,33,0,11,Causal-cone,0.06060606060606061,0.9999999999999953,1.8876318022557812e-15,1
MQT Bench,bv_n14,mqtbench/bv_n14.qasm,14,33,0,12,QSlice-full,0.42424242424242425,0.9999999999999947,1.5543856129386025e-15,1
MQT Bench,bv_n14,mqtbench/bv_n14.qasm,14,33,0,12,QDG-no-ED,0.09090909090909091,4.300251369285957e-34,0.9999999999999977,0
MQT Bench,bv_n14,mqtbench/bv_n14.qasm,14,33,0,12,QDG-no-MD,0.42424242424242425,0.9999999999999947,1.5543856129386025e-15,1
MQT Bench,bv_n14,mqtbench/bv_n14.qasm,14,33,0,12,QDG-no-UED,0.42424242424242425,0.9999999999999947,1.5543856129386025e-15,1
MQT Bench,bv_n14,mqtbench/bv_n14.qasm,14,33,0,12,QDG-no-CD,0.42424242424242425,0.9999999999999947,1.5543856129386025e-15,1
MQT Bench,bv_n14,mqtbench/bv_n14.qasm,14,33,0,12,Classical PDG,0.09090909090909091,4.300251369285957e-34,0.9999999999999977,0
MQT Bench,bv_n14,mqtbench/bv_n14.qasm,14,33,0,12,Causal-cone,0.42424242424242425,0.9999999999999947,1.5543856129386025e-15,1
MQT Bench,bv_n14,mqtbench/bv_n14.qasm,14,33,0,13,QSlice-full,0.06060606060606061,0.9999999999999953,1.8873798492639095e-15,1
MQT Bench,bv_n14,mqtbench/bv_n14.qasm,14,33,0,13,QDG-no-ED,0.06060606060606061,0.9999999999999953,1.8873798492639095e-15,1
MQT Bench,bv_n14,mqtbench/bv_n14.qasm,14,33,0,13,QDG-no-MD,0.06060606060606061,0.9999999999999953,1.8873798492639095e-15,1
MQT Bench,bv_n14,mqtbench/bv_n14.qasm,14,33,0,13,QDG-no-UED,0.06060606060606061,0.9999999999999953,1.8873798492639095e-15,1
MQT Bench,bv_n14,mqtbench/bv_n14.qasm,14,33,0,13,QDG-no-CD,0.06060606060606061,0.9999999999999953,1.8873798492639095e-15,1
MQT Bench,bv_n14,mqtbench/bv_n14.qasm,14,33,0,13,Classical PDG,0.06060606060606061,0.9999999999999953,1.8873798492639095e-15,1
MQT Bench,bv_n14,mqtbench/bv_n14.qasm,14,33,0,13,Causal-cone,0.06060606060606061,0.9999999999999953,1.8873798492639095e-15,1
MQT Bench,wstate_n14,mqtbench/wstate_n14.qasm,14,53,0,0,QSlice-full,1.0,1.0,0.0,1
MQT Bench,wstate_n14,mqtbench/wstate_n14.qasm,14,53,0,0,QDG-no-ED,0.07547169811320754,0.9285714285714289,0.07142857142857126,0
MQT Bench,wstate_n14,mqtbench/wstate_n14.qasm,14,53,0,0,QDG-no-MD,1.0,1.0,0.0,1
MQT Bench,wstate_n14,mqtbench/wstate_n14.qasm,14,53,0,0,QDG-no-UED,1.0,1.0,0.0,1
MQT Bench,wstate_n14,mqtbench/wstate_n14.qasm,14,53,0,0,QDG-no-CD,1.0,1.0,0.0,1
MQT Bench,wstate_n14,mqtbench/wstate_n14.qasm,14,53,0,0,Classical PDG,0.07547169811320754,0.9285714285714289,0.07142857142857126,0
MQT Bench,wstate_n14,mqtbench/wstate_n14.qasm,14,53,0,0,Causal-cone,1.0,1.0,0.0,1
MQT Bench,wstate_n14,mqtbench/wstate_n14.qasm,14,53,0,1,QSlice-full,1.0,1.0,0.0,1
MQT Bench,wstate_n14,mqtbench/wstate_n14.qasm,14,53,0,1,QDG-no-ED,0.11320754716981132,0.9285714285714289,0.07142857142857126,0
MQT Bench,wstate_n14,mqtbench/wstate_n14.qasm,14,53,0,1,QDG-no-MD,1.0,1.0,0.0,1
MQT Bench,wstate_n14,mqtbench/wstate_n14.qasm,14,53,0,1,QDG-no-UED,1.0,1.0,0.0,1
MQT Bench,wstate_n14,mqtbench/wstate_n14.qasm,14,53,0,1,QDG-no-CD,1.0,1.0,0.0,1
MQT Bench,wstate_n14,mqtbench/wstate_n14.qasm,14,53,0,1,Classical PDG,0.11320754716981132,0.9285714285714289,0.07142857142857126,0
MQT Bench,wstate_n14,mqtbench/wstate_n14.qasm,14,53,0,1,Causal-cone,1.0,1.0,0.0,1
MQT Bench,wstate_n14,mqtbench/wstate_n14.qasm,14,53,0,2,QSlice-full,0.9811320754716981,1.0,0.0,1
MQT Bench,wstate_n14,mqtbench/wstate_n14.qasm,14,53,0,2,QDG-no-ED,0.11320754716981132,0.9285714285714289,0.07142857142857126,0
MQT Bench,wstate_n14,mqtbench/wstate_n14.qasm,14,53,0,2,QDG-no-MD,0.9811320754716981,1.0,0.0,1
MQT Bench,wstate_n14,mqtbench/wstate_n14.qasm,14,53,0,2,QDG-no-UED,0.9811320754716981,1.0,0.0,1
MQT Bench,wstate_n14,mqtbench/wstate_n14.qasm,14,53,0,2,QDG-no-CD,0.9811320754716981,1.0,0.0,1
MQT Bench,wstate_n14,mqtbench/wstate_n14.qasm,14,53,0,2,Classical PDG,0.11320754716981132,0.9285714285714289,0.07142857142857126,0
MQT Bench,wstate_n14,mqtbench/wstate_n14.qasm,14,53,0,2,Causal-cone,0.9811320754716981,1.0,0.0,1
MQT Bench,wstate_n14,mqtbench/wstate_n14.qasm,14,53,0,3,QSlice-full,0.9433962264150944,1.0,6.938893903907228e-18,1
MQT Bench,wstate_n14,mqtbench/wstate_n14.qasm,14,53,0,3,QDG-no-ED,0.11320754716981132,0.9285714285714289,0.07142857142857129,0
MQT Bench,wstate_n14,mqtbench/wstate_n14.qasm,14,53,0,3,QDG-no-MD,0.9433962264150944,1.0,6.938893903907228e-18,1
MQT Bench,wstate_n14,mqtbench/wstate_n14.qasm,14,53,0,3,QDG-no-UED,0.9433962264150944,1.0,6.938893903907228e-18,1
MQT Bench,wstate_n14,mqtbench/wstate_n14.qasm,14,53,0,3,QDG-no-CD,0.9433962264150944,1.0,6.938893903907228e-18,1
MQT Bench,wstate_n14,mqtbench/wstate_n14.qasm,14,53,0,3,Classical PDG,0.11320754716981132,0.9285714285714289,0.07142857142857129,0
MQT Bench,wstate_n14,mqtbench/wstate_n14.qasm,14,53,0,3,Causal-cone,0.9433962264150944,1.0,6.938893903907228e-18,1
MQT Bench,wstate_n14,mqtbench/wstate_n14.qasm,14,53,0,4,QSlice-full,0.8679245283018868,1.0,1.1102230246251565e-16,1
MQT Bench,wstate_n14,mqtbench/wstate_n14.qasm,14,53,0,4,QDG-no-ED,0.11320754716981132,0.9285714285714289,0.07142857142857129,0
MQT Bench,wstate_n14,mqtbench/wstate_n14.qasm,14,53,0,4,QDG-no-MD,0.8679245283018868,1.0,1.1102230246251565e-16,1
MQT Bench,wstate_n14,mqtbench/wstate_n14.qasm,14,53,0,4,QDG-no-UED,0.8679245283018868,1.0,1.1102230246251565e-16,1
MQT Bench,wstate_n14,mqtbench/wstate_n14.qasm,14,53,0,4,QDG-no-CD,0.8679245283018868,1.0,1.1102230246251565e-16,1
MQT Bench,wstate_n14,mqtbench/wstate_n14.qasm,14,53,0,4,Classical PDG,0.11320754716981132,0.9285714285714289,0.07142857142857129,0
MQT Bench,wstate_n14,mqtbench/wstate_n14.qasm,14,53,0,4,Causal-cone,0.8679245283018868,1.0,1.1102230246251565e-16,1
MQT Bench,wstate_n14,mqtbench/wstate_n14.qasm,14,53,0,5,QSlice-full,0.7924528301886793,1.0,0.0,1
MQT Bench,wstate_n14,mqtbench/wstate_n14.qasm,14,53,0,5,QDG-no-ED,0.11320754716981132,0.9285714285714289,0.07142857142857126,0
MQT Bench,wstate_n14,mqtbench/wstate_n14.qasm,14,53,0,5,QDG-no-MD,0.7924528301886793,1.0,0.0,1
MQT Bench,wstate_n14,mqtbench/wstate_n14.qasm,14,53,0,5,QDG-no-UED,0.7924528301886793,1.0,0.0,1
MQT Bench,wstate_n14,mqtbench/wstate_n14.qasm,14,53,0,5,QDG-no-CD,0.7924528301886793,1.0,0.0,1
MQT Bench,wstate_n14,mqtbench/wstate_n14.qasm,14,53,0,5,Classical PDG,0.11320754716981132,0.9285714285714289,0.07142857142857126,0
MQT Bench,wstate_n14,mqtbench/wstate_n14.qasm,14,53,0,5,Causal-cone,0.7924528301886793,1.0,0.0,1
MQT Bench,wstate_n14,mqtbench/wstate_n14.qasm,14,53,0,6,QSlice-full,0.7169811320754716,1.0,5.551115123125783e-17,1
MQT Bench,wstate_n14,mqtbench/wstate_n14.qasm,14,53,0,6,QDG-no-ED,0.11320754716981132,0.9285714285714289,0.07142857142857126,0
MQT Bench,wstate_n14,mqtbench/wstate_n14.qasm,14,53,0,6,QDG-no-MD,0.7169811320754716,1.0,5.551115123125783e-17,1
MQT Bench,wstate_n14,mqtbench/wstate_n14.qasm,14,53,0,6,QDG-no-UED,0.7169811320754716,1.0,5.551115123125783e-17,1
MQT Bench,wstate_n14,mqtbench/wstate_n14.qasm,14,53,0,6,QDG-no-CD,0.7169811320754716,1.0,5.551115123125783e-17,1
MQT Bench,wstate_n14,mqtbench/wstate_n14.qasm,14,53,0,6,Classical PDG,0.11320754716981132,0.9285714285714289,0.07142857142857126,0
MQT Bench,wstate_n14,mqtbench/wstate_n14.qasm,14,53,0,6,Causal-cone,0.7169811320754716,1.0,5.551115123125783e-17,1
MQT Bench,wstate_n14,mqtbench/wstate_n14.qasm,14,53,0,7,QSlice-full,0.6415094339622641,1.0,6.938893903907228e-17,1
MQT Bench,wstate_n14,mqtbench/wstate_n14.qasm,14,53,0,7,QDG-no-ED,0.11320754716981132,0.9285714285714288,0.07142857142857134,0
MQT Bench,wstate_n14,mqtbench/wstate_n14.qasm,14,53,0,7,QDG-no-MD,0.6415094339622641,1.0,6.938893903907228e-17,1
MQT Bench,wstate_n14,mqtbench/wstate_n14.qasm,14,53,0,7,QDG-no-UED,0.6415094339622641,1.0,6.938893903907228e-17,1
MQT Bench,wstate_n14,mqtbench/wstate_n14.qasm,14,53,0,7,QDG-no-CD,0.6415094339622641,1.0,6.938893903907228e-17,1
MQT Bench,wstate_n14,mqtbench/wstate_n14.qasm,14,53,0,7,Classical PDG,0.11320754716981132,0.9285714285714288,0.07142857142857134,0
MQT Bench,wstate_n14,mqtbench/wstate_n14.qasm,14,53,0,7,Causal-cone,0.6415094339622641,1.0,6.938893903907228e-17,1
MQT Bench,wstate_n14,mqtbench/wstate_n14.qasm,14,53,0,8,QSlice-full,0.5660377358490566,1.0,0.0,1
MQT Bench,wstate_n14,mqtbench/wstate_n14.qasm,14,53,0,8,QDG-no-ED,0.11320754716981132,0.9285714285714287,0.07142857142857112,0
MQT Bench,wstate_n14,mqtbench/wstate_n14.qasm,14,53,0,8,QDG-no-MD,0.5660377358490566,1.0,0.0,1
MQT Bench,wstate_n14,mqtbench/wstate_n14.qasm,14,53,0,8,QDG-no-UED,0.5660377358490566,1.0,0.0,1
MQT Bench,wstate_n14,mqtbench/wstate_n14.qasm,14,53,0,8,QDG-no-CD,0.5660377358490566,1.0,0.0,1
MQT Bench,wstate_n14,mqtbench/wstate_n14.qasm,14,53,0,8,Classical PDG,0.11320754716981132,0.9285714285714287,0.07142857142857112,0
MQT Bench,wstate_n14,mqtbench/wstate_n14.qasm,14,53,0,8,Causal-cone,0.5660377358490566,1.0,0.0,1
MQT Bench,wstate_n14,mqtbench/wstate_n14.qasm,14,53,0,9,QSlice-full,0.4339622641509434,1.0,1.3877787807814457e-17,1
MQT Bench,wstate_n14,mqtbench/wstate_n14.qasm,14,53,0,9,QDG-no-ED,0.11320754716981132,0.9285714285714289,0.07142857142857126,0
MQT Bench,wstate_n14,mqtbench/wstate_n14.qasm,14,53,0,9,QDG-no-MD,0.4339622641509434,1.0,1.3877787807814457e-17,1
MQT Bench,wstate_n14,mqtbench/wstate_n14.qasm,14,53,0,9,QDG-no-UED,0.4339622641509434,1.0,1.3877787807814457e-17,1
MQT Bench,wstate_n14,mqtbench/wstate_n14.qasm,14,53,0,9,QDG-no-CD,0.4339622641509434,1.0,1.3877787807814457e-17,1
MQT Bench,wstate_n14,mqtbench/wstate_n14.qasm,14,53,0,9,Classical PDG,0.11320754716981132,0.9285714285714289,0.07142857142857126,0
MQT Bench,wstate_n14,mqtbench/wstate_n14.qasm,14,53,0,9,Causal-cone,0.4339622641509434,1.0,1.3877787807814457e-17,1
MQT Bench,wstate_n14,mqtbench/wstate_n14.qasm,14,53,0,10,QSlice-full,0.41509433962264153,1.0,6.938893903907228e-18,1
MQT Bench,wstate_n14,mqtbench/wstate_n14.qasm,14,53,0,10,QDG-no-ED,0.11320754716981132,0.9285714285714289,0.07142857142857123,0
MQT Bench,wstate_n14,mqtbench/wstate_n14.qasm,14,53,0,10,QDG-no-MD,0.41509433962264153,1.0,6.938893903907228e-18,1
MQT Bench,wstate_n14,mqtbench/wstate_n14.qasm,14,53,0,10,QDG-no-UED,0.41509433962264153,1.0,6.938893903907228e-18,1
MQT Bench,wstate_n14,mqtbench/wstate_n14.qasm,14,53,0,10,QDG-no-CD,0.41509433962264153,1.0,6.938893903907228e-18,1
MQT Bench,wstate_n14,mqtbench/wstate_n14.qasm,14,53,0,10,Classical PDG,0.11320754716981132,0.9285714285714289,0.07142857142857123,0
MQT Bench,wstate_n14,mqtbench/wstate_n14.qasm,14,53,0,10,Causal-cone,0.41509433962264153,1.0,6.938893903907228e-18,1
MQT Bench,wstate_n14,mqtbench/wstate_n14.qasm,14,53,0,11,QSlice-full,0.33962264150943394,1.0,6.938893903907228e-17,1
MQT Bench,wstate_n14,mqtbench/wstate_n14.qasm,14,53,0,11,QDG-no-ED,0.11320754716981132,0.9285714285714288,0.07142857142857134,0
MQT Bench,wstate_n14,mqtbench/wstate_n14.qasm,14,53,0,11,QDG-no-MD,0.33962264150943394,1.0,6.938893903907228e-17,1
MQT Bench,wstate_n14,mqtbench/wstate_n14.qasm,14,53,0,11,QDG-no-UED,0.33962264150943394,1.0,6.938893903907228e-17,1
MQT Bench,wstate_n14,mqtbench/wstate_n14.qasm,14,53,0,11,QDG-no-CD,0.33962264150943394,1.0,6.938893903907228e-17,1
MQT Bench,wstate_n14,mqtbench/wstate_n14.qasm,14,53,0,11,Classical PDG,0.11320754716981132,0.9285714285714288,0.07142857142857134,0
MQT Bench,wstate_n14,mqtbench/wstate_n14.qasm,14,53,0,11,Causal-cone,0.33962264150943394,1.0,6.938893903907228e-17,1
MQT Bench,wstate_n14,mqtbench/wstate_n14.qasm,14,53,0,12,QSlice-full,0.2641509433962264,1.0,5.551115123125783e-17,1
MQT Bench,wstate_n14,mqtbench/wstate_n14.qasm,14,53,0,12,QDG-no-ED,0.11320754716981132,0.9285714285714288,0.07142857142857134,0
MQT Bench,wstate_n14,mqtbench/wstate_n14.qasm,14,53,0,12,QDG-no-MD,0.2641509433962264,1.0,5.551115123125783e-17,1
MQT Bench,wstate_n14,mqtbench/wstate_n14.qasm,14,53,0,12,QDG-no-UED,0.2641509433962264,1.0,5.551115123125783e-17,1
MQT Bench,wstate_n14,mqtbench/wstate_n14.qasm,14,53,0,12,QDG-no-CD,0.2641509433962264,1.0,5.551115123125783e-17,1
MQT Bench,wstate_n14,mqtbench/wstate_n14.qasm,14,53,0,12,Classical PDG,0.11320754716981132,0.9285714285714288,0.07142857142857134,0
MQT Bench,wstate_n14,mqtbench/wstate_n14.qasm,14,53,0,12,Causal-cone,0.2641509433962264,1.0,5.551115123125783e-17,1
MQT Bench,wstate_n14,mqtbench/wstate_n14.qasm,14,53,0,13,QSlice-full,0.18867924528301888,1.0,5.551115123125783e-17,1
MQT Bench,wstate_n14,mqtbench/wstate_n14.qasm,14,53,0,13,QDG-no-ED,0.05660377358490566,0.07142857142857144,0.9285714285714288,0
MQT Bench,wstate_n14,mqtbench/wstate_n14.qasm,14,53,0,13,QDG-no-MD,0.18867924528301888,1.0,5.551115123125783e-17,1
MQT Bench,wstate_n14,mqtbench/wstate_n14.qasm,14,53,0,13,QDG-no-UED,0.18867924528301888,1.0,5.551115123125783e-17,1
MQT Bench,wstate_n14,mqtbench/wstate_n14.qasm,14,53,0,13,QDG-no-CD,0.18867924528301888,1.0,5.551115123125783e-17,1
MQT Bench,wstate_n14,mqtbench/wstate_n14.qasm,14,53,0,13,Classical PDG,0.05660377358490566,0.07142857142857144,0.9285714285714288,0
MQT Bench,wstate_n14,mqtbench/wstate_n14.qasm,14,53,0,13,Causal-cone,0.18867924528301888,1.0,5.551115123125783e-17,1
VeriQBench,rand_cliff_1_AG,veriqbench/combinational/rand_cliff/rand_cliff_1_AG.qasm,1,3,0,0,QSlice-full,1.0,0.9999999999999996,0.0,1
VeriQBench,rand_cliff_1_AG,veriqbench/combinational/rand_cliff/rand_cliff_1_AG.qasm,1,3,0,0,QDG-no-ED,1.0,0.9999999999999996,0.0,1
VeriQBench,rand_cliff_1_AG,veriqbench/combinational/rand_cliff/rand_cliff_1_AG.qasm,1,3,0,0,QDG-no-MD,1.0,0.9999999999999996,0.0,1
VeriQBench,rand_cliff_1_AG,veriqbench/combinational/rand_cliff/rand_cliff_1_AG.qasm,1,3,0,0,QDG-no-UED,1.0,0.9999999999999996,0.0,1
VeriQBench,rand_cliff_1_AG,veriqbench/combinational/rand_cliff/rand_cliff_1_AG.qasm,1,3,0,0,QDG-no-CD,1.0,0.9999999999999996,0.0,1
VeriQBench,rand_cliff_1_AG,veriqbench/combinational/rand_cliff/rand_cliff_1_AG.qasm,1,3,0,0,Classical PDG,1.0,0.9999999999999996,0.0,1
VeriQBench,rand_cliff_1_AG,veriqbench/combinational/rand_cliff/rand_cliff_1_AG.qasm,1,3,0,0,Causal-cone,1.0,0.9999999999999996,0.0,1
VeriQBench,rand_cliff_1_GD,veriqbench/combinational/rand_cliff/rand_cliff_1_GD.qasm,1,3,0,0,QSlice-full,1.0,0.9999999999999996,0.0,1
VeriQBench,rand_cliff_1_GD,veriqbench/combinational/rand_cliff/rand_cliff_1_GD.qasm,1,3,0,0,QDG-no-ED,1.0,0.9999999999999996,0.0,1
VeriQBench,rand_cliff_1_GD,veriqbench/combinational/rand_cliff/rand_cliff_1_GD.qasm,1,3,0,0,QDG-no-MD,1.0,0.9999999999999996,0.0,1
VeriQBench,rand_cliff_1_GD,veriqbench/combinational/rand_cliff/rand_cliff_1_GD.qasm,1,3,0,0,QDG-no-UED,1.0,0.9999999999999996,0.0,1
VeriQBench,rand_cliff_1_GD,veriqbench/combinational/rand_cliff/rand_cliff_1_GD.qasm,1,3,0,0,QDG-no-CD,1.0,0.9999999999999996,0.0,1
VeriQBench,rand_cliff_1_GD,veriqbench/combinational/rand_cliff/rand_cliff_1_GD.qasm,1,3,0,0,Classical PDG,1.0,0.9999999999999996,0.0,1
VeriQBench,rand_cliff_1_GD,veriqbench/combinational/rand_cliff/rand_cliff_1_GD.qasm,1,3,0,0,Causal-cone,1.0,0.9999999999999996,0.0,1
VeriQBench,dqc_qft_2,veriqbench/dynamic/qft/dqc_qft_2.qasm,2,4,1,0,QSlice-full,0.5,0.9999999999999996,0.0,1
VeriQBench,dqc_qft_2,veriqbench/dynamic/qft/dqc_qft_2.qasm,2,4,1,0,QDG-no-ED,0.5,0.9999999999999996,0.0,1
VeriQBench,dqc_qft_2,veriqbench/dynamic/qft/dqc_qft_2.qasm,2,4,1,0,QDG-no-MD,0.25,0.4999999999999999,0.5,0
VeriQBench,dqc_qft_2,veriqbench/dynamic/qft/dqc_qft_2.qasm,2,4,1,0,QDG-no-UED,0.5,0.9999999999999996,0.0,1
VeriQBench,dqc_qft_2,veriqbench/dynamic/qft/dqc_qft_2.qasm,2,4,1,0,QDG-no-CD,0.5,0.9999999999999996,0.0,1
VeriQBench,dqc_qft_2,veriqbench/dynamic/qft/dqc_qft_2.qasm,2,4,1,0,Classical PDG,0.25,0.4999999999999999,0.5,0
VeriQBench,dqc_qft_2,veriqbench/dynamic/qft/dqc_qft_2.qasm,2,4,1,0,Causal-cone,0.25,0.4999999999999999,0.5,0
VeriQBench,dqc_qft_2,veriqbench/dynamic/qft/dqc_qft_2.qasm,2,4,1,1,QSlice-full,1.0,0.9999999999999996,0.0,1
VeriQBench,dqc_qft_2,veriqbench/dynamic/qft/dqc_qft_2.qasm,2,4,1,1,QDG-no-ED,1.0,0.9999999999999996,0.0,1
VeriQBench,dqc_qft_2,veriqbench/dynamic/qft/dqc_qft_2.qasm,2,4,1,1,QDG-no-MD,0.75,0.9999999999999996,0.0,1
VeriQBench,dqc_qft_2,veriqbench/dynamic/qft/dqc_qft_2.qasm,2,4,1,1,QDG-no-UED,1.0,0.9999999999999996,0.0,1
VeriQBench,dqc_qft_2,veriqbench/dynamic/qft/dqc_qft_2.qasm,2,4,1,1,QDG-no-CD,0.5,0.9999999999999996,0.0,1
VeriQBench,dqc_qft_2,veriqbench/dynamic/qft/dqc_qft_2.qasm,2,4,1,1,Classical PDG,0.5,0.9999999999999996,0.0,1
VeriQBench,dqc_qft_2,veriqbench/dynamic/qft/dqc_qft_2.qasm,2,4,1,1,Causal-cone,0.5,0.9999999999999996,0.0,1
VeriQBench,qft_2,veriqbench/combinational/qft/qft_2.qasm,2,3,0,0,QSlice-full,0.6666666666666666,0.9999999999999993,1.1102230246251565e-16,1
VeriQBench,qft_2,veriqbench/combinational/qft/qft_2.qasm,2,3,0,0,QDG-no-ED,0.6666666666666666,0.9999999999999993,1.1102230246251565e-16,1
VeriQBench,qft_2,veriqbench/combinational/qft/qft_2.qasm,2,3,0,0,QDG-no-MD,0.6666666666666666,0.9999999999999993,1.1102230246251565e-16,1
VeriQBench,qft_2,veriqbench/combinational/qft/qft_2.qasm,2,3,0,0,QDG-no-UED,0.6666666666666666,0.9999999999999993,1.1102230246251565e-16,1
VeriQBench,qft_2,veriqbench/combinational/qft/qft_2.qasm,2,3,0,0,QDG-no-CD,0.6666666666666666,0.9999999999999993,1.1102230246251565e-16,1
VeriQBench,qft_2,veriqbench/combinational/qft/qft_2.qasm,2,3,0,0,Classical PDG,0.6666666666666666,0.9999999999999993,1.1102230246251565e-16,1
VeriQBench,qft_2,veriqbench/combinational/qft/qft_2.qasm,2,3,0,0,Causal-cone,0.6666666666666666,0.9999999999999993,1.1102230246251565e-16,1
VeriQBench,qft_2,veriqbench/combinational/qft/qft_2.qasm,2,3,0,1,QSlice-full,1.0,0.9999999999999991,0.0,1
VeriQBench,qft_2,veriqbench/combinational/qft/qft_2.qasm,2,3,0,1,QDG-no-ED,0.6666666666666666,0.9999999999999993,1.1102230246251565e-16,1
VeriQBench,qft_2,veriqbench/combinational/qft/qft_2.qasm,2,3,0,1,QDG-no-MD,1.0,0.9999999999999991,0.0,1
VeriQBench,qft_2,veriqbench/combinational/qft/qft_2.qasm,2,3,0,1,QDG-no-UED,1.0,0.9999999999999991,0.0,1
VeriQBench,qft_2,veriqbench/combinational/qft/qft_2.qasm,2,3,0,1,QDG-no-CD,1.0,0.9999999999999991,0.0,1
VeriQBench,qft_2,veriqbench/combinational/qft/qft_2.qasm,2,3,0,1,Classical PDG,0.6666666666666666,0.9999999999999993,1.1102230246251565e-16,1
VeriQBench,qft_2,veriqbench/combinational/qft/qft_2.qasm,2,3,0,1,Causal-cone,1.0,0.9999999999999991,0.0,1
VeriQBench,dqc_state_injection_S,veriqbench/dynamic/dqc_state_injection_S.qasm,2,5,1,0,QSlice-full,1.0,1.0,0.0,1
VeriQBench,dqc_state_injection_S,veriqbench/dynamic/dqc_state_injection_S.qasm,2,5,1,0,QDG-no-ED,1.0,1.0,0.0,1
VeriQBench,dqc_state_injection_S,veriqbench/dynamic/dqc_state_injection_S.qasm,2,5,1,0,QDG-no-MD,1.0,1.0,0.0,1
VeriQBench,dqc_state_injection_S,veriqbench/dynamic/dqc_state_injection_S.qasm,2,5,1,0,QDG-no-UED,1.0,1.0,0.0,1
VeriQBench,dqc_state_injection_S,veriqbench/dynamic/dqc_state_injection_S.qasm,2,5,1,0,QDG-no-CD,0.8,0.9999999999999996,2.220446049250313e-16,1
VeriQBench,dqc_state_injection_S,veriqbench/dynamic/dqc_state_injection_S.qasm,2,5,1,0,Classical PDG,0.8,0.9999999999999996,2.220446049250313e-16,1
VeriQBench,dqc_state_injection_S,veriqbench/dynamic/dqc_state_injection_S.qasm,2,5,1,0,Causal-cone,0.8,0.9999999999999996,2.220446049250313e-16,1
VeriQBench,dqc_state_injection_S,veriqbench/dynamic/dqc_state_injection_S.qasm,2,5,1,1,QSlice-full,0.8,0.9999999999999996,2.220446049250313e-16,1
VeriQBench,dqc_state_injection_S,veriqbench/dynamic/dqc_state_injection_S.qasm,2,5,1,1,QDG-no-ED,0.4,1.0,0.0,1
VeriQBench,dqc_state_injection_S,veriqbench/dynamic/dqc_state_injection_S.qasm,2,5,1,1,QDG-no-MD,0.6,0.9999999999999996,2.220446049250313e-16,1
VeriQBench,dqc_state_injection_S,veriqbench/dynamic/dqc_state_injection_S.qasm,2,5,1,1,QDG-no-UED,0.8,0.9999999999999996,2.220446049250313e-16,1
VeriQBench,dqc_state_injection_S,veriqbench/dynamic/dqc_state_injection_S.qasm,2,5,1,1,QDG-no-CD,0.8,0.9999999999999996,2.220446049250313e-16,1
VeriQBench,dqc_state_injection_S,veriqbench/dynamic/dqc_state_injection_S.qasm,2,5,1,1,Classical PDG,0.2,1.0,0.0,1
VeriQBench,dqc_state_injection_S,veriqbench/dynamic/dqc_state_injection_S.qasm,2,5,1,1,Causal-cone,0.6,0.9999999999999996,2.220446049250313e-16,1
VeriQBench,dqc_state_injection_T,veriqbench/dynamic/dqc_state_injection_T.qasm,2,5,1,0,QSlice-full,1.0,1.0,0.0,1
VeriQBench,dqc_state_injection_T,veriqbench/dynamic/dqc_state_injection_T.qasm,2,5,1,0,QDG-no-ED,1.0,1.0,0.0,1
VeriQBench,dqc_state_injection_T,veriqbench/dynamic/dqc_state_injection_T.qasm,2,5,1,0,QDG-no-MD,1.0,1.0,0.0,1
VeriQBench,dqc_state_injection_T,veriqbench/dynamic/dqc_state_injection_T.qasm,2,5,1,0,QDG-no-UED,1.0,1.0,0.0,1
VeriQBench,dqc_state_injection_T,veriqbench/dynamic/dqc_state_injection_T.qasm,2,5,1,0,QDG-no-CD,0.8,0.9999999999999996,2.220446049250313e-16,1
VeriQBench,dqc_state_injection_T,veriqbench/dynamic/dqc_state_injection_T.qasm,2,5,1,0,Classical PDG,0.8,0.9999999999999996,2.220446049250313e-16,1
VeriQBench,dqc_state_injection_T,veriqbench/dynamic/dqc_state_injection_T.qasm,2,5,1,0,Causal-cone,0.8,0.9999999999999996,2.220446049250313e-16,1
VeriQBench,dqc_state_injection_T,veriqbench/dynamic/dqc_state_injection_T.qasm,2,5,1,1,QSlice-full,0.8,0.9999999999999996,2.220446049250313e-16,1
VeriQBench,dqc_state_injection_T,veriqbench/dynamic/dqc_state_injection_T.qasm,2,5,1,1,QDG-no-ED,0.4,1.0,0.0,1
VeriQBench,dqc_state_injection_T,veriqbench/dynamic/dqc_state_injection_T.qasm,2,5,1,1,QDG-no-MD,0.6,0.9999999999999996,2.220446049250313e-16,1
VeriQBench,dqc_state_injection_T,veriqbench/dynamic/dqc_state_injection_T.qasm,2,5,1,1,QDG-no-UED,0.8,0.9999999999999996,2.220446049250313e-16,1
VeriQBench,dqc_state_injection_T,veriqbench/dynamic/dqc_state_injection_T.qasm,2,5,1,1,QDG-no-CD,0.8,0.9999999999999996,2.220446049250313e-16,1
VeriQBench,dqc_state_injection_T,veriqbench/dynamic/dqc_state_injection_T.qasm,2,5,1,1,Classical PDG,0.2,1.0,0.0,1
VeriQBench,dqc_state_injection_T,veriqbench/dynamic/dqc_state_injection_T.qasm,2,5,1,1,Causal-cone,0.6,0.9999999999999996,2.220446049250313e-16,1
VeriQBench,bv_2,veriqbench/combinational/bv/bv_2.qasm,2,6,0,0,QSlice-full,0.8333333333333334,0.9999999999999989,1.1102230246251565e-16,1
VeriQBench,bv_2,veriqbench/combinational/bv/bv_2.qasm,2,6,0,0,QDG-no-ED,0.5,0.49999999999999944,0.49999999999999967,0
VeriQBench,bv_2,veriqbench/combinational/bv/bv_2.qasm,2,6,0,0,QDG-no-MD,0.8333333333333334,0.9999999999999989,1.1102230246251565e-16,1
VeriQBench,bv_2,veriqbench/combinational/bv/bv_2.qasm,2,6,0,0,QDG-no-UED,0.6666666666666666,4.229597927627877e-33,0.9999999999999994,0
VeriQBench,bv_2,veriqbench/combinational/bv/bv_2.qasm,2,6,0,0,QDG-no-CD,0.8333333333333334,0.9999999999999989,1.1102230246251565e-16,1
VeriQBench,bv_2,veriqbench/combinational/bv/bv_2.qasm,2,6,0,0,Classical PDG,0.5,0.49999999999999944,0.49999999999999967,0
VeriQBench,bv_2,veriqbench/combinational/bv/bv_2.qasm,2,6,0,0,Causal-cone,0.8333333333333334,0.9999999999999989,1.1102230246251565e-16,1
VeriQBench,bv_2,veriqbench/combinational/bv/bv_2.qasm,2,6,0,1,QSlice-full,1.0,0.9999999999999987,0.0,1
VeriQBench,bv_2,veriqbench/combinational/bv/bv_2.qasm,2,6,0,1,QDG-no-ED,0.6666666666666666,0.9999999999999989,1.133783550111387e-16,1
VeriQBench,bv_2,veriqbench/combinational/bv/bv_2.qasm,2,6,0,1,QDG-no-MD,1.0,0.9999999999999987,0.0,1
VeriQBench,bv_2,veriqbench/combinational/bv/bv_2.qasm,2,6,0,1,QDG-no-UED,1.0,0.9999999999999987,0.0,1
VeriQBench,bv_2,veriqbench/combinational/bv/bv_2.qasm,2,6,0,1,QDG-no-CD,1.0,0.9999999999999987,0.0,1
VeriQBench,bv_2,veriqbench/combinational/bv/bv_2.qasm,2,6,0,1,Classical PDG,0.6666666666666666,0.9999999999999989,1.133783550111387e-16,1
VeriQBench,bv_2,veriqbench/combinational/bv/bv_2.qasm,2,6,0,1,Causal-cone,1.0,0.9999999999999987,0.0,1
VeriQBench,rand_cliff_2_GD,veriqbench/combinational/rand_cliff/rand_cliff_2_GD.qasm,2,9,0,0,QSlice-full,0.8888888888888888,0.9999999999999991,0.0,1
VeriQBench,rand_cliff_2_GD,veriqbench/combinational/rand_cliff/rand_cliff_2_GD.qasm,2,9,0,0,QDG-no-ED,0.7777777777777778,0.9999999999999991,0.0,1
VeriQBench,rand_cliff_2_GD,veriqbench/combinational/rand_cliff/rand_cliff_2_GD.qasm,2,9,0,0,QDG-no-MD,0.8888888888888888,0.9999999999999991,0.0,1
VeriQBench,rand_cliff_2_GD,veriqbench/combinational/rand_cliff/rand_cliff_2_GD.qasm,2,9,0,0,QDG-no-UED,0.8888888888888888,0.9999999999999991,0.0,1
VeriQBench,rand_cliff_2_GD,veriqbench/combinational/rand_cliff/rand_cliff_2_GD.qasm,2,9,0,0,QDG-no-CD,0.8888888888888888,0.9999999999999991,0.0,1
VeriQBench,rand_cliff_2_GD,veriqbench/combinational/rand_cliff/rand_cliff_2_GD.qasm,2,9,0,0,Classical PDG,0.7777777777777778,0.9999999999999991,0.0,1
VeriQBench,rand_cliff_2_GD,veriqbench/combinational/rand_cliff/rand_cliff_2_GD.qasm,2,9,0,0,Causal-cone,0.8888888888888888,0.9999999999999991,0.0,1
VeriQBench,rand_cliff_2_GD,veriqbench/combinational/rand_cliff/rand_cliff_2_GD.qasm,2,9,0,1,QSlice-full,1.0,0.9999999999999991,0.0,1
VeriQBench,rand_cliff_2_GD,veriqbench/combinational/rand_cliff/rand_cliff_2_GD.qasm,2,9,0,1,QDG-no-ED,0.5555555555555556,0.4999999999999998,0.5,0
VeriQBench,rand_cliff_2_GD,veriqbench/combinational/rand_cliff/rand_cliff_2_GD.qasm,2,9,0,1,QDG-no-MD,1.0,0.9999999999999991,0.0,1
VeriQBench,rand_cliff_2_GD,veriqbench/combinational/rand_cliff/rand_cliff_2_GD.qasm,2,9,0,1,QDG-no-UED,1.0,0.9999999999999991,0.0,1
VeriQBench,rand_cliff_2_GD,veriqbench/combinational/rand_cliff/rand_cliff_2_GD.qasm,2,9,0,1,QDG-no-CD,1.0,0.9999999999999991,0.0,1
VeriQBench,rand_cliff_2_GD,veriqbench/combinational/rand_cliff/rand_cliff_2_GD.qasm,2,9,0,1,Classical PDG,0.5555555555555556,0.4999999999999998,0.5,0
VeriQBench,rand_cliff_2_GD,veriqbench/combinational/rand_cliff/rand_cliff_2_GD.qasm,2,9,0,1,Causal-cone,1.0,0.9999999999999991,0.0,1
VeriQBench,rand_cliff_2_AG,veriqbench/combinational/rand_cliff/rand_cliff_2_AG.qasm,2,11,0,0,QSlice-full,1.0,0.9999999999999987,0.0,1
VeriQBench,rand_cliff_2_AG,veriqbench/combinational/rand_cliff/rand_cliff_2_AG.qasm,2,11,0,0,QDG-no-ED,0.7272727272727273,0.49999999999999944,0.4999999999999998,0
VeriQBench,rand_cliff_2_AG,veriqbench/combinational/rand_cliff/rand_cliff_2_AG.qasm,2,11,0,0,QDG-no-MD,1.0,0.9999999999999987,0.0,1
VeriQBench,rand_cliff_2_AG,veriqbench/combinational/rand_cliff/rand_cliff_2_AG.qasm,2,11,0,0,QDG-no-UED,0.8181818181818182,0.9999999999999989,1.1102230246251565e-16,1
VeriQBench,rand_cliff_2_AG,veriqbench/combinational/rand_cliff/rand_cliff_2_AG.qasm,2,11,0,0,QDG-no-CD,1.0,0.9999999999999987,0.0,1
VeriQBench,rand_cliff_2_AG,veriqbench/combinational/rand_cliff/rand_cliff_2_AG.qasm,2,11,0,0,Classical PDG,0.7272727272727273,0.49999999999999944,0.4999999999999998,0
VeriQBench,rand_cliff_2_AG,veriqbench/combinational/rand_cliff/rand_cliff_2_AG.qasm,2,11,0,0,Causal-cone,1.0,0.9999999999999987,0.0,1
VeriQBench,rand_cliff_2_AG,veriqbench/combinational/rand_cliff/rand_cliff_2_AG.qasm,2,11,0,1,QSlice-full,1.0,0.9999999999999987,0.0,1
VeriQBench,rand_cliff_2_AG,veriqbench/combinational/rand_cliff/rand_cliff_2_AG.qasm,2,11,0,1,QDG-no-ED,0.45454545454545453,0.9999999999999989,1.1102230246251565e-16,1
VeriQBench,rand_cliff_2_AG,veriqbench/combinational/rand_cliff/rand_cliff_2_AG.qasm,2,11,0,1,QDG-no-MD,1.0,0.9999999999999987,0.0,1
VeriQBench,rand_cliff_2_AG,veriqbench/combinational/rand_cliff/rand_cliff_2_AG.qasm,2,11,0,1,QDG-no-UED,1.0,0.9999999999999987,0.0,1
VeriQBench,rand_cliff_2_AG,veriqbench/combinational/rand_cliff/rand_cliff_2_AG.qasm,2,11,0,1,QDG-no-CD,1.0,0.9999999999999987,0.0,1
VeriQBench,rand_cliff_2_AG,veriqbench/combinational/rand_cliff/rand_cliff_2_AG.qasm,2,11,0,1,Classical PDG,0.45454545454545453,0.9999999999999989,1.1102230246251565e-16,1
VeriQBench,rand_cliff_2_AG,veriqbench/combinational/rand_cliff/rand_cliff_2_AG.qasm,2,11,0,1,Causal-cone,1.0,0.9999999999999987,0.0,1
VeriQBench,quantum_volume_n2_d5_i0,veriqbench/combinational/qv/quantum_volume_n2_d5_i0.qasm,2,50,0,0,QSlice-full,0.98,1.0,1.3947004136484318e-16,1
VeriQBench,quantum_volume_n2_d5_i0,veriqbench/combinational/qv/quantum_volume_n2_d5_i0.qasm,2,50,0,0,QDG-no-ED,0.68,0.6556300975109581,0.5761083303949583,0
VeriQBench,quantum_volume_n2_d5_i0,veriqbench/combinational/qv/quantum_volume_n2_d5_i0.qasm,2,50,0,0,QDG-no-MD,0.98,1.0,1.3947004136484318e-16,1
VeriQBench,quantum_volume_n2_d5_i0,veriqbench/combinational/qv/quantum_volume_n2_d5_i0.qasm,2,50,0,0,QDG-no-UED,0.9,0.4438160922614342,0.7221016886352508,0
VeriQBench,quantum_volume_n2_d5_i0,veriqbench/combinational/qv/quantum_volume_n2_d5_i0.qasm,2,50,0,0,QDG-no-CD,0.98,1.0,1.3947004136484318e-16,1
VeriQBench,quantum_volume_n2_d5_i0,veriqbench/combinational/qv/quantum_volume_n2_d5_i0.qasm,2,50,0,0,Classical PDG,0.68,0.6556300975109581,0.5761083303949583,0
VeriQBench,quantum_volume_n2_d5_i0,veriqbench/combinational/qv/quantum_volume_n2_d5_i0.qasm,2,50,0,0,Causal-cone,0.98,1.0,1.3947004136484318e-16,1
VeriQBench,quantum_volume_n2_d5_i0,veriqbench/combinational/qv/quantum_volume_n2_d5_i0.qasm,2,50,0,1,QSlice-full,0.98,1.0,1.0007415106216804e-16,1
VeriQBench,quantum_volume_n2_d5_i0,veriqbench/combinational/qv/quantum_volume_n2_d5_i0.qasm,2,50,0,1,QDG-no-ED,0.62,0.7242727998159215,0.4433396338185533,0
VeriQBench,quantum_volume_n2_d5_i0,veriqbench/combinational/qv/quantum_volume_n2_d5_i0.qasm,2,50,0,1,QDG-no-MD,0.98,1.0,1.0007415106216804e-16,1
VeriQBench,quantum_volume_n2_d5_i0,veriqbench/combinational/qv/quantum_volume_n2_d5_i0.qasm,2,50,0,1,QDG-no-UED,0.98,1.0,1.0007415106216804e-16,1
VeriQBench,quantum_volume_n2_d5_i0,veriqbench/combinational/qv/quantum_volume_n2_d5_i0.qasm,2,50,0,1,QDG-no-CD,0.98,1.0,1.0007415106216804e-16,1
VeriQBench,quantum_volume_n2_d5_i0,veriqbench/combinational/qv/quantum_volume_n2_d5_i0.qasm,2,50,0,1,Classical PDG,0.62,0.7242727998159215,0.4433396338185533,0
VeriQBench,quantum_volume_n2_d5_i0,veriqbench/combinational/qv/quantum_volume_n2_d5_i0.qasm,2,50,0,1,Causal-cone,0.98,1.0,1.0007415106216804e-16,1
VeriQBench,dqc_qft_3,veriqbench/dynamic/qft/dqc_qft_3.qasm,3,8,1,0,QSlice-full,0.25,0.9999999999999996,0.0,1
VeriQBench,dqc_qft_3,veriqbench/dynamic/qft/dqc_qft_3.qasm,3,8,1,0,QDG-no-ED,0.25,0.9999999999999996,0.0,1
VeriQBench,dqc_qft_3,veriqbench/dynamic/qft/dqc_qft_3.qasm,3,8,1,0,QDG-no-MD,0.125,0.4999999999999999,0.5,0
VeriQBench,dqc_qft_3,veriqbench/dynamic/qft/dqc_qft_3.qasm,3,8,1,0,QDG-no-UED,0.25,0.9999999999999996,0.0,1
VeriQBench,dqc_qft_3,veriqbench/dynamic/qft/dqc_qft_3.qasm,3,8,1,0,QDG-no-CD,0.25,0.9999999999999996,0.0,1
VeriQBench,dqc_qft_3,veriqbench/dynamic/qft/dqc_qft_3.qasm,3,8,1,0,Classical PDG,0.125,0.4999999999999999,0.5,0
VeriQBench,dqc_qft_3,veriqbench/dynamic/qft/dqc_qft_3.qasm,3,8,1,0,Causal-cone,0.125,0.4999999999999999,0.5,0
VeriQBench,dqc_qft_3,veriqbench/dynamic/qft/dqc_qft_3.qasm,3,8,1,1,QSlice-full,0.625,0.9999999999999996,0.0,1
VeriQBench,dqc_qft_3,veriqbench/dynamic/qft/dqc_qft_3.qasm,3,8,1,1,QDG-no-ED,0.625,0.9999999999999996,0.0,1
VeriQBench,dqc_qft_3,veriqbench/dynamic/qft/dqc_qft_3.qasm,3,8,1,1,QDG-no-MD,0.125,0.4999999999999999,0.5,0
VeriQBench,dqc_qft_3,veriqbench/dynamic/qft/dqc_qft_3.qasm,3,8,1,1,QDG-no-UED,0.25,0.9999999999999996,0.0,1
VeriQBench,dqc_qft_3,veriqbench/dynamic/qft/dqc_qft_3.qasm,3,8,1,1,QDG-no-CD,0.375,0.9999999999999996,0.0,1
VeriQBench,dqc_qft_3,veriqbench/dynamic/qft/dqc_qft_3.qasm,3,8,1,1,Classical PDG,0.125,0.4999999999999999,0.5,0
VeriQBench,dqc_qft_3,veriqbench/dynamic/qft/dqc_qft_3.qasm,3,8,1,1,Causal-cone,0.125,0.4999999999999999,0.5,0
VeriQBench,dqc_qft_3,veriqbench/dynamic/qft/dqc_qft_3.qasm,3,8,1,2,QSlice-full,1.0,0.9999999999999996,0.0,1
VeriQBench,dqc_qft_3,veriqbench/dynamic/qft/dqc_qft_3.qasm,3,8,1,2,QDG-no-ED,1.0,0.9999999999999996,0.0,1
VeriQBench,dqc_qft_3,veriqbench/dynamic/qft/dqc_qft_3.qasm,3,8,1,2,QDG-no-MD,0.625,0.9999999999999996,0.0,1
VeriQBench,dqc_qft_3,veriqbench/dynamic/qft/dqc_qft_3.qasm,3,8,1,2,QDG-no-UED,0.875,0.9999999999999996,0.0,1
VeriQBench,dqc_qft_3,veriqbench/dynamic/qft/dqc_qft_3.qasm,3,8,1,2,QDG-no-CD,0.375,0.9999999999999996,0.0,1
VeriQBench,dqc_qft_3,veriqbench/dynamic/qft/dqc_qft_3.qasm,3,8,1,2,Classical PDG,0.375,0.9999999999999996,0.0,1
VeriQBench,dqc_qft_3,veriqbench/dynamic/qft/dqc_qft_3.qasm,3,8,1,2,Causal-cone,0.375,0.9999999999999996,0.0,1
VeriQBench,qft_3,veriqbench/combinational/qft/qft_3.qasm,3,6,0,0,QSlice-full,0.5,0.9999999999999993,1.1102230246251565e-16,1
VeriQBench,qft_3,veriqbench/combinational/qft/qft_3.qasm,3,6,0,0,QDG-no-ED,0.5,0.9999999999999993,1.1102230246251565e-16,1
VeriQBench,qft_3,veriqbench/combinational/qft/qft_3.qasm,3,6,0,0,QDG-no-MD,0.5,0.9999999999999993,1.1102230246251565e-16,1
VeriQBench,qft_3,veriqbench/combinational/qft/qft_3.qasm,3,6,0,0,QDG-no-UED,0.5,0.9999999999999993,1.1102230246251565e-16,1
VeriQBench,qft_3,veriqbench/combinational/qft/qft_3.qasm,3,6,0,0,QDG-no-CD,0.5,0.9999999999999993,1.1102230246251565e-16,1
VeriQBench,qft_3,veriqbench/combinational/qft/qft_3.qasm,3,6,0,0,Classical PDG,0.5,0.9999999999999993,1.1102230246251565e-16,1
VeriQBench,qft_3,veriqbench/combinational/qft/qft_3.qasm,3,6,0,0,Causal-cone,0.5,0.9999999999999993,1.1102230246251565e-16,1
VeriQBench,qft_3,veriqbench/combinational/qft/qft_3.qasm,3,6,0,1,QSlice-full,0.8333333333333334,0.9999999999999991,0.0,1
VeriQBench,qft_3,veriqbench/combinational/qft/qft_3.qasm,3,6,0,1,QDG-no-ED,0.5,0.9999999999999993,1.1102230246251565e-16,1
VeriQBench,qft_3,veriqbench/combinational/qft/qft_3.qasm,3,6,0,1,QDG-no-MD,0.8333333333333334,0.9999999999999991,0.0,1
VeriQBench,qft_3,veriqbench/combinational/qft/qft_3.qasm,3,6,0,1,QDG-no-UED,0.8333333333333334,0.9999999999999991,0.0,1
VeriQBench,qft_3,veriqbench/combinational/qft/qft_3.qasm,3,6,0,1,QDG-no-CD,0.8333333333333334,0.9999999999999991,0.0,1
VeriQBench,qft_3,veriqbench/combinational/qft/qft_3.qasm,3,6,0,1,Classical PDG,0.5,0.9999999999999993,1.1102230246251565e-16,1
VeriQBench,qft_3,veriqbench/combinational/qft/qft_3.qasm,3,6,0,1,Causal-cone,0.8333333333333334,0.9999999999999991,0.0,1
VeriQBench,qft_3,veriqbench/combinational/qft/qft_3.qasm,3,6,0,2,QSlice-full,1.0,0.9999999999999991,0.0,1
VeriQBench,qft_3,veriqbench/combinational/qft/qft_3.qasm,3,6,0,2,QDG-no-ED,0.5,0.9999999999999993,1.1102230246251565e-16,1
VeriQBench,qft_3,veriqbench/combinational/qft/qft_3.qasm,3,6,0,2,QDG-no-MD,1.0,0.9999999999999991,0.0,1
VeriQBench,qft_3,veriqbench/combinational/qft/qft_3.qasm,3,6,0,2,QDG-no-UED,1.0,0.9999999999999991,0.0,1
VeriQBench,qft_3,veriqbench/combinational/qft/qft_3.qasm,3,6,0,2,QDG-no-CD,1.0,0.9999999999999991,0.0,1
VeriQBench,qft_3,veriqbench/combinational/qft/qft_3.qasm,3,6,0,2,Classical PDG,0.5,0.9999999999999993,1.1102230246251565e-16,1
VeriQBench,qft_3,veriqbench/combinational/qft/qft_3.qasm,3,6,0,2,Causal-cone,1.0,0.9999999999999991,0.0,1
VeriQBench,dqc_pe_2,veriqbench/dynamic/pe/dqc_pe_2.qasm,3,8,1,0,QSlice-full,0.75,0.9999999999999991,5.286997409534849e-34,1
VeriQBench,dqc_pe_2,veriqbench/dynamic/pe/dqc_pe_2.qasm,3,8,1,0,QDG-no-ED,0.375,0.49999999999999967,0.4999999999999998,0
VeriQBench,dqc_pe_2,veriqbench/dynamic/pe/dqc_pe_2.qasm,3,8,1,0,QDG-no-MD,0.125,0.9999999999999996,2.220446049250313e-16,1
VeriQBench,dqc_pe_2,veriqbench/dynamic/pe/dqc_pe_2.qasm,3,8,1,0,QDG-no-UED,0.25,0.49999999999999967,0.4999999999999998,0
VeriQBench,dqc_pe_2,veriqbench/dynamic/pe/dqc_pe_2.qasm,3,8,1,0,QDG-no-CD,0.75,0.9999999999999991,5.286997409534849e-34,1
VeriQBench,dqc_pe_2,veriqbench/dynamic/pe/dqc_pe_2.qasm,3,8,1,0,Classical PDG,0.125,0.9999999999999996,2.220446049250313e-16,1
VeriQBench,dqc_pe_2,veriqbench/dynamic/pe/dqc_pe_2.qasm,3,8,1,0,Causal-cone,0.125,0.9999999999999996,2.220446049250313e-16,1
VeriQBench,dqc_pe_2,veriqbench/dynamic/pe/dqc_pe_2.qasm,3,8,1,1,QSlice-full,1.0,0.9999999999999991,0.0,1
VeriQBench,dqc_pe_2,veriqbench/dynamic/pe/dqc_pe_2.qasm,3,8,1,1,QDG-no-ED,0.875,0.7499999999999997,0.3535533905932736,0
VeriQBench,dqc_pe_2,veriqbench/dynamic/pe/dqc_pe_2.qasm,3,8,1,1,QDG-no-MD,0.75,0.7499999999999997,0.3535533905932736,0
VeriQBench,dqc_pe_2,veriqbench/dynamic/pe/dqc_pe_2.qasm,3,8,1,1,QDG-no-UED,0.875,0.9999999999999991,0.0,1
VeriQBench,dqc_pe_2,veriqbench/dynamic/pe/dqc_pe_2.qasm,3,8,1,1,QDG-no-CD,0.625,0.9999999999999991,5.488882269908426e-17,1
VeriQBench,dqc_pe_2,veriqbench/dynamic/pe/dqc_pe_2.qasm,3,8,1,1,Classical PDG,0.5,0.9999999999999991,0.0,1
VeriQBench,dqc_pe_2,veriqbench/dynamic/pe/dqc_pe_2.qasm,3,8,1,1,Causal-cone,0.625,0.9999999999999991,5.488882269908426e-17,1
VeriQBench,dqc_pe_2,veriqbench/dynamic/pe/dqc_pe_2.qasm,3,8,1,2,QSlice-full,0.5,0.9999999999999991,0.0,1
VeriQBench,dqc_pe_2,veriqbench/dynamic/pe/dqc_pe_2.qasm,3,8,1,2,QDG-no-ED,0.25,0.9999999999999996,2.220446049250313e-16,1
VeriQBench,dqc_pe_2,veriqbench/dynamic/pe/dqc_pe_2.qasm,3,8,1,2,QDG-no-MD,0.5,0.9999999999999991,0.0,1
VeriQBench,dqc_pe_2,veriqbench/dynamic/pe/dqc_pe_2.qasm,3,8,1,2,QDG-no-UED,0.5,0.9999999999999991,0.0,1
VeriQBench,dqc_pe_2,veriqbench/dynamic/pe/dqc_pe_2.qasm,3,8,1,2,QDG-no-CD,0.5,0.9999999999999991,0.0,1
VeriQBench,dqc_pe_2,veriqbench/dynamic/pe/dqc_pe_2.qasm,3,8,1,2,Classical PDG,0.25,0.9999999999999996,2.220446049250313e-16,1
VeriQBench,dqc_pe_2,veriqbench/dynamic/pe/dqc_pe_2.qasm,3,8,1,2,Causal-cone,0.5,0.9999999999999991,0.0,1
VeriQBench,dqc_teleportation,veriqbench/dynamic/dqc_teleportation.qasm,3,8,1,0,QSlice-full,0.625,0.9999999999999996,2.220446049250313e-16,1
VeriQBench,dqc_teleportation,veriqbench/dynamic/dqc_teleportation.qasm,3,8,1,0,QDG-no-ED,0.375,0.9999999999999998,1.1102230246251565e-16,1
VeriQBench,dqc_teleportation,veriqbench/dynamic/dqc_teleportation.qasm,3,8,1,0,QDG-no-MD,0.125,0.5,0.5,0
VeriQBench,dqc_teleportation,veriqbench/dynamic/dqc_teleportation.qasm,3,8,1,0,QDG-no-UED,0.25,0.9999999999999998,1.1102230246251565e-16,1
VeriQBench,dqc_teleportation,veriqbench/dynamic/dqc_teleportation.qasm,3,8,1,0,QDG-no-CD,0.625,0.9999999999999996,2.220446049250313e-16,1
VeriQBench,dqc_teleportation,veriqbench/dynamic/dqc_teleportation.qasm,3,8,1,0,Classical PDG,0.125,0.5,0.5,0
VeriQBench,dqc_teleportation,veriqbench/dynamic/dqc_teleportation.qasm,3,8,1,0,Causal-cone,0.125,0.5,0.5,0
VeriQBench,dqc_teleportation,veriqbench/dynamic/dqc_teleportation.qasm,3,8,1,1,QSlice-full,0.625,0.9999999999999996,2.220446049250313e-16,1
VeriQBench,dqc_teleportation,veriqbench/dynamic/dqc_teleportation.qasm,3,8,1,1,QDG-no-ED,0.25,0.5,0.5,0
VeriQBench,dqc_teleportation,veriqbench/dynamic/dqc_teleportation.qasm,3,8,1,1,QDG-no-MD,0.625,0.9999999999999996,2.220446049250313e-16,1
VeriQBench,dqc_teleportation,veriqbench/dynamic/dqc_teleportation.qasm,3,8,1,1,QDG-no-UED,0.625,0.9999999999999996,2.220446049250313e-16,1
VeriQBench,dqc_teleportation,veriqbench/dynamic/dqc_teleportation.qasm,3,8,1,1,QDG-no-CD,0.625,0.9999999999999996,2.220446049250313e-16,1
VeriQBench,dqc_teleportation,veriqbench/dynamic/dqc_teleportation.qasm,3,8,1,1,Classical PDG,0.125,0.5,0.5,0
VeriQBench,dqc_teleportation,veriqbench/dynamic/dqc_teleportation.qasm,3,8,1,1,Causal-cone,0.625,0.9999999999999996,2.220446049250313e-16,1
VeriQBench,dqc_teleportation,veriqbench/dynamic/dqc_teleportation.qasm,3,8,1,2,QSlice-full,1.0,1.0,0.0,1
VeriQBench,dqc_teleportation,veriqbench/dynamic/dqc_teleportation.qasm,3,8,1,2,QDG-no-ED,1.0,1.0,0.0,1
VeriQBench,dqc_teleportation,veriqbench/dynamic/dqc_teleportation.qasm,3,8,1,2,QDG-no-MD,1.0,1.0,0.0,1
VeriQBench,dqc_teleportation,veriqbench/dynamic/dqc_teleportation.qasm,3,8,1,2,QDG-no-UED,1.0,1.0,0.0,1
VeriQBench,dqc_teleportation,veriqbench/dynamic/dqc_teleportation.qasm,3,8,1,2,QDG-no-CD,0.875,1.0,1.1102230246251565e-16,1
VeriQBench,dqc_teleportation,veriqbench/dynamic/dqc_teleportation.qasm,3,8,1,2,Classical PDG,0.5,0.4999999999999999,0.5,0
VeriQBench,dqc_teleportation,veriqbench/dynamic/dqc_teleportation.qasm,3,8,1,2,Causal-cone,0.875,1.0,1.1102230246251565e-16,1
VeriQBench,nth_prime3_inc,veriqbench/combinational/rev_circuit/nth_prime3_inc.qasm,3,4,0,0,QSlice-full,1.0,1.0,0.0,1
VeriQBench,nth_prime3_inc,veriqbench/combinational/rev_circuit/nth_prime3_inc.qasm,3,4,0,0,QDG-no-ED,0.75,1.0,0.0,1
VeriQBench,nth_prime3_inc,veriqbench/combinational/rev_circuit/nth_prime3_inc.qasm,3,4,0,0,QDG-no-MD,1.0,1.0,0.0,1
VeriQBench,nth_prime3_inc,veriqbench/combinational/rev_circuit/nth_prime3_inc.qasm,3,4,0,0,QDG-no-UED,1.0,1.0,0.0,1
VeriQBench,nth_prime3_inc,veriqbench/combinational/rev_circuit/nth_prime3_inc.qasm,3,4,0,0,QDG-no-CD,1.0,1.0,0.0,1
VeriQBench,nth_prime3_inc,veriqbench/combinational/rev_circuit/nth_prime3_inc.qasm,3,4,0,0,Classical PDG,0.75,1.0,0.0,1
VeriQBench,nth_prime3_inc,veriqbench/combinational/rev_circuit/nth_prime3_inc.qasm,3,4,0,0,Causal-cone,1.0,1.0,0.0,1
VeriQBench,nth_prime3_inc,veriqbench/combinational/rev_circuit/nth_prime3_inc.qasm,3,4,0,1,QSlice-full,1.0,1.0,0.0,1
VeriQBench,nth_prime3_inc,veriqbench/combinational/rev_circuit/nth_prime3_inc.qasm,3,4,0,1,QDG-no-ED,0.75,1.0,0.0,1
VeriQBench,nth_prime3_inc,veriqbench/combinational/rev_circuit/nth_prime3_inc.qasm,3,4,0,1,QDG-no-MD,1.0,1.0,0.0,1
VeriQBench,nth_prime3_inc,veriqbench/combinational/rev_circuit/nth_prime3_inc.qasm,3,4,0,1,QDG-no-UED,1.0,1.0,0.0,1
VeriQBench,nth_prime3_inc,veriqbench/combinational/rev_circuit/nth_prime3_inc.qasm,3,4,0,1,QDG-no-CD,1.0,1.0,0.0,1
VeriQBench,nth_prime3_inc,veriqbench/combinational/rev_circuit/nth_prime3_inc.qasm,3,4,0,1,Classical PDG,0.75,1.0,0.0,1
VeriQBench,nth_prime3_inc,veriqbench/combinational/rev_circuit/nth_prime3_inc.qasm,3,4,0,1,Causal-cone,1.0,1.0,0.0,1
VeriQBench,nth_prime3_inc,veriqbench/combinational/rev_circuit/nth_prime3_inc.qasm,3,4,0,2,QSlice-full,0.75,1.0,0.0,1
VeriQBench,nth_prime3_inc,veriqbench/combinational/rev_circuit/nth_prime3_inc.qasm,3,4,0,2,QDG-no-ED,0.75,1.0,0.0,1
VeriQBench,nth_prime3_inc,veriqbench/combinational/rev_circuit/nth_prime3_inc.qasm,3,4,0,2,QDG-no-MD,0.75,1.0,0.0,1
VeriQBench,nth_prime3_inc,veriqbench/combinational/rev_circuit/nth_prime3_inc.qasm,3,4,0,2,QDG-no-UED,0.75,1.0,0.0,1
VeriQBench,nth_prime3_inc,veriqbench/combinational/rev_circuit/nth_prime3_inc.qasm,3,4,0,2,QDG-no-CD,0.75,1.0,0.0,1
VeriQBench,nth_prime3_inc,veriqbench/combinational/rev_circuit/nth_prime3_inc.qasm,3,4,0,2,Classical PDG,0.75,1.0,0.0,1
VeriQBench,nth_prime3_inc,veriqbench/combinational/rev_circuit/nth_prime3_inc.qasm,3,4,0,2,Causal-cone,0.75,1.0,0.0,1
VeriQBench,pe_2,veriqbench/combinational/pe/pe_2.qasm,3,7,0,0,QSlice-full,0.8571428571428571,0.9999999999999989,1.1102230246251565e-16,1
VeriQBench,pe_2,veriqbench/combinational/pe/pe_2.qasm,3,7,0,0,QDG-no-ED,0.5714285714285714,0.9999999999999989,1.18670034533185e-16,1
VeriQBench,pe_2,veriqbench/combinational/pe/pe_2.qasm,3,7,0,0,QDG-no-MD,0.8571428571428571,0.9999999999999989,1.1102230246251565e-16,1
VeriQBench,pe_2,veriqbench/combinational/pe/pe_2.qasm,3,7,0,0,QDG-no-UED,0.8571428571428571,0.9999999999999989,1.1102230246251565e-16,1
VeriQBench,pe_2,veriqbench/combinational/pe/pe_2.qasm,3,7,0,0,QDG-no-CD,0.8571428571428571,0.9999999999999989,1.1102230246251565e-16,1
VeriQBench,pe_2,veriqbench/combinational/pe/pe_2.qasm,3,7,0,0,Classical PDG,0.5714285714285714,0.9999999999999989,1.18670034533185e-16,1
VeriQBench,pe_2,veriqbench/combinational/pe/pe_2.qasm,3,7,0,0,Causal-cone,0.8571428571428571,0.9999999999999989,1.1102230246251565e-16,1
VeriQBench,pe_2,veriqbench/combinational/pe/pe_2.qasm,3,7,0,1,QSlice-full,1.0,0.9999999999999987,0.0,1
VeriQBench,pe_2,veriqbench/combinational/pe/pe_2.qasm,3,7,0,1,QDG-no-ED,0.5714285714285714,0.9999999999999989,1.133783550111387e-16,1
VeriQBench,pe_2,veriqbench/combinational/pe/pe_2.qasm,3,7,0,1,QDG-no-MD,1.0,0.9999999999999987,0.0,1
VeriQBench,pe_2,veriqbench/combinational/pe/pe_2.qasm,3,7,0,1,QDG-no-UED,1.0,0.9999999999999987,0.0,1
VeriQBench,pe_2,veriqbench/combinational/pe/pe_2.qasm,3,7,0,1,QDG-no-CD,1.0,0.9999999999999987,0.0,1
VeriQBench,pe_2,veriqbench/combinational/pe/pe_2.qasm,3,7,0,1,Classical PDG,0.5714285714285714,0.9999999999999989,1.133783550111387e-16,1
VeriQBench,pe_2,veriqbench/combinational/pe/pe_2.qasm,3,7,0,1,Causal-cone,1.0,0.9999999999999987,0.0,1
VeriQBench,pe_2,veriqbench/combinational/pe/pe_2.qasm,3,7,0,2,QSlice-full,0.5714285714285714,0.9999999999999989,1.1102230246251565e-16,1
VeriQBench,pe_2,veriqbench/combinational/pe/pe_2.qasm,3,7,0,2,QDG-no-ED,0.2857142857142857,0.9999999999999993,3.3306690738754696e-16,1
VeriQBench,pe_2,veriqbench/combinational/pe/pe_2.qasm,3,7,0,2,QDG-no-MD,0.5714285714285714,0.9999999999999989,1.1102230246251565e-16,1
VeriQBench,pe_2,veriqbench/combinational/pe/pe_2.qasm,3,7,0,2,QDG-no-UED,0.5714285714285714,0.9999999999999989,1.1102230246251565e-16,1
VeriQBench,pe_2,veriqbench/combinational/pe/pe_2.qasm,3,7,0,2,QDG-no-CD,0.5714285714285714,0.9999999999999989,1.1102230246251565e-16,1
VeriQBench,pe_2,veriqbench/combinational/pe/pe_2.qasm,3,7,0,2,Classical PDG,0.2857142857142857,0.9999999999999993,3.3306690738754696e-16,1
VeriQBench,pe_2,veriqbench/combinational/pe/pe_2.qasm,3,7,0,2,Causal-cone,0.5714285714285714,0.9999999999999989,1.1102230246251565e-16,1
VeriQBench,ham3tc,veriqbench/combinational/rev_circuit/ham3tc.qasm,3,5,0,0,QSlice-full,0.8,1.0,0.0,1
VeriQBench,ham3tc,veriqbench/combinational/rev_circuit/ham3tc.qasm,3,5,0,0,QDG-no-ED,0.4,1.0,0.0,1
VeriQBench,ham3tc,veriqbench/combinational/rev_circuit/ham3tc.qasm,3,5,0,0,QDG-no-MD,0.8,1.0,0.0,1
VeriQBench,ham3tc,veriqbench/combinational/rev_circuit/ham3tc.qasm,3,5,0,0,QDG-no-UED,0.8,1.0,0.0,1
VeriQBench,ham3tc,veriqbench/combinational/rev_circuit/ham3tc.qasm,3,5,0,0,QDG-no-CD,0.8,1.0,0.0,1
VeriQBench,ham3tc,veriqbench/combinational/rev_circuit/ham3tc.qasm,3,5,0,0,Classical PDG,0.4,1.0,0.0,1
VeriQBench,ham3tc,veriqbench/combinational/rev_circuit/ham3tc.qasm,3,5,0,0,Causal-cone,0.8,1.0,0.0,1
VeriQBench,ham3tc,veriqbench/combinational/rev_circuit/ham3tc.qasm,3,5,0,1,QSlice-full,1.0,1.0,0.0,1
VeriQBench,ham3tc,veriqbench/combinational/rev_circuit/ham3tc.qasm,3,5,0,1,QDG-no-ED,0.8,1.0,0.0,1
VeriQBench,ham3tc,veriqbench/combinational/rev_circuit/ham3tc.qasm,3,5,0,1,QDG-no-MD,1.0,1.0,0.0,1
VeriQBench,ham3tc,veriqbench/combinational/rev_circuit/ham3tc.qasm,3,5,0,1,QDG-no-UED,1.0,1.0,0.0,1
VeriQBench,ham3tc,veriqbench/combinational/rev_circuit/ham3tc.qasm,3,5,0,1,QDG-no-CD,1.0,1.0,0.0,1
VeriQBench,ham3tc,veriqbench/combinational/rev_circuit/ham3tc.qasm,3,5,0,1,Classical PDG,0.8,1.0,0.0,1
VeriQBench,ham3tc,veriqbench/combinational/rev_circuit/ham3tc.qasm,3,5,0,1,Causal-cone,1.0,1.0,0.0,1
VeriQBench,ham3tc,veriqbench/combinational/rev_circuit/ham3tc.qasm,3,5,0,2,QSlice-full,1.0,1.0,0.0,1
VeriQBench,ham3tc,veriqbench/combinational/rev_circuit/ham3tc.qasm,3,5,0,2,QDG-no-ED,1.0,1.0,0.0,1
VeriQBench,ham3tc,veriqbench/combinational/rev_circuit/ham3tc.qasm,3,5,0,2,QDG-no-MD,1.0,1.0,0.0,1
VeriQBench,ham3tc,veriqbench/combinational/rev_circuit/ham3tc.qasm,3,5,0,2,QDG-no-UED,1.0,1.0,0.0,1
VeriQBench,ham3tc,veriqbench/combinational/rev_circuit/ham3tc.qasm,3,5,0,2,QDG-no-CD,1.0,1.0,0.0,1
VeriQBench,ham3tc,veriqbench/combinational/rev_circuit/ham3tc.qasm,3,5,0,2,Classical PDG,1.0,1.0,0.0,1
VeriQBench,ham3tc,veriqbench/combinational/rev_circuit/ham3tc.qasm,3,5,0,2,Causal-cone,1.0,1.0,0.0,1
VeriQBench,3_17tc,veriqbench/combinational/rev_circuit/3_17tc.qasm,3,6,0,0,QSlice-full,0.8333333333333334,1.0,0.0,1
VeriQBench,3_17tc,veriqbench/combinational/rev_circuit/3_17tc.qasm,3,6,0,0,QDG-no-ED,0.5,0.0,1.0,0
VeriQBench,3_17tc,veriqbench/combinational/rev_circuit/3_17tc.qasm,3,6,0,0,QDG-no-MD,0.8333333333333334,1.0,0.0,1
VeriQBench,3_17tc,veriqbench/combinational/rev_circuit/3_17tc.qasm,3,6,0,0,QDG-no-UED,0.8333333333333334,1.0,0.0,1
VeriQBench,3_17tc,veriqbench/combinational/rev_circuit/3_17tc.qasm,3,6,0,0,QDG-no-CD,0.8333333333333334,1.0,0.0,1
VeriQBench,3_17tc,veriqbench/combinational/rev_circuit/3_17tc.qasm,3,6,0,0,Classical PDG,0.5,0.0,1.0,0
VeriQBench,3_17tc,veriqbench/combinational/rev_circuit/3_17tc.qasm,3,6,0,0,Causal-cone,0.8333333333333334,1.0,0.0,1
VeriQBench,3_17tc,veriqbench/combinational/rev_circuit/3_17tc.qasm,3,6,0,1,QSlice-full,1.0,1.0,0.0,1
VeriQBench,3_17tc,veriqbench/combinational/rev_circuit/3_17tc.qasm,3,6,0,1,QDG-no-ED,0.6666666666666666,0.0,1.0,0
VeriQBench,3_17tc,veriqbench/combinational/rev_circuit/3_17tc.qasm,3,6,0,1,QDG-no-MD,1.0,1.0,0.0,1
VeriQBench,3_17tc,veriqbench/combinational/rev_circuit/3_17tc.qasm,3,6,0,1,QDG-no-UED,1.0,1.0,0.0,1
VeriQBench,3_17tc,veriqbench/combinational/rev_circuit/3_17tc.qasm,3,6,0,1,QDG-no-CD,1.0,1.0,0.0,1
VeriQBench,3_17tc,veriqbench/combinational/rev_circuit/3_17tc.qasm,3,6,0,1,Classical PDG,0.6666666666666666,0.0,1.0,0
VeriQBench,3_17tc,veriqbench/combinational/rev_circuit/3_17tc.qasm,3,6,0,1,Causal-cone,1.0,1.0,0.0,1
VeriQBench,3_17tc,veriqbench/combinational/rev_circuit/3_17tc.qasm,3,6,0,2,QSlice-full,1.0,1.0,0.0,1
VeriQBench,3_17tc,veriqbench/combinational/rev_circuit/3_17tc.qasm,3,6,0,2,QDG-no-ED,1.0,1.0,0.0,1
VeriQBench,3_17tc,veriqbench/combinational/rev_circuit/3_17tc.qasm,3,6,0,2,QDG-no-MD,1.0,1.0,0.0,1
VeriQBench,3_17tc,veriqbench/combinational/rev_circuit/3_17tc.qasm,3,6,0,2,QDG-no-UED,1.0,1.0,0.0,1
VeriQBench,3_17tc,veriqbench/combinational/rev_circuit/3_17tc.qasm,3,6,0,2,QDG-no-CD,1.0,1.0,0.0,1
VeriQBench,3_17tc,veriqbench/combinational/rev_circuit/3_17tc.qasm,3,6,0,2,Classical PDG,1.0,1.0,0.0,1
VeriQBench,3_17tc,veriqbench/combinational/rev_circuit/3_17tc.qasm,3,6,0,2,Causal-cone,1.0,1.0,0.0,1
VeriQBench,ham3_fc,veriqbench/combinational/rev_circuit/ham3_fc.qasm,3,6,0,0,QSlice-full,1.0,1.0,0.0,1
VeriQBench,ham3_fc,veriqbench/combinational/rev_circuit/ham3_fc.qasm,3,6,0,0,QDG-no-ED,0.5,1.0,0.0,1
VeriQBench,ham3_fc,veriqbench/combinational/rev_circuit/ham3_fc.qasm,3,6,0,0,QDG-no-MD,1.0,1.0,0.0,1
VeriQBench,ham3_fc,veriqbench/combinational/rev_circuit/ham3_fc.qasm,3,6,0,0,QDG-no-UED,1.0,1.0,0.0,1
VeriQBench,ham3_fc,veriqbench/combinational/rev_circuit/ham3_fc.qasm,3,6,0,0,QDG-no-CD,1.0,1.0,0.0,1
VeriQBench,ham3_fc,veriqbench/combinational/rev_circuit/ham3_fc.qasm,3,6,0,0,Classical PDG,0.5,1.0,0.0,1
VeriQBench,ham3_fc,veriqbench/combinational/rev_circuit/ham3_fc.qasm,3,6,0,0,Causal-cone,1.0,1.0,0.0,1
VeriQBench,ham3_fc,veriqbench/combinational/rev_circuit/ham3_fc.qasm,3,6,0,1,QSlice-full,1.0,1.0,0.0,1
VeriQBench,ham3_fc,veriqbench/combinational/rev_circuit/ham3_fc.qasm,3,6,0,1,QDG-no-ED,1.0,1.0,0.0,1
VeriQBench,ham3_fc,veriqbench/combinational/rev_circuit/ham3_fc.qasm,3,6,0,1,QDG-no-MD,1.0,1.0,0.0,1
VeriQBench,ham3_fc,veriqbench/combinational/rev_circuit/ham3_fc.qasm,3,6,0,1,QDG-no-UED,1.0,1.0,0.0,1
VeriQBench,ham3_fc,veriqbench/combinational/rev_circuit/ham3_fc.qasm,3,6,0,1,QDG-no-CD,1.0,1.0,0.0,1
VeriQBench,ham3_fc,veriqbench/combinational/rev_circuit/ham3_fc.qasm,3,6,0,1,Classical PDG,1.0,1.0,0.0,1
VeriQBench,ham3_fc,veriqbench/combinational/rev_circuit/ham3_fc.qasm,3,6,0,1,Causal-cone,1.0,1.0,0.0,1
VeriQBench,ham3_fc,veriqbench/combinational/rev_circuit/ham3_fc.qasm,3,6,0,2,QSlice-full,0.8333333333333334,1.0,0.0,1
VeriQBench,ham3_fc,veriqbench/combinational/rev_circuit/ham3_fc.qasm,3,6,0,2,QDG-no-ED,0.6666666666666666,1.0,0.0,1
VeriQBench,ham3_fc,veriqbench/combinational/rev_circuit/ham3_fc.qasm,3,6,0,2,QDG-no-MD,0.8333333333333334,1.0,0.0,1
VeriQBench,ham3_fc,veriqbench/combinational/rev_circuit/ham3_fc.qasm,3,6,0,2,QDG-no-UED,0.8333333333333334,1.0,0.0,1
VeriQBench,ham3_fc,veriqbench/combinational/rev_circuit/ham3_fc.qasm,3,6,0,2,QDG-no-CD,0.8333333333333334,1.0,0.0,1
VeriQBench,ham3_fc,veriqbench/combinational/rev_circuit/ham3_fc.qasm,3,6,0,2,Classical PDG,0.6666666666666666,1.0,0.0,1
VeriQBench,ham3_fc,veriqbench/combinational/rev_circuit/ham3_fc.qasm,3,6,0,2,Causal-cone,0.8333333333333334,1.0,0.0,1
VeriQBench,bv_3,veriqbench/combinational/bv/bv_3.qasm,3,9,0,0,QSlice-full,0.6666666666666666,0.9999999999999986,1.6653345369377348e-16,1
VeriQBench,bv_3,veriqbench/combinational/bv/bv_3.qasm,3,9,0,0,QDG-no-ED,0.3333333333333333,0.49999999999999933,0.49999999999999956,0
VeriQBench,bv_3,veriqbench/combinational/bv/bv_3.qasm,3,9,0,0,QDG-no-MD,0.6666666666666666,0.9999999999999986,1.6653345369377348e-16,1
VeriQBench,bv_3,veriqbench/combinational/bv/bv_3.qasm,3,9,0,0,QDG-no-UED,0.5555555555555556,1.549171207829076e-36,0.9999999999999993,0
VeriQBench,bv_3,veriqbench/combinational/bv/bv_3.qasm,3,9,0,0,QDG-no-CD,0.6666666666666666,0.9999999999999986,1.6653345369377348e-16,1
VeriQBench,bv_3,veriqbench/combinational/bv/bv_3.qasm,3,9,0,0,Classical PDG,0.3333333333333333,0.49999999999999933,0.49999999999999956,0
VeriQBench,bv_3,veriqbench/combinational/bv/bv_3.qasm,3,9,0,0,Causal-cone,0.6666666666666666,0.9999999999999986,1.6653345369377348e-16,1
VeriQBench,bv_3,veriqbench/combinational/bv/bv_3.qasm,3,9,0,1,QSlice-full,0.7777777777777778,0.9999999999999986,1.667712045112324e-16,1
VeriQBench,bv_3,veriqbench/combinational/bv/bv_3.qasm,3,9,0,1,QDG-no-ED,0.3333333333333333,0.49999999999999933,0.49999999999999956,0
VeriQBench,bv_3,veriqbench/combinational/bv/bv_3.qasm,3,9,0,1,QDG-no-MD,0.7777777777777778,0.9999999999999986,1.667712045112324e-16,1
VeriQBench,bv_3,veriqbench/combinational/bv/bv_3.qasm,3,9,0,1,QDG-no-UED,0.6666666666666666,1.029522000554796e-34,0.9999999999999993,0
VeriQBench,bv_3,veriqbench/combinational/bv/bv_3.qasm,3,9,0,1,QDG-no-CD,0.7777777777777778,0.9999999999999986,1.667712045112324e-16,1
VeriQBench,bv_3,veriqbench/combinational/bv/bv_3.qasm,3,9,0,1,Classical PDG,0.3333333333333333,0.49999999999999933,0.49999999999999956,0
VeriQBench,bv_3,veriqbench/combinational/bv/bv_3.qasm,3,9,0,1,Causal-cone,0.7777777777777778,0.9999999999999986,1.667712045112324e-16,1
VeriQBench,bv_3,veriqbench/combinational/bv/bv_3.qasm,3,9,0,2,QSlice-full,1.0,0.9999999999999982,0.0,1
VeriQBench,bv_3,veriqbench/combinational/bv/bv_3.qasm,3,9,0,2,QDG-no-ED,0.5555555555555556,0.9999999999999987,2.267567100222774e-16,1
VeriQBench,bv_3,veriqbench/combinational/bv/bv_3.qasm,3,9,0,2,QDG-no-MD,1.0,0.9999999999999982,0.0,1
VeriQBench,bv_3,veriqbench/combinational/bv/bv_3.qasm,3,9,0,2,QDG-no-UED,1.0,0.9999999999999982,0.0,1
VeriQBench,bv_3,veriqbench/combinational/bv/bv_3.qasm,3,9,0,2,QDG-no-CD,1.0,0.9999999999999982,0.0,1
VeriQBench,bv_3,veriqbench/combinational/bv/bv_3.qasm,3,9,0,2,Classical PDG,0.5555555555555556,0.9999999999999987,2.267567100222774e-16,1
VeriQBench,bv_3,veriqbench/combinational/bv/bv_3.qasm,3,9,0,2,Causal-cone,1.0,0.9999999999999982,0.0,1
VeriQBench,rand_cliff_3_GD,veriqbench/combinational/rand_cliff/rand_cliff_3_GD.qasm,3,11,0,0,QSlice-full,0.6363636363636364,0.9999999999999991,0.0,1
VeriQBench,rand_cliff_3_GD,veriqbench/combinational/rand_cliff/rand_cliff_3_GD.qasm,3,11,0,0,QDG-no-ED,0.5454545454545454,0.49999999999999967,0.4999999999999999,0
VeriQBench,rand_cliff_3_GD,veriqbench/combinational/rand_cliff/rand_cliff_3_GD.qasm,3,11,0,0,QDG-no-MD,0.6363636363636364,0.9999999999999991,0.0,1
VeriQBench,rand_cliff_3_GD,veriqbench/combinational/rand_cliff/rand_cliff_3_GD.qasm,3,11,0,0,QDG-no-UED,0.6363636363636364,0.9999999999999991,0.0,1
VeriQBench,rand_cliff_3_GD,veriqbench/combinational/rand_cliff/rand_cliff_3_GD.qasm,3,11,0,0,QDG-no-CD,0.6363636363636364,0.9999999999999991,0.0,1
VeriQBench,rand_cliff_3_GD,veriqbench/combinational/rand_cliff/rand_cliff_3_GD.qasm,3,11,0,0,Classical PDG,0.5454545454545454,0.49999999999999967,0.4999999999999999,0
VeriQBench,rand_cliff_3_GD,veriqbench/combinational/rand_cliff/rand_cliff_3_GD.qasm,3,11,0,0,Causal-cone,0.6363636363636364,0.9999999999999991,0.0,1
VeriQBench,rand_cliff_3_GD,veriqbench/combinational/rand_cliff/rand_cliff_3_GD.qasm,3,11,0,1,QSlice-full,0.8181818181818182,0.9999999999999991,7.973837749038346e-18,1
VeriQBench,rand_cliff_3_GD,veriqbench/combinational/rand_cliff/rand_cliff_3_GD.qasm,3,11,0,1,QDG-no-ED,0.45454545454545453,0.9999999999999993,1.1102230246251565e-16,1
VeriQBench,rand_cliff_3_GD,veriqbench/combinational/rand_cliff/rand_cliff_3_GD.qasm,3,11,0,1,QDG-no-MD,0.8181818181818182,0.9999999999999991,7.973837749038346e-18,1
VeriQBench,rand_cliff_3_GD,veriqbench/combinational/rand_cliff/rand_cliff_3_GD.qasm,3,11,0,1,QDG-no-UED,0.8181818181818182,0.9999999999999991,7.973837749038346e-18,1
VeriQBench,rand_cliff_3_GD,veriqbench/combinational/rand_cliff/rand_cliff_3_GD.qasm,3,11,0,1,QDG-no-CD,0.8181818181818182,0.9999999999999991,7.973837749038346e-18,1
VeriQBench,rand_cliff_3_GD,veriqbench/combinational/rand_cliff/rand_cliff_3_GD.qasm,3,11,0,1,Classical PDG,0.45454545454545453,0.9999999999999993,1.1102230246251565e-16,1
VeriQBench,rand_cliff_3_GD,veriqbench/combinational/rand_cliff/rand_cliff_3_GD.qasm,3,11,0,1,Causal-cone,0.8181818181818182,0.9999999999999991,7.973837749038346e-18,1
VeriQBench,rand_cliff_3_GD,veriqbench/combinational/rand_cliff/rand_cliff_3_GD.qasm,3,11,0,2,QSlice-full,0.8181818181818182,0.9999999999999991,7.973837749038346e-18,1
VeriQBench,rand_cliff_3_GD,veriqbench/combinational/rand_cliff/rand_cliff_3_GD.qasm,3,11,0,2,QDG-no-ED,0.2727272727272727,0.49999999999999967,0.4999999999999999,0
VeriQBench,rand_cliff_3_GD,veriqbench/combinational/rand_cliff/rand_cliff_3_GD.qasm,3,11,0,2,QDG-no-MD,0.8181818181818182,0.9999999999999991,7.973837749038346e-18,1
VeriQBench,rand_cliff_3_GD,veriqbench/combinational/rand_cliff/rand_cliff_3_GD.qasm,3,11,0,2,QDG-no-UED,0.8181818181818182,0.9999999999999991,7.973837749038346e-18,1
VeriQBench,rand_cliff_3_GD,veriqbench/combinational/rand_cliff/rand_cliff_3_GD.qasm,3,11,0,2,QDG-no-CD,0.8181818181818182,0.9999999999999991,7.973837749038346e-18,1
VeriQBench,rand_cliff_3_GD,veriqbench/combinational/rand_cliff/rand_cliff_3_GD.qasm,3,11,0,2,Classical PDG,0.2727272727272727,0.49999999999999967,0.4999999999999999,0
VeriQBench,rand_cliff_3_GD,veriqbench/combinational/rand_cliff/rand_cliff_3_GD.qasm,3,11,0,2,Causal-cone,0.8181818181818182,0.9999999999999991,7.973837749038346e-18,1
VeriQBench,grover_3,veriqbench/combinational/grover/grover_3.qasm,3,16,0,0,QSlice-full,0.75,0.999999999999997,1.6653345369377348e-16,1
VeriQBench,grover_3,veriqbench/combinational/grover/grover_3.qasm,3,16,0,0,QDG-no-ED,0.4375,0.9999999999999979,6.106226635438361e-16,1
VeriQBench,grover_3,veriqbench/combinational/grover/grover_3.qasm,3,16,0,0,QDG-no-MD,0.75,0.999999999999997,1.6653345369377348e-16,1
VeriQBench,grover_3,veriqbench/combinational/grover/grover_3.qasm,3,16,0,0,QDG-no-UED,0.625,0.9999999999999974,3.885780586188048e-16,1
VeriQBench,grover_3,veriqbench/combinational/grover/grover_3.qasm,3,16,0,0,QDG-no-CD,0.75,0.999999999999997,1.6653345369377348e-16,1
VeriQBench,grover_3,veriqbench/combinational/grover/grover_3.qasm,3,16,0,0,Classical PDG,0.4375,0.9999999999999979,6.106226635438361e-16,1
VeriQBench,grover_3,veriqbench/combinational/grover/grover_3.qasm,3,16,0,0,Causal-cone,0.75,0.999999999999997,1.6653345369377348e-16,1
VeriQBench,grover_3,veriqbench/combinational/grover/grover_3.qasm,3,16,0,1,QSlice-full,0.9375,0.9999999999999969,1.1443916996305594e-16,1
VeriQBench,grover_3,veriqbench/combinational/grover/grover_3.qasm,3,16,0,1,QDG-no-ED,0.5625,0.9999999999999973,3.2368285245694683e-16,1
VeriQBench,grover_3,veriqbench/combinational/grover/grover_3.qasm,3,16,0,1,QDG-no-MD,0.9375,0.9999999999999969,1.1443916996305594e-16,1
VeriQBench,grover_3,veriqbench/combinational/grover/grover_3.qasm,3,16,0,1,QDG-no-UED,0.9375,0.9999999999999969,1.1443916996305594e-16,1
VeriQBench,grover_3,veriqbench/combinational/grover/grover_3.qasm,3,16,0,1,QDG-no-CD,0.9375,0.9999999999999969,1.1443916996305594e-16,1
VeriQBench,grover_3,veriqbench/combinational/grover/grover_3.qasm,3,16,0,1,Classical PDG,0.5625,0.9999999999999973,3.2368285245694683e-16,1
VeriQBench,grover_3,veriqbench/combinational/grover/grover_3.qasm,3,16,0,1,Causal-cone,0.9375,0.9999999999999969,1.1443916996305594e-16,1
VeriQBench,grover_3,veriqbench/combinational/grover/grover_3.qasm,3,16,0,2,QSlice-full,1.0,0.9999999999999967,0.0,1
VeriQBench,grover_3,veriqbench/combinational/grover/grover_3.qasm,3,16,0,2,QDG-no-ED,0.1875,0.9999999999999979,6.106847401630584e-16,1
VeriQBench,grover_3,veriqbench/combinational/grover/grover_3.qasm,3,16,0,2,QDG-no-MD,1.0,0.9999999999999967,0.0,1
VeriQBench,grover_3,veriqbench/combinational/grover/grover_3.qasm,3,16,0,2,QDG-no-UED,1.0,0.9999999999999967,0.0,1
VeriQBench,grover_3,veriqbench/combinational/grover/grover_3.qasm,3,16,0,2,QDG-no-CD,1.0,0.9999999999999967,0.0,1
VeriQBench,grover_3,veriqbench/combinational/grover/grover_3.qasm,3,16,0,2,Classical PDG,0.1875,0.9999999999999979,6.106847401630584e-16,1
VeriQBench,grover_3,veriqbench/combinational/grover/grover_3.qasm,3,16,0,2,Causal-cone,1.0,0.9999999999999967,0.0,1
VeriQBench,rand_cliff_3_AG,veriqbench/combinational/rand_cliff/rand_cliff_3_AG.qasm,3,17,0,0,QSlice-full,1.0,0.9999999999999978,0.0,1
VeriQBench,rand_cliff_3_AG,veriqbench/combinational/rand_cliff/rand_cliff_3_AG.qasm,3,17,0,0,QDG-no-ED,0.47058823529411764,0.9999999999999984,3.3306690738754696e-16,1
VeriQBench,rand_cliff_3_AG,veriqbench/combinational/rand_cliff/rand_cliff_3_AG.qasm,3,17,0,0,QDG-no-MD,1.0,0.9999999999999978,0.0,1
VeriQBench,rand_cliff_3_AG,veriqbench/combinational/rand_cliff/rand_cliff_3_AG.qasm,3,17,0,0,QDG-no-UED,0.8823529411764706,0.499999999999999,0.49999999999999956,0
VeriQBench,rand_cliff_3_AG,veriqbench/combinational/rand_cliff/rand_cliff_3_AG.qasm,3,17,0,0,QDG-no-CD,1.0,0.9999999999999978,0.0,1
VeriQBench,rand_cliff_3_AG,veriqbench/combinational/rand_cliff/rand_cliff_3_AG.qasm,3,17,0,0,Classical PDG,0.47058823529411764,0.9999999999999984,3.3306690738754696e-16,1
VeriQBench,rand_cliff_3_AG,veriqbench/combinational/rand_cliff/rand_cliff_3_AG.qasm,3,17,0,0,Causal-cone,1.0,0.9999999999999978,0.0,1
VeriQBench,rand_cliff_3_AG,veriqbench/combinational/rand_cliff/rand_cliff_3_AG.qasm,3,17,0,1,QSlice-full,0.9411764705882353,0.9999999999999976,2.2836922921561836e-18,1
VeriQBench,rand_cliff_3_AG,veriqbench/combinational/rand_cliff/rand_cliff_3_AG.qasm,3,17,0,1,QDG-no-ED,0.4117647058823529,0.9999999999999983,3.885780586188048e-16,1
VeriQBench,rand_cliff_3_AG,veriqbench/combinational/rand_cliff/rand_cliff_3_AG.qasm,3,17,0,1,QDG-no-MD,0.9411764705882353,0.9999999999999976,2.2836922921561836e-18,1
VeriQBench,rand_cliff_3_AG,veriqbench/combinational/rand_cliff/rand_cliff_3_AG.qasm,3,17,0,1,QDG-no-UED,0.8235294117647058,0.49999999999999895,0.49999999999999956,0
VeriQBench,rand_cliff_3_AG,veriqbench/combinational/rand_cliff/rand_cliff_3_AG.qasm,3,17,0,1,QDG-no-CD,0.9411764705882353,0.9999999999999976,2.2836922921561836e-18,1
VeriQBench,rand_cliff_3_AG,veriqbench/combinational/rand_cliff/rand_cliff_3_AG.qasm,3,17,0,1,Classical PDG,0.4117647058823529,0.9999999999999983,3.885780586188048e-16,1
VeriQBench,rand_cliff_3_AG,veriqbench/combinational/rand_cliff/rand_cliff_3_AG.qasm,3,17,0,1,Causal-cone,0.9411764705882353,0.9999999999999976,2.2836922921561836e-18,1
VeriQBench,rand_cliff_3_AG,veriqbench/combinational/rand_cliff/rand_cliff_3_AG.qasm,3,17,0,2,QSlice-full,1.0,0.9999999999999978,0.0,1
VeriQBench,rand_cliff_3_AG,veriqbench/combinational/rand_cliff/rand_cliff_3_AG.qasm,3,17,0,2,QDG-no-ED,0.47058823529411764,0.9999999999999984,3.3306690738754696e-16,1
VeriQBench,rand_cliff_3_AG,veriqbench/combinational/rand_cliff/rand_cliff_3_AG.qasm,3,17,0,2,QDG-no-MD,1.0,0.9999999999999978,0.0,1
VeriQBench,rand_cliff_3_AG,veriqbench/combinational/rand_cliff/rand_cliff_3_AG.qasm,3,17,0,2,QDG-no-UED,1.0,0.9999999999999978,0.0,1
VeriQBench,rand_cliff_3_AG,veriqbench/combinational/rand_cliff/rand_cliff_3_AG.qasm,3,17,0,2,QDG-no-CD,1.0,0.9999999999999978,0.0,1
VeriQBench,rand_cliff_3_AG,veriqbench/combinational/rand_cliff/rand_cliff_3_AG.qasm,3,17,0,2,Classical PDG,0.47058823529411764,0.9999999999999984,3.3306690738754696e-16,1
VeriQBench,rand_cliff_3_AG,veriqbench/combinational/rand_cliff/rand_cliff_3_AG.qasm,3,17,0,2,Causal-cone,1.0,0.9999999999999978,0.0,1
VeriQBench,quantum_volume_n3_d5_i0,veriqbench/combinational/qv/quantum_volume_n3_d5_i0.qasm,3,50,0,0,QSlice-full,0.98,0.9999999999999998,1.3877787807814457e-16,1
VeriQBench,quantum_volume_n3_d5_i0,veriqbench/combinational/qv/quantum_volume_n3_d5_i0.qasm,3,50,0,0,QDG-no-ED,0.52,0.3349582708347446,0.7747231455601239,0
VeriQBench,quantum_volume_n3_d5_i0,veriqbench/combinational/qv/quantum_volume_n3_d5_i0.qasm,3,50,0,0,QDG-no-MD,0.98,0.9999999999999998,1.3877787807814457e-16,1
VeriQBench,quantum_volume_n3_d5_i0,veriqbench/combinational/qv/quantum_volume_n3_d5_i0.qasm,3,50,0,0,QDG-no-UED,0.92,0.9008860295662167,0.287836179033936,0
VeriQBench,quantum_volume_n3_d5_i0,veriqbench/combinational/qv/quantum_volume_n3_d5_i0.qasm,3,50,0,0,QDG-no-CD,0.98,0.9999999999999998,1.3877787807814457e-16,1
VeriQBench,quantum_volume_n3_d5_i0,veriqbench/combinational/qv/quantum_volume_n3_d5_i0.qasm,3,50,0,0,Classical PDG,0.52,0.3349582708347446,0.7747231455601239,0
VeriQBench,quantum_volume_n3_d5_i0,veriqbench/combinational/qv/quantum_volume_n3_d5_i0.qasm,3,50,0,0,Causal-cone,0.98,0.9999999999999998,1.3877787807814457e-16,1
VeriQBench,quantum_volume_n3_d5_i0,veriqbench/combinational/qv/quantum_volume_n3_d5_i0.qasm,3,50,0,1,QSlice-full,0.38,0.9999999999999997,2.0955000055363631e-16,1
VeriQBench,quantum_volume_n3_d5_i0,veriqbench/combinational/qv/quantum_volume_n3_d5_i0.qasm,3,50,0,1,QDG-no-ED,0.26,0.9810473523847509,0.12716210093853053,0
VeriQBench,quantum_volume_n3_d5_i0,veriqbench/combinational/qv/quantum_volume_n3_d5_i0.qasm,3,50,0,1,QDG-no-MD,0.38,0.9999999999999997,2.0955000055363631e-16,1
VeriQBench,quantum_volume_n3_d5_i0,veriqbench/combinational/qv/quantum_volume_n3_d5_i0.qasm,3,50,0,1,QDG-no-UED,0.38,0.9999999999999997,2.0955000055363631e-16,1
VeriQBench,quantum_volume_n3_d5_i0,veriqbench/combinational/qv/quantum_volume_n3_d5_i0.qasm,3,50,0,1,QDG-no-CD,0.38,0.9999999999999997,2.0955000055363631e-16,1
VeriQBench,quantum_volume_n3_d5_i0,veriqbench/combinational/qv/quantum_volume_n3_d5_i0.qasm,3,50,0,1,Classical PDG,0.26,0.9810473523847509,0.12716210093853053,0
VeriQBench,quantum_volume_n3_d5_i0,veriqbench/combinational/qv/quantum_volume_n3_d5_i0.qasm,3,50,0,1,Causal-cone,0.38,0.9999999999999997,2.0955000055363631e-16,1
VeriQBench,quantum_volume_n3_d5_i0,veriqbench/combinational/qv/quantum_volume_n3_d5_i0.qasm,3,50,0,2,QSlice-full,0.98,0.9999999999999994,1.1443916996305594e-16,1
VeriQBench,quantum_volume_n3_d5_i0,veriqbench/combinational/qv/quantum_volume_n3_d5_i0.qasm,3,50,0,2,QDG-no-ED,0.52,0.8171929654097996,0.42734560345114564,0
VeriQBench,quantum_volume_n3_d5_i0,veriqbench/combinational/qv/quantum_volume_n3_d5_i0.qasm,3,50,0,2,QDG-no-MD,0.98,0.9999999999999994,1.1443916996305594e-16,1
VeriQBench,quantum_volume_n3_d5_i0,veriqbench/combinational/qv/quantum_volume_n3_d5_i0.qasm,3,50,0,2,QDG-no-UED,0.98,0.9999999999999994,1.1443916996305594e-16,1
VeriQBench,quantum_volume_n3_d5_i0,veriqbench/combinational/qv/quantum_volume_n3_d5_i0.qasm,3,50,0,2,QDG-no-CD,0.98,0.9999999999999994,1.1443916996305594e-16,1
VeriQBench,quantum_volume_n3_d5_i0,veriqbench/combinational/qv/quantum_volume_n3_d5_i0.qasm,3,50,0,2,Classical PDG,0.52,0.8171929654097996,0.42734560345114564,0
VeriQBench,quantum_volume_n3_d5_i0,veriqbench/combinational/qv/quantum_volume_n3_d5_i0.qasm,3,50,0,2,Causal-cone,0.98,0.9999999999999994,1.1443916996305594e-16,1
VeriQBench,adder_n4,veriqbench/combinational/adder/adder_n4.qasm,4,4,0,0,QSlice-full,1.0,1.0,0.0,1
VeriQBench,adder_n4,veriqbench/combinational/adder/adder_n4.qasm,4,4,0,0,QDG-no-ED,0.5,1.0,0.0,1
VeriQBench,adder_n4,veriqbench/combinational/adder/adder_n4.qasm,4,4,0,0,QDG-no-MD,1.0,1.0,0.0,1
VeriQBench,adder_n4,veriqbench/combinational/adder/adder_n4.qasm,4,4,0,0,QDG-no-UED,1.0,1.0,0.0,1
VeriQBench,adder_n4,veriqbench/combinational/adder/adder_n4.qasm,4,4,0,0,QDG-no-CD,1.0,1.0,0.0,1
VeriQBench,adder_n4,veriqbench/combinational/adder/adder_n4.qasm,4,4,0,0,Classical PDG,0.5,1.0,0.0,1
VeriQBench,adder_n4,veriqbench/combinational/adder/adder_n4.qasm,4,4,0,0,Causal-cone,1.0,1.0,0.0,1
VeriQBench,adder_n4,veriqbench/combinational/adder/adder_n4.qasm,4,4,0,1,QSlice-full,0.5,1.0,0.0,1
VeriQBench,adder_n4,veriqbench/combinational/adder/adder_n4.qasm,4,4,0,1,QDG-no-ED,0.5,1.0,0.0,1
VeriQBench,adder_n4,veriqbench/combinational/adder/adder_n4.qasm,4,4,0,1,QDG-no-MD,0.5,1.0,0.0,1
VeriQBench,adder_n4,veriqbench/combinational/adder/adder_n4.qasm,4,4,0,1,QDG-no-UED,0.5,1.0,0.0,1
VeriQBench,adder_n4,veriqbench/combinational/adder/adder_n4.qasm,4,4,0,1,QDG-no-CD,0.5,1.0,0.0,1
VeriQBench,adder_n4,veriqbench/combinational/adder/adder_n4.qasm,4,4,0,1,Classical PDG,0.5,1.0,0.0,1
VeriQBench,adder_n4,veriqbench/combinational/adder/adder_n4.qasm,4,4,0,1,Causal-cone,0.5,1.0,0.0,1
VeriQBench,adder_n4,veriqbench/combinational/adder/adder_n4.qasm,4,4,0,2,QSlice-full,1.0,1.0,0.0,1
VeriQBench,adder_n4,veriqbench/combinational/adder/adder_n4.qasm,4,4,0,2,QDG-no-ED,1.0,1.0,0.0,1
VeriQBench,adder_n4,veriqbench/combinational/adder/adder_n4.qasm,4,4,0,2,QDG-no-MD,1.0,1.0,0.0,1
VeriQBench,adder_n4,veriqbench/combinational/adder/adder_n4.qasm,4,4,0,2,QDG-no-UED,1.0,1.0,0.0,1
VeriQBench,adder_n4,veriqbench/combinational/adder/adder_n4.qasm,4,4,0,2,QDG-no-CD,1.0,1.0,0.0,1
VeriQBench,adder_n4,veriqbench/combinational/adder/adder_n4.qasm,4,4,0,2,Classical PDG,1.0,1.0,0.0,1
VeriQBench,adder_n4,veriqbench/combinational/adder/adder_n4.qasm,4,4,0,2,Causal-cone,1.0,1.0,0.0,1
VeriQBench,adder_n4,veriqbench/combinational/adder/adder_n4.qasm,4,4,0,3,QSlice-full,0.75,1.0,0.0,1
VeriQBench,adder_n4,veriqbench/combinational/adder/adder_n4.qasm,4,4,0,3,QDG-no-ED,0.5,1.0,0.0,1
VeriQBench,adder_n4,veriqbench/combinational/adder/adder_n4.qasm,4,4,0,3,QDG-no-MD,0.75,1.0,0.0,1
VeriQBench,adder_n4,veriqbench/combinational/adder/adder_n4.qasm,4,4,0,3,QDG-no-UED,0.75,1.0,0.0,1
VeriQBench,adder_n4,veriqbench/combinational/adder/adder_n4.qasm,4,4,0,3,QDG-no-CD,0.75,1.0,0.0,1
VeriQBench,adder_n4,veriqbench/combinational/adder/adder_n4.qasm,4,4,0,3,Classical PDG,0.5,1.0,0.0,1
VeriQBench,adder_n4,veriqbench/combinational/adder/adder_n4.qasm,4,4,0,3,Causal-cone,0.75,1.0,0.0,1
VeriQBench,dqc_qft_4,veriqbench/dynamic/qft/dqc_qft_4.qasm,4,13,1,0,QSlice-full,0.15384615384615385,0.9999999999999996,0.0,1
VeriQBench,dqc_qft_4,veriqbench/dynamic/qft/dqc_qft_4.qasm,4,13,1,0,QDG-no-ED,0.15384615384615385,0.9999999999999996,0.0,1
VeriQBench,dqc_qft_4,veriqbench/dynamic/qft/dqc_qft_4.qasm,4,13,1,0,QDG-no-MD,0.07692307692307693,0.4999999999999999,0.5,0
VeriQBench,dqc_qft_4,veriqbench/dynamic/qft/dqc_qft_4.qasm,4,13,1,0,QDG-no-UED,0.15384615384615385,0.9999999999999996,0.0,1
VeriQBench,dqc_qft_4,veriqbench/dynamic/qft/dqc_qft_4.qasm,4,13,1,0,QDG-no-CD,0.15384615384615385,0.9999999999999996,0.0,1
VeriQBench,dqc_qft_4,veriqbench/dynamic/qft/dqc_qft_4.qasm,4,13,1,0,Classical PDG,0.07692307692307693,0.4999999999999999,0.5,0
VeriQBench,dqc_qft_4,veriqbench/dynamic/qft/dqc_qft_4.qasm,4,13,1,0,Causal-cone,0.07692307692307693,0.4999999999999999,0.5,0
VeriQBench,dqc_qft_4,veriqbench/dynamic/qft/dqc_qft_4.qasm,4,13,1,1,QSlice-full,0.38461538461538464,0.9999999999999996,0.0,1
VeriQBench,dqc_qft_4,veriqbench/dynamic/qft/dqc_qft_4.qasm,4,13,1,1,QDG-no-ED,0.38461538461538464,0.9999999999999996,0.0,1
VeriQBench,dqc_qft_4,veriqbench/dynamic/qft/dqc_qft_4.qasm,4,13,1,1,QDG-no-MD,0.07692307692307693,0.4999999999999999,0.5,0
VeriQBench,dqc_qft_4,veriqbench/dynamic/qft/dqc_qft_4.qasm,4,13,1,1,QDG-no-UED,0.15384615384615385,0.9999999999999996,0.0,1
VeriQBench,dqc_qft_4,veriqbench/dynamic/qft/dqc_qft_4.qasm,4,13,1,1,QDG-no-CD,0.23076923076923078,0.9999999999999996,0.0,1
VeriQBench,dqc_qft_4,veriqbench/dynamic/qft/dqc_qft_4.qasm,4,13,1,1,Classical PDG,0.07692307692307693,0.4999999999999999,0.5,0
VeriQBench,dqc_qft_4,veriqbench/dynamic/qft/dqc_qft_4.qasm,4,13,1,1,Causal-cone,0.07692307692307693,0.4999999999999999,0.5,0
VeriQBench,dqc_qft_4,veriqbench/dynamic/qft/dqc_qft_4.qasm,4,13,1,2,QSlice-full,0.6923076923076923,0.9999999999999996,0.0,1
VeriQBench,dqc_qft_4,veriqbench/dynamic/qft/dqc_qft_4.qasm,4,13,1,2,QDG-no-ED,0.6923076923076923,0.9999999999999996,0.0,1
VeriQBench,dqc_qft_4,veriqbench/dynamic/qft/dqc_qft_4.qasm,4,13,1,2,QDG-no-MD,0.07692307692307693,0.4999999999999999,0.5,0
VeriQBench,dqc_qft_4,veriqbench/dynamic/qft/dqc_qft_4.qasm,4,13,1,2,QDG-no-UED,0.15384615384615385,0.9999999999999996,0.0,1
VeriQBench,dqc_qft_4,veriqbench/dynamic/qft/dqc_qft_4.qasm,4,13,1,2,QDG-no-CD,0.23076923076923078,0.9999999999999996,0.0,1
VeriQBench,dqc_qft_4,veriqbench/dynamic/qft/dqc_qft_4.qasm,4,13,1,2,Classical PDG,0.07692307692307693,0.4999999999999999,0.5,0
VeriQBench,dqc_qft_4,veriqbench/dynamic/qft/dqc_qft_4.qasm,4,13,1,2,Causal-cone,0.07692307692307693,0.4999999999999999,0.5,0
VeriQBench,dqc_qft_4,veriqbench/dynamic/qft/dqc_qft_4.qasm,4,13,1,3,QSlice-full,1.0,0.9999999999999996,0.0,1
VeriQBench,dqc_qft_4,veriqbench/dynamic/qft/dqc_qft_4.qasm,4,13,1,3,QDG-no-ED,1.0,0.9999999999999996,0.0,1
VeriQBench,dqc_qft_4,veriqbench/dynamic/qft/dqc_qft_4.qasm,4,13,1,3,QDG-no-MD,0.5384615384615384,0.9999999999999996,0.0,1
VeriQBench,dqc_qft_4,veriqbench/dynamic/qft/dqc_qft_4.qasm,4,13,1,3,QDG-no-UED,0.7692307692307693,0.9999999999999996,0.0,1
VeriQBench,dqc_qft_4,veriqbench/dynamic/qft/dqc_qft_4.qasm,4,13,1,3,QDG-no-CD,0.3076923076923077,0.9999999999999996,0.0,1
VeriQBench,dqc_qft_4,veriqbench/dynamic/qft/dqc_qft_4.qasm,4,13,1,3,Classical PDG,0.3076923076923077,0.9999999999999996,0.0,1
VeriQBench,dqc_qft_4,veriqbench/dynamic/qft/dqc_qft_4.qasm,4,13,1,3,Causal-cone,0.3076923076923077,0.9999999999999996,0.0,1
VeriQBench,qft_4,veriqbench/combinational/qft/qft_4.qasm,4,10,0,0,QSlice-full,0.4,0.9999999999999991,2.220446049250313e-16,1
VeriQBench,qft_4,veriqbench/combinational/qft/qft_4.qasm,4,10,0,0,QDG-no-ED,0.4,0.9999999999999991,2.220446049250313e-16,1
VeriQBench,qft_4,veriqbench/combinational/qft/qft_4.qasm,4,10,0,0,QDG-no-MD,0.4,0.9999999999999991,2.220446049250313e-16,1
VeriQBench,qft_4,veriqbench/combinational/qft/qft_4.qasm,4,10,0,0,QDG-no-UED,0.4,0.9999999999999991,2.220446049250313e-16,1
VeriQBench,qft_4,veriqbench/combinational/qft/qft_4.qasm,4,10,0,0,QDG-no-CD,0.4,0.9999999999999991,2.220446049250313e-16,1
VeriQBench,qft_4,veriqbench/combinational/qft/qft_4.qasm,4,10,0,0,Classical PDG,0.4,0.9999999999999991,2.220446049250313e-16,1
VeriQBench,qft_4,veriqbench/combinational/qft/qft_4.qasm,4,10,0,0,Causal-cone,0.4,0.9999999999999991,2.220446049250313e-16,1
VeriQBench,qft_4,veriqbench/combinational/qft/qft_4.qasm,4,10,0,1,QSlice-full,0.7,0.9999999999999989,1.1102230246251565e-16,1
VeriQBench,qft_4,veriqbench/combinational/qft/qft_4.qasm,4,10,0,1,QDG-no-ED,0.4,0.9999999999999991,2.220446049250313e-16,1
VeriQBench,qft_4,veriqbench/combinational/qft/qft_4.qasm,4,10,0,1,QDG-no-MD,0.7,0.9999999999999989,1.1102230246251565e-16,1
VeriQBench,qft_4,veriqbench/combinational/qft/qft_4.qasm,4,10,0,1,QDG-no-UED,0.7,0.9999999999999989,1.1102230246251565e-16,1
VeriQBench,qft_4,veriqbench/combinational/qft/qft_4.qasm,4,10,0,1,QDG-no-CD,0.7,0.9999999999999989,1.1102230246251565e-16,1
VeriQBench,qft_4,veriqbench/combinational/qft/qft_4.qasm,4,10,0,1,Classical PDG,0.4,0.9999999999999991,2.220446049250313e-16,1
VeriQBench,qft_4,veriqbench/combinational/qft/qft_4.qasm,4,10,0,1,Causal-cone,0.7,0.9999999999999989,1.1102230246251565e-16,1
VeriQBench,qft_4,veriqbench/combinational/qft/qft_4.qasm,4,10,0,2,QSlice-full,0.9,0.9999999999999989,1.1102230246251565e-16,1
VeriQBench,qft_4,veriqbench/combinational/qft/qft_4.qasm,4,10,0,2,QDG-no-ED,0.4,0.9999999999999991,2.220446049250313e-16,1
VeriQBench,qft_4,veriqbench/combinational/qft/qft_4.qasm,4,10,0,2,QDG-no-MD,0.9,0.9999999999999989,1.1102230246251565e-16,1
VeriQBench,qft_4,veriqbench/combinational/qft/qft_4.qasm,4,10,0,2,QDG-no-UED,0.9,0.9999999999999989,1.1102230246251565e-16,1
VeriQBench,qft_4,veriqbench/combinational/qft/qft_4.qasm,4,10,0,2,QDG-no-CD,0.9,0.9999999999999989,1.1102230246251565e-16,1
VeriQBench,qft_4,veriqbench/combinational/qft/qft_4.qasm,4,10,0,2,Classical PDG,0.4,0.9999999999999991,2.220446049250313e-16,1
VeriQBench,qft_4,veriqbench/combinational/qft/qft_4.qasm,4,10,0,2,Causal-cone,0.9,0.9999999999999989,1.1102230246251565e-16,1
VeriQBench,qft_4,veriqbench/combinational/qft/qft_4.qasm,4,10,0,3,QSlice-full,1.0,0.9999999999999987,0.0,1
VeriQBench,qft_4,veriqbench/combinational/qft/qft_4.qasm,4,10,0,3,QDG-no-ED,0.4,0.9999999999999991,2.220446049250313e-16,1
VeriQBench,qft_4,veriqbench/combinational/qft/qft_4.qasm,4,10,0,3,QDG-no-MD,1.0,0.9999999999999987,0.0,1
VeriQBench,qft_4,veriqbench/combinational/qft/qft_4.qasm,4,10,0,3,QDG-no-UED,1.0,0.9999999999999987,0.0,1
VeriQBench,qft_4,veriqbench/combinational/qft/qft_4.qasm,4,10,0,3,QDG-no-CD,1.0,0.9999999999999987,0.0,1
VeriQBench,qft_4,veriqbench/combinational/qft/qft_4.qasm,4,10,0,3,Classical PDG,0.4,0.9999999999999991,2.220446049250313e-16,1
VeriQBench,qft_4,veriqbench/combinational/qft/qft_4.qasm,4,10,0,3,Causal-cone,1.0,0.9999999999999987,0.0,1
VeriQBench,rd32,veriqbench/combinational/rev_circuit/rd32.qasm,4,4,0,0,QSlice-full,0.5,1.0,0.0,1
VeriQBench,rd32,veriqbench/combinational/rev_circuit/rd32.qasm,4,4,0,0,QDG-no-ED,0.5,1.0,0.0,1
VeriQBench,rd32,veriqbench/combinational/rev_circuit/rd32.qasm,4,4,0,0,QDG-no-MD,0.5,1.0,0.0,1
VeriQBench,rd32,veriqbench/combinational/rev_circuit/rd32.qasm,4,4,0,0,QDG-no-UED,0.5,1.0,0.0,1
VeriQBench,rd32,veriqbench/combinational/rev_circuit/rd32.qasm,4,4,0,0,QDG-no-CD,0.5,1.0,0.0,1
VeriQBench,rd32,veriqbench/combinational/rev_circuit/rd32.qasm,4,4,0,0,Classical PDG,0.5,1.0,0.0,1
VeriQBench,rd32,veriqbench/combinational/rev_circuit/rd32.qasm,4,4,0,0,Causal-cone,0.5,1.0,0.0,1
VeriQBench,rd32,veriqbench/combinational/rev_circuit/rd32.qasm,4,4,0,1,QSlice-full,1.0,1.0,0.0,1
VeriQBench,rd32,veriqbench/combinational/rev_circuit/rd32.qasm,4,4,0,1,QDG-no-ED,1.0,1.0,0.0,1
VeriQBench,rd32,veriqbench/combinational/rev_circuit/rd32.qasm,4,4,0,1,QDG-no-MD,1.0,1.0,0.0,1
VeriQBench,rd32,veriqbench/combinational/rev_circuit/rd32.qasm,4,4,0,1,QDG-no-UED,1.0,1.0,0.0,1
VeriQBench,rd32,veriqbench/combinational/rev_circuit/rd32.qasm,4,4,0,1,QDG-no-CD,1.0,1.0,0.0,1
VeriQBench,rd32,veriqbench/combinational/rev_circuit/rd32.qasm,4,4,0,1,Classical PDG,1.0,1.0,0.0,1
VeriQBench,rd32,veriqbench/combinational/rev_circuit/rd32.qasm,4,4,0,1,Causal-cone,1.0,1.0,0.0,1
VeriQBench,rd32,veriqbench/combinational/rev_circuit/rd32.qasm,4,4,0,2,QSlice-full,1.0,1.0,0.0,1
VeriQBench,rd32,veriqbench/combinational/rev_circuit/rd32.qasm,4,4,0,2,QDG-no-ED,0.5,1.0,0.0,1
VeriQBench,rd32,veriqbench/combinational/rev_circuit/rd32.qasm,4,4,0,2,QDG-no-MD,1.0,1.0,0.0,1
VeriQBench,rd32,veriqbench/combinational/rev_circuit/rd32.qasm,4,4,0,2,QDG-no-UED,1.0,1.0,0.0,1
VeriQBench,rd32,veriqbench/combinational/rev_circuit/rd32.qasm,4,4,0,2,QDG-no-CD,1.0,1.0,0.0,1
VeriQBench,rd32,veriqbench/combinational/rev_circuit/rd32.qasm,4,4,0,2,Classical PDG,0.5,1.0,0.0,1
VeriQBench,rd32,veriqbench/combinational/rev_circuit/rd32.qasm,4,4,0,2,Causal-cone,1.0,1.0,0.0,1
VeriQBench,rd32,veriqbench/combinational/rev_circuit/rd32.qasm,4,4,0,3,QSlice-full,0.75,1.0,0.0,1
VeriQBench,rd32,veriqbench/combinational/rev_circuit/rd32.qasm,4,4,0,3,QDG-no-ED,0.5,1.0,0.0,1
VeriQBench,rd32,veriqbench/combinational/rev_circuit/rd32.qasm,4,4,0,3,QDG-no-MD,0.75,1.0,0.0,1
VeriQBench,rd32,veriqbench/combinational/rev_circuit/rd32.qasm,4,4,0,3,QDG-no-UED,0.75,1.0,0.0,1
VeriQBench,rd32,veriqbench/combinational/rev_circuit/rd32.qasm,4,4,0,3,QDG-no-CD,0.75,1.0,0.0,1
VeriQBench,rd32,veriqbench/combinational/rev_circuit/rd32.qasm,4,4,0,3,Classical PDG,0.5,1.0,0.0,1
VeriQBench,rd32,veriqbench/combinational/rev_circuit/rd32.qasm,4,4,0,3,Causal-cone,0.75,1.0,0.0,1
VeriQBench,dqc_pe_3,veriqbench/dynamic/pe/dqc_pe_3.qasm,4,14,1,0,QSlice-full,0.5714285714285714,0.9999999999999994,2.7755575615628914e-16,1
VeriQBench,dqc_pe_3,veriqbench/dynamic/pe/dqc_pe_3.qasm,4,14,1,0,QDG-no-ED,0.21428571428571427,0.4999999999999999,0.5,0
VeriQBench,dqc_pe_3,veriqbench/dynamic/pe/dqc_pe_3.qasm,4,14,1,0,QDG-no-MD,0.07142857142857142,1.0,0.0,1
VeriQBench,dqc_pe_3,veriqbench/dynamic/pe/dqc_pe_3.qasm,4,14,1,0,QDG-no-UED,0.14285714285714285,0.4999999999999999,0.5,0
VeriQBench,dqc_pe_3,veriqbench/dynamic/pe/dqc_pe_3.qasm,4,14,1,0,QDG-no-CD,0.5714285714285714,0.9999999999999994,2.7755575615628914e-16,1
VeriQBench,dqc_pe_3,veriqbench/dynamic/pe/dqc_pe_3.qasm,4,14,1,0,Classical PDG,0.07142857142857142,1.0,0.0,1
VeriQBench,dqc_pe_3,veriqbench/dynamic/pe/dqc_pe_3.qasm,4,14,1,0,Causal-cone,0.07142857142857142,1.0,0.0,1
VeriQBench,dqc_pe_3,veriqbench/dynamic/pe/dqc_pe_3.qasm,4,14,1,1,QSlice-full,0.7857142857142857,0.9999999999999998,1.1102230246251565e-16,1
VeriQBench,dqc_pe_3,veriqbench/dynamic/pe/dqc_pe_3.qasm,4,14,1,1,QDG-no-ED,0.5,0.4999999999999999,0.5,0
VeriQBench,dqc_pe_3,veriqbench/dynamic/pe/dqc_pe_3.qasm,4,14,1,1,QDG-no-MD,0.07142857142857142,1.0,0.0,1
VeriQBench,dqc_pe_3,veriqbench/dynamic/pe/dqc_pe_3.qasm,4,14,1,1,QDG-no-UED,0.14285714285714285,0.4999999999999999,0.5,0
VeriQBench,dqc_pe_3,veriqbench/dynamic/pe/dqc_pe_3.qasm,4,14,1,1,QDG-no-CD,0.21428571428571427,0.4999999999999999,0.5,0
VeriQBench,dqc_pe_3,veriqbench/dynamic/pe/dqc_pe_3.qasm,4,14,1,1,Classical PDG,0.07142857142857142,1.0,0.0,1
VeriQBench,dqc_pe_3,veriqbench/dynamic/pe/dqc_pe_3.qasm,4,14,1,1,Causal-cone,0.07142857142857142,1.0,0.0,1
VeriQBench,dqc_pe_3,veriqbench/dynamic/pe/dqc_pe_3.qasm,4,14,1,2,QSlice-full,1.0,1.0,0.0,1
VeriQBench,dqc_pe_3,veriqbench/dynamic/pe/dqc_pe_3.qasm,4,14,1,2,QDG-no-ED,0.8571428571428571,0.6249999999999998,0.48134620994057814,0
VeriQBench,dqc_pe_3,veriqbench/dynamic/pe/dqc_pe_3.qasm,4,14,1,2,QDG-no-MD,0.6428571428571429,0.6249999999999998,0.48134620994057814,0
VeriQBench,dqc_pe_3,veriqbench/dynamic/pe/dqc_pe_3.qasm,4,14,1,2,QDG-no-UED,0.7857142857142857,1.0,0.0,1
VeriQBench,dqc_pe_3,veriqbench/dynamic/pe/dqc_pe_3.qasm,4,14,1,2,QDG-no-CD,0.5,0.9999999999999994,2.777191176534139e-16,1
VeriQBench,dqc_pe_3,veriqbench/dynamic/pe/dqc_pe_3.qasm,4,14,1,2,Classical PDG,0.35714285714285715,0.9999999999999996,2.2441302559838233e-16,1
VeriQBench,dqc_pe_3,veriqbench/dynamic/pe/dqc_pe_3.qasm,4,14,1,2,Causal-cone,0.5,0.9999999999999994,2.777191176534139e-16,1
VeriQBench,dqc_pe_3,veriqbench/dynamic/pe/dqc_pe_3.qasm,4,14,1,3,QSlice-full,0.42857142857142855,0.9999999999999993,3.3306690738754696e-16,1
VeriQBench,dqc_pe_3,veriqbench/dynamic/pe/dqc_pe_3.qasm,4,14,1,3,QDG-no-ED,0.21428571428571427,1.0,0.0,1
VeriQBench,dqc_pe_3,veriqbench/dynamic/pe/dqc_pe_3.qasm,4,14,1,3,QDG-no-MD,0.42857142857142855,0.9999999999999993,3.3306690738754696e-16,1
VeriQBench,dqc_pe_3,veriqbench/dynamic/pe/dqc_pe_3.qasm,4,14,1,3,QDG-no-UED,0.42857142857142855,0.9999999999999993,3.3306690738754696e-16,1
VeriQBench,dqc_pe_3,veriqbench/dynamic/pe/dqc_pe_3.qasm,4,14,1,3,QDG-no-CD,0.42857142857142855,0.9999999999999993,3.3306690738754696e-16,1
VeriQBench,dqc_pe_3,veriqbench/dynamic/pe/dqc_pe_3.qasm,4,14,1,3,Classical PDG,0.21428571428571427,1.0,0.0,1
VeriQBench,dqc_pe_3,veriqbench/dynamic/pe/dqc_pe_3.qasm,4,14,1,3,Causal-cone,0.42857142857142855,0.9999999999999993,3.3306690738754696e-16,1
VeriQBench,pe_3,veriqbench/combinational/pe/pe_3.qasm,4,12,0,0,QSlice-full,0.75,0.9999999999999986,1.6653345369377348e-16,1
VeriQBench,pe_3,veriqbench/combinational/pe/pe_3.qasm,4,12,0,0,QDG-no-ED,0.4166666666666667,0.9999999999999987,2.231846791582436e-16,1
VeriQBench,pe_3,veriqbench/combinational/pe/pe_3.qasm,4,12,0,0,QDG-no-MD,0.75,0.9999999999999986,1.6653345369377348e-16,1
VeriQBench,pe_3,veriqbench/combinational/pe/pe_3.qasm,4,12,0,0,QDG-no-UED,0.75,0.9999999999999986,1.6653345369377348e-16,1
VeriQBench,pe_3,veriqbench/combinational/pe/pe_3.qasm,4,12,0,0,QDG-no-CD,0.75,0.9999999999999986,1.6653345369377348e-16,1
VeriQBench,pe_3,veriqbench/combinational/pe/pe_3.qasm,4,12,0,0,Classical PDG,0.4166666666666667,0.9999999999999987,2.231846791582436e-16,1
VeriQBench,pe_3,veriqbench/combinational/pe/pe_3.qasm,4,12,0,0,Causal-cone,0.75,0.9999999999999986,1.6653345369377348e-16,1
VeriQBench,pe_3,veriqbench/combinational/pe/pe_3.qasm,4,12,0,1,QSlice-full,0.9166666666666666,0.9999999999999983,5.551115123125783e-17,1
VeriQBench,pe_3,veriqbench/combinational/pe/pe_3.qasm,4,12,0,1,QDG-no-ED,0.4166666666666667,0.9999999999999987,2.237469492692144e-16,1
VeriQBench,pe_3,veriqbench/combinational/pe/pe_3.qasm,4,12,0,1,QDG-no-MD,0.9166666666666666,0.9999999999999983,5.551115123125783e-17,1
VeriQBench,pe_3,veriqbench/combinational/pe/pe_3.qasm,4,12,0,1,QDG-no-UED,0.9166666666666666,0.9999999999999983,5.551115123125783e-17,1
VeriQBench,pe_3,veriqbench/combinational/pe/pe_3.qasm,4,12,0,1,QDG-no-CD,0.9166666666666666,0.9999999999999983,5.551115123125783e-17,1
VeriQBench,pe_3,veriqbench/combinational/pe/pe_3.qasm,4,12,0,1,Classical PDG,0.4166666666666667,0.9999999999999987,2.237469492692144e-16,1
VeriQBench,pe_3,veriqbench/combinational/pe/pe_3.qasm,4,12,0,1,Causal-cone,0.9166666666666666,0.9999999999999983,5.551115123125783e-17,1
VeriQBench,pe_3,veriqbench/combinational/pe/pe_3.qasm,4,12,0,2,QSlice-full,1.0,0.9999999999999982,0.0,1
VeriQBench,pe_3,veriqbench/combinational/pe/pe_3.qasm,4,12,0,2,QDG-no-ED,0.4166666666666667,0.9999999999999987,2.267567100222774e-16,1
VeriQBench,pe_3,veriqbench/combinational/pe/pe_3.qasm,4,12,0,2,QDG-no-MD,1.0,0.9999999999999982,0.0,1
VeriQBench,pe_3,veriqbench/combinational/pe/pe_3.qasm,4,12,0,2,QDG-no-UED,1.0,0.9999999999999982,0.0,1
VeriQBench,pe_3,veriqbench/combinational/pe/pe_3.qasm,4,12,0,2,QDG-no-CD,1.0,0.9999999999999982,0.0,1
VeriQBench,pe_3,veriqbench/combinational/pe/pe_3.qasm,4,12,0,2,Classical PDG,0.4166666666666667,0.9999999999999987,2.267567100222774e-16,1
VeriQBench,pe_3,veriqbench/combinational/pe/pe_3.qasm,4,12,0,2,Causal-cone,1.0,0.9999999999999982,0.0,1
VeriQBench,pe_3,veriqbench/combinational/pe/pe_3.qasm,4,12,0,3,QSlice-full,0.5,0.9999999999999984,1.1102230246251565e-16,1
VeriQBench,pe_3,veriqbench/combinational/pe/pe_3.qasm,4,12,0,3,QDG-no-ED,0.25,0.9999999999999991,4.440892098500626e-16,1
VeriQBench,pe_3,veriqbench/combinational/pe/pe_3.qasm,4,12,0,3,QDG-no-MD,0.5,0.9999999999999984,1.1102230246251565e-16,1
VeriQBench,pe_3,veriqbench/combinational/pe/pe_3.qasm,4,12,0,3,QDG-no-UED,0.5,0.9999999999999984,1.1102230246251565e-16,1
VeriQBench,pe_3,veriqbench/combinational/pe/pe_3.qasm,4,12,0,3,QDG-no-CD,0.5,0.9999999999999984,1.1102230246251565e-16,1
VeriQBench,pe_3,veriqbench/combinational/pe/pe_3.qasm,4,12,0,3,Classical PDG,0.25,0.9999999999999991,4.440892098500626e-16,1
VeriQBench,pe_3,veriqbench/combinational/pe/pe_3.qasm,4,12,0,3,Causal-cone,0.5,0.9999999999999984,1.1102230246251565e-16,1
VeriQBench,mspk_nth_primes4_11,veriqbench/combinational/rev_circuit/mspk_nth_primes4_11.qasm,4,11,0,0,QSlice-full,1.0,0.9999999999999982,0.0,1
VeriQBench,mspk_nth_primes4_11,veriqbench/combinational/rev_circuit/mspk_nth_primes4_11.qasm,4,11,0,0,QDG-no-ED,0.6363636363636364,0.9999999999999982,0.0,1
VeriQBench,mspk_nth_primes4_11,veriqbench/combinational/rev_circuit/mspk_nth_primes4_11.qasm,4,11,0,0,QDG-no-MD,1.0,0.9999999999999982,0.0,1
VeriQBench,mspk_nth_primes4_11,veriqbench/combinational/rev_circuit/mspk_nth_primes4_11.qasm,4,11,0,0,QDG-no-UED,1.0,0.9999999999999982,0.0,1
VeriQBench,mspk_nth_primes4_11,veriqbench/combinational/rev_circuit/mspk_nth_primes4_11.qasm,4,11,0,0,QDG-no-CD,1.0,0.9999999999999982,0.0,1
VeriQBench,mspk_nth_primes4_11,veriqbench/combinational/rev_circuit/mspk_nth_primes4_11.qasm,4,11,0,0,Classical PDG,0.6363636363636364,0.9999999999999982,0.0,1
VeriQBench,mspk_nth_primes4_11,veriqbench/combinational/rev_circuit/mspk_nth_primes4_11.qasm,4,11,0,0,Causal-cone,1.0,0.9999999999999982,0.0,1
VeriQBench,mspk_nth_primes4_11,veriqbench/combinational/rev_circuit/mspk_nth_primes4_11.qasm,4,11,0,1,QSlice-full,1.0,0.9999999999999982,0.0,1
VeriQBench,mspk_nth_primes4_11,veriqbench/combinational/rev_circuit/mspk_nth_primes4_11.qasm,4,11,0,1,QDG-no-ED,1.0,0.9999999999999982,0.0,1
VeriQBench,mspk_nth_primes4_11,veriqbench/combinational/rev_circuit/mspk_nth_primes4_11.qasm,4,11,0,1,QDG-no-MD,1.0,0.9999999999999982,0.0,1
VeriQBench,mspk_nth_primes4_11,veriqbench/combinational/rev_circuit/mspk_nth_primes4_11.qasm,4,11,0,1,QDG-no-UED,1.0,0.9999999999999982,0.0,1
VeriQBench,mspk_nth_primes4_11,veriqbench/combinational/rev_circuit/mspk_nth_primes4_11.qasm,4,11,0,1,QDG-no-CD,1.0,0.9999999999999982,0.0,1
VeriQBench,mspk_nth_primes4_11,veriqbench/combinational/rev_circuit/mspk_nth_primes4_11.qasm,4,11,0,1,Classical PDG,1.0,0.9999999999999982,0.0,1
VeriQBench,mspk_nth_primes4_11,veriqbench/combinational/rev_circuit/mspk_nth_primes4_11.qasm,4,11,0,1,Causal-cone,1.0,0.9999999999999982,0.0,1
VeriQBench,mspk_nth_primes4_11,veriqbench/combinational/rev_circuit/mspk_nth_primes4_11.qasm,4,11,0,2,QSlice-full,1.0,0.9999999999999982,0.0,1
VeriQBench,mspk_nth_primes4_11,veriqbench/combinational/rev_circuit/mspk_nth_primes4_11.qasm,4,11,0,2,QDG-no-ED,0.6363636363636364,0.9999999999999982,0.0,1
VeriQBench,mspk_nth_primes4_11,veriqbench/combinational/rev_circuit/mspk_nth_primes4_11.qasm,4,11,0,2,QDG-no-MD,1.0,0.9999999999999982,0.0,1
VeriQBench,mspk_nth_primes4_11,veriqbench/combinational/rev_circuit/mspk_nth_primes4_11.qasm,4,11,0,2,QDG-no-UED,1.0,0.9999999999999982,0.0,1
VeriQBench,mspk_nth_primes4_11,veriqbench/combinational/rev_circuit/mspk_nth_primes4_11.qasm,4,11,0,2,QDG-no-CD,1.0,0.9999999999999982,0.0,1
VeriQBench,mspk_nth_primes4_11,veriqbench/combinational/rev_circuit/mspk_nth_primes4_11.qasm,4,11,0,2,Classical PDG,0.6363636363636364,0.9999999999999982,0.0,1
VeriQBench,mspk_nth_primes4_11,veriqbench/combinational/rev_circuit/mspk_nth_primes4_11.qasm,4,11,0,2,Causal-cone,1.0,0.9999999999999982,0.0,1
VeriQBench,mspk_nth_primes4_11,veriqbench/combinational/rev_circuit/mspk_nth_primes4_11.qasm,4,11,0,3,QSlice-full,1.0,0.9999999999999982,0.0,1
VeriQBench,mspk_nth_primes4_11,veriqbench/combinational/rev_circuit/mspk_nth_primes4_11.qasm,4,11,0,3,QDG-no-ED,0.5454545454545454,0.9999999999999982,0.0,1
VeriQBench,mspk_nth_primes4_11,veriqbench/combinational/rev_circuit/mspk_nth_primes4_11.qasm,4,11,0,3,QDG-no-MD,1.0,0.9999999999999982,0.0,1
VeriQBench,mspk_nth_primes4_11,veriqbench/combinational/rev_circuit/mspk_nth_primes4_11.qasm,4,11,0,3,QDG-no-UED,1.0,0.9999999999999982,0.0,1
VeriQBench,mspk_nth_primes4_11,veriqbench/combinational/rev_circuit/mspk_nth_primes4_11.qasm,4,11,0,3,QDG-no-CD,1.0,0.9999999999999982,0.0,1
VeriQBench,mspk_nth_primes4_11,veriqbench/combinational/rev_circuit/mspk_nth_primes4_11.qasm,4,11,0,3,Classical PDG,0.5454545454545454,0.9999999999999982,0.0,1
VeriQBench,mspk_nth_primes4_11,veriqbench/combinational/rev_circuit/mspk_nth_primes4_11.qasm,4,11,0,3,Causal-cone,1.0,0.9999999999999982,0.0,1
VeriQBench,nth_prime4_inc_d2,veriqbench/combinational/rev_circuit/nth_prime4_inc_d2.qasm,4,11,0,0,QSlice-full,1.0,0.9999999999999982,0.0,1
VeriQBench,nth_prime4_inc_d2,veriqbench/combinational/rev_circuit/nth_prime4_inc_d2.qasm,4,11,0,0,QDG-no-ED,0.6363636363636364,0.9999999999999982,0.0,1
VeriQBench,nth_prime4_inc_d2,veriqbench/combinational/rev_circuit/nth_prime4_inc_d2.qasm,4,11,0,0,QDG-no-MD,1.0,0.9999999999999982,0.0,1
VeriQBench,nth_prime4_inc_d2,veriqbench/combinational/rev_circuit/nth_prime4_inc_d2.qasm,4,11,0,0,QDG-no-UED,1.0,0.9999999999999982,0.0,1
VeriQBench,nth_prime4_inc_d2,veriqbench/combinational/rev_circuit/nth_prime4_inc_d2.qasm,4,11,0,0,QDG-no-CD,1.0,0.9999999999999982,0.0,1
VeriQBench,nth_prime4_inc_d2,veriqbench/combinational/rev_circuit/nth_prime4_inc_d2.qasm,4,11,0,0,Classical PDG,0.6363636363636364,0.9999999999999982,0.0,1
VeriQBench,nth_prime4_inc_d2,veriqbench/combinational/rev_circuit/nth_prime4_inc_d2.qasm,4,11,0,0,Causal-cone,1.0,0.9999999999999982,0.0,1
VeriQBench,nth_prime4_inc_d2,veriqbench/combinational/rev_circuit/nth_prime4_inc_d2.qasm,4,11,0,1,QSlice-full,1.0,0.9999999999999982,0.0,1
VeriQBench,nth_prime4_inc_d2,veriqbench/combinational/rev_circuit/nth_prime4_inc_d2.qasm,4,11,0,1,QDG-no-ED,1.0,0.9999999999999982,0.0,1
VeriQBench,nth_prime4_inc_d2,veriqbench/combinational/rev_circuit/nth_prime4_inc_d2.qasm,4,11,0,1,QDG-no-MD,1.0,0.9999999999999982,0.0,1
VeriQBench,nth_prime4_inc_d2,veriqbench/combinational/rev_circuit/nth_prime4_inc_d2.qasm,4,11,0,1,QDG-no-UED,1.0,0.9999999999999982,0.0,1
VeriQBench,nth_prime4_inc_d2,veriqbench/combinational/rev_circuit/nth_prime4_inc_d2.qasm,4,11,0,1,QDG-no-CD,1.0,0.9999999999999982,0.0,1
VeriQBench,nth_prime4_inc_d2,veriqbench/combinational/rev_circuit/nth_prime4_inc_d2.qasm,4,11,0,1,Classical PDG,1.0,0.9999999999999982,0.0,1
VeriQBench,nth_prime4_inc_d2,veriqbench/combinational/rev_circuit/nth_prime4_inc_d2.qasm,4,11,0,1,Causal-cone,1.0,0.9999999999999982,0.0,1
VeriQBench,nth_prime4_inc_d2,veriqbench/combinational/rev_circuit/nth_prime4_inc_d2.qasm,4,11,0,2,QSlice-full,1.0,0.9999999999999982,0.0,1
VeriQBench,nth_prime4_inc_d2,veriqbench/combinational/rev_circuit/nth_prime4_inc_d2.qasm,4,11,0,2,QDG-no-ED,0.6363636363636364,0.9999999999999982,0.0,1
VeriQBench,nth_prime4_inc_d2,veriqbench/combinational/rev_circuit/nth_prime4_inc_d2.qasm,4,11,0,2,QDG-no-MD,1.0,0.9999999999999982,0.0,1
VeriQBench,nth_prime4_inc_d2,veriqbench/combinational/rev_circuit/nth_prime4_inc_d2.qasm,4,11,0,2,QDG-no-UED,1.0,0.9999999999999982,0.0,1
VeriQBench,nth_prime4_inc_d2,veriqbench/combinational/rev_circuit/nth_prime4_inc_d2.qasm,4,11,0,2,QDG-no-CD,1.0,0.9999999999999982,0.0,1
VeriQBench,nth_prime4_inc_d2,veriqbench/combinational/rev_circuit/nth_prime4_inc_d2.qasm,4,11,0,2,Classical PDG,0.6363636363636364,0.9999999999999982,0.0,1
VeriQBench,nth_prime4_inc_d2,veriqbench/combinational/rev_circuit/nth_prime4_inc_d2.qasm,4,11,0,2,Causal-cone,1.0,0.9999999999999982,0.0,1
VeriQBench,nth_prime4_inc_d2,veriqbench/combinational/rev_circuit/nth_prime4_inc_d2.qasm,4,11,0,3,QSlice-full,1.0,0.9999999999999982,0.0,1
VeriQBench,nth_prime4_inc_d2,veriqbench/combinational/rev_circuit/nth_prime4_inc_d2.qasm,4,11,0,3,QDG-no-ED,0.5454545454545454,0.9999999999999982,0.0,1
VeriQBench,nth_prime4_inc_d2,veriqbench/combinational/rev_circuit/nth_prime4_inc_d2.qasm,4,11,0,3,QDG-no-MD,1.0,0.9999999999999982,0.0,1
VeriQBench,nth_prime4_inc_d2,veriqbench/combinational/rev_circuit/nth_prime4_inc_d2.qasm,4,11,0,3,QDG-no-UED,1.0,0.9999999999999982,0.0,1
VeriQBench,nth_prime4_inc_d2,veriqbench/combinational/rev_circuit/nth_prime4_inc_d2.qasm,4,11,0,3,QDG-no-CD,1.0,0.9999999999999982,0.0,1
VeriQBench,nth_prime4_inc_d2,veriqbench/combinational/rev_circuit/nth_prime4_inc_d2.qasm,4,11,0,3,Classical PDG,0.5454545454545454,0.9999999999999982,0.0,1
VeriQBench,nth_prime4_inc_d2,veriqbench/combinational/rev_circuit/nth_prime4_inc_d2.qasm,4,11,0,3,Causal-cone,1.0,0.9999999999999982,0.0,1
VeriQBench,nth_prime4_inc_d1,veriqbench/combinational/rev_circuit/nth_prime4_inc_d1.qasm,4,12,0,0,QSlice-full,1.0,0.9999999999999982,0.0,1
VeriQBench,nth_prime4_inc_d1,veriqbench/combinational/rev_circuit/nth_prime4_inc_d1.qasm,4,12,0,0,QDG-no-ED,0.6666666666666666,0.9999999999999982,0.0,1
VeriQBench,nth_prime4_inc_d1,veriqbench/combinational/rev_circuit/nth_prime4_inc_d1.qasm,4,12,0,0,QDG-no-MD,1.0,0.9999999999999982,0.0,1
VeriQBench,nth_prime4_inc_d1,veriqbench/combinational/rev_circuit/nth_prime4_inc_d1.qasm,4,12,0,0,QDG-no-UED,1.0,0.9999999999999982,0.0,1
VeriQBench,nth_prime4_inc_d1,veriqbench/combinational/rev_circuit/nth_prime4_inc_d1.qasm,4,12,0,0,QDG-no-CD,1.0,0.9999999999999982,0.0,1
VeriQBench,nth_prime4_inc_d1,veriqbench/combinational/rev_circuit/nth_prime4_inc_d1.qasm,4,12,0,0,Classical PDG,0.6666666666666666,0.9999999999999982,0.0,1
VeriQBench,nth_prime4_inc_d1,veriqbench/combinational/rev_circuit/nth_prime4_inc_d1.qasm,4,12,0,0,Causal-cone,1.0,0.9999999999999982,0.0,1
VeriQBench,nth_prime4_inc_d1,veriqbench/combinational/rev_circuit/nth_prime4_inc_d1.qasm,4,12,0,1,QSlice-full,1.0,0.9999999999999982,0.0,1
VeriQBench,nth_prime4_inc_d1,veriqbench/combinational/rev_circuit/nth_prime4_inc_d1.qasm,4,12,0,1,QDG-no-ED,1.0,0.9999999999999982,0.0,1
VeriQBench,nth_prime4_inc_d1,veriqbench/combinational/rev_circuit/nth_prime4_inc_d1.qasm,4,12,0,1,QDG-no-MD,1.0,0.9999999999999982,0.0,1
VeriQBench,nth_prime4_inc_d1,veriqbench/combinational/rev_circuit/nth_prime4_inc_d1.qasm,4,12,0,1,QDG-no-UED,1.0,0.9999999999999982,0.0,1
VeriQBench,nth_prime4_inc_d1,veriqbench/combinational/rev_circuit/nth_prime4_inc_d1.qasm,4,12,0,1,QDG-no-CD,1.0,0.9999999999999982,0.0,1
VeriQBench,nth_prime4_inc_d1,veriqbench/combinational/rev_circuit/nth_prime4_inc_d1.qasm,4,12,0,1,Classical PDG,1.0,0.9999999999999982,0.0,1
VeriQBench,nth_prime4_inc_d1,veriqbench/combinational/rev_circuit/nth_prime4_inc_d1.qasm,4,12,0,1,Causal-cone,1.0,0.9999999999999982,0.0,1
VeriQBench,nth_prime4_inc_d1,veriqbench/combinational/rev_circuit/nth_prime4_inc_d1.qasm,4,12,0,2,QSlice-full,0.6666666666666666,0.9999999999999982,0.0,1
VeriQBench,nth_prime4_inc_d1,veriqbench/combinational/rev_circuit/nth_prime4_inc_d1.qasm,4,12,0,2,QDG-no-ED,0.5833333333333334,0.9999999999999982,5.5511151231257784e-17,1
VeriQBench,nth_prime4_inc_d1,veriqbench/combinational/rev_circuit/nth_prime4_inc_d1.qasm,4,12,0,2,QDG-no-MD,0.6666666666666666,0.9999999999999982,0.0,1
VeriQBench,nth_prime4_inc_d1,veriqbench/combinational/rev_circuit/nth_prime4_inc_d1.qasm,4,12,0,2,QDG-no-UED,0.6666666666666666,0.9999999999999982,0.0,1
VeriQBench,nth_prime4_inc_d1,veriqbench/combinational/rev_circuit/nth_prime4_inc_d1.qasm,4,12,0,2,QDG-no-CD,0.6666666666666666,0.9999999999999982,0.0,1
VeriQBench,nth_prime4_inc_d1,veriqbench/combinational/rev_circuit/nth_prime4_inc_d1.qasm,4,12,0,2,Classical PDG,0.5833333333333334,0.9999999999999982,5.5511151231257784e-17,1
VeriQBench,nth_prime4_inc_d1,veriqbench/combinational/rev_circuit/nth_prime4_inc_d1.qasm,4,12,0,2,Causal-cone,0.6666666666666666,0.9999999999999982,0.0,1
VeriQBench,nth_prime4_inc_d1,veriqbench/combinational/rev_circuit/nth_prime4_inc_d1.qasm,4,12,0,3,QSlice-full,0.9166666666666666,0.9999999999999982,0.0,1
VeriQBench,nth_prime4_inc_d1,veriqbench/combinational/rev_circuit/nth_prime4_inc_d1.qasm,4,12,0,3,QDG-no-ED,0.5833333333333334,0.9999999999999982,0.0,1
VeriQBench,nth_prime4_inc_d1,veriqbench/combinational/rev_circuit/nth_prime4_inc_d1.qasm,4,12,0,3,QDG-no-MD,0.9166666666666666,0.9999999999999982,0.0,1
VeriQBench,nth_prime4_inc_d1,veriqbench/combinational/rev_circuit/nth_prime4_inc_d1.qasm,4,12,0,3,QDG-no-UED,0.9166666666666666,0.9999999999999982,0.0,1
VeriQBench,nth_prime4_inc_d1,veriqbench/combinational/rev_circuit/nth_prime4_inc_d1.qasm,4,12,0,3,QDG-no-CD,0.9166666666666666,0.9999999999999982,0.0,1
VeriQBench,nth_prime4_inc_d1,veriqbench/combinational/rev_circuit/nth_prime4_inc_d1.qasm,4,12,0,3,Classical PDG,0.5833333333333334,0.9999999999999982,0.0,1
VeriQBench,nth_prime4_inc_d1,veriqbench/combinational/rev_circuit/nth_prime4_inc_d1.qasm,4,12,0,3,Causal-cone,0.9166666666666666,0.9999999999999982,0.0,1
VeriQBench,hwb4-11-21,veriqbench/combinational/rev_circuit/hwb4-11-21.qasm,4,11,0,0,QSlice-full,0.9090909090909091,1.0,0.0,1
VeriQBench,hwb4-11-21,veriqbench/combinational/rev_circuit/hwb4-11-21.qasm,4,11,0,0,QDG-no-ED,0.5454545454545454,1.0,0.0,1
VeriQBench,hwb4-11-21,veriqbench/combinational/rev_circuit/hwb4-11-21.qasm,4,11,0,0,QDG-no-MD,0.9090909090909091,1.0,0.0,1
VeriQBench,hwb4-11-21,veriqbench/combinational/rev_circuit/hwb4-11-21.qasm,4,11,0,0,QDG-no-UED,0.9090909090909091,1.0,0.0,1
VeriQBench,hwb4-11-21,veriqbench/combinational/rev_circuit/hwb4-11-21.qasm,4,11,0,0,QDG-no-CD,0.9090909090909091,1.0,0.0,1
VeriQBench,hwb4-11-21,veriqbench/combinational/rev_circuit/hwb4-11-21.qasm,4,11,0,0,Classical PDG,0.5454545454545454,1.0,0.0,1
VeriQBench,hwb4-11-21,veriqbench/combinational/rev_circuit/hwb4-11-21.qasm,4,11,0,0,Causal-cone,0.9090909090909091,1.0,0.0,1
VeriQBench,hwb4-11-21,veriqbench/combinational/rev_circuit/hwb4-11-21.qasm,4,11,0,1,QSlice-full,1.0,1.0,0.0,1
VeriQBench,hwb4-11-21,veriqbench/combinational/rev_circuit/hwb4-11-21.qasm,4,11,0,1,QDG-no-ED,0.5454545454545454,1.0,0.0,1
VeriQBench,hwb4-11-21,veriqbench/combinational/rev_circuit/hwb4-11-21.qasm,4,11,0,1,QDG-no-MD,1.0,1.0,0.0,1
VeriQBench,hwb4-11-21,veriqbench/combinational/rev_circuit/hwb4-11-21.qasm,4,11,0,1,QDG-no-UED,1.0,1.0,0.0,1
VeriQBench,hwb4-11-21,veriqbench/combinational/rev_circuit/hwb4-11-21.qasm,4,11,0,1,QDG-no-CD,1.0,1.0,0.0,1
VeriQBench,hwb4-11-21,veriqbench/combinational/rev_circuit/hwb4-11-21.qasm,4,11,0,1,Classical PDG,0.5454545454545454,1.0,0.0,1
VeriQBench,hwb4-11-21,veriqbench/combinational/rev_circuit/hwb4-11-21.qasm,4,11,0,1,Causal-cone,1.0,1.0,0.0,1
VeriQBench,hwb4-11-21,veriqbench/combinational/rev_circuit/hwb4-11-21.qasm,4,11,0,2,QSlice-full,0.9090909090909091,1.0,0.0,1
VeriQBench,hwb4-11-21,veriqbench/combinational/rev_circuit/hwb4-11-21.qasm,4,11,0,2,QDG-no-ED,0.6363636363636364,1.0,0.0,1
VeriQBench,hwb4-11-21,veriqbench/combinational/rev_circuit/hwb4-11-21.qasm,4,11,0,2,QDG-no-MD,0.9090909090909091,1.0,0.0,1
VeriQBench,hwb4-11-21,veriqbench/combinational/rev_circuit/hwb4-11-21.qasm,4,11,0,2,QDG-no-UED,0.9090909090909091,1.0,0.0,1
VeriQBench,hwb4-11-21,veriqbench/combinational/rev_circuit/hwb4-11-21.qasm,4,11,0,2,QDG-no-CD,0.9090909090909091,1.0,0.0,1
VeriQBench,hwb4-11-21,veriqbench/combinational/rev_circuit/hwb4-11-21.qasm,4,11,0,2,Classical PDG,0.6363636363636364,1.0,0.0,1
VeriQBench,hwb4-11-21,veriqbench/combinational/rev_circuit/hwb4-11-21.qasm,4,11,0,2,Causal-cone,0.9090909090909091,1.0,0.0,1
VeriQBench,hwb4-11-21,veriqbench/combinational/rev_circuit/hwb4-11-21.qasm,4,11,0,3,QSlice-full,1.0,1.0,0.0,1
VeriQBench,hwb4-11-21,veriqbench/combinational/rev_circuit/hwb4-11-21.qasm,4,11,0,3,QDG-no-ED,0.5454545454545454,1.0,0.0,1
VeriQBench,hwb4-11-21,veriqbench/combinational/rev_circuit/hwb4-11-21.qasm,4,11,0,3,QDG-no-MD,1.0,1.0,0.0,1
VeriQBench,hwb4-11-21,veriqbench/combinational/rev_circuit/hwb4-11-21.qasm,4,11,0,3,QDG-no-UED,1.0,1.0,0.0,1
VeriQBench,hwb4-11-21,veriqbench/combinational/rev_circuit/hwb4-11-21.qasm,4,11,0,3,QDG-no-CD,1.0,1.0,0.0,1
VeriQBench,hwb4-11-21,veriqbench/combinational/rev_circuit/hwb4-11-21.qasm,4,11,0,3,Classical PDG,0.5454545454545454,1.0,0.0,1
VeriQBench,hwb4-11-21,veriqbench/combinational/rev_circuit/hwb4-11-21.qasm,4,11,0,3,Causal-cone,1.0,1.0,0.0,1
VeriQBench,bv_4,veriqbench/combinational/bv/bv_4.qasm,4,12,0,0,QSlice-full,0.5833333333333334,0.9999999999999979,2.7755575615628914e-16,1
VeriQBench,bv_4,veriqbench/combinational/bv/bv_4.qasm,4,12,0,0,QDG-no-ED,0.25,0.4999999999999991,0.49999999999999933,0
VeriQBench,bv_4,veriqbench/combinational/bv/bv_4.qasm,4,12,0,0,QDG-no-MD,0.5833333333333334,0.9999999999999979,2.7755575615628914e-16,1
VeriQBench,bv_4,veriqbench/combinational/bv/bv_4.qasm,4,12,0,0,QDG-no-UED,0.5,3.628421388053341e-34,0.9999999999999989,0
VeriQBench,bv_4,veriqbench/combinational/bv/bv_4.qasm,4,12,0,0,QDG-no-CD,0.5833333333333334,0.9999999999999979,2.7755575615628914e-16,1
VeriQBench,bv_4,veriqbench/combinational/bv/bv_4.qasm,4,12,0,0,Classical PDG,0.25,0.4999999999999991,0.49999999999999933,0
VeriQBench,bv_4,veriqbench/combinational/bv/bv_4.qasm,4,12,0,0,Causal-cone,0.5833333333333334,0.9999999999999979,2.7755575615628914e-16,1
VeriQBench,bv_4,veriqbench/combinational/bv/bv_4.qasm,4,12,0,1,QSlice-full,0.6666666666666666,0.9999999999999979,2.779132432111337e-16,1
VeriQBench,bv_4,veriqbench/combinational/bv/bv_4.qasm,4,12,0,1,QDG-no-ED,0.25,0.4999999999999991,0.49999999999999933,0
VeriQBench,bv_4,veriqbench/combinational/bv/bv_4.qasm,4,12,0,1,QDG-no-MD,0.6666666666666666,0.9999999999999979,2.779132432111337e-16,1
VeriQBench,bv_4,veriqbench/combinational/bv/bv_4.qasm,4,12,0,1,QDG-no-UED,0.5833333333333334,1.0982601342500315e-33,0.9999999999999989,0
VeriQBench,bv_4,veriqbench/combinational/bv/bv_4.qasm,4,12,0,1,QDG-no-CD,0.6666666666666666,0.9999999999999979,2.779132432111337e-16,1
VeriQBench,bv_4,veriqbench/combinational/bv/bv_4.qasm,4,12,0,1,Classical PDG,0.25,0.4999999999999991,0.49999999999999933,0
VeriQBench,bv_4,veriqbench/combinational/bv/bv_4.qasm,4,12,0,1,Causal-cone,0.6666666666666666,0.9999999999999979,2.779132432111337e-16,1
VeriQBench,bv_4,veriqbench/combinational/bv/bv_4.qasm,4,12,0,2,QSlice-full,0.75,0.9999999999999979,2.7850654842650096e-16,1
VeriQBench,bv_4,veriqbench/combinational/bv/bv_4.qasm,4,12,0,2,QDG-no-ED,0.25,0.4999999999999991,0.49999999999999933,0
VeriQBench,bv_4,veriqbench/combinational/bv/bv_4.qasm,4,12,0,2,QDG-no-MD,0.75,0.9999999999999979,2.7850654842650096e-16,1
VeriQBench,bv_4,veriqbench/combinational/bv/bv_4.qasm,4,12,0,2,QDG-no-UED,0.6666666666666666,1.5563467254518703e-35,0.9999999999999989,0
VeriQBench,bv_4,veriqbench/combinational/bv/bv_4.qasm,4,12,0,2,QDG-no-CD,0.75,0.9999999999999979,2.7850654842650096e-16,1
VeriQBench,bv_4,veriqbench/combinational/bv/bv_4.qasm,4,12,0,2,Classical PDG,0.25,0.4999999999999991,0.49999999999999933,0
VeriQBench,bv_4,veriqbench/combinational/bv/bv_4.qasm,4,12,0,2,Causal-cone,0.75,0.9999999999999979,2.7850654842650096e-16,1
VeriQBench,bv_4,veriqbench/combinational/bv/bv_4.qasm,4,12,0,3,QSlice-full,1.0,0.9999999999999973,0.0,1
VeriQBench,bv_4,veriqbench/combinational/bv/bv_4.qasm,4,12,0,3,QDG-no-ED,0.5,0.9999999999999982,4.442934248609309e-16,1
VeriQBench,bv_4,veriqbench/combinational/bv/bv_4.qasm,4,12,0,3,QDG-no-MD,1.0,0.9999999999999973,0.0,1
VeriQBench,bv_4,veriqbench/combinational/bv/bv_4.qasm,4,12,0,3,QDG-no-UED,1.0,0.9999999999999973,0.0,1
VeriQBench,bv_4,veriqbench/combinational/bv/bv_4.qasm,4,12,0,3,QDG-no-CD,1.0,0.9999999999999973,0.0,1
VeriQBench,bv_4,veriqbench/combinational/bv/bv_4.qasm,4,12,0,3,Classical PDG,0.5,0.9999999999999982,4.442934248609309e-16,1
VeriQBench,bv_4,veriqbench/combinational/bv/bv_4.qasm,4,12,0,3,Causal-cone,1.0,0.9999999999999973,0.0,1
VeriQBench,mspk_4_49_12,veriqbench/combinational/rev_circuit/mspk_4_49_12.qasm,4,12,0,0,QSlice-full,0.8333333333333334,1.0,0.0,1
VeriQBench,mspk_4_49_12,veriqbench/combinational/rev_circuit/mspk_4_49_12.qasm,4,12,0,0,QDG-no-ED,0.75,1.0,0.0,1
VeriQBench,mspk_4_49_12,veriqbench/combinational/rev_circuit/mspk_4_49_12.qasm,4,12,0,0,QDG-no-MD,0.8333333333333334,1.0,0.0,1
VeriQBench,mspk_4_49_12,veriqbench/combinational/rev_circuit/mspk_4_49_12.qasm,4,12,0,0,QDG-no-UED,0.8333333333333334,1.0,0.0,1
VeriQBench,mspk_4_49_12,veriqbench/combinational/rev_circuit/mspk_4_49_12.qasm,4,12,0,0,QDG-no-CD,0.8333333333333334,1.0,0.0,1
VeriQBench,mspk_4_49_12,veriqbench/combinational/rev_circuit/mspk_4_49_12.qasm,4,12,0,0,Classical PDG,0.75,1.0,0.0,1
VeriQBench,mspk_4_49_12,veriqbench/combinational/rev_circuit/mspk_4_49_12.qasm,4,12,0,0,Causal-cone,0.8333333333333334,1.0,0.0,1
VeriQBench,mspk_4_49_12,veriqbench/combinational/rev_circuit/mspk_4_49_12.qasm,4,12,0,1,QSlice-full,0.8333333333333334,1.0,0.0,1
VeriQBench,mspk_4_49_12,veriqbench/combinational/rev_circuit/mspk_4_49_12.qasm,4,12,0,1,QDG-no-ED,0.4166666666666667,0.0,1.0,0
VeriQBench,mspk_4_49_12,veriqbench/combinational/rev_circuit/mspk_4_49_12.qasm,4,12,0,1,QDG-no-MD,0.8333333333333334,1.0,0.0,1
VeriQBench,mspk_4_49_12,veriqbench/combinational/rev_circuit/mspk_4_49_12.qasm,4,12,0,1,QDG-no-UED,0.8333333333333334,1.0,0.0,1
VeriQBench,mspk_4_49_12,veriqbench/combinational/rev_circuit/mspk_4_49_12.qasm,4,12,0,1,QDG-no-CD,0.8333333333333334,1.0,0.0,1
VeriQBench,mspk_4_49_12,veriqbench/combinational/rev_circuit/mspk_4_49_12.qasm,4,12,0,1,Classical PDG,0.4166666666666667,0.0,1.0,0
VeriQBench,mspk_4_49_12,veriqbench/combinational/rev_circuit/mspk_4_49_12.qasm,4,12,0,1,Causal-cone,0.8333333333333334,1.0,0.0,1
VeriQBench,mspk_4_49_12,veriqbench/combinational/rev_circuit/mspk_4_49_12.qasm,4,12,0,2,QSlice-full,0.9166666666666666,1.0,0.0,1
VeriQBench,mspk_4_49_12,veriqbench/combinational/rev_circuit/mspk_4_49_12.qasm,4,12,0,2,QDG-no-ED,0.4166666666666667,0.0,1.0,0
VeriQBench,mspk_4_49_12,veriqbench/combinational/rev_circuit/mspk_4_49_12.qasm,4,12,0,2,QDG-no-MD,0.9166666666666666,1.0,0.0,1
VeriQBench,mspk_4_49_12,veriqbench/combinational/rev_circuit/mspk_4_49_12.qasm,4,12,0,2,QDG-no-UED,0.9166666666666666,1.0,0.0,1
VeriQBench,mspk_4_49_12,veriqbench/combinational/rev_circuit/mspk_4_49_12.qasm,4,12,0,2,QDG-no-CD,0.9166666666666666,1.0,0.0,1
VeriQBench,mspk_4_49_12,veriqbench/combinational/rev_circuit/mspk_4_49_12.qasm,4,12,0,2,Classical PDG,0.4166666666666667,0.0,1.0,0
VeriQBench,mspk_4_49_12,veriqbench/combinational/rev_circuit/mspk_4_49_12.qasm,4,12,0,2,Causal-cone,0.9166666666666666,1.0,0.0,1
VeriQBench,mspk_4_49_12,veriqbench/combinational/rev_circuit/mspk_4_49_12.qasm,4,12,0,3,QSlice-full,0.9166666666666666,1.0,0.0,1
VeriQBench,mspk_4_49_12,veriqbench/combinational/rev_circuit/mspk_4_49_12.qasm,4,12,0,3,QDG-no-ED,0.6666666666666666,0.0,1.0,0
VeriQBench,mspk_4_49_12,veriqbench/combinational/rev_circuit/mspk_4_49_12.qasm,4,12,0,3,QDG-no-MD,0.9166666666666666,1.0,0.0,1
VeriQBench,mspk_4_49_12,veriqbench/combinational/rev_circuit/mspk_4_49_12.qasm,4,12,0,3,QDG-no-UED,0.9166666666666666,1.0,0.0,1
VeriQBench,mspk_4_49_12,veriqbench/combinational/rev_circuit/mspk_4_49_12.qasm,4,12,0,3,QDG-no-CD,0.9166666666666666,1.0,0.0,1
VeriQBench,mspk_4_49_12,veriqbench/combinational/rev_circuit/mspk_4_49_12.qasm,4,12,0,3,Classical PDG,0.6666666666666666,0.0,1.0,0
VeriQBench,mspk_4_49_12,veriqbench/combinational/rev_circuit/mspk_4_49_12.qasm,4,12,0,3,Causal-cone,0.9166666666666666,1.0,0.0,1
VeriQBench,mspk_hwb4_12,veriqbench/combinational/rev_circuit/mspk_hwb4_12.qasm,4,12,0,0,QSlice-full,1.0,1.0,0.0,1
VeriQBench,mspk_hwb4_12,veriqbench/combinational/rev_circuit/mspk_hwb4_12.qasm,4,12,0,0,QDG-no-ED,0.6666666666666666,1.0,0.0,1
VeriQBench,mspk_hwb4_12,veriqbench/combinational/rev_circuit/mspk_hwb4_12.qasm,4,12,0,0,QDG-no-MD,1.0,1.0,0.0,1
VeriQBench,mspk_hwb4_12,veriqbench/combinational/rev_circuit/mspk_hwb4_12.qasm,4,12,0,0,QDG-no-UED,1.0,1.0,0.0,1
VeriQBench,mspk_hwb4_12,veriqbench/combinational/rev_circuit/mspk_hwb4_12.qasm,4,12,0,0,QDG-no-CD,1.0,1.0,0.0,1
VeriQBench,mspk_hwb4_12,veriqbench/combinational/rev_circuit/mspk_hwb4_12.qasm,4,12,0,0,Classical PDG,0.6666666666666666,1.0,0.0,1
VeriQBench,mspk_hwb4_12,veriqbench/combinational/rev_circuit/mspk_hwb4_12.qasm,4,12,0,0,Causal-cone,1.0,1.0,0.0,1
VeriQBench,mspk_hwb4_12,veriqbench/combinational/rev_circuit/mspk_hwb4_12.qasm,4,12,0,1,QSlice-full,0.9166666666666666,1.0,0.0,1
VeriQBench,mspk_hwb4_12,veriqbench/combinational/rev_circuit/mspk_hwb4_12.qasm,4,12,0,1,QDG-no-ED,0.5833333333333334,1.0,0.0,1
VeriQBench,mspk_hwb4_12,veriqbench/combinational/rev_circuit/mspk_hwb4_12.qasm,4,12,0,1,QDG-no-MD,0.9166666666666666,1.0,0.0,1
VeriQBench,mspk_hwb4_12,veriqbench/combinational/rev_circuit/mspk_hwb4_12.qasm,4,12,0,1,QDG-no-UED,0.9166666666666666,1.0,0.0,1
VeriQBench,mspk_hwb4_12,veriqbench/combinational/rev_circuit/mspk_hwb4_12.qasm,4,12,0,1,QDG-no-CD,0.9166666666666666,1.0,0.0,1
VeriQBench,mspk_hwb4_12,veriqbench/combinational/rev_circuit/mspk_hwb4_12.qasm,4,12,0,1,Classical PDG,0.5833333333333334,1.0,0.0,1
VeriQBench,mspk_hwb4_12,veriqbench/combinational/rev_circuit/mspk_hwb4_12.qasm,4,12,0,1,Causal-cone,0.9166666666666666,1.0,0.0,1
VeriQBench,mspk_hwb4_12,veriqbench/combinational/rev_circuit/mspk_hwb4_12.qasm,4,12,0,2,QSlice-full,1.0,1.0,0.0,1
VeriQBench,mspk_hwb4_12,veriqbench/combinational/rev_circuit/mspk_hwb4_12.qasm,4,12,0,2,QDG-no-ED,0.5833333333333334,1.0,0.0,1
VeriQBench,mspk_hwb4_12,veriqbench/combinational/rev_circuit/mspk_hwb4_12.qasm,4,12,0,2,QDG-no-MD,1.0,1.0,0.0,1
VeriQBench,mspk_hwb4_12,veriqbench/combinational/rev_circuit/mspk_hwb4_12.qasm,4,12,0,2,QDG-no-UED,1.0,1.0,0.0,1
VeriQBench,mspk_hwb4_12,veriqbench/combinational/rev_circuit/mspk_hwb4_12.qasm,4,12,0,2,QDG-no-CD,1.0,1.0,0.0,1
VeriQBench,mspk_hwb4_12,veriqbench/combinational/rev_circuit/mspk_hwb4_12.qasm,4,12,0,2,Classical PDG,0.5833333333333334,1.0,0.0,1
VeriQBench,mspk_hwb4_12,veriqbench/combinational/rev_circuit/mspk_hwb4_12.qasm,4,12,0,2,Causal-cone,1.0,1.0,0.0,1
VeriQBench,mspk_hwb4_12,veriqbench/combinational/rev_circuit/mspk_hwb4_12.qasm,4,12,0,3,QSlice-full,0.9166666666666666,1.0,0.0,1
VeriQBench,mspk_hwb4_12,veriqbench/combinational/rev_circuit/mspk_hwb4_12.qasm,4,12,0,3,QDG-no-ED,0.4166666666666667,1.0,0.0,1
VeriQBench,mspk_hwb4_12,veriqbench/combinational/rev_circuit/mspk_hwb4_12.qasm,4,12,0,3,QDG-no-MD,0.9166666666666666,1.0,0.0,1
VeriQBench,mspk_hwb4_12,veriqbench/combinational/rev_circuit/mspk_hwb4_12.qasm,4,12,0,3,QDG-no-UED,0.9166666666666666,1.0,0.0,1
VeriQBench,mspk_hwb4_12,veriqbench/combinational/rev_circuit/mspk_hwb4_12.qasm,4,12,0,3,QDG-no-CD,0.9166666666666666,1.0,0.0,1
VeriQBench,mspk_hwb4_12,veriqbench/combinational/rev_circuit/mspk_hwb4_12.qasm,4,12,0,3,Classical PDG,0.4166666666666667,1.0,0.0,1
VeriQBench,mspk_hwb4_12,veriqbench/combinational/rev_circuit/mspk_hwb4_12.qasm,4,12,0,3,Causal-cone,0.9166666666666666,1.0,0.0,1
VeriQBench,mspk_nth_primes4_12,veriqbench/combinational/rev_circuit/mspk_nth_primes4_12.qasm,4,12,0,0,QSlice-full,0.9166666666666666,1.0,0.0,1
VeriQBench,mspk_nth_primes4_12,veriqbench/combinational/rev_circuit/mspk_nth_primes4_12.qasm,4,12,0,0,QDG-no-ED,0.5833333333333334,1.0,0.0,1
VeriQBench,mspk_nth_primes4_12,veriqbench/combinational/rev_circuit/mspk_nth_primes4_12.qasm,4,12,0,0,QDG-no-MD,0.9166666666666666,1.0,0.0,1
VeriQBench,mspk_nth_primes4_12,veriqbench/combinational/rev_circuit/mspk_nth_primes4_12.qasm,4,12,0,0,QDG-no-UED,0.9166666666666666,1.0,0.0,1
VeriQBench,mspk_nth_primes4_12,veriqbench/combinational/rev_circuit/mspk_nth_primes4_12.qasm,4,12,0,0,QDG-no-CD,0.9166666666666666,1.0,0.0,1
VeriQBench,mspk_nth_primes4_12,veriqbench/combinational/rev_circuit/mspk_nth_primes4_12.qasm,4,12,0,0,Classical PDG,0.5833333333333334,1.0,0.0,1
VeriQBench,mspk_nth_primes4_12,veriqbench/combinational/rev_circuit/mspk_nth_primes4_12.qasm,4,12,0,0,Causal-cone,0.9166666666666666,1.0,0.0,1
VeriQBench,mspk_nth_primes4_12,veriqbench/combinational/rev_circuit/mspk_nth_primes4_12.qasm,4,12,0,1,QSlice-full,1.0,1.0,0.0,1
VeriQBench,mspk_nth_primes4_12,veriqbench/combinational/rev_circuit/mspk_nth_primes4_12.qasm,4,12,0,1,QDG-no-ED,0.8333333333333334,1.0,0.0,1
VeriQBench,mspk_nth_primes4_12,veriqbench/combinational/rev_circuit/mspk_nth_primes4_12.qasm,4,12,0,1,QDG-no-MD,1.0,1.0,0.0,1
VeriQBench,mspk_nth_primes4_12,veriqbench/combinational/rev_circuit/mspk_nth_primes4_12.qasm,4,12,0,1,QDG-no-UED,1.0,1.0,0.0,1
VeriQBench,mspk_nth_primes4_12,veriqbench/combinational/rev_circuit/mspk_nth_primes4_12.qasm,4,12,0,1,QDG-no-CD,1.0,1.0,0.0,1
VeriQBench,mspk_nth_primes4_12,veriqbench/combinational/rev_circuit/mspk_nth_primes4_12.qasm,4,12,0,1,Classical PDG,0.8333333333333334,1.0,0.0,1
VeriQBench,mspk_nth_primes4_12,veriqbench/combinational/rev_circuit/mspk_nth_primes4_12.qasm,4,12,0,1,Causal-cone,1.0,1.0,0.0,1
VeriQBench,mspk_nth_primes4_12,veriqbench/combinational/rev_circuit/mspk_nth_primes4_12.qasm,4,12,0,2,QSlice-full,1.0,1.0,0.0,1
VeriQBench,mspk_nth_primes4_12,veriqbench/combinational/rev_circuit/mspk_nth_primes4_12.qasm,4,12,0,2,QDG-no-ED,0.5833333333333334,1.0,0.0,1
VeriQBench,mspk_nth_primes4_12,veriqbench/combinational/rev_circuit/mspk_nth_primes4_12.qasm,4,12,0,2,QDG-no-MD,1.0,1.0,0.0,1
VeriQBench,mspk_nth_primes4_12,veriqbench/combinational/rev_circuit/mspk_nth_primes4_12.qasm,4,12,0,2,QDG-no-UED,1.0,1.0,0.0,1
VeriQBench,mspk_nth_primes4_12,veriqbench/combinational/rev_circuit/mspk_nth_primes4_12.qasm,4,12,0,2,QDG-no-CD,1.0,1.0,0.0,1
VeriQBench,mspk_nth_primes4_12,veriqbench/combinational/rev_circuit/mspk_nth_primes4_12.qasm,4,12,0,2,Classical PDG,0.5833333333333334,1.0,0.0,1
VeriQBench,mspk_nth_primes4_12,veriqbench/combinational/rev_circuit/mspk_nth_primes4_12.qasm,4,12,0,2,Causal-cone,1.0,1.0,0.0,1
VeriQBench,mspk_nth_primes4_12,veriqbench/combinational/rev_circuit/mspk_nth_primes4_12.qasm,4,12,0,3,QSlice-full,0.9166666666666666,1.0,0.0,1
VeriQBench,mspk_nth_primes4_12,veriqbench/combinational/rev_circuit/mspk_nth_primes4_12.qasm,4,12,0,3,QDG-no-ED,0.5,1.0,0.0,1
VeriQBench,mspk_nth_primes4_12,veriqbench/combinational/rev_circuit/mspk_nth_primes4_12.qasm,4,12,0,3,QDG-no-MD,0.9166666666666666,1.0,0.0,1
VeriQBench,mspk_nth_primes4_12,veriqbench/combinational/rev_circuit/mspk_nth_primes4_12.qasm,4,12,0,3,QDG-no-UED,0.9166666666666666,1.0,0.0,1
VeriQBench,mspk_nth_primes4_12,veriqbench/combinational/rev_circuit/mspk_nth_primes4_12.qasm,4,12,0,3,QDG-no-CD,0.9166666666666666,1.0,0.0,1
VeriQBench,mspk_nth_primes4_12,veriqbench/combinational/rev_circuit/mspk_nth_primes4_12.qasm,4,12,0,3,Classical PDG,0.5,1.0,0.0,1
VeriQBench,mspk_nth_primes4_12,veriqbench/combinational/rev_circuit/mspk_nth_primes4_12.qasm,4,12,0,3,Causal-cone,0.9166666666666666,1.0,0.0,1
VeriQBench,4b15g_2,veriqbench/combinational/rev_circuit/4b15g_2.qasm,4,15,0,0,QSlice-full,1.0,0.9999999999999978,0.0,1
VeriQBench,4b15g_2,veriqbench/combinational/rev_circuit/4b15g_2.qasm,4,15,0,0,QDG-no-ED,0.5333333333333333,0.999999999999998,1.1102230246251565e-16,1
VeriQBench,4b15g_2,veriqbench/combinational/rev_circuit/4b15g_2.qasm,4,15,0,0,QDG-no-MD,1.0,0.9999999999999978,0.0,1
VeriQBench,4b15g_2,veriqbench/combinational/rev_circuit/4b15g_2.qasm,4,15,0,0,QDG-no-UED,1.0,0.9999999999999978,0.0,1
VeriQBench,4b15g_2,veriqbench/combinational/rev_circuit/4b15g_2.qasm,4,15,0,0,QDG-no-CD,1.0,0.9999999999999978,0.0,1
VeriQBench,4b15g_2,veriqbench/combinational/rev_circuit/4b15g_2.qasm,4,15,0,0,Classical PDG,0.5333333333333333,0.999999999999998,1.1102230246251565e-16,1
VeriQBench,4b15g_2,veriqbench/combinational/rev_circuit/4b15g_2.qasm,4,15,0,0,Causal-cone,1.0,0.9999999999999978,0.0,1
VeriQBench,4b15g_2,veriqbench/combinational/rev_circuit/4b15g_2.qasm,4,15,0,1,QSlice-full,0.9333333333333333,0.9999999999999978,0.0,1
VeriQBench,4b15g_2,veriqbench/combinational/rev_circuit/4b15g_2.qasm,4,15,0,1,QDG-no-ED,0.5333333333333333,3.0814879110195726e-33,0.9999999999999989,0
VeriQBench,4b15g_2,veriqbench/combinational/rev_circuit/4b15g_2.qasm,4,15,0,1,QDG-no-MD,0.9333333333333333,0.9999999999999978,0.0,1
VeriQBench,4b15g_2,veriqbench/combinational/rev_circuit/4b15g_2.qasm,4,15,0,1,QDG-no-UED,0.9333333333333333,0.9999999999999978,0.0,1
VeriQBench,4b15g_2,veriqbench/combinational/rev_circuit/4b15g_2.qasm,4,15,0,1,QDG-no-CD,0.9333333333333333,0.9999999999999978,0.0,1
VeriQBench,4b15g_2,veriqbench/combinational/rev_circuit/4b15g_2.qasm,4,15,0,1,Classical PDG,0.5333333333333333,3.0814879110195726e-33,0.9999999999999989,0
VeriQBench,4b15g_2,veriqbench/combinational/rev_circuit/4b15g_2.qasm,4,15,0,1,Causal-cone,0.9333333333333333,0.9999999999999978,0.0,1
VeriQBench,4b15g_2,veriqbench/combinational/rev_circuit/4b15g_2.qasm,4,15,0,2,QSlice-full,1.0,0.9999999999999978,0.0,1
VeriQBench,4b15g_2,veriqbench/combinational/rev_circuit/4b15g_2.qasm,4,15,0,2,QDG-no-ED,0.6,3.081487911019572e-33,0.9999999999999989,0
VeriQBench,4b15g_2,veriqbench/combinational/rev_circuit/4b15g_2.qasm,4,15,0,2,QDG-no-MD,1.0,0.9999999999999978,0.0,1
VeriQBench,4b15g_2,veriqbench/combinational/rev_circuit/4b15g_2.qasm,4,15,0,2,QDG-no-UED,1.0,0.9999999999999978,0.0,1
VeriQBench,4b15g_2,veriqbench/combinational/rev_circuit/4b15g_2.qasm,4,15,0,2,QDG-no-CD,1.0,0.9999999999999978,0.0,1
VeriQBench,4b15g_2,veriqbench/combinational/rev_circuit/4b15g_2.qasm,4,15,0,2,Classical PDG,0.6,3.081487911019572e-33,0.9999999999999989,0
VeriQBench,4b15g_2,veriqbench/combinational/rev_circuit/4b15g_2.qasm,4,15,0,2,Causal-cone,1.0,0.9999999999999978,0.0,1
VeriQBench,4b15g_2,veriqbench/combinational/rev_circuit/4b15g_2.qasm,4,15,0,3,QSlice-full,1.0,0.9999999999999978,0.0,1
VeriQBench,4b15g_2,veriqbench/combinational/rev_circuit/4b15g_2.qasm,4,15,0,3,QDG-no-ED,0.7333333333333333,0.9999999999999976,1.1102230246251565e-16,1
VeriQBench,4b15g_2,veriqbench/combinational/rev_circuit/4b15g_2.qasm,4,15,0,3,QDG-no-MD,1.0,0.9999999999999978,0.0,1
VeriQBench,4b15g_2,veriqbench/combinational/rev_circuit/4b15g_2.qasm,4,15,0,3,QDG-no-UED,1.0,0.9999999999999978,0.0,1
VeriQBench,4b15g_2,veriqbench/combinational/rev_circuit/4b15g_2.qasm,4,15,0,3,QDG-no-CD,1.0,0.9999999999999978,0.0,1
VeriQBench,4b15g_2,veriqbench/combinational/rev_circuit/4b15g_2.qasm,4,15,0,3,Classical PDG,0.7333333333333333,0.9999999999999976,1.1102230246251565e-16,1
VeriQBench,4b15g_2,veriqbench/combinational/rev_circuit/4b15g_2.qasm,4,15,0,3,Causal-cone,1.0,0.9999999999999978,0.0,1
VeriQBench,4b15g_3,veriqbench/combinational/rev_circuit/4b15g_3.qasm,4,15,0,0,QSlice-full,1.0,0.9999999999999973,0.0,1
VeriQBench,4b15g_3,veriqbench/combinational/rev_circuit/4b15g_3.qasm,4,15,0,0,QDG-no-ED,0.6,0.9999999999999978,2.220446049250313e-16,1
VeriQBench,4b15g_3,veriqbench/combinational/rev_circuit/4b15g_3.qasm,4,15,0,0,QDG-no-MD,1.0,0.9999999999999973,0.0,1
VeriQBench,4b15g_3,veriqbench/combinational/rev_circuit/4b15g_3.qasm,4,15,0,0,QDG-no-UED,1.0,0.9999999999999973,0.0,1
VeriQBench,4b15g_3,veriqbench/combinational/rev_circuit/4b15g_3.qasm,4,15,0,0,QDG-no-CD,1.0,0.9999999999999973,0.0,1
VeriQBench,4b15g_3,veriqbench/combinational/rev_circuit/4b15g_3.qasm,4,15,0,0,Classical PDG,0.6,0.9999999999999978,2.220446049250313e-16,1
VeriQBench,4b15g_3,veriqbench/combinational/rev_circuit/4b15g_3.qasm,4,15,0,0,Causal-cone,1.0,0.9999999999999973,0.0,1
VeriQBench,4b15g_3,veriqbench/combinational/rev_circuit/4b15g_3.qasm,4,15,0,1,QSlice-full,1.0,0.9999999999999973,0.0,1
VeriQBench,4b15g_3,veriqbench/combinational/rev_circuit/4b15g_3.qasm,4,15,0,1,QDG-no-ED,0.6666666666666666,0.9999999999999973,0.0,1
VeriQBench,4b15g_3,veriqbench/combinational/rev_circuit/4b15g_3.qasm,4,15,0,1,QDG-no-MD,1.0,0.9999999999999973,0.0,1
VeriQBench,4b15g_3,veriqbench/combinational/rev_circuit/4b15g_3.qasm,4,15,0,1,QDG-no-UED,1.0,0.9999999999999973,0.0,1
VeriQBench,4b15g_3,veriqbench/combinational/rev_circuit/4b15g_3.qasm,4,15,0,1,QDG-no-CD,1.0,0.9999999999999973,0.0,1
VeriQBench,4b15g_3,veriqbench/combinational/rev_circuit/4b15g_3.qasm,4,15,0,1,Classical PDG,0.6666666666666666,0.9999999999999973,0.0,1
VeriQBench,4b15g_3,veriqbench/combinational/rev_circuit/4b15g_3.qasm,4,15,0,1,Causal-cone,1.0,0.9999999999999973,0.0,1
VeriQBench,4b15g_3,veriqbench/combinational/rev_circuit/4b15g_3.qasm,4,15,0,2,QSlice-full,1.0,0.9999999999999973,0.0,1
VeriQBench,4b15g_3,veriqbench/combinational/rev_circuit/4b15g_3.qasm,4,15,0,2,QDG-no-ED,0.6,0.9999999999999978,2.220446049250313e-16,1
VeriQBench,4b15g_3,veriqbench/combinational/rev_circuit/4b15g_3.qasm,4,15,0,2,QDG-no-MD,1.0,0.9999999999999973,0.0,1
VeriQBench,4b15g_3,veriqbench/combinational/rev_circuit/4b15g_3.qasm,4,15,0,2,QDG-no-UED,1.0,0.9999999999999973,0.0,1
VeriQBench,4b15g_3,veriqbench/combinational/rev_circuit/4b15g_3.qasm,4,15,0,2,QDG-no-CD,1.0,0.9999999999999973,0.0,1
VeriQBench,4b15g_3,veriqbench/combinational/rev_circuit/4b15g_3.qasm,4,15,0,2,Classical PDG,0.6,0.9999999999999978,2.220446049250313e-16,1
VeriQBench,4b15g_3,veriqbench/combinational/rev_circuit/4b15g_3.qasm,4,15,0,2,Causal-cone,1.0,0.9999999999999973,0.0,1
VeriQBench,4b15g_3,veriqbench/combinational/rev_circuit/4b15g_3.qasm,4,15,0,3,QSlice-full,0.9333333333333333,0.9999999999999973,0.0,1
VeriQBench,4b15g_3,veriqbench/combinational/rev_circuit/4b15g_3.qasm,4,15,0,3,QDG-no-ED,0.4666666666666667,0.9999999999999978,2.220446049250313e-16,1
VeriQBench,4b15g_3,veriqbench/combinational/rev_circuit/4b15g_3.qasm,4,15,0,3,QDG-no-MD,0.9333333333333333,0.9999999999999973,0.0,1
VeriQBench,4b15g_3,veriqbench/combinational/rev_circuit/4b15g_3.qasm,4,15,0,3,QDG-no-UED,0.9333333333333333,0.9999999999999973,0.0,1
VeriQBench,4b15g_3,veriqbench/combinational/rev_circuit/4b15g_3.qasm,4,15,0,3,QDG-no-CD,0.9333333333333333,0.9999999999999973,0.0,1
VeriQBench,4b15g_3,veriqbench/combinational/rev_circuit/4b15g_3.qasm,4,15,0,3,Classical PDG,0.4666666666666667,0.9999999999999978,2.220446049250313e-16,1
VeriQBench,4b15g_3,veriqbench/combinational/rev_circuit/4b15g_3.qasm,4,15,0,3,Causal-cone,0.9333333333333333,0.9999999999999973,0.0,1
VeriQBench,mspk_4_49_13,veriqbench/combinational/rev_circuit/mspk_4_49_13.qasm,4,13,0,0,QSlice-full,0.8461538461538461,1.0,0.0,1
VeriQBench,mspk_4_49_13,veriqbench/combinational/rev_circuit/mspk_4_49_13.qasm,4,13,0,0,QDG-no-ED,0.5384615384615384,0.0,1.0,0
VeriQBench,mspk_4_49_13,veriqbench/combinational/rev_circuit/mspk_4_49_13.qasm,4,13,0,0,QDG-no-MD,0.8461538461538461,1.0,0.0,1
VeriQBench,mspk_4_49_13,veriqbench/combinational/rev_circuit/mspk_4_49_13.qasm,4,13,0,0,QDG-no-UED,0.8461538461538461,1.0,0.0,1
VeriQBench,mspk_4_49_13,veriqbench/combinational/rev_circuit/mspk_4_49_13.qasm,4,13,0,0,QDG-no-CD,0.8461538461538461,1.0,0.0,1
VeriQBench,mspk_4_49_13,veriqbench/combinational/rev_circuit/mspk_4_49_13.qasm,4,13,0,0,Classical PDG,0.5384615384615384,0.0,1.0,0
VeriQBench,mspk_4_49_13,veriqbench/combinational/rev_circuit/mspk_4_49_13.qasm,4,13,0,0,Causal-cone,0.8461538461538461,1.0,0.0,1
VeriQBench,mspk_4_49_13,veriqbench/combinational/rev_circuit/mspk_4_49_13.qasm,4,13,0,1,QSlice-full,0.9230769230769231,1.0,0.0,1
VeriQBench,mspk_4_49_13,veriqbench/combinational/rev_circuit/mspk_4_49_13.qasm,4,13,0,1,QDG-no-ED,0.6153846153846154,0.0,1.0,0
VeriQBench,mspk_4_49_13,veriqbench/combinational/rev_circuit/mspk_4_49_13.qasm,4,13,0,1,QDG-no-MD,0.9230769230769231,1.0,0.0,1
VeriQBench,mspk_4_49_13,veriqbench/combinational/rev_circuit/mspk_4_49_13.qasm,4,13,0,1,QDG-no-UED,0.9230769230769231,1.0,0.0,1
VeriQBench,mspk_4_49_13,veriqbench/combinational/rev_circuit/mspk_4_49_13.qasm,4,13,0,1,QDG-no-CD,0.9230769230769231,1.0,0.0,1
VeriQBench,mspk_4_49_13,veriqbench/combinational/rev_circuit/mspk_4_49_13.qasm,4,13,0,1,Classical PDG,0.6153846153846154,0.0,1.0,0
VeriQBench,mspk_4_49_13,veriqbench/combinational/rev_circuit/mspk_4_49_13.qasm,4,13,0,1,Causal-cone,0.9230769230769231,1.0,0.0,1
VeriQBench,mspk_4_49_13,veriqbench/combinational/rev_circuit/mspk_4_49_13.qasm,4,13,0,2,QSlice-full,1.0,1.0,0.0,1
VeriQBench,mspk_4_49_13,veriqbench/combinational/rev_circuit/mspk_4_49_13.qasm,4,13,0,2,QDG-no-ED,0.46153846153846156,0.0,1.0,0
VeriQBench,mspk_4_49_13,veriqbench/combinational/rev_circuit/mspk_4_49_13.qasm,4,13,0,2,QDG-no-MD,1.0,1.0,0.0,1
VeriQBench,mspk_4_49_13,veriqbench/combinational/rev_circuit/mspk_4_49_13.qasm,4,13,0,2,QDG-no-UED,1.0,1.0,0.0,1
VeriQBench,mspk_4_49_13,veriqbench/combinational/rev_circuit/mspk_4_49_13.qasm,4,13,0,2,QDG-no-CD,1.0,1.0,0.0,1
VeriQBench,mspk_4_49_13,veriqbench/combinational/rev_circuit/mspk_4_49_13.qasm,4,13,0,2,Classical PDG,0.46153846153846156,0.0,1.0,0
VeriQBench,mspk_4_49_13,veriqbench/combinational/rev_circuit/mspk_4_49_13.qasm,4,13,0,2,Causal-cone,1.0,1.0,0.0,1
VeriQBench,mspk_4_49_13,veriqbench/combinational/rev_circuit/mspk_4_49_13.qasm,4,13,0,3,QSlice-full,1.0,1.0,0.0,1
VeriQBench,mspk_4_49_13,veriqbench/combinational/rev_circuit/mspk_4_49_13.qasm,4,13,0,3,QDG-no-ED,0.6923076923076923,0.0,1.0,0
VeriQBench,mspk_4_49_13,veriqbench/combinational/rev_circuit/mspk_4_49_13.qasm,4,13,0,3,QDG-no-MD,1.0,1.0,0.0,1
VeriQBench,mspk_4_49_13,veriqbench/combinational/rev_circuit/mspk_4_49_13.qasm,4,13,0,3,QDG-no-UED,1.0,1.0,0.0,1
VeriQBench,mspk_4_49_13,veriqbench/combinational/rev_circuit/mspk_4_49_13.qasm,4,13,0,3,QDG-no-CD,1.0,1.0,0.0,1
VeriQBench,mspk_4_49_13,veriqbench/combinational/rev_circuit/mspk_4_49_13.qasm,4,13,0,3,Classical PDG,0.6923076923076923,0.0,1.0,0
VeriQBench,mspk_4_49_13,veriqbench/combinational/rev_circuit/mspk_4_49_13.qasm,4,13,0,3,Causal-cone,1.0,1.0,0.0,1
VeriQBench,mspk_hwb4_13,veriqbench/combinational/rev_circuit/mspk_hwb4_13.qasm,4,13,0,0,QSlice-full,0.9230769230769231,1.0,0.0,1
VeriQBench,mspk_hwb4_13,veriqbench/combinational/rev_circuit/mspk_hwb4_13.qasm,4,13,0,0,QDG-no-ED,0.6153846153846154,1.0,0.0,1
VeriQBench,mspk_hwb4_13,veriqbench/combinational/rev_circuit/mspk_hwb4_13.qasm,4,13,0,0,QDG-no-MD,0.9230769230769231,1.0,0.0,1
VeriQBench,mspk_hwb4_13,veriqbench/combinational/rev_circuit/mspk_hwb4_13.qasm,4,13,0,0,QDG-no-UED,0.9230769230769231,1.0,0.0,1
VeriQBench,mspk_hwb4_13,veriqbench/combinational/rev_circuit/mspk_hwb4_13.qasm,4,13,0,0,QDG-no-CD,0.9230769230769231,1.0,0.0,1
VeriQBench,mspk_hwb4_13,veriqbench/combinational/rev_circuit/mspk_hwb4_13.qasm,4,13,0,0,Classical PDG,0.6153846153846154,1.0,0.0,1
VeriQBench,mspk_hwb4_13,veriqbench/combinational/rev_circuit/mspk_hwb4_13.qasm,4,13,0,0,Causal-cone,0.9230769230769231,1.0,0.0,1
VeriQBench,mspk_hwb4_13,veriqbench/combinational/rev_circuit/mspk_hwb4_13.qasm,4,13,0,1,QSlice-full,1.0,1.0,0.0,1
VeriQBench,mspk_hwb4_13,veriqbench/combinational/rev_circuit/mspk_hwb4_13.qasm,4,13,0,1,QDG-no-ED,0.6153846153846154,1.0,0.0,1
VeriQBench,mspk_hwb4_13,veriqbench/combinational/rev_circuit/mspk_hwb4_13.qasm,4,13,0,1,QDG-no-MD,1.0,1.0,0.0,1
VeriQBench,mspk_hwb4_13,veriqbench/combinational/rev_circuit/mspk_hwb4_13.qasm,4,13,0,1,QDG-no-UED,1.0,1.0,0.0,1
VeriQBench,mspk_hwb4_13,veriqbench/combinational/rev_circuit/mspk_hwb4_13.qasm,4,13,0,1,QDG-no-CD,1.0,1.0,0.0,1
VeriQBench,mspk_hwb4_13,veriqbench/combinational/rev_circuit/mspk_hwb4_13.qasm,4,13,0,1,Classical PDG,0.6153846153846154,1.0,0.0,1
VeriQBench,mspk_hwb4_13,veriqbench/combinational/rev_circuit/mspk_hwb4_13.qasm,4,13,0,1,Causal-cone,1.0,1.0,0.0,1
VeriQBench,mspk_hwb4_13,veriqbench/combinational/rev_circuit/mspk_hwb4_13.qasm,4,13,0,2,QSlice-full,0.7692307692307693,1.0,0.0,1
VeriQBench,mspk_hwb4_13,veriqbench/combinational/rev_circuit/mspk_hwb4_13.qasm,4,13,0,2,QDG-no-ED,0.38461538461538464,1.0,0.0,1
VeriQBench,mspk_hwb4_13,veriqbench/combinational/rev_circuit/mspk_hwb4_13.qasm,4,13,0,2,QDG-no-MD,0.7692307692307693,1.0,0.0,1
VeriQBench,mspk_hwb4_13,veriqbench/combinational/rev_circuit/mspk_hwb4_13.qasm,4,13,0,2,QDG-no-UED,0.7692307692307693,1.0,0.0,1
VeriQBench,mspk_hwb4_13,veriqbench/combinational/rev_circuit/mspk_hwb4_13.qasm,4,13,0,2,QDG-no-CD,0.7692307692307693,1.0,0.0,1
VeriQBench,mspk_hwb4_13,veriqbench/combinational/rev_circuit/mspk_hwb4_13.qasm,4,13,0,2,Classical PDG,0.38461538461538464,1.0,0.0,1
VeriQBench,mspk_hwb4_13,veriqbench/combinational/rev_circuit/mspk_hwb4_13.qasm,4,13,0,2,Causal-cone,0.7692307692307693,1.0,0.0,1
VeriQBench,mspk_hwb4_13,veriqbench/combinational/rev_circuit/mspk_hwb4_13.qasm,4,13,0,3,QSlice-full,1.0,1.0,0.0,1
VeriQBench,mspk_hwb4_13,veriqbench/combinational/rev_circuit/mspk_hwb4_13.qasm,4,13,0,3,QDG-no-ED,0.6153846153846154,1.0,0.0,1
VeriQBench,mspk_hwb4_13,veriqbench/combinational/rev_circuit/mspk_hwb4_13.qasm,4,13,0,3,QDG-no-MD,1.0,1.0,0.0,1
VeriQBench,mspk_hwb4_13,veriqbench/combinational/rev_circuit/mspk_hwb4_13.qasm,4,13,0,3,QDG-no-UED,1.0,1.0,0.0,1
VeriQBench,mspk_hwb4_13,veriqbench/combinational/rev_circuit/mspk_hwb4_13.qasm,4,13,0,3,QDG-no-CD,1.0,1.0,0.0,1
VeriQBench,mspk_hwb4_13,veriqbench/combinational/rev_circuit/mspk_hwb4_13.qasm,4,13,0,3,Classical PDG,0.6153846153846154,1.0,0.0,1
VeriQBench,mspk_hwb4_13,veriqbench/combinational/rev_circuit/mspk_hwb4_13.qasm,4,13,0,3,Causal-cone,1.0,1.0,0.0,1
VeriQBench,mspk_nth_primes4_13,veriqbench/combinational/rev_circuit/mspk_nth_primes4_13.qasm,4,13,0,0,QSlice-full,0.9230769230769231,1.0,0.0,1
VeriQBench,mspk_nth_primes4_13,veriqbench/combinational/rev_circuit/mspk_nth_primes4_13.qasm,4,13,0,0,QDG-no-ED,0.6153846153846154,1.0,0.0,1
VeriQBench,mspk_nth_primes4_13,veriqbench/combinational/rev_circuit/mspk_nth_primes4_13.qasm,4,13,0,0,QDG-no-MD,0.9230769230769231,1.0,0.0,1
VeriQBench,mspk_nth_primes4_13,veriqbench/combinational/rev_circuit/mspk_nth_primes4_13.qasm,4,13,0,0,QDG-no-UED,0.9230769230769231,1.0,0.0,1
VeriQBench,mspk_nth_primes4_13,veriqbench/combinational/rev_circuit/mspk_nth_primes4_13.qasm,4,13,0,0,QDG-no-CD,0.9230769230769231,1.0,0.0,1
VeriQBench,mspk_nth_primes4_13,veriqbench/combinational/rev_circuit/mspk_nth_primes4_13.qasm,4,13,0,0,Classical PDG,0.6153846153846154,1.0,0.0,1
VeriQBench,mspk_nth_primes4_13,veriqbench/combinational/rev_circuit/mspk_nth_primes4_13.qasm,4,13,0,0,Causal-cone,0.9230769230769231,1.0,0.0,1
VeriQBench,mspk_nth_primes4_13,veriqbench/combinational/rev_circuit/mspk_nth_primes4_13.qasm,4,13,0,1,QSlice-full,1.0,1.0,0.0,1
VeriQBench,mspk_nth_primes4_13,veriqbench/combinational/rev_circuit/mspk_nth_primes4_13.qasm,4,13,0,1,QDG-no-ED,0.6153846153846154,1.0,0.0,1
VeriQBench,mspk_nth_primes4_13,veriqbench/combinational/rev_circuit/mspk_nth_primes4_13.qasm,4,13,0,1,QDG-no-MD,1.0,1.0,0.0,1
VeriQBench,mspk_nth_primes4_13,veriqbench/combinational/rev_circuit/mspk_nth_primes4_13.qasm,4,13,0,1,QDG-no-UED,1.0,1.0,0.0,1
VeriQBench,mspk_nth_primes4_13,veriqbench/combinational/rev_circuit/mspk_nth_primes4_13.qasm,4,13,0,1,QDG-no-CD,1.0,1.0,0.0,1
VeriQBench,mspk_nth_primes4_13,veriqbench/combinational/rev_circuit/mspk_nth_primes4_13.qasm,4,13,0,1,Classical PDG,0.6153846153846154,1.0,0.0,1
VeriQBench,mspk_nth_primes4_13,veriqbench/combinational/rev_circuit/mspk_nth_primes4_13.qasm,4,13,0,1,Causal-cone,1.0,1.0,0.0,1
VeriQBench,mspk_nth_primes4_13,veriqbench/combinational/rev_circuit/mspk_nth_primes4_13.qasm,4,13,0,2,QSlice-full,1.0,1.0,0.0,1
VeriQBench,mspk_nth_primes4_13,veriqbench/combinational/rev_circuit/mspk_nth_primes4_13.qasm,4,13,0,2,QDG-no-ED,0.6153846153846154,1.0,0.0,1
VeriQBench,mspk_nth_primes4_13,veriqbench/combinational/rev_circuit/mspk_nth_primes4_13.qasm,4,13,0,2,QDG-no-MD,1.0,1.0,0.0,1
VeriQBench,mspk_nth_primes4_13,veriqbench/combinational/rev_circuit/mspk_nth_primes4_13.qasm,4,13,0,2,QDG-no-UED,1.0,1.0,0.0,1
VeriQBench,mspk_nth_primes4_13,veriqbench/combinational/rev_circuit/mspk_nth_primes4_13.qasm,4,13,0,2,QDG-no-CD,1.0,1.0,0.0,1
VeriQBench,mspk_nth_primes4_13,veriqbench/combinational/rev_circuit/mspk_nth_primes4_13.qasm,4,13,0,2,Classical PDG,0.6153846153846154,1.0,0.0,1
VeriQBench,mspk_nth_primes4_13,veriqbench/combinational/rev_circuit/mspk_nth_primes4_13.qasm,4,13,0,2,Causal-cone,1.0,1.0,0.0,1
VeriQBench,mspk_nth_primes4_13,veriqbench/combinational/rev_circuit/mspk_nth_primes4_13.qasm,4,13,0,3,QSlice-full,0.9230769230769231,1.0,0.0,1
VeriQBench,mspk_nth_primes4_13,veriqbench/combinational/rev_circuit/mspk_nth_primes4_13.qasm,4,13,0,3,QDG-no-ED,0.6153846153846154,1.0,0.0,1
VeriQBench,mspk_nth_primes4_13,veriqbench/combinational/rev_circuit/mspk_nth_primes4_13.qasm,4,13,0,3,QDG-no-MD,0.9230769230769231,1.0,0.0,1
VeriQBench,mspk_nth_primes4_13,veriqbench/combinational/rev_circuit/mspk_nth_primes4_13.qasm,4,13,0,3,QDG-no-UED,0.9230769230769231,1.0,0.0,1
VeriQBench,mspk_nth_primes4_13,veriqbench/combinational/rev_circuit/mspk_nth_primes4_13.qasm,4,13,0,3,QDG-no-CD,0.9230769230769231,1.0,0.0,1
VeriQBench,mspk_nth_primes4_13,veriqbench/combinational/rev_circuit/mspk_nth_primes4_13.qasm,4,13,0,3,Classical PDG,0.6153846153846154,1.0,0.0,1
VeriQBench,mspk_nth_primes4_13,veriqbench/combinational/rev_circuit/mspk_nth_primes4_13.qasm,4,13,0,3,Causal-cone,0.9230769230769231,1.0,0.0,1
VeriQBench,nth_prime4_inc_15_51,veriqbench/combinational/rev_circuit/nth_prime4_inc_15_51.qasm,4,15,0,0,QSlice-full,0.9333333333333333,0.9999999999999982,0.0,1
VeriQBench,nth_prime4_inc_15_51,veriqbench/combinational/rev_circuit/nth_prime4_inc_15_51.qasm,4,15,0,0,QDG-no-ED,0.7333333333333333,0.9999999999999982,1.540743955509788e-33,1
VeriQBench,nth_prime4_inc_15_51,veriqbench/combinational/rev_circuit/nth_prime4_inc_15_51.qasm,4,15,0,0,QDG-no-MD,0.9333333333333333,0.9999999999999982,0.0,1
VeriQBench,nth_prime4_inc_15_51,veriqbench/combinational/rev_circuit/nth_prime4_inc_15_51.qasm,4,15,0,0,QDG-no-UED,0.9333333333333333,0.9999999999999982,0.0,1
VeriQBench,nth_prime4_inc_15_51,veriqbench/combinational/rev_circuit/nth_prime4_inc_15_51.qasm,4,15,0,0,QDG-no-CD,0.9333333333333333,0.9999999999999982,0.0,1
VeriQBench,nth_prime4_inc_15_51,veriqbench/combinational/rev_circuit/nth_prime4_inc_15_51.qasm,4,15,0,0,Classical PDG,0.7333333333333333,0.9999999999999982,1.540743955509788e-33,1
VeriQBench,nth_prime4_inc_15_51,veriqbench/combinational/rev_circuit/nth_prime4_inc_15_51.qasm,4,15,0,0,Causal-cone,0.9333333333333333,0.9999999999999982,0.0,1
VeriQBench,nth_prime4_inc_15_51,veriqbench/combinational/rev_circuit/nth_prime4_inc_15_51.qasm,4,15,0,1,QSlice-full,1.0,0.9999999999999982,0.0,1
VeriQBench,nth_prime4_inc_15_51,veriqbench/combinational/rev_circuit/nth_prime4_inc_15_51.qasm,4,15,0,1,QDG-no-ED,0.6,0.9999999999999982,0.0,1
VeriQBench,nth_prime4_inc_15_51,veriqbench/combinational/rev_circuit/nth_prime4_inc_15_51.qasm,4,15,0,1,QDG-no-MD,1.0,0.9999999999999982,0.0,1
VeriQBench,nth_prime4_inc_15_51,veriqbench/combinational/rev_circuit/nth_prime4_inc_15_51.qasm,4,15,0,1,QDG-no-UED,1.0,0.9999999999999982,0.0,1
VeriQBench,nth_prime4_inc_15_51,veriqbench/combinational/rev_circuit/nth_prime4_inc_15_51.qasm,4,15,0,1,QDG-no-CD,1.0,0.9999999999999982,0.0,1
VeriQBench,nth_prime4_inc_15_51,veriqbench/combinational/rev_circuit/nth_prime4_inc_15_51.qasm,4,15,0,1,Classical PDG,0.6,0.9999999999999982,0.0,1
VeriQBench,nth_prime4_inc_15_51,veriqbench/combinational/rev_circuit/nth_prime4_inc_15_51.qasm,4,15,0,1,Causal-cone,1.0,0.9999999999999982,0.0,1
VeriQBench,nth_prime4_inc_15_51,veriqbench/combinational/rev_circuit/nth_prime4_inc_15_51.qasm,4,15,0,2,QSlice-full,0.9333333333333333,0.9999999999999982,0.0,1
VeriQBench,nth_prime4_inc_15_51,veriqbench/combinational/rev_circuit/nth_prime4_inc_15_51.qasm,4,15,0,2,QDG-no-ED,0.6,0.9999999999999982,0.0,1
VeriQBench,nth_prime4_inc_15_51,veriqbench/combinational/rev_circuit/nth_prime4_inc_15_51.qasm,4,15,0,2,QDG-no-MD,0.9333333333333333,0.9999999999999982,0.0,1
VeriQBench,nth_prime4_inc_15_51,veriqbench/combinational/rev_circuit/nth_prime4_inc_15_51.qasm,4,15,0,2,QDG-no-UED,0.9333333333333333,0.9999999999999982,0.0,1
VeriQBench,nth_prime4_inc_15_51,veriqbench/combinational/rev_circuit/nth_prime4_inc_15_51.qasm,4,15,0,2,QDG-no-CD,0.9333333333333333,0.9999999999999982,0.0,1
VeriQBench,nth_prime4_inc_15_51,veriqbench/combinational/rev_circuit/nth_prime4_inc_15_51.qasm,4,15,0,2,Classical PDG,0.6,0.9999999999999982,0.0,1
VeriQBench,nth_prime4_inc_15_51,veriqbench/combinational/rev_circuit/nth_prime4_inc_15_51.qasm,4,15,0,2,Causal-cone,0.9333333333333333,0.9999999999999982,0.0,1
VeriQBench,nth_prime4_inc_15_51,veriqbench/combinational/rev_circuit/nth_prime4_inc_15_51.qasm,4,15,0,3,QSlice-full,1.0,0.9999999999999982,0.0,1
VeriQBench,nth_prime4_inc_15_51,veriqbench/combinational/rev_circuit/nth_prime4_inc_15_51.qasm,4,15,0,3,QDG-no-ED,0.5333333333333333,0.9999999999999982,0.0,1
VeriQBench,nth_prime4_inc_15_51,veriqbench/combinational/rev_circuit/nth_prime4_inc_15_51.qasm,4,15,0,3,QDG-no-MD,1.0,0.9999999999999982,0.0,1
VeriQBench,nth_prime4_inc_15_51,veriqbench/combinational/rev_circuit/nth_prime4_inc_15_51.qasm,4,15,0,3,QDG-no-UED,1.0,0.9999999999999982,0.0,1
VeriQBench,nth_prime4_inc_15_51,veriqbench/combinational/rev_circuit/nth_prime4_inc_15_51.qasm,4,15,0,3,QDG-no-CD,1.0,0.9999999999999982,0.0,1
VeriQBench,nth_prime4_inc_15_51,veriqbench/combinational/rev_circuit/nth_prime4_inc_15_51.qasm,4,15,0,3,Classical PDG,0.5333333333333333,0.9999999999999982,0.0,1
VeriQBench,nth_prime4_inc_15_51,veriqbench/combinational/rev_circuit/nth_prime4_inc_15_51.qasm,4,15,0,3,Causal-cone,1.0,0.9999999999999982,0.0,1
VeriQBench,4_49tc1,veriqbench/combinational/rev_circuit/4_49tc1.qasm,4,16,0,0,QSlice-full,1.0,0.9999999999999982,0.0,1
VeriQBench,4_49tc1,veriqbench/combinational/rev_circuit/4_49tc1.qasm,4,16,0,0,QDG-no-ED,0.6875,6.162975822039146e-33,0.9999999999999991,0
VeriQBench,4_49tc1,veriqbench/combinational/rev_circuit/4_49tc1.qasm,4,16,0,0,QDG-no-MD,1.0,0.9999999999999982,0.0,1
VeriQBench,4_49tc1,veriqbench/combinational/rev_circuit/4_49tc1.qasm,4,16,0,0,QDG-no-UED,1.0,0.9999999999999982,0.0,1
VeriQBench,4_49tc1,veriqbench/combinational/rev_circuit/4_49tc1.qasm,4,16,0,0,QDG-no-CD,1.0,0.9999999999999982,0.0,1
VeriQBench,4_49tc1,veriqbench/combinational/rev_circuit/4_49tc1.qasm,4,16,0,0,Classical PDG,0.6875,6.162975822039146e-33,0.9999999999999991,0
VeriQBench,4_49tc1,veriqbench/combinational/rev_circuit/4_49tc1.qasm,4,16,0,0,Causal-cone,1.0,0.9999999999999982,0.0,1
VeriQBench,4_49tc1,veriqbench/combinational/rev_circuit/4_49tc1.qasm,4,16,0,1,QSlice-full,0.9375,0.9999999999999982,0.0,1
VeriQBench,4_49tc1,veriqbench/combinational/rev_circuit/4_49tc1.qasm,4,16,0,1,QDG-no-ED,0.4375,1.796022772516395e-32,0.9999999999999991,0
VeriQBench,4_49tc1,veriqbench/combinational/rev_circuit/4_49tc1.qasm,4,16,0,1,QDG-no-MD,0.9375,0.9999999999999982,0.0,1
VeriQBench,4_49tc1,veriqbench/combinational/rev_circuit/4_49tc1.qasm,4,16,0,1,QDG-no-UED,0.9375,0.9999999999999982,0.0,1
VeriQBench,4_49tc1,veriqbench/combinational/rev_circuit/4_49tc1.qasm,4,16,0,1,QDG-no-CD,0.9375,0.9999999999999982,0.0,1
VeriQBench,4_49tc1,veriqbench/combinational/rev_circuit/4_49tc1.qasm,4,16,0,1,Classical PDG,0.4375,1.796022772516395e-32,0.9999999999999991,0
VeriQBench,4_49tc1,veriqbench/combinational/rev_circuit/4_49tc1.qasm,4,16,0,1,Causal-cone,0.9375,0.9999999999999982,0.0,1
VeriQBench,4_49tc1,veriqbench/combinational/rev_circuit/4_49tc1.qasm,4,16,0,2,QSlice-full,1.0,0.9999999999999982,0.0,1
VeriQBench,4_49tc1,veriqbench/combinational/rev_circuit/4_49tc1.qasm,4,16,0,2,QDG-no-ED,0.5625,1.2325951644078288e-32,0.9999999999999991,0
VeriQBench,4_49tc1,veriqbench/combinational/rev_circuit/4_49tc1.qasm,4,16,0,2,QDG-no-MD,1.0,0.9999999999999982,0.0,1
VeriQBench,4_49tc1,veriqbench/combinational/rev_circuit/4_49tc1.qasm,4,16,0,2,QDG-no-UED,1.0,0.9999999999999982,0.0,1
VeriQBench,4_49tc1,veriqbench/combinational/rev_circuit/4_49tc1.qasm,4,16,0,2,QDG-no-CD,1.0,0.9999999999999982,0.0,1
VeriQBench,4_49tc1,veriqbench/combinational/rev_circuit/4_49tc1.qasm,4,16,0,2,Classical PDG,0.5625,1.2325951644078288e-32,0.9999999999999991,0
VeriQBench,4_49tc1,veriqbench/combinational/rev_circuit/4_49tc1.qasm,4,16,0,2,Causal-cone,1.0,0.9999999999999982,0.0,1
VeriQBench,4_49tc1,veriqbench/combinational/rev_circuit/4_49tc1.qasm,4,16,0,3,QSlice-full,0.9375,0.9999999999999982,0.0,1
VeriQBench,4_49tc1,veriqbench/combinational/rev_circuit/4_49tc1.qasm,4,16,0,3,QDG-no-ED,0.8125,0.9999999999999982,0.0,1
VeriQBench,4_49tc1,veriqbench/combinational/rev_circuit/4_49tc1.qasm,4,16,0,3,QDG-no-MD,0.9375,0.9999999999999982,0.0,1
VeriQBench,4_49tc1,veriqbench/combinational/rev_circuit/4_49tc1.qasm,4,16,0,3,QDG-no-UED,0.9375,0.9999999999999982,0.0,1
VeriQBench,4_49tc1,veriqbench/combinational/rev_circuit/4_49tc1.qasm,4,16,0,3,QDG-no-CD,0.9375,0.9999999999999982,0.0,1
VeriQBench,4_49tc1,veriqbench/combinational/rev_circuit/4_49tc1.qasm,4,16,0,3,Classical PDG,0.8125,0.9999999999999982,0.0,1
VeriQBench,4_49tc1,veriqbench/combinational/rev_circuit/4_49tc1.qasm,4,16,0,3,Causal-cone,0.9375,0.9999999999999982,0.0,1
VeriQBench,4b15g_1,veriqbench/combinational/rev_circuit/4b15g_1.qasm,4,15,0,0,QSlice-full,0.9333333333333333,0.9999999999999991,0.0,1
VeriQBench,4b15g_1,veriqbench/combinational/rev_circuit/4b15g_1.qasm,4,15,0,0,QDG-no-ED,0.5333333333333333,3.081487911019576e-33,0.9999999999999996,0
VeriQBench,4b15g_1,veriqbench/combinational/rev_circuit/4b15g_1.qasm,4,15,0,0,QDG-no-MD,0.9333333333333333,0.9999999999999991,0.0,1
VeriQBench,4b15g_1,veriqbench/combinational/rev_circuit/4b15g_1.qasm,4,15,0,0,QDG-no-UED,0.9333333333333333,0.9999999999999991,0.0,1
VeriQBench,4b15g_1,veriqbench/combinational/rev_circuit/4b15g_1.qasm,4,15,0,0,QDG-no-CD,0.9333333333333333,0.9999999999999991,0.0,1
VeriQBench,4b15g_1,veriqbench/combinational/rev_circuit/4b15g_1.qasm,4,15,0,0,Classical PDG,0.5333333333333333,3.081487911019576e-33,0.9999999999999996,0
VeriQBench,4b15g_1,veriqbench/combinational/rev_circuit/4b15g_1.qasm,4,15,0,0,Causal-cone,0.9333333333333333,0.9999999999999991,0.0,1
VeriQBench,4b15g_1,veriqbench/combinational/rev_circuit/4b15g_1.qasm,4,15,0,1,QSlice-full,0.9333333333333333,0.9999999999999991,0.0,1
VeriQBench,4b15g_1,veriqbench/combinational/rev_circuit/4b15g_1.qasm,4,15,0,1,QDG-no-ED,0.5333333333333333,1.2325951644078293e-32,0.9999999999999996,0
VeriQBench,4b15g_1,veriqbench/combinational/rev_circuit/4b15g_1.qasm,4,15,0,1,QDG-no-MD,0.9333333333333333,0.9999999999999991,0.0,1
VeriQBench,4b15g_1,veriqbench/combinational/rev_circuit/4b15g_1.qasm,4,15,0,1,QDG-no-UED,0.9333333333333333,0.9999999999999991,0.0,1
VeriQBench,4b15g_1,veriqbench/combinational/rev_circuit/4b15g_1.qasm,4,15,0,1,QDG-no-CD,0.9333333333333333,0.9999999999999991,0.0,1
VeriQBench,4b15g_1,veriqbench/combinational/rev_circuit/4b15g_1.qasm,4,15,0,1,Classical PDG,0.5333333333333333,1.2325951644078293e-32,0.9999999999999996,0
VeriQBench,4b15g_1,veriqbench/combinational/rev_circuit/4b15g_1.qasm,4,15,0,1,Causal-cone,0.9333333333333333,0.9999999999999991,0.0,1
VeriQBench,4b15g_1,veriqbench/combinational/rev_circuit/4b15g_1.qasm,4,15,0,2,QSlice-full,1.0,0.9999999999999991,0.0,1
VeriQBench,4b15g_1,veriqbench/combinational/rev_circuit/4b15g_1.qasm,4,15,0,2,QDG-no-ED,0.7333333333333333,0.9999999999999991,1.5407439555097887e-33,1
VeriQBench,4b15g_1,veriqbench/combinational/rev_circuit/4b15g_1.qasm,4,15,0,2,QDG-no-MD,1.0,0.9999999999999991,0.0,1
VeriQBench,4b15g_1,veriqbench/combinational/rev_circuit/4b15g_1.qasm,4,15,0,2,QDG-no-UED,1.0,0.9999999999999991,0.0,1
VeriQBench,4b15g_1,veriqbench/combinational/rev_circuit/4b15g_1.qasm,4,15,0,2,QDG-no-CD,1.0,0.9999999999999991,0.0,1
VeriQBench,4b15g_1,veriqbench/combinational/rev_circuit/4b15g_1.qasm,4,15,0,2,Classical PDG,0.7333333333333333,0.9999999999999991,1.5407439555097887e-33,1
VeriQBench,4b15g_1,veriqbench/combinational/rev_circuit/4b15g_1.qasm,4,15,0,2,Causal-cone,1.0,0.9999999999999991,0.0,1
VeriQBench,4b15g_1,veriqbench/combinational/rev_circuit/4b15g_1.qasm,4,15,0,3,QSlice-full,0.8,0.9999999999999991,0.0,1
VeriQBench,4b15g_1,veriqbench/combinational/rev_circuit/4b15g_1.qasm,4,15,0,3,QDG-no-ED,0.4666666666666667,0.9999999999999991,5.5511151231257815e-17,1
VeriQBench,4b15g_1,veriqbench/combinational/rev_circuit/4b15g_1.qasm,4,15,0,3,QDG-no-MD,0.8,0.9999999999999991,0.0,1
VeriQBench,4b15g_1,veriqbench/combinational/rev_circuit/4b15g_1.qasm,4,15,0,3,QDG-no-UED,0.8,0.9999999999999991,0.0,1
VeriQBench,4b15g_1,veriqbench/combinational/rev_circuit/4b15g_1.qasm,4,15,0,3,QDG-no-CD,0.8,0.9999999999999991,0.0,1
VeriQBench,4b15g_1,veriqbench/combinational/rev_circuit/4b15g_1.qasm,4,15,0,3,Classical PDG,0.4666666666666667,0.9999999999999991,5.5511151231257815e-17,1
VeriQBench,4b15g_1,veriqbench/combinational/rev_circuit/4b15g_1.qasm,4,15,0,3,Causal-cone,0.8,0.9999999999999991,0.0,1
VeriQBench,4b15g_4,veriqbench/combinational/rev_circuit/4b15g_4.qasm,4,15,0,0,QSlice-full,1.0,0.9999999999999991,0.0,1
VeriQBench,4b15g_4,veriqbench/combinational/rev_circuit/4b15g_4.qasm,4,15,0,0,QDG-no-ED,0.5333333333333333,0.9999999999999991,0.0,1
VeriQBench,4b15g_4,veriqbench/combinational/rev_circuit/4b15g_4.qasm,4,15,0,0,QDG-no-MD,1.0,0.9999999999999991,0.0,1
VeriQBench,4b15g_4,veriqbench/combinational/rev_circuit/4b15g_4.qasm,4,15,0,0,QDG-no-UED,1.0,0.9999999999999991,0.0,1
VeriQBench,4b15g_4,veriqbench/combinational/rev_circuit/4b15g_4.qasm,4,15,0,0,QDG-no-CD,1.0,0.9999999999999991,0.0,1
VeriQBench,4b15g_4,veriqbench/combinational/rev_circuit/4b15g_4.qasm,4,15,0,0,Classical PDG,0.5333333333333333,0.9999999999999991,0.0,1
VeriQBench,4b15g_4,veriqbench/combinational/rev_circuit/4b15g_4.qasm,4,15,0,0,Causal-cone,1.0,0.9999999999999991,0.0,1
VeriQBench,4b15g_4,veriqbench/combinational/rev_circuit/4b15g_4.qasm,4,15,0,1,QSlice-full,0.8666666666666667,0.9999999999999991,0.0,1
VeriQBench,4b15g_4,veriqbench/combinational/rev_circuit/4b15g_4.qasm,4,15,0,1,QDG-no-ED,0.5333333333333333,3.081487911019576e-33,0.9999999999999996,0
VeriQBench,4b15g_4,veriqbench/combinational/rev_circuit/4b15g_4.qasm,4,15,0,1,QDG-no-MD,0.8666666666666667,0.9999999999999991,0.0,1
VeriQBench,4b15g_4,veriqbench/combinational/rev_circuit/4b15g_4.qasm,4,15,0,1,QDG-no-UED,0.8666666666666667,0.9999999999999991,0.0,1
VeriQBench,4b15g_4,veriqbench/combinational/rev_circuit/4b15g_4.qasm,4,15,0,1,QDG-no-CD,0.8666666666666667,0.9999999999999991,0.0,1
VeriQBench,4b15g_4,veriqbench/combinational/rev_circuit/4b15g_4.qasm,4,15,0,1,Classical PDG,0.5333333333333333,3.081487911019576e-33,0.9999999999999996,0
VeriQBench,4b15g_4,veriqbench/combinational/rev_circuit/4b15g_4.qasm,4,15,0,1,Causal-cone,0.8666666666666667,0.9999999999999991,0.0,1
VeriQBench,4b15g_4,veriqbench/combinational/rev_circuit/4b15g_4.qasm,4,15,0,2,QSlice-full,1.0,0.9999999999999991,0.0,1
VeriQBench,4b15g_4,veriqbench/combinational/rev_circuit/4b15g_4.qasm,4,15,0,2,QDG-no-ED,0.6666666666666666,0.0,0.9999999999999996,0
VeriQBench,4b15g_4,veriqbench/combinational/rev_circuit/4b15g_4.qasm,4,15,0,2,QDG-no-MD,1.0,0.9999999999999991,0.0,1
VeriQBench,4b15g_4,veriqbench/combinational/rev_circuit/4b15g_4.qasm,4,15,0,2,QDG-no-UED,1.0,0.9999999999999991,0.0,1
VeriQBench,4b15g_4,veriqbench/combinational/rev_circuit/4b15g_4.qasm,4,15,0,2,QDG-no-CD,1.0,0.9999999999999991,0.0,1
VeriQBench,4b15g_4,veriqbench/combinational/rev_circuit/4b15g_4.qasm,4,15,0,2,Classical PDG,0.6666666666666666,0.0,0.9999999999999996,0
VeriQBench,4b15g_4,veriqbench/combinational/rev_circuit/4b15g_4.qasm,4,15,0,2,Causal-cone,1.0,0.9999999999999991,0.0,1
VeriQBench,4b15g_4,veriqbench/combinational/rev_circuit/4b15g_4.qasm,4,15,0,3,QSlice-full,0.9333333333333333,0.9999999999999991,0.0,1
VeriQBench,4b15g_4,veriqbench/combinational/rev_circuit/4b15g_4.qasm,4,15,0,3,QDG-no-ED,0.5333333333333333,3.081487911019576e-33,0.9999999999999996,0
VeriQBench,4b15g_4,veriqbench/combinational/rev_circuit/4b15g_4.qasm,4,15,0,3,QDG-no-MD,0.9333333333333333,0.9999999999999991,0.0,1
VeriQBench,4b15g_4,veriqbench/combinational/rev_circuit/4b15g_4.qasm,4,15,0,3,QDG-no-UED,0.9333333333333333,0.9999999999999991,0.0,1
VeriQBench,4b15g_4,veriqbench/combinational/rev_circuit/4b15g_4.qasm,4,15,0,3,QDG-no-CD,0.9333333333333333,0.9999999999999991,0.0,1
VeriQBench,4b15g_4,veriqbench/combinational/rev_circuit/4b15g_4.qasm,4,15,0,3,Classical PDG,0.5333333333333333,3.081487911019576e-33,0.9999999999999996,0
VeriQBench,4b15g_4,veriqbench/combinational/rev_circuit/4b15g_4.qasm,4,15,0,3,Causal-cone,0.9333333333333333,0.9999999999999991,0.0,1
VeriQBench,mspk_4_49_14,veriqbench/combinational/rev_circuit/mspk_4_49_14.qasm,4,14,0,0,QSlice-full,0.8571428571428571,1.0,0.0,1
VeriQBench,mspk_4_49_14,veriqbench/combinational/rev_circuit/mspk_4_49_14.qasm,4,14,0,0,QDG-no-ED,0.5714285714285714,0.0,1.0,0
VeriQBench,mspk_4_49_14,veriqbench/combinational/rev_circuit/mspk_4_49_14.qasm,4,14,0,0,QDG-no-MD,0.8571428571428571,1.0,0.0,1
VeriQBench,mspk_4_49_14,veriqbench/combinational/rev_circuit/mspk_4_49_14.qasm,4,14,0,0,QDG-no-UED,0.8571428571428571,1.0,0.0,1
VeriQBench,mspk_4_49_14,veriqbench/combinational/rev_circuit/mspk_4_49_14.qasm,4,14,0,0,QDG-no-CD,0.8571428571428571,1.0,0.0,1
VeriQBench,mspk_4_49_14,veriqbench/combinational/rev_circuit/mspk_4_49_14.qasm,4,14,0,0,Classical PDG,0.5714285714285714,0.0,1.0,0
VeriQBench,mspk_4_49_14,veriqbench/combinational/rev_circuit/mspk_4_49_14.qasm,4,14,0,0,Causal-cone,0.8571428571428571,1.0,0.0,1
VeriQBench,mspk_4_49_14,veriqbench/combinational/rev_circuit/mspk_4_49_14.qasm,4,14,0,1,QSlice-full,1.0,1.0,0.0,1
VeriQBench,mspk_4_49_14,veriqbench/combinational/rev_circuit/mspk_4_49_14.qasm,4,14,0,1,QDG-no-ED,0.6428571428571429,0.0,1.0,0
VeriQBench,mspk_4_49_14,veriqbench/combinational/rev_circuit/mspk_4_49_14.qasm,4,14,0,1,QDG-no-MD,1.0,1.0,0.0,1
VeriQBench,mspk_4_49_14,veriqbench/combinational/rev_circuit/mspk_4_49_14.qasm,4,14,0,1,QDG-no-UED,1.0,1.0,0.0,1
VeriQBench,mspk_4_49_14,veriqbench/combinational/rev_circuit/mspk_4_49_14.qasm,4,14,0,1,QDG-no-CD,1.0,1.0,0.0,1
VeriQBench,mspk_4_49_14,veriqbench/combinational/rev_circuit/mspk_4_49_14.qasm,4,14,0,1,Classical PDG,0.6428571428571429,0.0,1.0,0
VeriQBench,mspk_4_49_14,veriqbench/combinational/rev_circuit/mspk_4_49_14.qasm,4,14,0,1,Causal-cone,1.0,1.0,0.0,1
VeriQBench,mspk_4_49_14,veriqbench/combinational/rev_circuit/mspk_4_49_14.qasm,4,14,0,2,QSlice-full,1.0,1.0,0.0,1
VeriQBench,mspk_4_49_14,veriqbench/combinational/rev_circuit/mspk_4_49_14.qasm,4,14,0,2,QDG-no-ED,0.42857142857142855,0.0,1.0,0
VeriQBench,mspk_4_49_14,veriqbench/combinational/rev_circuit/mspk_4_49_14.qasm,4,14,0,2,QDG-no-MD,1.0,1.0,0.0,1
VeriQBench,mspk_4_49_14,veriqbench/combinational/rev_circuit/mspk_4_49_14.qasm,4,14,0,2,QDG-no-UED,1.0,1.0,0.0,1
VeriQBench,mspk_4_49_14,veriqbench/combinational/rev_circuit/mspk_4_49_14.qasm,4,14,0,2,QDG-no-CD,1.0,1.0,0.0,1
VeriQBench,mspk_4_49_14,veriqbench/combinational/rev_circuit/mspk_4_49_14.qasm,4,14,0,2,Classical PDG,0.42857142857142855,0.0,1.0,0
VeriQBench,mspk_4_49_14,veriqbench/combinational/rev_circuit/mspk_4_49_14.qasm,4,14,0,2,Causal-cone,1.0,1.0,0.0,1
VeriQBench,mspk_4_49_14,veriqbench/combinational/rev_circuit/mspk_4_49_14.qasm,4,14,0,3,QSlice-full,0.9285714285714286,1.0,0.0,1
VeriQBench,mspk_4_49_14,veriqbench/combinational/rev_circuit/mspk_4_49_14.qasm,4,14,0,3,QDG-no-ED,0.6428571428571429,1.0,0.0,1
VeriQBench,mspk_4_49_14,veriqbench/combinational/rev_circuit/mspk_4_49_14.qasm,4,14,0,3,QDG-no-MD,0.9285714285714286,1.0,0.0,1
VeriQBench,mspk_4_49_14,veriqbench/combinational/rev_circuit/mspk_4_49_14.qasm,4,14,0,3,QDG-no-UED,0.9285714285714286,1.0,0.0,1
VeriQBench,mspk_4_49_14,veriqbench/combinational/rev_circuit/mspk_4_49_14.qasm,4,14,0,3,QDG-no-CD,0.9285714285714286,1.0,0.0,1
VeriQBench,mspk_4_49_14,veriqbench/combinational/rev_circuit/mspk_4_49_14.qasm,4,14,0,3,Classical PDG,0.6428571428571429,1.0,0.0,1
VeriQBench,mspk_4_49_14,veriqbench/combinational/rev_circuit/mspk_4_49_14.qasm,4,14,0,3,Causal-cone,0.9285714285714286,1.0,0.0,1
VeriQBench,mspk_4b15g_1,veriqbench/combinational/rev_circuit/mspk_4b15g_1.qasm,4,15,0,0,QSlice-full,1.0,0.9999999999999987,0.0,1
VeriQBench,mspk_4b15g_1,veriqbench/combinational/rev_circuit/mspk_4b15g_1.qasm,4,15,0,0,QDG-no-ED,0.6666666666666666,0.9999999999999987,0.0,1
VeriQBench,mspk_4b15g_1,veriqbench/combinational/rev_circuit/mspk_4b15g_1.qasm,4,15,0,0,QDG-no-MD,1.0,0.9999999999999987,0.0,1
VeriQBench,mspk_4b15g_1,veriqbench/combinational/rev_circuit/mspk_4b15g_1.qasm,4,15,0,0,QDG-no-UED,1.0,0.9999999999999987,0.0,1
VeriQBench,mspk_4b15g_1,veriqbench/combinational/rev_circuit/mspk_4b15g_1.qasm,4,15,0,0,QDG-no-CD,1.0,0.9999999999999987,0.0,1
VeriQBench,mspk_4b15g_1,veriqbench/combinational/rev_circuit/mspk_4b15g_1.qasm,4,15,0,0,Classical PDG,0.6666666666666666,0.9999999999999987,0.0,1
VeriQBench,mspk_4b15g_1,veriqbench/combinational/rev_circuit/mspk_4b15g_1.qasm,4,15,0,0,Causal-cone,1.0,0.9999999999999987,0.0,1
VeriQBench,mspk_4b15g_1,veriqbench/combinational/rev_circuit/mspk_4b15g_1.qasm,4,15,0,1,QSlice-full,1.0,0.9999999999999987,0.0,1
VeriQBench,mspk_4b15g_1,veriqbench/combinational/rev_circuit/mspk_4b15g_1.qasm,4,15,0,1,QDG-no-ED,0.6,0.9999999999999989,1.1102230246251565e-16,1
VeriQBench,mspk_4b15g_1,veriqbench/combinational/rev_circuit/mspk_4b15g_1.qasm,4,15,0,1,QDG-no-MD,1.0,0.9999999999999987,0.0,1
VeriQBench,mspk_4b15g_1,veriqbench/combinational/rev_circuit/mspk_4b15g_1.qasm,4,15,0,1,QDG-no-UED,1.0,0.9999999999999987,0.0,1
VeriQBench,mspk_4b15g_1,veriqbench/combinational/rev_circuit/mspk_4b15g_1.qasm,4,15,0,1,QDG-no-CD,1.0,0.9999999999999987,0.0,1
VeriQBench,mspk_4b15g_1,veriqbench/combinational/rev_circuit/mspk_4b15g_1.qasm,4,15,0,1,Classical PDG,0.6,0.9999999999999989,1.1102230246251565e-16,1
VeriQBench,mspk_4b15g_1,veriqbench/combinational/rev_circuit/mspk_4b15g_1.qasm,4,15,0,1,Causal-cone,1.0,0.9999999999999987,0.0,1
VeriQBench,mspk_4b15g_1,veriqbench/combinational/rev_circuit/mspk_4b15g_1.qasm,4,15,0,2,QSlice-full,1.0,0.9999999999999987,0.0,1
VeriQBench,mspk_4b15g_1,veriqbench/combinational/rev_circuit/mspk_4b15g_1.qasm,4,15,0,2,QDG-no-ED,0.6,0.9999999999999989,1.1102230246251565e-16,1
VeriQBench,mspk_4b15g_1,veriqbench/combinational/rev_circuit/mspk_4b15g_1.qasm,4,15,0,2,QDG-no-MD,1.0,0.9999999999999987,0.0,1
VeriQBench,mspk_4b15g_1,veriqbench/combinational/rev_circuit/mspk_4b15g_1.qasm,4,15,0,2,QDG-no-UED,1.0,0.9999999999999987,0.0,1
VeriQBench,mspk_4b15g_1,veriqbench/combinational/rev_circuit/mspk_4b15g_1.qasm,4,15,0,2,QDG-no-CD,1.0,0.9999999999999987,0.0,1
VeriQBench,mspk_4b15g_1,veriqbench/combinational/rev_circuit/mspk_4b15g_1.qasm,4,15,0,2,Classical PDG,0.6,0.9999999999999989,1.1102230246251565e-16,1
VeriQBench,mspk_4b15g_1,veriqbench/combinational/rev_circuit/mspk_4b15g_1.qasm,4,15,0,2,Causal-cone,1.0,0.9999999999999987,0.0,1
VeriQBench,mspk_4b15g_1,veriqbench/combinational/rev_circuit/mspk_4b15g_1.qasm,4,15,0,3,QSlice-full,1.0,0.9999999999999987,0.0,1
VeriQBench,mspk_4b15g_1,veriqbench/combinational/rev_circuit/mspk_4b15g_1.qasm,4,15,0,3,QDG-no-ED,0.4666666666666667,0.9999999999999989,1.2412670766236366e-16,1
VeriQBench,mspk_4b15g_1,veriqbench/combinational/rev_circuit/mspk_4b15g_1.qasm,4,15,0,3,QDG-no-MD,1.0,0.9999999999999987,0.0,1
VeriQBench,mspk_4b15g_1,veriqbench/combinational/rev_circuit/mspk_4b15g_1.qasm,4,15,0,3,QDG-no-UED,1.0,0.9999999999999987,0.0,1
VeriQBench,mspk_4b15g_1,veriqbench/combinational/rev_circuit/mspk_4b15g_1.qasm,4,15,0,3,QDG-no-CD,1.0,0.9999999999999987,0.0,1
VeriQBench,mspk_4b15g_1,veriqbench/combinational/rev_circuit/mspk_4b15g_1.qasm,4,15,0,3,Classical PDG,0.4666666666666667,0.9999999999999989,1.2412670766236366e-16,1
VeriQBench,mspk_4b15g_1,veriqbench/combinational/rev_circuit/mspk_4b15g_1.qasm,4,15,0,3,Causal-cone,1.0,0.9999999999999987,0.0,1
VeriQBench,mspk_4b15g_4,veriqbench/combinational/rev_circuit/mspk_4b15g_4.qasm,4,15,0,0,QSlice-full,0.8,0.9999999999999987,0.0,1
VeriQBench,mspk_4b15g_4,veriqbench/combinational/rev_circuit/mspk_4b15g_4.qasm,4,15,0,0,QDG-no-ED,0.4666666666666667,0.9999999999999987,0.0,1
VeriQBench,mspk_4b15g_4,veriqbench/combinational/rev_circuit/mspk_4b15g_4.qasm,4,15,0,0,QDG-no-MD,0.8,0.9999999999999987,0.0,1
VeriQBench,mspk_4b15g_4,veriqbench/combinational/rev_circuit/mspk_4b15g_4.qasm,4,15,0,0,QDG-no-UED,0.8,0.9999999999999987,0.0,1
VeriQBench,mspk_4b15g_4,veriqbench/combinational/rev_circuit/mspk_4b15g_4.qasm,4,15,0,0,QDG-no-CD,0.8,0.9999999999999987,0.0,1
VeriQBench,mspk_4b15g_4,veriqbench/combinational/rev_circuit/mspk_4b15g_4.qasm,4,15,0,0,Classical PDG,0.4666666666666667,0.9999999999999987,0.0,1
VeriQBench,mspk_4b15g_4,veriqbench/combinational/rev_circuit/mspk_4b15g_4.qasm,4,15,0,0,Causal-cone,0.8,0.9999999999999987,0.0,1
VeriQBench,mspk_4b15g_4,veriqbench/combinational/rev_circuit/mspk_4b15g_4.qasm,4,15,0,1,QSlice-full,0.9333333333333333,0.9999999999999987,0.0,1
VeriQBench,mspk_4b15g_4,veriqbench/combinational/rev_circuit/mspk_4b15g_4.qasm,4,15,0,1,QDG-no-ED,0.6,0.0,0.9999999999999994,0
VeriQBench,mspk_4b15g_4,veriqbench/combinational/rev_circuit/mspk_4b15g_4.qasm,4,15,0,1,QDG-no-MD,0.9333333333333333,0.9999999999999987,0.0,1
VeriQBench,mspk_4b15g_4,veriqbench/combinational/rev_circuit/mspk_4b15g_4.qasm,4,15,0,1,QDG-no-UED,0.9333333333333333,0.9999999999999987,0.0,1
VeriQBench,mspk_4b15g_4,veriqbench/combinational/rev_circuit/mspk_4b15g_4.qasm,4,15,0,1,QDG-no-CD,0.9333333333333333,0.9999999999999987,0.0,1
VeriQBench,mspk_4b15g_4,veriqbench/combinational/rev_circuit/mspk_4b15g_4.qasm,4,15,0,1,Classical PDG,0.6,0.0,0.9999999999999994,0
VeriQBench,mspk_4b15g_4,veriqbench/combinational/rev_circuit/mspk_4b15g_4.qasm,4,15,0,1,Causal-cone,0.9333333333333333,0.9999999999999987,0.0,1
VeriQBench,mspk_4b15g_4,veriqbench/combinational/rev_circuit/mspk_4b15g_4.qasm,4,15,0,2,QSlice-full,1.0,0.9999999999999987,0.0,1
VeriQBench,mspk_4b15g_4,veriqbench/combinational/rev_circuit/mspk_4b15g_4.qasm,4,15,0,2,QDG-no-ED,0.5333333333333333,0.9999999999999989,1.1102230246251565e-16,1
VeriQBench,mspk_4b15g_4,veriqbench/combinational/rev_circuit/mspk_4b15g_4.qasm,4,15,0,2,QDG-no-MD,1.0,0.9999999999999987,0.0,1
VeriQBench,mspk_4b15g_4,veriqbench/combinational/rev_circuit/mspk_4b15g_4.qasm,4,15,0,2,QDG-no-UED,1.0,0.9999999999999987,0.0,1
VeriQBench,mspk_4b15g_4,veriqbench/combinational/rev_circuit/mspk_4b15g_4.qasm,4,15,0,2,QDG-no-CD,1.0,0.9999999999999987,0.0,1
VeriQBench,mspk_4b15g_4,veriqbench/combinational/rev_circuit/mspk_4b15g_4.qasm,4,15,0,2,Classical PDG,0.5333333333333333,0.9999999999999989,1.1102230246251565e-16,1
VeriQBench,mspk_4b15g_4,veriqbench/combinational/rev_circuit/mspk_4b15g_4.qasm,4,15,0,2,Causal-cone,1.0,0.9999999999999987,0.0,1
VeriQBench,mspk_4b15g_4,veriqbench/combinational/rev_circuit/mspk_4b15g_4.qasm,4,15,0,3,QSlice-full,1.0,0.9999999999999987,0.0,1
VeriQBench,mspk_4b15g_4,veriqbench/combinational/rev_circuit/mspk_4b15g_4.qasm,4,15,0,3,QDG-no-ED,0.6666666666666666,0.9999999999999989,1.1102230246251565e-16,1
VeriQBench,mspk_4b15g_4,veriqbench/combinational/rev_circuit/mspk_4b15g_4.qasm,4,15,0,3,QDG-no-MD,1.0,0.9999999999999987,0.0,1
VeriQBench,mspk_4b15g_4,veriqbench/combinational/rev_circuit/mspk_4b15g_4.qasm,4,15,0,3,QDG-no-UED,1.0,0.9999999999999987,0.0,1
VeriQBench,mspk_4b15g_4,veriqbench/combinational/rev_circuit/mspk_4b15g_4.qasm,4,15,0,3,QDG-no-CD,1.0,0.9999999999999987,0.0,1
VeriQBench,mspk_4b15g_4,veriqbench/combinational/rev_circuit/mspk_4b15g_4.qasm,4,15,0,3,Classical PDG,0.6666666666666666,0.9999999999999989,1.1102230246251565e-16,1
VeriQBench,mspk_4b15g_4,veriqbench/combinational/rev_circuit/mspk_4b15g_4.qasm,4,15,0,3,Causal-cone,1.0,0.9999999999999987,0.0,1
VeriQBench,mspk_nth_primes4_14,veriqbench/combinational/rev_circuit/mspk_nth_primes4_14.qasm,4,14,0,0,QSlice-full,0.9285714285714286,1.0,0.0,1
VeriQBench,mspk_nth_primes4_14,veriqbench/combinational/rev_circuit/mspk_nth_primes4_14.qasm,4,14,0,0,QDG-no-ED,0.6428571428571429,1.0,0.0,1
VeriQBench,mspk_nth_primes4_14,veriqbench/combinational/rev_circuit/mspk_nth_primes4_14.qasm,4,14,0,0,QDG-no-MD,0.9285714285714286,1.0,0.0,1
VeriQBench,mspk_nth_primes4_14,veriqbench/combinational/rev_circuit/mspk_nth_primes4_14.qasm,4,14,0,0,QDG-no-UED,0.9285714285714286,1.0,0.0,1
VeriQBench,mspk_nth_primes4_14,veriqbench/combinational/rev_circuit/mspk_nth_primes4_14.qasm,4,14,0,0,QDG-no-CD,0.9285714285714286,1.0,0.0,1
VeriQBench,mspk_nth_primes4_14,veriqbench/combinational/rev_circuit/mspk_nth_primes4_14.qasm,4,14,0,0,Classical PDG,0.6428571428571429,1.0,0.0,1
VeriQBench,mspk_nth_primes4_14,veriqbench/combinational/rev_circuit/mspk_nth_primes4_14.qasm,4,14,0,0,Causal-cone,0.9285714285714286,1.0,0.0,1
VeriQBench,mspk_nth_primes4_14,veriqbench/combinational/rev_circuit/mspk_nth_primes4_14.qasm,4,14,0,1,QSlice-full,1.0,1.0,0.0,1
VeriQBench,mspk_nth_primes4_14,veriqbench/combinational/rev_circuit/mspk_nth_primes4_14.qasm,4,14,0,1,QDG-no-ED,0.5714285714285714,1.0,0.0,1
VeriQBench,mspk_nth_primes4_14,veriqbench/combinational/rev_circuit/mspk_nth_primes4_14.qasm,4,14,0,1,QDG-no-MD,1.0,1.0,0.0,1
VeriQBench,mspk_nth_primes4_14,veriqbench/combinational/rev_circuit/mspk_nth_primes4_14.qasm,4,14,0,1,QDG-no-UED,1.0,1.0,0.0,1
VeriQBench,mspk_nth_primes4_14,veriqbench/combinational/rev_circuit/mspk_nth_primes4_14.qasm,4,14,0,1,QDG-no-CD,1.0,1.0,0.0,1
VeriQBench,mspk_nth_primes4_14,veriqbench/combinational/rev_circuit/mspk_nth_primes4_14.qasm,4,14,0,1,Classical PDG,0.5714285714285714,1.0,0.0,1
VeriQBench,mspk_nth_primes4_14,veriqbench/combinational/rev_circuit/mspk_nth_primes4_14.qasm,4,14,0,1,Causal-cone,1.0,1.0,0.0,1
VeriQBench,mspk_nth_primes4_14,veriqbench/combinational/rev_circuit/mspk_nth_primes4_14.qasm,4,14,0,2,QSlice-full,1.0,1.0,0.0,1
VeriQBench,mspk_nth_primes4_14,veriqbench/combinational/rev_circuit/mspk_nth_primes4_14.qasm,4,14,0,2,QDG-no-ED,0.5714285714285714,1.0,0.0,1
VeriQBench,mspk_nth_primes4_14,veriqbench/combinational/rev_circuit/mspk_nth_primes4_14.qasm,4,14,0,2,QDG-no-MD,1.0,1.0,0.0,1
VeriQBench,mspk_nth_primes4_14,veriqbench/combinational/rev_circuit/mspk_nth_primes4_14.qasm,4,14,0,2,QDG-no-UED,1.0,1.0,0.0,1
VeriQBench,mspk_nth_primes4_14,veriqbench/combinational/rev_circuit/mspk_nth_primes4_14.qasm,4,14,0,2,QDG-no-CD,1.0,1.0,0.0,1
VeriQBench,mspk_nth_primes4_14,veriqbench/combinational/rev_circuit/mspk_nth_primes4_14.qasm,4,14,0,2,Classical PDG,0.5714285714285714,1.0,0.0,1
VeriQBench,mspk_nth_primes4_14,veriqbench/combinational/rev_circuit/mspk_nth_primes4_14.qasm,4,14,0,2,Causal-cone,1.0,1.0,0.0,1
VeriQBench,mspk_nth_primes4_14,veriqbench/combinational/rev_circuit/mspk_nth_primes4_14.qasm,4,14,0,3,QSlice-full,0.9285714285714286,1.0,0.0,1
VeriQBench,mspk_nth_primes4_14,veriqbench/combinational/rev_circuit/mspk_nth_primes4_14.qasm,4,14,0,3,QDG-no-ED,0.5714285714285714,1.0,0.0,1
VeriQBench,mspk_nth_primes4_14,veriqbench/combinational/rev_circuit/mspk_nth_primes4_14.qasm,4,14,0,3,QDG-no-MD,0.9285714285714286,1.0,0.0,1
VeriQBench,mspk_nth_primes4_14,veriqbench/combinational/rev_circuit/mspk_nth_primes4_14.qasm,4,14,0,3,QDG-no-UED,0.9285714285714286,1.0,0.0,1
VeriQBench,mspk_nth_primes4_14,veriqbench/combinational/rev_circuit/mspk_nth_primes4_14.qasm,4,14,0,3,QDG-no-CD,0.9285714285714286,1.0,0.0,1
VeriQBench,mspk_nth_primes4_14,veriqbench/combinational/rev_circuit/mspk_nth_primes4_14.qasm,4,14,0,3,Classical PDG,0.5714285714285714,1.0,0.0,1
VeriQBench,mspk_nth_primes4_14,veriqbench/combinational/rev_circuit/mspk_nth_primes4_14.qasm,4,14,0,3,Causal-cone,0.9285714285714286,1.0,0.0,1
VeriQBench,4b15g_5,veriqbench/combinational/rev_circuit/4b15g_5.qasm,4,15,0,0,QSlice-full,1.0,1.0,0.0,1
VeriQBench,4b15g_5,veriqbench/combinational/rev_circuit/4b15g_5.qasm,4,15,0,0,QDG-no-ED,0.5333333333333333,0.0,1.0,0
VeriQBench,4b15g_5,veriqbench/combinational/rev_circuit/4b15g_5.qasm,4,15,0,0,QDG-no-MD,1.0,1.0,0.0,1
VeriQBench,4b15g_5,veriqbench/combinational/rev_circuit/4b15g_5.qasm,4,15,0,0,QDG-no-UED,1.0,1.0,0.0,1
VeriQBench,4b15g_5,veriqbench/combinational/rev_circuit/4b15g_5.qasm,4,15,0,0,QDG-no-CD,1.0,1.0,0.0,1
VeriQBench,4b15g_5,veriqbench/combinational/rev_circuit/4b15g_5.qasm,4,15,0,0,Classical PDG,0.5333333333333333,0.0,1.0,0
VeriQBench,4b15g_5,veriqbench/combinational/rev_circuit/4b15g_5.qasm,4,15,0,0,Causal-cone,1.0,1.0,0.0,1
VeriQBench,4b15g_5,veriqbench/combinational/rev_circuit/4b15g_5.qasm,4,15,0,1,QSlice-full,1.0,1.0,0.0,1
VeriQBench,4b15g_5,veriqbench/combinational/rev_circuit/4b15g_5.qasm,4,15,0,1,QDG-no-ED,0.6,1.0,0.0,1
VeriQBench,4b15g_5,veriqbench/combinational/rev_circuit/4b15g_5.qasm,4,15,0,1,QDG-no-MD,1.0,1.0,0.0,1
VeriQBench,4b15g_5,veriqbench/combinational/rev_circuit/4b15g_5.qasm,4,15,0,1,QDG-no-UED,1.0,1.0,0.0,1
VeriQBench,4b15g_5,veriqbench/combinational/rev_circuit/4b15g_5.qasm,4,15,0,1,QDG-no-CD,1.0,1.0,0.0,1
VeriQBench,4b15g_5,veriqbench/combinational/rev_circuit/4b15g_5.qasm,4,15,0,1,Classical PDG,0.6,1.0,0.0,1
VeriQBench,4b15g_5,veriqbench/combinational/rev_circuit/4b15g_5.qasm,4,15,0,1,Causal-cone,1.0,1.0,0.0,1
VeriQBench,4b15g_5,veriqbench/combinational/rev_circuit/4b15g_5.qasm,4,15,0,2,QSlice-full,1.0,1.0,0.0,1
VeriQBench,4b15g_5,veriqbench/combinational/rev_circuit/4b15g_5.qasm,4,15,0,2,QDG-no-ED,0.6,0.0,1.0,0
VeriQBench,4b15g_5,veriqbench/combinational/rev_circuit/4b15g_5.qasm,4,15,0,2,QDG-no-MD,1.0,1.0,0.0,1
VeriQBench,4b15g_5,veriqbench/combinational/rev_circuit/4b15g_5.qasm,4,15,0,2,QDG-no-UED,1.0,1.0,0.0,1
VeriQBench,4b15g_5,veriqbench/combinational/rev_circuit/4b15g_5.qasm,4,15,0,2,QDG-no-CD,1.0,1.0,0.0,1
VeriQBench,4b15g_5,veriqbench/combinational/rev_circuit/4b15g_5.qasm,4,15,0,2,Classical PDG,0.6,0.0,1.0,0
VeriQBench,4b15g_5,veriqbench/combinational/rev_circuit/4b15g_5.qasm,4,15,0,2,Causal-cone,1.0,1.0,0.0,1
VeriQBench,4b15g_5,veriqbench/combinational/rev_circuit/4b15g_5.qasm,4,15,0,3,QSlice-full,0.9333333333333333,1.0,0.0,1
VeriQBench,4b15g_5,veriqbench/combinational/rev_circuit/4b15g_5.qasm,4,15,0,3,QDG-no-ED,0.5333333333333333,0.0,1.0,0
VeriQBench,4b15g_5,veriqbench/combinational/rev_circuit/4b15g_5.qasm,4,15,0,3,QDG-no-MD,0.9333333333333333,1.0,0.0,1
VeriQBench,4b15g_5,veriqbench/combinational/rev_circuit/4b15g_5.qasm,4,15,0,3,QDG-no-UED,0.9333333333333333,1.0,0.0,1
VeriQBench,4b15g_5,veriqbench/combinational/rev_circuit/4b15g_5.qasm,4,15,0,3,QDG-no-CD,0.9333333333333333,1.0,0.0,1
VeriQBench,4b15g_5,veriqbench/combinational/rev_circuit/4b15g_5.qasm,4,15,0,3,Classical PDG,0.5333333333333333,0.0,1.0,0
VeriQBench,4b15g_5,veriqbench/combinational/rev_circuit/4b15g_5.qasm,4,15,0,3,Causal-cone,0.9333333333333333,1.0,0.0,1
VeriQBench,hwb4tc,veriqbench/combinational/rev_circuit/hwb4tc.qasm,4,17,0,0,QSlice-full,1.0,0.9999999999999982,0.0,1
VeriQBench,hwb4tc,veriqbench/combinational/rev_circuit/hwb4tc.qasm,4,17,0,0,QDG-no-ED,0.7058823529411765,0.9999999999999982,0.0,1
VeriQBench,hwb4tc,veriqbench/combinational/rev_circuit/hwb4tc.qasm,4,17,0,0,QDG-no-MD,1.0,0.9999999999999982,0.0,1
VeriQBench,hwb4tc,veriqbench/combinational/rev_circuit/hwb4tc.qasm,4,17,0,0,QDG-no-UED,1.0,0.9999999999999982,0.0,1
VeriQBench,hwb4tc,veriqbench/combinational/rev_circuit/hwb4tc.qasm,4,17,0,0,QDG-no-CD,1.0,0.9999999999999982,0.0,1
VeriQBench,hwb4tc,veriqbench/combinational/rev_circuit/hwb4tc.qasm,4,17,0,0,Classical PDG,0.7058823529411765,0.9999999999999982,0.0,1
VeriQBench,hwb4tc,veriqbench/combinational/rev_circuit/hwb4tc.qasm,4,17,0,0,Causal-cone,1.0,0.9999999999999982,0.0,1
VeriQBench,hwb4tc,veriqbench/combinational/rev_circuit/hwb4tc.qasm,4,17,0,1,QSlice-full,1.0,0.9999999999999982,0.0,1
VeriQBench,hwb4tc,veriqbench/combinational/rev_circuit/hwb4tc.qasm,4,17,0,1,QDG-no-ED,0.5294117647058824,0.9999999999999982,0.0,1
VeriQBench,hwb4tc,veriqbench/combinational/rev_circuit/hwb4tc.qasm,4,17,0,1,QDG-no-MD,1.0,0.9999999999999982,0.0,1
VeriQBench,hwb4tc,veriqbench/combinational/rev_circuit/hwb4tc.qasm,4,17,0,1,QDG-no-UED,1.0,0.9999999999999982,0.0,1
VeriQBench,hwb4tc,veriqbench/combinational/rev_circuit/hwb4tc.qasm,4,17,0,1,QDG-no-CD,1.0,0.9999999999999982,0.0,1
VeriQBench,hwb4tc,veriqbench/combinational/rev_circuit/hwb4tc.qasm,4,17,0,1,Classical PDG,0.5294117647058824,0.9999999999999982,0.0,1
VeriQBench,hwb4tc,veriqbench/combinational/rev_circuit/hwb4tc.qasm,4,17,0,1,Causal-cone,1.0,0.9999999999999982,0.0,1
VeriQBench,hwb4tc,veriqbench/combinational/rev_circuit/hwb4tc.qasm,4,17,0,2,QSlice-full,0.8823529411764706,0.9999999999999982,0.0,1
VeriQBench,hwb4tc,veriqbench/combinational/rev_circuit/hwb4tc.qasm,4,17,0,2,QDG-no-ED,0.5882352941176471,0.9999999999999982,0.0,1
VeriQBench,hwb4tc,veriqbench/combinational/rev_circuit/hwb4tc.qasm,4,17,0,2,QDG-no-MD,0.8823529411764706,0.9999999999999982,0.0,1
VeriQBench,hwb4tc,veriqbench/combinational/rev_circuit/hwb4tc.qasm,4,17,0,2,QDG-no-UED,0.8823529411764706,0.9999999999999982,0.0,1
VeriQBench,hwb4tc,veriqbench/combinational/rev_circuit/hwb4tc.qasm,4,17,0,2,QDG-no-CD,0.8823529411764706,0.9999999999999982,0.0,1
VeriQBench,hwb4tc,veriqbench/combinational/rev_circuit/hwb4tc.qasm,4,17,0,2,Classical PDG,0.5882352941176471,0.9999999999999982,0.0,1
VeriQBench,hwb4tc,veriqbench/combinational/rev_circuit/hwb4tc.qasm,4,17,0,2,Causal-cone,0.8823529411764706,0.9999999999999982,0.0,1
VeriQBench,hwb4tc,veriqbench/combinational/rev_circuit/hwb4tc.qasm,4,17,0,3,QSlice-full,0.7647058823529411,0.9999999999999982,0.0,1
VeriQBench,hwb4tc,veriqbench/combinational/rev_circuit/hwb4tc.qasm,4,17,0,3,QDG-no-ED,0.7647058823529411,0.9999999999999982,0.0,1
VeriQBench,hwb4tc,veriqbench/combinational/rev_circuit/hwb4tc.qasm,4,17,0,3,QDG-no-MD,0.7647058823529411,0.9999999999999982,0.0,1
VeriQBench,hwb4tc,veriqbench/combinational/rev_circuit/hwb4tc.qasm,4,17,0,3,QDG-no-UED,0.7647058823529411,0.9999999999999982,0.0,1
VeriQBench,hwb4tc,veriqbench/combinational/rev_circuit/hwb4tc.qasm,4,17,0,3,QDG-no-CD,0.7647058823529411,0.9999999999999982,0.0,1
VeriQBench,hwb4tc,veriqbench/combinational/rev_circuit/hwb4tc.qasm,4,17,0,3,Classical PDG,0.7647058823529411,0.9999999999999982,0.0,1
VeriQBench,hwb4tc,veriqbench/combinational/rev_circuit/hwb4tc.qasm,4,17,0,3,Causal-cone,0.7647058823529411,0.9999999999999982,0.0,1
VeriQBench,mspk_4b15g_2,veriqbench/combinational/rev_circuit/mspk_4b15g_2.qasm,4,15,0,0,QSlice-full,1.0,1.0,0.0,1
VeriQBench,mspk_4b15g_2,veriqbench/combinational/rev_circuit/mspk_4b15g_2.qasm,4,15,0,0,QDG-no-ED,0.4666666666666667,0.0,1.0,0
VeriQBench,mspk_4b15g_2,veriqbench/combinational/rev_circuit/mspk_4b15g_2.qasm,4,15,0,0,QDG-no-MD,1.0,1.0,0.0,1
VeriQBench,mspk_4b15g_2,veriqbench/combinational/rev_circuit/mspk_4b15g_2.qasm,4,15,0,0,QDG-no-UED,1.0,1.0,0.0,1
VeriQBench,mspk_4b15g_2,veriqbench/combinational/rev_circuit/mspk_4b15g_2.qasm,4,15,0,0,QDG-no-CD,1.0,1.0,0.0,1
VeriQBench,mspk_4b15g_2,veriqbench/combinational/rev_circuit/mspk_4b15g_2.qasm,4,15,0,0,Classical PDG,0.4666666666666667,0.0,1.0,0
VeriQBench,mspk_4b15g_2,veriqbench/combinational/rev_circuit/mspk_4b15g_2.qasm,4,15,0,0,Causal-cone,1.0,1.0,0.0,1
VeriQBench,mspk_4b15g_2,veriqbench/combinational/rev_circuit/mspk_4b15g_2.qasm,4,15,0,1,QSlice-full,1.0,1.0,0.0,1
VeriQBench,mspk_4b15g_2,veriqbench/combinational/rev_circuit/mspk_4b15g_2.qasm,4,15,0,1,QDG-no-ED,0.6666666666666666,0.0,1.0,0
VeriQBench,mspk_4b15g_2,veriqbench/combinational/rev_circuit/mspk_4b15g_2.qasm,4,15,0,1,QDG-no-MD,1.0,1.0,0.0,1
VeriQBench,mspk_4b15g_2,veriqbench/combinational/rev_circuit/mspk_4b15g_2.qasm,4,15,0,1,QDG-no-UED,1.0,1.0,0.0,1
VeriQBench,mspk_4b15g_2,veriqbench/combinational/rev_circuit/mspk_4b15g_2.qasm,4,15,0,1,QDG-no-CD,1.0,1.0,0.0,1
VeriQBench,mspk_4b15g_2,veriqbench/combinational/rev_circuit/mspk_4b15g_2.qasm,4,15,0,1,Classical PDG,0.6666666666666666,0.0,1.0,0
VeriQBench,mspk_4b15g_2,veriqbench/combinational/rev_circuit/mspk_4b15g_2.qasm,4,15,0,1,Causal-cone,1.0,1.0,0.0,1
VeriQBench,mspk_4b15g_2,veriqbench/combinational/rev_circuit/mspk_4b15g_2.qasm,4,15,0,2,QSlice-full,1.0,1.0,0.0,1
VeriQBench,mspk_4b15g_2,veriqbench/combinational/rev_circuit/mspk_4b15g_2.qasm,4,15,0,2,QDG-no-ED,0.6,1.0,0.0,1
VeriQBench,mspk_4b15g_2,veriqbench/combinational/rev_circuit/mspk_4b15g_2.qasm,4,15,0,2,QDG-no-MD,1.0,1.0,0.0,1
VeriQBench,mspk_4b15g_2,veriqbench/combinational/rev_circuit/mspk_4b15g_2.qasm,4,15,0,2,QDG-no-UED,1.0,1.0,0.0,1
VeriQBench,mspk_4b15g_2,veriqbench/combinational/rev_circuit/mspk_4b15g_2.qasm,4,15,0,2,QDG-no-CD,1.0,1.0,0.0,1
VeriQBench,mspk_4b15g_2,veriqbench/combinational/rev_circuit/mspk_4b15g_2.qasm,4,15,0,2,Classical PDG,0.6,1.0,0.0,1
VeriQBench,mspk_4b15g_2,veriqbench/combinational/rev_circuit/mspk_4b15g_2.qasm,4,15,0,2,Causal-cone,1.0,1.0,0.0,1
VeriQBench,mspk_4b15g_2,veriqbench/combinational/rev_circuit/mspk_4b15g_2.qasm,4,15,0,3,QSlice-full,0.9333333333333333,1.0,0.0,1
VeriQBench,mspk_4b15g_2,veriqbench/combinational/rev_circuit/mspk_4b15g_2.qasm,4,15,0,3,QDG-no-ED,0.5333333333333333,1.0,0.0,1
VeriQBench,mspk_4b15g_2,veriqbench/combinational/rev_circuit/mspk_4b15g_2.qasm,4,15,0,3,QDG-no-MD,0.9333333333333333,1.0,0.0,1
VeriQBench,mspk_4b15g_2,veriqbench/combinational/rev_circuit/mspk_4b15g_2.qasm,4,15,0,3,QDG-no-UED,0.9333333333333333,1.0,0.0,1
VeriQBench,mspk_4b15g_2,veriqbench/combinational/rev_circuit/mspk_4b15g_2.qasm,4,15,0,3,QDG-no-CD,0.9333333333333333,1.0,0.0,1
VeriQBench,mspk_4b15g_2,veriqbench/combinational/rev_circuit/mspk_4b15g_2.qasm,4,15,0,3,Classical PDG,0.5333333333333333,1.0,0.0,1
VeriQBench,mspk_4b15g_2,veriqbench/combinational/rev_circuit/mspk_4b15g_2.qasm,4,15,0,3,Causal-cone,0.9333333333333333,1.0,0.0,1
VeriQBench,mspk_4b15g_3,veriqbench/combinational/rev_circuit/mspk_4b15g_3.qasm,4,15,0,0,QSlice-full,0.7333333333333333,1.0,0.0,1
VeriQBench,mspk_4b15g_3,veriqbench/combinational/rev_circuit/mspk_4b15g_3.qasm,4,15,0,0,QDG-no-ED,0.3333333333333333,0.0,1.0,0
VeriQBench,mspk_4b15g_3,veriqbench/combinational/rev_circuit/mspk_4b15g_3.qasm,4,15,0,0,QDG-no-MD,0.7333333333333333,1.0,0.0,1
VeriQBench,mspk_4b15g_3,veriqbench/combinational/rev_circuit/mspk_4b15g_3.qasm,4,15,0,0,QDG-no-UED,0.7333333333333333,1.0,0.0,1
VeriQBench,mspk_4b15g_3,veriqbench/combinational/rev_circuit/mspk_4b15g_3.qasm,4,15,0,0,QDG-no-CD,0.7333333333333333,1.0,0.0,1
VeriQBench,mspk_4b15g_3,veriqbench/combinational/rev_circuit/mspk_4b15g_3.qasm,4,15,0,0,Classical PDG,0.3333333333333333,0.0,1.0,0
VeriQBench,mspk_4b15g_3,veriqbench/combinational/rev_circuit/mspk_4b15g_3.qasm,4,15,0,0,Causal-cone,0.7333333333333333,1.0,0.0,1
VeriQBench,mspk_4b15g_3,veriqbench/combinational/rev_circuit/mspk_4b15g_3.qasm,4,15,0,1,QSlice-full,0.9333333333333333,1.0,0.0,1
VeriQBench,mspk_4b15g_3,veriqbench/combinational/rev_circuit/mspk_4b15g_3.qasm,4,15,0,1,QDG-no-ED,0.6,1.0,0.0,1
VeriQBench,mspk_4b15g_3,veriqbench/combinational/rev_circuit/mspk_4b15g_3.qasm,4,15,0,1,QDG-no-MD,0.9333333333333333,1.0,0.0,1
VeriQBench,mspk_4b15g_3,veriqbench/combinational/rev_circuit/mspk_4b15g_3.qasm,4,15,0,1,QDG-no-UED,0.9333333333333333,1.0,0.0,1
VeriQBench,mspk_4b15g_3,veriqbench/combinational/rev_circuit/mspk_4b15g_3.qasm,4,15,0,1,QDG-no-CD,0.9333333333333333,1.0,0.0,1
VeriQBench,mspk_4b15g_3,veriqbench/combinational/rev_circuit/mspk_4b15g_3.qasm,4,15,0,1,Classical PDG,0.6,1.0,0.0,1
VeriQBench,mspk_4b15g_3,veriqbench/combinational/rev_circuit/mspk_4b15g_3.qasm,4,15,0,1,Causal-cone,0.9333333333333333,1.0,0.0,1
VeriQBench,mspk_4b15g_3,veriqbench/combinational/rev_circuit/mspk_4b15g_3.qasm,4,15,0,2,QSlice-full,0.9333333333333333,1.0,0.0,1
VeriQBench,mspk_4b15g_3,veriqbench/combinational/rev_circuit/mspk_4b15g_3.qasm,4,15,0,2,QDG-no-ED,0.5333333333333333,1.0,0.0,1
VeriQBench,mspk_4b15g_3,veriqbench/combinational/rev_circuit/mspk_4b15g_3.qasm,4,15,0,2,QDG-no-MD,0.9333333333333333,1.0,0.0,1
VeriQBench,mspk_4b15g_3,veriqbench/combinational/rev_circuit/mspk_4b15g_3.qasm,4,15,0,2,QDG-no-UED,0.9333333333333333,1.0,0.0,1
VeriQBench,mspk_4b15g_3,veriqbench/combinational/rev_circuit/mspk_4b15g_3.qasm,4,15,0,2,QDG-no-CD,0.9333333333333333,1.0,0.0,1
VeriQBench,mspk_4b15g_3,veriqbench/combinational/rev_circuit/mspk_4b15g_3.qasm,4,15,0,2,Classical PDG,0.5333333333333333,1.0,0.0,1
VeriQBench,mspk_4b15g_3,veriqbench/combinational/rev_circuit/mspk_4b15g_3.qasm,4,15,0,2,Causal-cone,0.9333333333333333,1.0,0.0,1
VeriQBench,mspk_4b15g_3,veriqbench/combinational/rev_circuit/mspk_4b15g_3.qasm,4,15,0,3,QSlice-full,0.9333333333333333,1.0,0.0,1
VeriQBench,mspk_4b15g_3,veriqbench/combinational/rev_circuit/mspk_4b15g_3.qasm,4,15,0,3,QDG-no-ED,0.7333333333333333,1.0,0.0,1
VeriQBench,mspk_4b15g_3,veriqbench/combinational/rev_circuit/mspk_4b15g_3.qasm,4,15,0,3,QDG-no-MD,0.9333333333333333,1.0,0.0,1
VeriQBench,mspk_4b15g_3,veriqbench/combinational/rev_circuit/mspk_4b15g_3.qasm,4,15,0,3,QDG-no-UED,0.9333333333333333,1.0,0.0,1
VeriQBench,mspk_4b15g_3,veriqbench/combinational/rev_circuit/mspk_4b15g_3.qasm,4,15,0,3,QDG-no-CD,0.9333333333333333,1.0,0.0,1
VeriQBench,mspk_4b15g_3,veriqbench/combinational/rev_circuit/mspk_4b15g_3.qasm,4,15,0,3,Classical PDG,0.7333333333333333,1.0,0.0,1
VeriQBench,mspk_4b15g_3,veriqbench/combinational/rev_circuit/mspk_4b15g_3.qasm,4,15,0,3,Causal-cone,0.9333333333333333,1.0,0.0,1
VeriQBench,mspk_4b15g_5,veriqbench/combinational/rev_circuit/mspk_4b15g_5.qasm,4,15,0,0,QSlice-full,0.8666666666666667,1.0,0.0,1
VeriQBench,mspk_4b15g_5,veriqbench/combinational/rev_circuit/mspk_4b15g_5.qasm,4,15,0,0,QDG-no-ED,0.6,0.0,1.0,0
VeriQBench,mspk_4b15g_5,veriqbench/combinational/rev_circuit/mspk_4b15g_5.qasm,4,15,0,0,QDG-no-MD,0.8666666666666667,1.0,0.0,1
VeriQBench,mspk_4b15g_5,veriqbench/combinational/rev_circuit/mspk_4b15g_5.qasm,4,15,0,0,QDG-no-UED,0.8666666666666667,1.0,0.0,1
VeriQBench,mspk_4b15g_5,veriqbench/combinational/rev_circuit/mspk_4b15g_5.qasm,4,15,0,0,QDG-no-CD,0.8666666666666667,1.0,0.0,1
VeriQBench,mspk_4b15g_5,veriqbench/combinational/rev_circuit/mspk_4b15g_5.qasm,4,15,0,0,Classical PDG,0.6,0.0,1.0,0
VeriQBench,mspk_4b15g_5,veriqbench/combinational/rev_circuit/mspk_4b15g_5.qasm,4,15,0,0,Causal-cone,0.8666666666666667,1.0,0.0,1
VeriQBench,mspk_4b15g_5,veriqbench/combinational/rev_circuit/mspk_4b15g_5.qasm,4,15,0,1,QSlice-full,1.0,1.0,0.0,1
VeriQBench,mspk_4b15g_5,veriqbench/combinational/rev_circuit/mspk_4b15g_5.qasm,4,15,0,1,QDG-no-ED,0.6,0.0,1.0,0
VeriQBench,mspk_4b15g_5,veriqbench/combinational/rev_circuit/mspk_4b15g_5.qasm,4,15,0,1,QDG-no-MD,1.0,1.0,0.0,1
VeriQBench,mspk_4b15g_5,veriqbench/combinational/rev_circuit/mspk_4b15g_5.qasm,4,15,0,1,QDG-no-UED,1.0,1.0,0.0,1
VeriQBench,mspk_4b15g_5,veriqbench/combinational/rev_circuit/mspk_4b15g_5.qasm,4,15,0,1,QDG-no-CD,1.0,1.0,0.0,1
VeriQBench,mspk_4b15g_5,veriqbench/combinational/rev_circuit/mspk_4b15g_5.qasm,4,15,0,1,Classical PDG,0.6,0.0,1.0,0
VeriQBench,mspk_4b15g_5,veriqbench/combinational/rev_circuit/mspk_4b15g_5.qasm,4,15,0,1,Causal-cone,1.0,1.0,0.0,1
VeriQBench,mspk_4b15g_5,veriqbench/combinational/rev_circuit/mspk_4b15g_5.qasm,4,15,0,2,QSlice-full,1.0,1.0,0.0,1
VeriQBench,mspk_4b15g_5,veriqbench/combinational/rev_circuit/mspk_4b15g_5.qasm,4,15,0,2,QDG-no-ED,0.6666666666666666,0.0,1.0,0
VeriQBench,mspk_4b15g_5,veriqbench/combinational/rev_circuit/mspk_4b15g_5.qasm,4,15,0,2,QDG-no-MD,1.0,1.0,0.0,1
VeriQBench,mspk_4b15g_5,veriqbench/combinational/rev_circuit/mspk_4b15g_5.qasm,4,15,0,2,QDG-no-UED,1.0,1.0,0.0,1
VeriQBench,mspk_4b15g_5,veriqbench/combinational/rev_circuit/mspk_4b15g_5.qasm,4,15,0,2,QDG-no-CD,1.0,1.0,0.0,1
VeriQBench,mspk_4b15g_5,veriqbench/combinational/rev_circuit/mspk_4b15g_5.qasm,4,15,0,2,Classical PDG,0.6666666666666666,0.0,1.0,0
VeriQBench,mspk_4b15g_5,veriqbench/combinational/rev_circuit/mspk_4b15g_5.qasm,4,15,0,2,Causal-cone,1.0,1.0,0.0,1
VeriQBench,mspk_4b15g_5,veriqbench/combinational/rev_circuit/mspk_4b15g_5.qasm,4,15,0,3,QSlice-full,0.9333333333333333,1.0,0.0,1
VeriQBench,mspk_4b15g_5,veriqbench/combinational/rev_circuit/mspk_4b15g_5.qasm,4,15,0,3,QDG-no-ED,0.4666666666666667,1.0,0.0,1
VeriQBench,mspk_4b15g_5,veriqbench/combinational/rev_circuit/mspk_4b15g_5.qasm,4,15,0,3,QDG-no-MD,0.9333333333333333,1.0,0.0,1
VeriQBench,mspk_4b15g_5,veriqbench/combinational/rev_circuit/mspk_4b15g_5.qasm,4,15,0,3,QDG-no-UED,0.9333333333333333,1.0,0.0,1
VeriQBench,mspk_4b15g_5,veriqbench/combinational/rev_circuit/mspk_4b15g_5.qasm,4,15,0,3,QDG-no-CD,0.9333333333333333,1.0,0.0,1
VeriQBench,mspk_4b15g_5,veriqbench/combinational/rev_circuit/mspk_4b15g_5.qasm,4,15,0,3,Classical PDG,0.4666666666666667,1.0,0.0,1
VeriQBench,mspk_4b15g_5,veriqbench/combinational/rev_circuit/mspk_4b15g_5.qasm,4,15,0,3,Causal-cone,0.9333333333333333,1.0,0.0,1
VeriQBench,4_49_fc,veriqbench/combinational/rev_circuit/4_49_fc.qasm,4,23,0,0,QSlice-full,0.8695652173913043,0.9999999999999947,0.0,1
VeriQBench,4_49_fc,veriqbench/combinational/rev_circuit/4_49_fc.qasm,4,23,0,0,QDG-no-ED,0.5217391304347826,1.2325951644078257e-32,0.9999999999999978,0
VeriQBench,4_49_fc,veriqbench/combinational/rev_circuit/4_49_fc.qasm,4,23,0,0,QDG-no-MD,0.8695652173913043,0.9999999999999947,0.0,1
VeriQBench,4_49_fc,veriqbench/combinational/rev_circuit/4_49_fc.qasm,4,23,0,0,QDG-no-UED,0.8695652173913043,0.9999999999999947,0.0,1
VeriQBench,4_49_fc,veriqbench/combinational/rev_circuit/4_49_fc.qasm,4,23,0,0,QDG-no-CD,0.8695652173913043,0.9999999999999947,0.0,1
VeriQBench,4_49_fc,veriqbench/combinational/rev_circuit/4_49_fc.qasm,4,23,0,0,Classical PDG,0.5217391304347826,1.2325951644078257e-32,0.9999999999999978,0
VeriQBench,4_49_fc,veriqbench/combinational/rev_circuit/4_49_fc.qasm,4,23,0,0,Causal-cone,0.8695652173913043,0.9999999999999947,0.0,1
VeriQBench,4_49_fc,veriqbench/combinational/rev_circuit/4_49_fc.qasm,4,23,0,1,QSlice-full,1.0,0.9999999999999947,0.0,1
VeriQBench,4_49_fc,veriqbench/combinational/rev_circuit/4_49_fc.qasm,4,23,0,1,QDG-no-ED,0.6956521739130435,3.081487911019565e-33,0.9999999999999978,0
VeriQBench,4_49_fc,veriqbench/combinational/rev_circuit/4_49_fc.qasm,4,23,0,1,QDG-no-MD,1.0,0.9999999999999947,0.0,1
VeriQBench,4_49_fc,veriqbench/combinational/rev_circuit/4_49_fc.qasm,4,23,0,1,QDG-no-UED,1.0,0.9999999999999947,0.0,1
VeriQBench,4_49_fc,veriqbench/combinational/rev_circuit/4_49_fc.qasm,4,23,0,1,QDG-no-CD,1.0,0.9999999999999947,0.0,1
VeriQBench,4_49_fc,veriqbench/combinational/rev_circuit/4_49_fc.qasm,4,23,0,1,Classical PDG,0.6956521739130435,3.081487911019565e-33,0.9999999999999978,0
VeriQBench,4_49_fc,veriqbench/combinational/rev_circuit/4_49_fc.qasm,4,23,0,1,Causal-cone,1.0,0.9999999999999947,0.0,1
VeriQBench,4_49_fc,veriqbench/combinational/rev_circuit/4_49_fc.qasm,4,23,0,2,QSlice-full,0.8695652173913043,0.9999999999999947,0.0,1
VeriQBench,4_49_fc,veriqbench/combinational/rev_circuit/4_49_fc.qasm,4,23,0,2,QDG-no-ED,0.6086956521739131,1.540743955509782e-32,0.9999999999999978,0
VeriQBench,4_49_fc,veriqbench/combinational/rev_circuit/4_49_fc.qasm,4,23,0,2,QDG-no-MD,0.8695652173913043,0.9999999999999947,0.0,1
VeriQBench,4_49_fc,veriqbench/combinational/rev_circuit/4_49_fc.qasm,4,23,0,2,QDG-no-UED,0.8695652173913043,0.9999999999999947,0.0,1
VeriQBench,4_49_fc,veriqbench/combinational/rev_circuit/4_49_fc.qasm,4,23,0,2,QDG-no-CD,0.8695652173913043,0.9999999999999947,0.0,1
VeriQBench,4_49_fc,veriqbench/combinational/rev_circuit/4_49_fc.qasm,4,23,0,2,Classical PDG,0.6086956521739131,1.540743955509782e-32,0.9999999999999978,0
VeriQBench,4_49_fc,veriqbench/combinational/rev_circuit/4_49_fc.qasm,4,23,0,2,Causal-cone,0.8695652173913043,0.9999999999999947,0.0,1
VeriQBench,4_49_fc,veriqbench/combinational/rev_circuit/4_49_fc.qasm,4,23,0,3,QSlice-full,1.0,0.9999999999999947,0.0,1
VeriQBench,4_49_fc,veriqbench/combinational/rev_circuit/4_49_fc.qasm,4,23,0,3,QDG-no-ED,0.9130434782608695,0.9999999999999947,0.0,1
VeriQBench,4_49_fc,veriqbench/combinational/rev_circuit/4_49_fc.qasm,4,23,0,3,QDG-no-MD,1.0,0.9999999999999947,0.0,1
VeriQBench,4_49_fc,veriqbench/combinational/rev_circuit/4_49_fc.qasm,4,23,0,3,QDG-no-UED,1.0,0.9999999999999947,0.0,1
VeriQBench,4_49_fc,veriqbench/combinational/rev_circuit/4_49_fc.qasm,4,23,0,3,QDG-no-CD,1.0,0.9999999999999947,0.0,1
VeriQBench,4_49_fc,veriqbench/combinational/rev_circuit/4_49_fc.qasm,4,23,0,3,Classical PDG,0.9130434782608695,0.9999999999999947,0.0,1
VeriQBench,4_49_fc,veriqbench/combinational/rev_circuit/4_49_fc.qasm,4,23,0,3,Causal-cone,1.0,0.9999999999999947,0.0,1
VeriQBench,eff_1_4,veriqbench/variational/EfficientSU2/eff_1_4.qasm,4,19,0,0,QSlice-full,0.3684210526315789,1.0,5.551115130880601e-17,1
VeriQBench,eff_1_4,veriqbench/variational/EfficientSU2/eff_1_4.qasm,4,19,0,0,QDG-no-ED,0.2631578947368421,1.0,1.1102230251421444e-16,1
VeriQBench,eff_1_4,veriqbench/variational/EfficientSU2/eff_1_4.qasm,4,19,0,0,QDG-no-MD,0.3684210526315789,1.0,5.551115130880601e-17,1
VeriQBench,eff_1_4,veriqbench/variational/EfficientSU2/eff_1_4.qasm,4,19,0,0,QDG-no-UED,0.3157894736842105,1.0,1.1102230251421444e-16,1
VeriQBench,eff_1_4,veriqbench/variational/EfficientSU2/eff_1_4.qasm,4,19,0,0,QDG-no-CD,0.3684210526315789,1.0,5.551115130880601e-17,1
VeriQBench,eff_1_4,veriqbench/variational/EfficientSU2/eff_1_4.qasm,4,19,0,0,Classical PDG,0.2631578947368421,1.0,1.1102230251421444e-16,1
VeriQBench,eff_1_4,veriqbench/variational/EfficientSU2/eff_1_4.qasm,4,19,0,0,Causal-cone,0.3684210526315789,1.0,5.551115130880601e-17,1
VeriQBench,eff_1_4,veriqbench/variational/EfficientSU2/eff_1_4.qasm,4,19,0,1,QSlice-full,0.631578947368421,1.0,1.6653345374547227e-16,1
VeriQBench,eff_1_4,veriqbench/variational/EfficientSU2/eff_1_4.qasm,4,19,0,1,QDG-no-ED,0.3157894736842105,5.974370722861919e-10,0.9999999996204296,0
VeriQBench,eff_1_4,veriqbench/variational/EfficientSU2/eff_1_4.qasm,4,19,0,1,QDG-no-MD,0.631578947368421,1.0,1.6653345374547227e-16,1
VeriQBench,eff_1_4,veriqbench/variational/EfficientSU2/eff_1_4.qasm,4,19,0,1,QDG-no-UED,0.5789473684210527,1.0,1.1102230261761202e-16,1
VeriQBench,eff_1_4,veriqbench/variational/EfficientSU2/eff_1_4.qasm,4,19,0,1,QDG-no-CD,0.631578947368421,1.0,1.6653345374547227e-16,1
VeriQBench,eff_1_4,veriqbench/variational/EfficientSU2/eff_1_4.qasm,4,19,0,1,Classical PDG,0.3157894736842105,5.974370722861919e-10,0.9999999996204296,0
VeriQBench,eff_1_4,veriqbench/variational/EfficientSU2/eff_1_4.qasm,4,19,0,1,Causal-cone,0.631578947368421,1.0,1.6653345374547227e-16,1
VeriQBench,eff_1_4,veriqbench/variational/EfficientSU2/eff_1_4.qasm,4,19,0,2,QSlice-full,0.8947368421052632,1.0,5.5511151231354e-17,1
VeriQBench,eff_1_4,veriqbench/variational/EfficientSU2/eff_1_4.qasm,4,19,0,2,QDG-no-ED,0.3157894736842105,4.892121460463758e-10,0.9999999996336072,0
VeriQBench,eff_1_4,veriqbench/variational/EfficientSU2/eff_1_4.qasm,4,19,0,2,QDG-no-MD,0.8947368421052632,1.0,5.5511151231354e-17,1
VeriQBench,eff_1_4,veriqbench/variational/EfficientSU2/eff_1_4.qasm,4,19,0,2,QDG-no-UED,0.8421052631578947,1.0,2.220446049767301e-16,1
VeriQBench,eff_1_4,veriqbench/variational/EfficientSU2/eff_1_4.qasm,4,19,0,2,QDG-no-CD,0.8947368421052632,1.0,5.5511151231354e-17,1
VeriQBench,eff_1_4,veriqbench/variational/EfficientSU2/eff_1_4.qasm,4,19,0,2,Classical PDG,0.3157894736842105,4.892121460463758e-10,0.9999999996336072,0
VeriQBench,eff_1_4,veriqbench/variational/EfficientSU2/eff_1_4.qasm,4,19,0,2,Causal-cone,0.8947368421052632,1.0,5.5511151231354e-17,1
VeriQBench,eff_1_4,veriqbench/variational/EfficientSU2/eff_1_4.qasm,4,19,0,3,QSlice-full,1.0,1.0,0.0,1
VeriQBench,eff_1_4,veriqbench/variational/EfficientSU2/eff_1_4.qasm,4,19,0,3,QDG-no-ED,0.2631578947368421,3.557936187116003e-10,0.9999999996442066,0
VeriQBench,eff_1_4,veriqbench/variational/EfficientSU2/eff_1_4.qasm,4,19,0,3,QDG-no-MD,1.0,1.0,0.0,1
VeriQBench,eff_1_4,veriqbench/variational/EfficientSU2/eff_1_4.qasm,4,19,0,3,QDG-no-UED,1.0,1.0,0.0,1
VeriQBench,eff_1_4,veriqbench/variational/EfficientSU2/eff_1_4.qasm,4,19,0,3,QDG-no-CD,1.0,1.0,0.0,1
VeriQBench,eff_1_4,veriqbench/variational/EfficientSU2/eff_1_4.qasm,4,19,0,3,Classical PDG,0.2631578947368421,3.557936187116003e-10,0.9999999996442066,0
VeriQBench,eff_1_4,veriqbench/variational/EfficientSU2/eff_1_4.qasm,4,19,0,3,Causal-cone,1.0,1.0,0.0,1
VeriQBench,eff_2_4,veriqbench/variational/EfficientSU2/eff_2_4.qasm,4,19,0,0,QSlice-full,0.3684210526315789,1.0,5.551115127003192e-17,1
VeriQBench,eff_2_4,veriqbench/variational/EfficientSU2/eff_2_4.qasm,4,19,0,0,QDG-no-ED,0.2631578947368421,1.0,5.780100247932768e-26,1
VeriQBench,eff_2_4,veriqbench/variational/EfficientSU2/eff_2_4.qasm,4,19,0,0,QDG-no-MD,0.3684210526315789,1.0,5.551115127003192e-17,1
VeriQBench,eff_2_4,veriqbench/variational/EfficientSU2/eff_2_4.qasm,4,19,0,0,QDG-no-UED,0.3157894736842105,1.0,5.780100247932768e-26,1
VeriQBench,eff_2_4,veriqbench/variational/EfficientSU2/eff_2_4.qasm,4,19,0,0,QDG-no-CD,0.3684210526315789,1.0,5.551115127003192e-17,1
VeriQBench,eff_2_4,veriqbench/variational/EfficientSU2/eff_2_4.qasm,4,19,0,0,Classical PDG,0.2631578947368421,1.0,5.780100247932768e-26,1
VeriQBench,eff_2_4,veriqbench/variational/EfficientSU2/eff_2_4.qasm,4,19,0,0,Causal-cone,0.3684210526315789,1.0,5.551115127003192e-17,1
VeriQBench,eff_2_4,veriqbench/variational/EfficientSU2/eff_2_4.qasm,4,19,0,1,QSlice-full,0.631578947368421,1.0,5.780100247932768e-26,1
VeriQBench,eff_2_4,veriqbench/variational/EfficientSU2/eff_2_4.qasm,4,19,0,1,QDG-no-ED,0.3157894736842105,0.9999999999855693,1.5015945670602608e-10,1
VeriQBench,eff_2_4,veriqbench/variational/EfficientSU2/eff_2_4.qasm,4,19,0,1,QDG-no-MD,0.631578947368421,1.0,5.780100247932768e-26,1
VeriQBench,eff_2_4,veriqbench/variational/EfficientSU2/eff_2_4.qasm,4,19,0,1,QDG-no-UED,0.5789473684210527,1.0,5.551115143805298e-17,1
VeriQBench,eff_2_4,veriqbench/variational/EfficientSU2/eff_2_4.qasm,4,19,0,1,QDG-no-CD,0.631578947368421,1.0,5.780100247932768e-26,1
VeriQBench,eff_2_4,veriqbench/variational/EfficientSU2/eff_2_4.qasm,4,19,0,1,Classical PDG,0.3157894736842105,0.9999999999855693,1.5015945670602608e-10,1
VeriQBench,eff_2_4,veriqbench/variational/EfficientSU2/eff_2_4.qasm,4,19,0,1,Causal-cone,0.631578947368421,1.0,5.780100247932768e-26,1
VeriQBench,eff_2_4,veriqbench/variational/EfficientSU2/eff_2_4.qasm,4,19,0,2,QSlice-full,0.8947368421052632,1.0,5.551115124073547e-17,1
VeriQBench,eff_2_4,veriqbench/variational/EfficientSU2/eff_2_4.qasm,4,19,0,2,QDG-no-ED,0.3157894736842105,0.9999999998327088,4.693080668243531e-10,1
VeriQBench,eff_2_4,veriqbench/variational/EfficientSU2/eff_2_4.qasm,4,19,0,2,QDG-no-MD,0.8947368421052632,1.0,5.551115124073547e-17,1
VeriQBench,eff_2_4,veriqbench/variational/EfficientSU2/eff_2_4.qasm,4,19,0,2,QDG-no-UED,0.8421052631578947,1.0,5.551115128295664e-17,1
VeriQBench,eff_2_4,veriqbench/variational/EfficientSU2/eff_2_4.qasm,4,19,0,2,QDG-no-CD,0.8947368421052632,1.0,5.551115124073547e-17,1
VeriQBench,eff_2_4,veriqbench/variational/EfficientSU2/eff_2_4.qasm,4,19,0,2,Classical PDG,0.3157894736842105,0.9999999998327088,4.693080668243531e-10,1
VeriQBench,eff_2_4,veriqbench/variational/EfficientSU2/eff_2_4.qasm,4,19,0,2,Causal-cone,0.8947368421052632,1.0,5.551115124073547e-17,1
VeriQBench,eff_2_4,veriqbench/variational/EfficientSU2/eff_2_4.qasm,4,19,0,3,QSlice-full,1.0,1.0,0.0,1
VeriQBench,eff_2_4,veriqbench/variational/EfficientSU2/eff_2_4.qasm,4,19,0,3,QDG-no-ED,0.2631578947368421,6.0561875554613e-10,0.9999999993943811,0
VeriQBench,eff_2_4,veriqbench/variational/EfficientSU2/eff_2_4.qasm,4,19,0,3,QDG-no-MD,1.0,1.0,0.0,1
VeriQBench,eff_2_4,veriqbench/variational/EfficientSU2/eff_2_4.qasm,4,19,0,3,QDG-no-UED,1.0,1.0,0.0,1
VeriQBench,eff_2_4,veriqbench/variational/EfficientSU2/eff_2_4.qasm,4,19,0,3,QDG-no-CD,1.0,1.0,0.0,1
VeriQBench,eff_2_4,veriqbench/variational/EfficientSU2/eff_2_4.qasm,4,19,0,3,Classical PDG,0.2631578947368421,6.0561875554613e-10,0.9999999993943811,0
VeriQBench,eff_2_4,veriqbench/variational/EfficientSU2/eff_2_4.qasm,4,19,0,3,Causal-cone,1.0,1.0,0.0,1
VeriQBench,eff_3_4,veriqbench/variational/EfficientSU2/eff_3_4.qasm,4,19,0,0,QSlice-full,0.3684210526315789,1.0,1.6653345371962285e-16,1
VeriQBench,eff_3_4,veriqbench/variational/EfficientSU2/eff_3_4.qasm,4,19,0,0,QDG-no-ED,0.2631578947368421,1.0,1.1102230248836505e-16,1
VeriQBench,eff_3_4,veriqbench/variational/EfficientSU2/eff_3_4.qasm,4,19,0,0,QDG-no-MD,0.3684210526315789,1.0,1.6653345371962285e-16,1
VeriQBench,eff_3_4,veriqbench/variational/EfficientSU2/eff_3_4.qasm,4,19,0,0,QDG-no-UED,0.3157894736842105,1.0,1.1102230248836505e-16,1
VeriQBench,eff_3_4,veriqbench/variational/EfficientSU2/eff_3_4.qasm,4,19,0,0,QDG-no-CD,0.3684210526315789,1.0,1.6653345371962285e-16,1
VeriQBench,eff_3_4,veriqbench/variational/EfficientSU2/eff_3_4.qasm,4,19,0,0,Classical PDG,0.2631578947368421,1.0,1.1102230248836505e-16,1
VeriQBench,eff_3_4,veriqbench/variational/EfficientSU2/eff_3_4.qasm,4,19,0,0,Causal-cone,0.3684210526315789,1.0,1.6653345371962285e-16,1
VeriQBench,eff_3_4,veriqbench/variational/EfficientSU2/eff_3_4.qasm,4,19,0,1,QSlice-full,0.631578947368421,1.0,1.1102230261761202e-16,1
VeriQBench,eff_3_4,veriqbench/variational/EfficientSU2/eff_3_4.qasm,4,19,0,1,QDG-no-ED,0.3157894736842105,5.879764397649513e-10,0.9999999996609417,0
VeriQBench,eff_3_4,veriqbench/variational/EfficientSU2/eff_3_4.qasm,4,19,0,1,QDG-no-MD,0.631578947368421,1.0,1.1102230261761202e-16,1
VeriQBench,eff_3_4,veriqbench/variational/EfficientSU2/eff_3_4.qasm,4,19,0,1,QDG-no-UED,0.5789473684210527,1.0,1.6653345379717103e-16,1
VeriQBench,eff_3_4,veriqbench/variational/EfficientSU2/eff_3_4.qasm,4,19,0,1,QDG-no-CD,0.631578947368421,1.0,1.1102230261761202e-16,1
VeriQBench,eff_3_4,veriqbench/variational/EfficientSU2/eff_3_4.qasm,4,19,0,1,Classical PDG,0.3157894736842105,5.879764397649513e-10,0.9999999996609417,0
VeriQBench,eff_3_4,veriqbench/variational/EfficientSU2/eff_3_4.qasm,4,19,0,1,Causal-cone,0.631578947368421,1.0,1.1102230261761202e-16,1
VeriQBench,eff_3_4,veriqbench/variational/EfficientSU2/eff_3_4.qasm,4,19,0,2,QSlice-full,0.8947368421052632,1.0,5.551115128295664e-17,1
VeriQBench,eff_3_4,veriqbench/variational/EfficientSU2/eff_3_4.qasm,4,19,0,2,QDG-no-ED,0.3157894736842105,0.999999999833013,2.846382425422053e-10,1
VeriQBench,eff_3_4,veriqbench/variational/EfficientSU2/eff_3_4.qasm,4,19,0,2,QDG-no-MD,0.8947368421052632,1.0,5.551115128295664e-17,1
VeriQBench,eff_3_4,veriqbench/variational/EfficientSU2/eff_3_4.qasm,4,19,0,2,QDG-no-UED,0.8421052631578947,1.0,1.110223025142145e-16,1
VeriQBench,eff_3_4,veriqbench/variational/EfficientSU2/eff_3_4.qasm,4,19,0,2,QDG-no-CD,0.8947368421052632,1.0,5.551115128295664e-17,1
VeriQBench,eff_3_4,veriqbench/variational/EfficientSU2/eff_3_4.qasm,4,19,0,2,Classical PDG,0.3157894736842105,0.999999999833013,2.846382425422053e-10,1
VeriQBench,eff_3_4,veriqbench/variational/EfficientSU2/eff_3_4.qasm,4,19,0,2,Causal-cone,0.8947368421052632,1.0,5.551115128295664e-17,1
VeriQBench,eff_3_4,veriqbench/variational/EfficientSU2/eff_3_4.qasm,4,19,0,3,QSlice-full,1.0,1.0,0.0,1
VeriQBench,eff_3_4,veriqbench/variational/EfficientSU2/eff_3_4.qasm,4,19,0,3,QDG-no-ED,0.2631578947368421,3.053612008552812e-10,0.9999999996946388,0
VeriQBench,eff_3_4,veriqbench/variational/EfficientSU2/eff_3_4.qasm,4,19,0,3,QDG-no-MD,1.0,1.0,0.0,1
VeriQBench,eff_3_4,veriqbench/variational/EfficientSU2/eff_3_4.qasm,4,19,0,3,QDG-no-UED,1.0,1.0,0.0,1
VeriQBench,eff_3_4,veriqbench/variational/EfficientSU2/eff_3_4.qasm,4,19,0,3,QDG-no-CD,1.0,1.0,0.0,1
VeriQBench,eff_3_4,veriqbench/variational/EfficientSU2/eff_3_4.qasm,4,19,0,3,Classical PDG,0.2631578947368421,3.053612008552812e-10,0.9999999996946388,0
VeriQBench,eff_3_4,veriqbench/variational/EfficientSU2/eff_3_4.qasm,4,19,0,3,Causal-cone,1.0,1.0,0.0,1
VeriQBench,eff_4_4,veriqbench/variational/EfficientSU2/eff_4_4.qasm,4,19,0,0,QSlice-full,0.3684210526315789,0.9999999999999997,5.551115247202875e-17,1
VeriQBench,eff_4_4,veriqbench/variational/EfficientSU2/eff_4_4.qasm,4,19,0,0,QDG-no-ED,0.2631578947368421,0.9999999999999998,1.1102230308290111e-16,1
VeriQBench,eff_4_4,veriqbench/variational/EfficientSU2/eff_4_4.qasm,4,19,0,0,QDG-no-MD,0.3684210526315789,0.9999999999999997,5.551115247202875e-17,1
VeriQBench,eff_4_4,veriqbench/variational/EfficientSU2/eff_4_4.qasm,4,19,0,0,QDG-no-UED,0.3157894736842105,0.9999999999999998,1.1102230370328657e-16,1
VeriQBench,eff_4_4,veriqbench/variational/EfficientSU2/eff_4_4.qasm,4,19,0,0,QDG-no-CD,0.3684210526315789,0.9999999999999997,5.551115247202875e-17,1
VeriQBench,eff_4_4,veriqbench/variational/EfficientSU2/eff_4_4.qasm,4,19,0,0,Classical PDG,0.2631578947368421,0.9999999999999998,1.1102230308290111e-16,1
VeriQBench,eff_4_4,veriqbench/variational/EfficientSU2/eff_4_4.qasm,4,19,0,0,Causal-cone,0.3684210526315789,0.9999999999999997,5.551115247202875e-17,1
VeriQBench,eff_4_4,veriqbench/variational/EfficientSU2/eff_4_4.qasm,4,19,0,1,QSlice-full,0.631578947368421,0.9999999999999997,5.551115143805298e-17,1
VeriQBench,eff_4_4,veriqbench/variational/EfficientSU2/eff_4_4.qasm,4,19,0,1,QDG-no-ED,0.3157894736842105,0.9999999988849706,1.5811783131073286e-09,1
VeriQBench,eff_4_4,veriqbench/variational/EfficientSU2/eff_4_4.qasm,4,19,0,1,QDG-no-MD,0.631578947368421,0.9999999999999997,5.551115143805298e-17,1
VeriQBench,eff_4_4,veriqbench/variational/EfficientSU2/eff_4_4.qasm,4,19,0,1,QDG-no-UED,0.5789473684210527,0.9999999999999998,1.1102230277270838e-16,1
VeriQBench,eff_4_4,veriqbench/variational/EfficientSU2/eff_4_4.qasm,4,19,0,1,QDG-no-CD,0.631578947368421,0.9999999999999997,5.551115143805298e-17,1
VeriQBench,eff_4_4,veriqbench/variational/EfficientSU2/eff_4_4.qasm,4,19,0,1,Classical PDG,0.3157894736842105,0.9999999988849706,1.5811783131073286e-09,1
VeriQBench,eff_4_4,veriqbench/variational/EfficientSU2/eff_4_4.qasm,4,19,0,1,Causal-cone,0.631578947368421,0.9999999999999997,5.551115143805298e-17,1
VeriQBench,eff_4_4,veriqbench/variational/EfficientSU2/eff_4_4.qasm,4,19,0,2,QSlice-full,0.8947368421052632,0.9999999999999998,1.1102230247564003e-16,1
VeriQBench,eff_4_4,veriqbench/variational/EfficientSU2/eff_4_4.qasm,4,19,0,2,QDG-no-ED,0.3157894736842105,0.999999999018026,1.6298979077841768e-09,1
VeriQBench,eff_4_4,veriqbench/variational/EfficientSU2/eff_4_4.qasm,4,19,0,2,QDG-no-MD,0.8947368421052632,0.9999999999999998,1.1102230247564003e-16,1
VeriQBench,eff_4_4,veriqbench/variational/EfficientSU2/eff_4_4.qasm,4,19,0,2,QDG-no-UED,0.8421052631578947,0.9999999999999997,5.551115125750657e-17,1
VeriQBench,eff_4_4,veriqbench/variational/EfficientSU2/eff_4_4.qasm,4,19,0,2,QDG-no-CD,0.8947368421052632,0.9999999999999998,1.1102230247564003e-16,1
VeriQBench,eff_4_4,veriqbench/variational/EfficientSU2/eff_4_4.qasm,4,19,0,2,Classical PDG,0.3157894736842105,0.999999999018026,1.6298979077841768e-09,1
VeriQBench,eff_4_4,veriqbench/variational/EfficientSU2/eff_4_4.qasm,4,19,0,2,Causal-cone,0.8947368421052632,0.9999999999999998,1.1102230247564003e-16,1
VeriQBench,eff_4_4,veriqbench/variational/EfficientSU2/eff_4_4.qasm,4,19,0,3,QSlice-full,1.0,0.9999999999999996,0.0,1
VeriQBench,eff_4_4,veriqbench/variational/EfficientSU2/eff_4_4.qasm,4,19,0,3,QDG-no-ED,0.2631578947368421,1.7367758426777875e-09,0.9999999982632239,0
VeriQBench,eff_4_4,veriqbench/variational/EfficientSU2/eff_4_4.qasm,4,19,0,3,QDG-no-MD,1.0,0.9999999999999996,0.0,1
VeriQBench,eff_4_4,veriqbench/variational/EfficientSU2/eff_4_4.qasm,4,19,0,3,QDG-no-UED,1.0,0.9999999999999996,0.0,1
VeriQBench,eff_4_4,veriqbench/variational/EfficientSU2/eff_4_4.qasm,4,19,0,3,QDG-no-CD,1.0,0.9999999999999996,0.0,1
VeriQBench,eff_4_4,veriqbench/variational/EfficientSU2/eff_4_4.qasm,4,19,0,3,Classical PDG,0.2631578947368421,1.7367758426777875e-09,0.9999999982632239,0
VeriQBench,eff_4_4,veriqbench/variational/EfficientSU2/eff_4_4.qasm,4,19,0,3,Causal-cone,1.0,0.9999999999999996,0.0,1
VeriQBench,eff_5_4,veriqbench/variational/EfficientSU2/eff_5_4.qasm,4,19,0,0,QSlice-full,0.3684210526315789,1.0,3.388131790594923e-21,1
VeriQBench,eff_5_4,veriqbench/variational/EfficientSU2/eff_5_4.qasm,4,19,0,0,QDG-no-ED,0.2631578947368421,1.0,5.551115123125783e-17,1
VeriQBench,eff_5_4,veriqbench/variational/EfficientSU2/eff_5_4.qasm,4,19,0,0,QDG-no-MD,0.3684210526315789,1.0,3.388131790594923e-21,1
VeriQBench,eff_5_4,veriqbench/variational/EfficientSU2/eff_5_4.qasm,4,19,0,0,QDG-no-UED,0.3157894736842105,1.0,5.551115123125783e-17,1
VeriQBench,eff_5_4,veriqbench/variational/EfficientSU2/eff_5_4.qasm,4,19,0,0,QDG-no-CD,0.3684210526315789,1.0,3.388131790594923e-21,1
VeriQBench,eff_5_4,veriqbench/variational/EfficientSU2/eff_5_4.qasm,4,19,0,0,Classical PDG,0.2631578947368421,1.0,5.551115123125783e-17,1
VeriQBench,eff_5_4,veriqbench/variational/EfficientSU2/eff_5_4.qasm,4,19,0,0,Causal-cone,0.3684210526315789,1.0,3.388131790594923e-21,1
VeriQBench,eff_5_4,veriqbench/variational/EfficientSU2/eff_5_4.qasm,4,19,0,1,QSlice-full,0.631578947368421,1.0,1.065797824068516e-25,1
VeriQBench,eff_5_4,veriqbench/variational/EfficientSU2/eff_5_4.qasm,4,19,0,1,QDG-no-ED,0.3157894736842105,0.9999999995810173,9.257121340199144e-10,1
VeriQBench,eff_5_4,veriqbench/variational/EfficientSU2/eff_5_4.qasm,4,19,0,1,QDG-no-MD,0.631578947368421,1.0,1.065797824068516e-25,1
VeriQBench,eff_5_4,veriqbench/variational/EfficientSU2/eff_5_4.qasm,4,19,0,1,QDG-no-UED,0.5789473684210527,1.0,1.0657978240703404e-25,1
VeriQBench,eff_5_4,veriqbench/variational/EfficientSU2/eff_5_4.qasm,4,19,0,1,QDG-no-CD,0.631578947368421,1.0,1.065797824068516e-25,1
VeriQBench,eff_5_4,veriqbench/variational/EfficientSU2/eff_5_4.qasm,4,19,0,1,Classical PDG,0.3157894736842105,0.9999999995810173,9.257121340199144e-10,1
VeriQBench,eff_5_4,veriqbench/variational/EfficientSU2/eff_5_4.qasm,4,19,0,1,Causal-cone,0.631578947368421,1.0,1.065797824068516e-25,1
VeriQBench,eff_5_4,veriqbench/variational/EfficientSU2/eff_5_4.qasm,4,19,0,2,QSlice-full,0.8947368421052632,1.0,3.426033183786778e-21,1
VeriQBench,eff_5_4,veriqbench/variational/EfficientSU2/eff_5_4.qasm,4,19,0,2,QDG-no-ED,0.3157894736842105,0.9999999995730547,1.0789251166890788e-09,1
VeriQBench,eff_5_4,veriqbench/variational/EfficientSU2/eff_5_4.qasm,4,19,0,2,QDG-no-MD,0.8947368421052632,1.0,3.426033183786778e-21,1
VeriQBench,eff_5_4,veriqbench/variational/EfficientSU2/eff_5_4.qasm,4,19,0,2,QDG-no-UED,0.8421052631578947,1.0,3.426033177545706e-21,1
VeriQBench,eff_5_4,veriqbench/variational/EfficientSU2/eff_5_4.qasm,4,19,0,2,QDG-no-CD,0.8947368421052632,1.0,3.426033183786778e-21,1
VeriQBench,eff_5_4,veriqbench/variational/EfficientSU2/eff_5_4.qasm,4,19,0,2,Classical PDG,0.3157894736842105,0.9999999995730547,1.0789251166890788e-09,1
VeriQBench,eff_5_4,veriqbench/variational/EfficientSU2/eff_5_4.qasm,4,19,0,2,Causal-cone,0.8947368421052632,1.0,3.426033183786778e-21,1
VeriQBench,eff_5_4,veriqbench/variational/EfficientSU2/eff_5_4.qasm,4,19,0,3,QSlice-full,1.0,1.0,0.0,1
VeriQBench,eff_5_4,veriqbench/variational/EfficientSU2/eff_5_4.qasm,4,19,0,3,QDG-no-ED,0.2631578947368421,1.327831830345766e-09,0.9999999986721682,0
VeriQBench,eff_5_4,veriqbench/variational/EfficientSU2/eff_5_4.qasm,4,19,0,3,QDG-no-MD,1.0,1.0,0.0,1
VeriQBench,eff_5_4,veriqbench/variational/EfficientSU2/eff_5_4.qasm,4,19,0,3,QDG-no-UED,1.0,1.0,0.0,1
VeriQBench,eff_5_4,veriqbench/variational/EfficientSU2/eff_5_4.qasm,4,19,0,3,QDG-no-CD,1.0,1.0,0.0,1
VeriQBench,eff_5_4,veriqbench/variational/EfficientSU2/eff_5_4.qasm,4,19,0,3,Classical PDG,0.2631578947368421,1.327831830345766e-09,0.9999999986721682,0
VeriQBench,eff_5_4,veriqbench/variational/EfficientSU2/eff_5_4.qasm,4,19,0,3,Causal-cone,1.0,1.0,0.0,1
VeriQBench,rand_cliff_4_GD,veriqbench/combinational/rand_cliff/rand_cliff_4_GD.qasm,4,23,0,0,QSlice-full,0.8695652173913043,0.9999999999999982,0.0,1
VeriQBench,rand_cliff_4_GD,veriqbench/combinational/rand_cliff/rand_cliff_4_GD.qasm,4,23,0,0,QDG-no-ED,0.5217391304347826,0.49999999999999933,0.4999999999999998,0
VeriQBench,rand_cliff_4_GD,veriqbench/combinational/rand_cliff/rand_cliff_4_GD.qasm,4,23,0,0,QDG-no-MD,0.8695652173913043,0.9999999999999982,0.0,1
VeriQBench,rand_cliff_4_GD,veriqbench/combinational/rand_cliff/rand_cliff_4_GD.qasm,4,23,0,0,QDG-no-UED,0.8260869565217391,0.9999999999999982,0.0,1
VeriQBench,rand_cliff_4_GD,veriqbench/combinational/rand_cliff/rand_cliff_4_GD.qasm,4,23,0,0,QDG-no-CD,0.8695652173913043,0.9999999999999982,0.0,1
VeriQBench,rand_cliff_4_GD,veriqbench/combinational/rand_cliff/rand_cliff_4_GD.qasm,4,23,0,0,Classical PDG,0.5217391304347826,0.49999999999999933,0.4999999999999998,0
VeriQBench,rand_cliff_4_GD,veriqbench/combinational/rand_cliff/rand_cliff_4_GD.qasm,4,23,0,0,Causal-cone,0.8695652173913043,0.9999999999999982,0.0,1
VeriQBench,rand_cliff_4_GD,veriqbench/combinational/rand_cliff/rand_cliff_4_GD.qasm,4,23,0,1,QSlice-full,0.9130434782608695,0.9999999999999982,0.0,1
VeriQBench,rand_cliff_4_GD,veriqbench/combinational/rand_cliff/rand_cliff_4_GD.qasm,4,23,0,1,QDG-no-ED,0.21739130434782608,0.49999999999999956,0.5,0
VeriQBench,rand_cliff_4_GD,veriqbench/combinational/rand_cliff/rand_cliff_4_GD.qasm,4,23,0,1,QDG-no-MD,0.9130434782608695,0.9999999999999982,0.0,1
VeriQBench,rand_cliff_4_GD,veriqbench/combinational/rand_cliff/rand_cliff_4_GD.qasm,4,23,0,1,QDG-no-UED,0.8695652173913043,0.9999999999999982,0.0,1
VeriQBench,rand_cliff_4_GD,veriqbench/combinational/rand_cliff/rand_cliff_4_GD.qasm,4,23,0,1,QDG-no-CD,0.9130434782608695,0.9999999999999982,0.0,1
VeriQBench,rand_cliff_4_GD,veriqbench/combinational/rand_cliff/rand_cliff_4_GD.qasm,4,23,0,1,Classical PDG,0.21739130434782608,0.49999999999999956,0.5,0
VeriQBench,rand_cliff_4_GD,veriqbench/combinational/rand_cliff/rand_cliff_4_GD.qasm,4,23,0,1,Causal-cone,0.9130434782608695,0.9999999999999982,0.0,1
VeriQBench,rand_cliff_4_GD,veriqbench/combinational/rand_cliff/rand_cliff_4_GD.qasm,4,23,0,2,QSlice-full,0.9565217391304348,0.9999999999999982,0.0,1
VeriQBench,rand_cliff_4_GD,veriqbench/combinational/rand_cliff/rand_cliff_4_GD.qasm,4,23,0,2,QDG-no-ED,0.2608695652173913,0.49999999999999944,0.4999999999999999,0
VeriQBench,rand_cliff_4_GD,veriqbench/combinational/rand_cliff/rand_cliff_4_GD.qasm,4,23,0,2,QDG-no-MD,0.9565217391304348,0.9999999999999982,0.0,1
VeriQBench,rand_cliff_4_GD,veriqbench/combinational/rand_cliff/rand_cliff_4_GD.qasm,4,23,0,2,QDG-no-UED,0.9130434782608695,0.9999999999999982,0.0,1
VeriQBench,rand_cliff_4_GD,veriqbench/combinational/rand_cliff/rand_cliff_4_GD.qasm,4,23,0,2,QDG-no-CD,0.9565217391304348,0.9999999999999982,0.0,1
VeriQBench,rand_cliff_4_GD,veriqbench/combinational/rand_cliff/rand_cliff_4_GD.qasm,4,23,0,2,Classical PDG,0.2608695652173913,0.49999999999999944,0.4999999999999999,0
VeriQBench,rand_cliff_4_GD,veriqbench/combinational/rand_cliff/rand_cliff_4_GD.qasm,4,23,0,2,Causal-cone,0.9565217391304348,0.9999999999999982,0.0,1
VeriQBench,rand_cliff_4_GD,veriqbench/combinational/rand_cliff/rand_cliff_4_GD.qasm,4,23,0,3,QSlice-full,1.0,0.9999999999999982,0.0,1
VeriQBench,rand_cliff_4_GD,veriqbench/combinational/rand_cliff/rand_cliff_4_GD.qasm,4,23,0,3,QDG-no-ED,0.34782608695652173,0.9999999999999987,2.220446049250313e-16,1
VeriQBench,rand_cliff_4_GD,veriqbench/combinational/rand_cliff/rand_cliff_4_GD.qasm,4,23,0,3,QDG-no-MD,1.0,0.9999999999999982,0.0,1
VeriQBench,rand_cliff_4_GD,veriqbench/combinational/rand_cliff/rand_cliff_4_GD.qasm,4,23,0,3,QDG-no-UED,1.0,0.9999999999999982,0.0,1
VeriQBench,rand_cliff_4_GD,veriqbench/combinational/rand_cliff/rand_cliff_4_GD.qasm,4,23,0,3,QDG-no-CD,1.0,0.9999999999999982,0.0,1
VeriQBench,rand_cliff_4_GD,veriqbench/combinational/rand_cliff/rand_cliff_4_GD.qasm,4,23,0,3,Classical PDG,0.34782608695652173,0.9999999999999987,2.220446049250313e-16,1
VeriQBench,rand_cliff_4_GD,veriqbench/combinational/rand_cliff/rand_cliff_4_GD.qasm,4,23,0,3,Causal-cone,1.0,0.9999999999999982,0.0,1
VeriQBench,rand_cliff_4_AG,veriqbench/combinational/rand_cliff/rand_cliff_4_AG.qasm,4,25,0,0,QSlice-full,1.0,0.9999999999999973,0.0,1
VeriQBench,rand_cliff_4_AG,veriqbench/combinational/rand_cliff/rand_cliff_4_AG.qasm,4,25,0,0,QDG-no-ED,0.32,0.4999999999999991,0.4999999999999998,0
VeriQBench,rand_cliff_4_AG,veriqbench/combinational/rand_cliff/rand_cliff_4_AG.qasm,4,25,0,0,QDG-no-MD,1.0,0.9999999999999973,0.0,1
VeriQBench,rand_cliff_4_AG,veriqbench/combinational/rand_cliff/rand_cliff_4_AG.qasm,4,25,0,0,QDG-no-UED,0.84,0.9999999999999976,1.1102230246251565e-16,1
VeriQBench,rand_cliff_4_AG,veriqbench/combinational/rand_cliff/rand_cliff_4_AG.qasm,4,25,0,0,QDG-no-CD,1.0,0.9999999999999973,0.0,1
VeriQBench,rand_cliff_4_AG,veriqbench/combinational/rand_cliff/rand_cliff_4_AG.qasm,4,25,0,0,Classical PDG,0.32,0.4999999999999991,0.4999999999999998,0
VeriQBench,rand_cliff_4_AG,veriqbench/combinational/rand_cliff/rand_cliff_4_AG.qasm,4,25,0,0,Causal-cone,1.0,0.9999999999999973,0.0,1
VeriQBench,rand_cliff_4_AG,veriqbench/combinational/rand_cliff/rand_cliff_4_AG.qasm,4,25,0,1,QSlice-full,1.0,0.9999999999999973,0.0,1
VeriQBench,rand_cliff_4_AG,veriqbench/combinational/rand_cliff/rand_cliff_4_AG.qasm,4,25,0,1,QDG-no-ED,0.32,0.4999999999999991,0.4999999999999998,0
VeriQBench,rand_cliff_4_AG,veriqbench/combinational/rand_cliff/rand_cliff_4_AG.qasm,4,25,0,1,QDG-no-MD,1.0,0.9999999999999973,0.0,1
VeriQBench,rand_cliff_4_AG,veriqbench/combinational/rand_cliff/rand_cliff_4_AG.qasm,4,25,0,1,QDG-no-UED,0.84,0.9999999999999976,1.1102230246251565e-16,1
VeriQBench,rand_cliff_4_AG,veriqbench/combinational/rand_cliff/rand_cliff_4_AG.qasm,4,25,0,1,QDG-no-CD,1.0,0.9999999999999973,0.0,1
VeriQBench,rand_cliff_4_AG,veriqbench/combinational/rand_cliff/rand_cliff_4_AG.qasm,4,25,0,1,Classical PDG,0.32,0.4999999999999991,0.4999999999999998,0
VeriQBench,rand_cliff_4_AG,veriqbench/combinational/rand_cliff/rand_cliff_4_AG.qasm,4,25,0,1,Causal-cone,1.0,0.9999999999999973,0.0,1
VeriQBench,rand_cliff_4_AG,veriqbench/combinational/rand_cliff/rand_cliff_4_AG.qasm,4,25,0,2,QSlice-full,0.92,0.9999999999999973,0.0,1
VeriQBench,rand_cliff_4_AG,veriqbench/combinational/rand_cliff/rand_cliff_4_AG.qasm,4,25,0,2,QDG-no-ED,0.36,0.4999999999999991,0.4999999999999998,0
VeriQBench,rand_cliff_4_AG,veriqbench/combinational/rand_cliff/rand_cliff_4_AG.qasm,4,25,0,2,QDG-no-MD,0.92,0.9999999999999973,0.0,1
VeriQBench,rand_cliff_4_AG,veriqbench/combinational/rand_cliff/rand_cliff_4_AG.qasm,4,25,0,2,QDG-no-UED,0.76,0.9999999999999976,1.1102230246251565e-16,1
VeriQBench,rand_cliff_4_AG,veriqbench/combinational/rand_cliff/rand_cliff_4_AG.qasm,4,25,0,2,QDG-no-CD,0.92,0.9999999999999973,0.0,1
VeriQBench,rand_cliff_4_AG,veriqbench/combinational/rand_cliff/rand_cliff_4_AG.qasm,4,25,0,2,Classical PDG,0.36,0.4999999999999991,0.4999999999999998,0
VeriQBench,rand_cliff_4_AG,veriqbench/combinational/rand_cliff/rand_cliff_4_AG.qasm,4,25,0,2,Causal-cone,0.92,0.9999999999999973,0.0,1
VeriQBench,rand_cliff_4_AG,veriqbench/combinational/rand_cliff/rand_cliff_4_AG.qasm,4,25,0,3,QSlice-full,0.88,0.9999999999999973,0.0,1
VeriQBench,rand_cliff_4_AG,veriqbench/combinational/rand_cliff/rand_cliff_4_AG.qasm,4,25,0,3,QDG-no-ED,0.36,0.9999999999999982,4.440892098500626e-16,1
VeriQBench,rand_cliff_4_AG,veriqbench/combinational/rand_cliff/rand_cliff_4_AG.qasm,4,25,0,3,QDG-no-MD,0.88,0.9999999999999973,0.0,1
VeriQBench,rand_cliff_4_AG,veriqbench/combinational/rand_cliff/rand_cliff_4_AG.qasm,4,25,0,3,QDG-no-UED,0.88,0.9999999999999973,0.0,1
VeriQBench,rand_cliff_4_AG,veriqbench/combinational/rand_cliff/rand_cliff_4_AG.qasm,4,25,0,3,QDG-no-CD,0.88,0.9999999999999973,0.0,1
VeriQBench,rand_cliff_4_AG,veriqbench/combinational/rand_cliff/rand_cliff_4_AG.qasm,4,25,0,3,Classical PDG,0.36,0.9999999999999982,4.440892098500626e-16,1
VeriQBench,rand_cliff_4_AG,veriqbench/combinational/rand_cliff/rand_cliff_4_AG.qasm,4,25,0,3,Causal-cone,0.88,0.9999999999999973,0.0,1
VeriQBench,qcnn_4,veriqbench/variational/QCNN/qcnn_4.qasm,4,66,0,0,QSlice-full,0.5454545454545454,1.0,2.7755575615628914e-16,1
VeriQBench,qcnn_4,veriqbench/variational/QCNN/qcnn_4.qasm,4,66,0,0,QDG-no-ED,0.21212121212121213,0.3705747227495936,0.7740732479434222,0
VeriQBench,qcnn_4,veriqbench/variational/QCNN/qcnn_4.qasm,4,66,0,0,QDG-no-MD,0.5454545454545454,1.0,2.7755575615628914e-16,1
VeriQBench,qcnn_4,veriqbench/variational/QCNN/qcnn_4.qasm,4,66,0,0,QDG-no-UED,0.5454545454545454,1.0,2.7755575615628914e-16,1
VeriQBench,qcnn_4,veriqbench/variational/QCNN/qcnn_4.qasm,4,66,0,0,QDG-no-CD,0.5454545454545454,1.0,2.7755575615628914e-16,1
VeriQBench,qcnn_4,veriqbench/variational/QCNN/qcnn_4.qasm,4,66,0,0,Classical PDG,0.21212121212121213,0.3705747227495936,0.7740732479434222,0
VeriQBench,qcnn_4,veriqbench/variational/QCNN/qcnn_4.qasm,4,66,0,0,Causal-cone,0.5454545454545454,1.0,2.7755575615628914e-16,1
VeriQBench,qcnn_4,veriqbench/variational/QCNN/qcnn_4.qasm,4,66,0,1,QSlice-full,0.6515151515151515,1.0,3.3306690738754696e-16,1
VeriQBench,qcnn_4,veriqbench/variational/QCNN/qcnn_4.qasm,4,66,0,1,QDG-no-ED,0.21212121212121213,0.17967432926008034,0.8203256707399201,0
VeriQBench,qcnn_4,veriqbench/variational/QCNN/qcnn_4.qasm,4,66,0,1,QDG-no-MD,0.6515151515151515,1.0,3.3306690738754696e-16,1
VeriQBench,qcnn_4,veriqbench/variational/QCNN/qcnn_4.qasm,4,66,0,1,QDG-no-UED,0.6363636363636364,1.0,4.0245584642661925e-16,1
VeriQBench,qcnn_4,veriqbench/variational/QCNN/qcnn_4.qasm,4,66,0,1,QDG-no-CD,0.6515151515151515,1.0,3.3306690738754696e-16,1
VeriQBench,qcnn_4,veriqbench/variational/QCNN/qcnn_4.qasm,4,66,0,1,Classical PDG,0.21212121212121213,0.17967432926008034,0.8203256707399201,0
VeriQBench,qcnn_4,veriqbench/variational/QCNN/qcnn_4.qasm,4,66,0,1,Causal-cone,0.6515151515151515,1.0,3.3306690738754696e-16,1
VeriQBench,qcnn_4,veriqbench/variational/QCNN/qcnn_4.qasm,4,66,0,2,QSlice-full,0.9848484848484849,1.0,0.0,1
VeriQBench,qcnn_4,veriqbench/variational/QCNN/qcnn_4.qasm,4,66,0,2,QDG-no-ED,0.45454545454545453,0.6654358717521055,0.5010686886797318,0
VeriQBench,qcnn_4,veriqbench/variational/QCNN/qcnn_4.qasm,4,66,0,2,QDG-no-MD,0.9848484848484849,1.0,0.0,1
VeriQBench,qcnn_4,veriqbench/variational/QCNN/qcnn_4.qasm,4,66,0,2,QDG-no-UED,0.9393939393939394,0.453288190965795,0.7127492402798237,0
VeriQBench,qcnn_4,veriqbench/variational/QCNN/qcnn_4.qasm,4,66,0,2,QDG-no-CD,0.9848484848484849,1.0,0.0,1
VeriQBench,qcnn_4,veriqbench/variational/QCNN/qcnn_4.qasm,4,66,0,2,Classical PDG,0.45454545454545453,0.6654358717521055,0.5010686886797318,0
VeriQBench,qcnn_4,veriqbench/variational/QCNN/qcnn_4.qasm,4,66,0,2,Causal-cone,0.9848484848484849,1.0,0.0,1
VeriQBench,qcnn_4,veriqbench/variational/QCNN/qcnn_4.qasm,4,66,0,3,QSlice-full,1.0,1.0,0.0,1
VeriQBench,qcnn_4,veriqbench/variational/QCNN/qcnn_4.qasm,4,66,0,3,QDG-no-ED,0.48484848484848486,0.17166291869722194,0.8788713384559063,0
VeriQBench,qcnn_4,veriqbench/variational/QCNN/qcnn_4.qasm,4,66,0,3,QDG-no-MD,1.0,1.0,0.0,1
VeriQBench,qcnn_4,veriqbench/variational/QCNN/qcnn_4.qasm,4,66,0,3,QDG-no-UED,1.0,1.0,0.0,1
VeriQBench,qcnn_4,veriqbench/variational/QCNN/qcnn_4.qasm,4,66,0,3,QDG-no-CD,1.0,1.0,0.0,1
VeriQBench,qcnn_4,veriqbench/variational/QCNN/qcnn_4.qasm,4,66,0,3,Classical PDG,0.48484848484848486,0.17166291869722194,0.8788713384559063,0
VeriQBench,qcnn_4,veriqbench/variational/QCNN/qcnn_4.qasm,4,66,0,3,Causal-cone,1.0,1.0,0.0,1
VeriQBench,quantum_volume_n4_d5_i0,veriqbench/combinational/qv/quantum_volume_n4_d5_i0.qasm,4,100,0,0,QSlice-full,0.88,1.0,1.1102230246251565e-16,1
VeriQBench,quantum_volume_n4_d5_i0,veriqbench/combinational/qv/quantum_volume_n4_d5_i0.qasm,4,100,0,0,QDG-no-ED,0.31,0.7230249078569194,0.5123976013387495,0
VeriQBench,quantum_volume_n4_d5_i0,veriqbench/combinational/qv/quantum_volume_n4_d5_i0.qasm,4,100,0,0,QDG-no-MD,0.88,1.0,1.1102230246251565e-16,1
VeriQBench,quantum_volume_n4_d5_i0,veriqbench/combinational/qv/quantum_volume_n4_d5_i0.qasm,4,100,0,0,QDG-no-UED,0.85,0.9752353876566004,0.15687244904967546,0
VeriQBench,quantum_volume_n4_d5_i0,veriqbench/combinational/qv/quantum_volume_n4_d5_i0.qasm,4,100,0,0,QDG-no-CD,0.88,1.0,1.1102230246251565e-16,1
VeriQBench,quantum_volume_n4_d5_i0,veriqbench/combinational/qv/quantum_volume_n4_d5_i0.qasm,4,100,0,0,Classical PDG,0.31,0.7230249078569194,0.5123976013387495,0
VeriQBench,quantum_volume_n4_d5_i0,veriqbench/combinational/qv/quantum_volume_n4_d5_i0.qasm,4,100,0,0,Causal-cone,0.88,1.0,1.1102230246251565e-16,1
VeriQBench,quantum_volume_n4_d5_i0,veriqbench/combinational/qv/quantum_volume_n4_d5_i0.qasm,4,100,0,1,QSlice-full,0.89,1.0,1.1102230246251565e-16,1
VeriQBench,quantum_volume_n4_d5_i0,veriqbench/combinational/qv/quantum_volume_n4_d5_i0.qasm,4,100,0,1,QDG-no-ED,0.34,0.8893095732730261,0.3313800762827478,0
VeriQBench,quantum_volume_n4_d5_i0,veriqbench/combinational/qv/quantum_volume_n4_d5_i0.qasm,4,100,0,1,QDG-no-MD,0.89,1.0,1.1102230246251565e-16,1
VeriQBench,quantum_volume_n4_d5_i0,veriqbench/combinational/qv/quantum_volume_n4_d5_i0.qasm,4,100,0,1,QDG-no-UED,0.86,0.8434525087103852,0.3954969428379117,0
VeriQBench,quantum_volume_n4_d5_i0,veriqbench/combinational/qv/quantum_volume_n4_d5_i0.qasm,4,100,0,1,QDG-no-CD,0.89,1.0,1.1102230246251565e-16,1
VeriQBench,quantum_volume_n4_d5_i0,veriqbench/combinational/qv/quantum_volume_n4_d5_i0.qasm,4,100,0,1,Classical PDG,0.34,0.8893095732730261,0.3313800762827478,0
VeriQBench,quantum_volume_n4_d5_i0,veriqbench/combinational/qv/quantum_volume_n4_d5_i0.qasm,4,100,0,1,Causal-cone,0.89,1.0,1.1102230246251565e-16,1
VeriQBench,quantum_volume_n4_d5_i0,veriqbench/combinational/qv/quantum_volume_n4_d5_i0.qasm,4,100,0,2,QSlice-full,0.99,1.0,6.798699777552591e-17,1
VeriQBench,quantum_volume_n4_d5_i0,veriqbench/combinational/qv/quantum_volume_n4_d5_i0.qasm,4,100,0,2,QDG-no-ED,0.33,0.9447342867666566,0.2327594641018911,0
VeriQBench,quantum_volume_n4_d5_i0,veriqbench/combinational/qv/quantum_volume_n4_d5_i0.qasm,4,100,0,2,QDG-no-MD,0.99,1.0,6.798699777552591e-17,1
VeriQBench,quantum_volume_n4_d5_i0,veriqbench/combinational/qv/quantum_volume_n4_d5_i0.qasm,4,100,0,2,QDG-no-UED,0.95,0.9434992816338212,0.2356547989346267,0
VeriQBench,quantum_volume_n4_d5_i0,veriqbench/combinational/qv/quantum_volume_n4_d5_i0.qasm,4,100,0,2,QDG-no-CD,0.99,1.0,6.798699777552591e-17,1
VeriQBench,quantum_volume_n4_d5_i0,veriqbench/combinational/qv/quantum_volume_n4_d5_i0.qasm,4,100,0,2,Classical PDG,0.33,0.9447342867666566,0.2327594641018911,0
VeriQBench,quantum_volume_n4_d5_i0,veriqbench/combinational/qv/quantum_volume_n4_d5_i0.qasm,4,100,0,2,Causal-cone,0.99,1.0,6.798699777552591e-17,1
VeriQBench,quantum_volume_n4_d5_i0,veriqbench/combinational/qv/quantum_volume_n4_d5_i0.qasm,4,100,0,3,QSlice-full,0.99,1.0,6.546139416680338e-17,1
VeriQBench,quantum_volume_n4_d5_i0,veriqbench/combinational/qv/quantum_volume_n4_d5_i0.qasm,4,100,0,3,QDG-no-ED,0.32,0.7567125405001512,0.3538679852577735,0
VeriQBench,quantum_volume_n4_d5_i0,veriqbench/combinational/qv/quantum_volume_n4_d5_i0.qasm,4,100,0,3,QDG-no-MD,0.99,1.0,6.546139416680338e-17,1
VeriQBench,quantum_volume_n4_d5_i0,veriqbench/combinational/qv/quantum_volume_n4_d5_i0.qasm,4,100,0,3,QDG-no-UED,0.99,1.0,6.546139416680338e-17,1
VeriQBench,quantum_volume_n4_d5_i0,veriqbench/combinational/qv/quantum_volume_n4_d5_i0.qasm,4,100,0,3,QDG-no-CD,0.99,1.0,6.546139416680338e-17,1
VeriQBench,quantum_volume_n4_d5_i0,veriqbench/combinational/qv/quantum_volume_n4_d5_i0.qasm,4,100,0,3,Classical PDG,0.32,0.7567125405001512,0.3538679852577735,0
VeriQBench,quantum_volume_n4_d5_i0,veriqbench/combinational/qv/quantum_volume_n4_d5_i0.qasm,4,100,0,3,Causal-cone,0.99,1.0,6.546139416680338e-17,1
VeriQBench,5QBT_4CYC_4GN_1.0P2_0,veriqbench/combinational/qubit_mapping/Ourense/5QBT_4CYC_4GN_1.0P2_0.qasm,5,4,0,0,QSlice-full,1.0,1.0,0.0,1
VeriQBench,5QBT_4CYC_4GN_1.0P2_0,veriqbench/combinational/qubit_mapping/Ourense/5QBT_4CYC_4GN_1.0P2_0.qasm,5,4,0,0,QDG-no-ED,0.25,1.0,0.0,1
VeriQBench,5QBT_4CYC_4GN_1.0P2_0,veriqbench/combinational/qubit_mapping/Ourense/5QBT_4CYC_4GN_1.0P2_0.qasm,5,4,0,0,QDG-no-MD,1.0,1.0,0.0,1
VeriQBench,5QBT_4CYC_4GN_1.0P2_0,veriqbench/combinational/qubit_mapping/Ourense/5QBT_4CYC_4GN_1.0P2_0.qasm,5,4,0,0,QDG-no-UED,1.0,1.0,0.0,1
VeriQBench,5QBT_4CYC_4GN_1.0P2_0,veriqbench/combinational/qubit_mapping/Ourense/5QBT_4CYC_4GN_1.0P2_0.qasm,5,4,0,0,QDG-no-CD,1.0,1.0,0.0,1
VeriQBench,5QBT_4CYC_4GN_1.0P2_0,veriqbench/combinational/qubit_mapping/Ourense/5QBT_4CYC_4GN_1.0P2_0.qasm,5,4,0,0,Classical PDG,0.25,1.0,0.0,1
VeriQBench,5QBT_4CYC_4GN_1.0P2_0,veriqbench/combinational/qubit_mapping/Ourense/5QBT_4CYC_4GN_1.0P2_0.qasm,5,4,0,0,Causal-cone,1.0,1.0,0.0,1
VeriQBench,5QBT_4CYC_4GN_1.0P2_0,veriqbench/combinational/qubit_mapping/Ourense/5QBT_4CYC_4GN_1.0P2_0.qasm,5,4,0,1,QSlice-full,0.75,1.0,0.0,1
VeriQBench,5QBT_4CYC_4GN_1.0P2_0,veriqbench/combinational/qubit_mapping/Ourense/5QBT_4CYC_4GN_1.0P2_0.qasm,5,4,0,1,QDG-no-ED,0.75,1.0,0.0,1
VeriQBench,5QBT_4CYC_4GN_1.0P2_0,veriqbench/combinational/qubit_mapping/Ourense/5QBT_4CYC_4GN_1.0P2_0.qasm,5,4,0,1,QDG-no-MD,0.75,1.0,0.0,1
VeriQBench,5QBT_4CYC_4GN_1.0P2_0,veriqbench/combinational/qubit_mapping/Ourense/5QBT_4CYC_4GN_1.0P2_0.qasm,5,4,0,1,QDG-no-UED,0.75,1.0,0.0,1
VeriQBench,5QBT_4CYC_4GN_1.0P2_0,veriqbench/combinational/qubit_mapping/Ourense/5QBT_4CYC_4GN_1.0P2_0.qasm,5,4,0,1,QDG-no-CD,0.75,1.0,0.0,1
VeriQBench,5QBT_4CYC_4GN_1.0P2_0,veriqbench/combinational/qubit_mapping/Ourense/5QBT_4CYC_4GN_1.0P2_0.qasm,5,4,0,1,Classical PDG,0.75,1.0,0.0,1
VeriQBench,5QBT_4CYC_4GN_1.0P2_0,veriqbench/combinational/qubit_mapping/Ourense/5QBT_4CYC_4GN_1.0P2_0.qasm,5,4,0,1,Causal-cone,0.75,1.0,0.0,1
VeriQBench,5QBT_4CYC_4GN_1.0P2_0,veriqbench/combinational/qubit_mapping/Ourense/5QBT_4CYC_4GN_1.0P2_0.qasm,5,4,0,2,QSlice-full,0.0,1.0,0.0,1
VeriQBench,5QBT_4CYC_4GN_1.0P2_0,veriqbench/combinational/qubit_mapping/Ourense/5QBT_4CYC_4GN_1.0P2_0.qasm,5,4,0,2,QDG-no-ED,0.0,1.0,0.0,1
VeriQBench,5QBT_4CYC_4GN_1.0P2_0,veriqbench/combinational/qubit_mapping/Ourense/5QBT_4CYC_4GN_1.0P2_0.qasm,5,4,0,2,QDG-no-MD,0.0,1.0,0.0,1
VeriQBench,5QBT_4CYC_4GN_1.0P2_0,veriqbench/combinational/qubit_mapping/Ourense/5QBT_4CYC_4GN_1.0P2_0.qasm,5,4,0,2,QDG-no-UED,0.0,1.0,0.0,1
VeriQBench,5QBT_4CYC_4GN_1.0P2_0,veriqbench/combinational/qubit_mapping/Ourense/5QBT_4CYC_4GN_1.0P2_0.qasm,5,4,0,2,QDG-no-CD,0.0,1.0,0.0,1
VeriQBench,5QBT_4CYC_4GN_1.0P2_0,veriqbench/combinational/qubit_mapping/Ourense/5QBT_4CYC_4GN_1.0P2_0.qasm,5,4,0,2,Classical PDG,0.0,1.0,0.0,1
VeriQBench,5QBT_4CYC_4GN_1.0P2_0,veriqbench/combinational/qubit_mapping/Ourense/5QBT_4CYC_4GN_1.0P2_0.qasm,5,4,0,2,Causal-cone,0.0,1.0,0.0,1
VeriQBench,5QBT_4CYC_4GN_1.0P2_0,veriqbench/combinational/qubit_mapping/Ourense/5QBT_4CYC_4GN_1.0P2_0.qasm,5,4,0,3,QSlice-full,1.0,1.0,0.0,1
VeriQBench,5QBT_4CYC_4GN_1.0P2_0,veriqbench/combinational/qubit_mapping/Ourense/5QBT_4CYC_4GN_1.0P2_0.qasm,5,4,0,3,QDG-no-ED,0.5,1.0,0.0,1
VeriQBench,5QBT_4CYC_4GN_1.0P2_0,veriqbench/combinational/qubit_mapping/Ourense/5QBT_4CYC_4GN_1.0P2_0.qasm,5,4,0,3,QDG-no-MD,1.0,1.0,0.0,1
VeriQBench,5QBT_4CYC_4GN_1.0P2_0,veriqbench/combinational/qubit_mapping/Ourense/5QBT_4CYC_4GN_1.0P2_0.qasm,5,4,0,3,QDG-no-UED,1.0,1.0,0.0,1
VeriQBench,5QBT_4CYC_4GN_1.0P2_0,veriqbench/combinational/qubit_mapping/Ourense/5QBT_4CYC_4GN_1.0P2_0.qasm,5,4,0,3,QDG-no-CD,1.0,1.0,0.0,1
VeriQBench,5QBT_4CYC_4GN_1.0P2_0,veriqbench/combinational/qubit_mapping/Ourense/5QBT_4CYC_4GN_1.0P2_0.qasm,5,4,0,3,Classical PDG,0.5,1.0,0.0,1
VeriQBench,5QBT_4CYC_4GN_1.0P2_0,veriqbench/combinational/qubit_mapping/Ourense/5QBT_4CYC_4GN_1.0P2_0.qasm,5,4,0,3,Causal-cone,1.0,1.0,0.0,1
VeriQBench,5QBT_4CYC_4GN_1.0P2_0,veriqbench/combinational/qubit_mapping/Ourense/5QBT_4CYC_4GN_1.0P2_0.qasm,5,4,0,4,QSlice-full,0.5,1.0,0.0,1
VeriQBench,5QBT_4CYC_4GN_1.0P2_0,veriqbench/combinational/qubit_mapping/Ourense/5QBT_4CYC_4GN_1.0P2_0.qasm,5,4,0,4,QDG-no-ED,0.5,1.0,0.0,1
VeriQBench,5QBT_4CYC_4GN_1.0P2_0,veriqbench/combinational/qubit_mapping/Ourense/5QBT_4CYC_4GN_1.0P2_0.qasm,5,4,0,4,QDG-no-MD,0.5,1.0,0.0,1
VeriQBench,5QBT_4CYC_4GN_1.0P2_0,veriqbench/combinational/qubit_mapping/Ourense/5QBT_4CYC_4GN_1.0P2_0.qasm,5,4,0,4,QDG-no-UED,0.5,1.0,0.0,1
VeriQBench,5QBT_4CYC_4GN_1.0P2_0,veriqbench/combinational/qubit_mapping/Ourense/5QBT_4CYC_4GN_1.0P2_0.qasm,5,4,0,4,QDG-no-CD,0.5,1.0,0.0,1
VeriQBench,5QBT_4CYC_4GN_1.0P2_0,veriqbench/combinational/qubit_mapping/Ourense/5QBT_4CYC_4GN_1.0P2_0.qasm,5,4,0,4,Classical PDG,0.5,1.0,0.0,1
VeriQBench,5QBT_4CYC_4GN_1.0P2_0,veriqbench/combinational/qubit_mapping/Ourense/5QBT_4CYC_4GN_1.0P2_0.qasm,5,4,0,4,Causal-cone,0.5,1.0,0.0,1
VeriQBench,mod_4mod5-n5-gc4-qc13,veriqbench/combinational/rev_circuit/mod_4mod5-n5-gc4-qc13.qasm,5,4,0,0,QSlice-full,1.0,1.0,0.0,1
VeriQBench,mod_4mod5-n5-gc4-qc13,veriqbench/combinational/rev_circuit/mod_4mod5-n5-gc4-qc13.qasm,5,4,0,0,QDG-no-ED,0.5,1.0,0.0,1
VeriQBench,mod_4mod5-n5-gc4-qc13,veriqbench/combinational/rev_circuit/mod_4mod5-n5-gc4-qc13.qasm,5,4,0,0,QDG-no-MD,1.0,1.0,0.0,1
VeriQBench,mod_4mod5-n5-gc4-qc13,veriqbench/combinational/rev_circuit/mod_4mod5-n5-gc4-qc13.qasm,5,4,0,0,QDG-no-UED,1.0,1.0,0.0,1
VeriQBench,mod_4mod5-n5-gc4-qc13,veriqbench/combinational/rev_circuit/mod_4mod5-n5-gc4-qc13.qasm,5,4,0,0,QDG-no-CD,1.0,1.0,0.0,1
VeriQBench,mod_4mod5-n5-gc4-qc13,veriqbench/combinational/rev_circuit/mod_4mod5-n5-gc4-qc13.qasm,5,4,0,0,Classical PDG,0.5,1.0,0.0,1
VeriQBench,mod_4mod5-n5-gc4-qc13,veriqbench/combinational/rev_circuit/mod_4mod5-n5-gc4-qc13.qasm,5,4,0,0,Causal-cone,1.0,1.0,0.0,1
VeriQBench,mod_4mod5-n5-gc4-qc13,veriqbench/combinational/rev_circuit/mod_4mod5-n5-gc4-qc13.qasm,5,4,0,1,QSlice-full,0.75,1.0,0.0,1
VeriQBench,mod_4mod5-n5-gc4-qc13,veriqbench/combinational/rev_circuit/mod_4mod5-n5-gc4-qc13.qasm,5,4,0,1,QDG-no-ED,0.25,1.0,0.0,1
VeriQBench,mod_4mod5-n5-gc4-qc13,veriqbench/combinational/rev_circuit/mod_4mod5-n5-gc4-qc13.qasm,5,4,0,1,QDG-no-MD,0.75,1.0,0.0,1
VeriQBench,mod_4mod5-n5-gc4-qc13,veriqbench/combinational/rev_circuit/mod_4mod5-n5-gc4-qc13.qasm,5,4,0,1,QDG-no-UED,0.75,1.0,0.0,1
VeriQBench,mod_4mod5-n5-gc4-qc13,veriqbench/combinational/rev_circuit/mod_4mod5-n5-gc4-qc13.qasm,5,4,0,1,QDG-no-CD,0.75,1.0,0.0,1
VeriQBench,mod_4mod5-n5-gc4-qc13,veriqbench/combinational/rev_circuit/mod_4mod5-n5-gc4-qc13.qasm,5,4,0,1,Classical PDG,0.25,1.0,0.0,1
VeriQBench,mod_4mod5-n5-gc4-qc13,veriqbench/combinational/rev_circuit/mod_4mod5-n5-gc4-qc13.qasm,5,4,0,1,Causal-cone,0.75,1.0,0.0,1
VeriQBench,mod_4mod5-n5-gc4-qc13,veriqbench/combinational/rev_circuit/mod_4mod5-n5-gc4-qc13.qasm,5,4,0,2,QSlice-full,1.0,1.0,0.0,1
VeriQBench,mod_4mod5-n5-gc4-qc13,veriqbench/combinational/rev_circuit/mod_4mod5-n5-gc4-qc13.qasm,5,4,0,2,QDG-no-ED,1.0,1.0,0.0,1
VeriQBench,mod_4mod5-n5-gc4-qc13,veriqbench/combinational/rev_circuit/mod_4mod5-n5-gc4-qc13.qasm,5,4,0,2,QDG-no-MD,1.0,1.0,0.0,1
VeriQBench,mod_4mod5-n5-gc4-qc13,veriqbench/combinational/rev_circuit/mod_4mod5-n5-gc4-qc13.qasm,5,4,0,2,QDG-no-UED,1.0,1.0,0.0,1
VeriQBench,mod_4mod5-n5-gc4-qc13,veriqbench/combinational/rev_circuit/mod_4mod5-n5-gc4-qc13.qasm,5,4,0,2,QDG-no-CD,1.0,1.0,0.0,1
VeriQBench,mod_4mod5-n5-gc4-qc13,veriqbench/combinational/rev_circuit/mod_4mod5-n5-gc4-qc13.qasm,5,4,0,2,Classical PDG,1.0,1.0,0.0,1
VeriQBench,mod_4mod5-n5-gc4-qc13,veriqbench/combinational/rev_circuit/mod_4mod5-n5-gc4-qc13.qasm,5,4,0,2,Causal-cone,1.0,1.0,0.0,1
VeriQBench,mod_4mod5-n5-gc4-qc13,veriqbench/combinational/rev_circuit/mod_4mod5-n5-gc4-qc13.qasm,5,4,0,3,QSlice-full,0.5,1.0,0.0,1
VeriQBench,mod_4mod5-n5-gc4-qc13,veriqbench/combinational/rev_circuit/mod_4mod5-n5-gc4-qc13.qasm,5,4,0,3,QDG-no-ED,0.25,1.0,0.0,1
VeriQBench,mod_4mod5-n5-gc4-qc13,veriqbench/combinational/rev_circuit/mod_4mod5-n5-gc4-qc13.qasm,5,4,0,3,QDG-no-MD,0.5,1.0,0.0,1
VeriQBench,mod_4mod5-n5-gc4-qc13,veriqbench/combinational/rev_circuit/mod_4mod5-n5-gc4-qc13.qasm,5,4,0,3,QDG-no-UED,0.5,1.0,0.0,1
VeriQBench,mod_4mod5-n5-gc4-qc13,veriqbench/combinational/rev_circuit/mod_4mod5-n5-gc4-qc13.qasm,5,4,0,3,QDG-no-CD,0.5,1.0,0.0,1
VeriQBench,mod_4mod5-n5-gc4-qc13,veriqbench/combinational/rev_circuit/mod_4mod5-n5-gc4-qc13.qasm,5,4,0,3,Classical PDG,0.25,1.0,0.0,1
VeriQBench,mod_4mod5-n5-gc4-qc13,veriqbench/combinational/rev_circuit/mod_4mod5-n5-gc4-qc13.qasm,5,4,0,3,Causal-cone,0.5,1.0,0.0,1
VeriQBench,mod_4mod5-n5-gc4-qc13,veriqbench/combinational/rev_circuit/mod_4mod5-n5-gc4-qc13.qasm,5,4,0,4,QSlice-full,0.75,1.0,0.0,1
VeriQBench,mod_4mod5-n5-gc4-qc13,veriqbench/combinational/rev_circuit/mod_4mod5-n5-gc4-qc13.qasm,5,4,0,4,QDG-no-ED,0.5,1.0,0.0,1
VeriQBench,mod_4mod5-n5-gc4-qc13,veriqbench/combinational/rev_circuit/mod_4mod5-n5-gc4-qc13.qasm,5,4,0,4,QDG-no-MD,0.75,1.0,0.0,1
VeriQBench,mod_4mod5-n5-gc4-qc13,veriqbench/combinational/rev_circuit/mod_4mod5-n5-gc4-qc13.qasm,5,4,0,4,QDG-no-UED,0.75,1.0,0.0,1
VeriQBench,mod_4mod5-n5-gc4-qc13,veriqbench/combinational/rev_circuit/mod_4mod5-n5-gc4-qc13.qasm,5,4,0,4,QDG-no-CD,0.75,1.0,0.0,1
VeriQBench,mod_4mod5-n5-gc4-qc13,veriqbench/combinational/rev_circuit/mod_4mod5-n5-gc4-qc13.qasm,5,4,0,4,Classical PDG,0.5,1.0,0.0,1
VeriQBench,mod_4mod5-n5-gc4-qc13,veriqbench/combinational/rev_circuit/mod_4mod5-n5-gc4-qc13.qasm,5,4,0,4,Causal-cone,0.75,1.0,0.0,1
VeriQBench,dqc_qft_5,veriqbench/dynamic/qft/dqc_qft_5.qasm,5,19,1,0,QSlice-full,0.10526315789473684,0.9999999999999997,5.551115123125783e-17,1
VeriQBench,dqc_qft_5,veriqbench/dynamic/qft/dqc_qft_5.qasm,5,19,1,0,QDG-no-ED,0.10526315789473684,0.9999999999999997,5.551115123125783e-17,1
VeriQBench,dqc_qft_5,veriqbench/dynamic/qft/dqc_qft_5.qasm,5,19,1,0,QDG-no-MD,0.05263157894736842,0.49999999999999994,0.5,0
VeriQBench,dqc_qft_5,veriqbench/dynamic/qft/dqc_qft_5.qasm,5,19,1,0,QDG-no-UED,0.10526315789473684,0.9999999999999997,5.551115123125783e-17,1
VeriQBench,dqc_qft_5,veriqbench/dynamic/qft/dqc_qft_5.qasm,5,19,1,0,QDG-no-CD,0.10526315789473684,0.9999999999999997,5.551115123125783e-17,1
VeriQBench,dqc_qft_5,veriqbench/dynamic/qft/dqc_qft_5.qasm,5,19,1,0,Classical PDG,0.05263157894736842,0.49999999999999994,0.5,0
VeriQBench,dqc_qft_5,veriqbench/dynamic/qft/dqc_qft_5.qasm,5,19,1,0,Causal-cone,0.05263157894736842,0.49999999999999994,0.5,0
VeriQBench,dqc_qft_5,veriqbench/dynamic/qft/dqc_qft_5.qasm,5,19,1,1,QSlice-full,0.2631578947368421,0.9999999999999997,5.551115123125783e-17,1
VeriQBench,dqc_qft_5,veriqbench/dynamic/qft/dqc_qft_5.qasm,5,19,1,1,QDG-no-ED,0.2631578947368421,0.9999999999999997,5.551115123125783e-17,1
VeriQBench,dqc_qft_5,veriqbench/dynamic/qft/dqc_qft_5.qasm,5,19,1,1,QDG-no-MD,0.05263157894736842,0.49999999999999994,0.5,0
VeriQBench,dqc_qft_5,veriqbench/dynamic/qft/dqc_qft_5.qasm,5,19,1,1,QDG-no-UED,0.10526315789473684,0.9999999999999997,5.551115123125783e-17,1
VeriQBench,dqc_qft_5,veriqbench/dynamic/qft/dqc_qft_5.qasm,5,19,1,1,QDG-no-CD,0.15789473684210525,0.9999999999999997,5.551115123125783e-17,1
VeriQBench,dqc_qft_5,veriqbench/dynamic/qft/dqc_qft_5.qasm,5,19,1,1,Classical PDG,0.05263157894736842,0.49999999999999994,0.5,0
VeriQBench,dqc_qft_5,veriqbench/dynamic/qft/dqc_qft_5.qasm,5,19,1,1,Causal-cone,0.05263157894736842,0.49999999999999994,0.5,0
VeriQBench,dqc_qft_5,veriqbench/dynamic/qft/dqc_qft_5.qasm,5,19,1,2,QSlice-full,0.47368421052631576,0.9999999999999997,5.551115123125783e-17,1
VeriQBench,dqc_qft_5,veriqbench/dynamic/qft/dqc_qft_5.qasm,5,19,1,2,QDG-no-ED,0.47368421052631576,0.9999999999999997,5.551115123125783e-17,1
VeriQBench,dqc_qft_5,veriqbench/dynamic/qft/dqc_qft_5.qasm,5,19,1,2,QDG-no-MD,0.05263157894736842,0.49999999999999994,0.5,0
VeriQBench,dqc_qft_5,veriqbench/dynamic/qft/dqc_qft_5.qasm,5,19,1,2,QDG-no-UED,0.10526315789473684,0.9999999999999997,5.551115123125783e-17,1
VeriQBench,dqc_qft_5,veriqbench/dynamic/qft/dqc_qft_5.qasm,5,19,1,2,QDG-no-CD,0.15789473684210525,0.9999999999999997,5.551115123125783e-17,1
VeriQBench,dqc_qft_5,veriqbench/dynamic/qft/dqc_qft_5.qasm,5,19,1,2,Classical PDG,0.05263157894736842,0.49999999999999994,0.5,0
VeriQBench,dqc_qft_5,veriqbench/dynamic/qft/dqc_qft_5.qasm,5,19,1,2,Causal-cone,0.05263157894736842,0.49999999999999994,0.5,0
VeriQBench,dqc_qft_5,veriqbench/dynamic/qft/dqc_qft_5.qasm,5,19,1,3,QSlice-full,0.7368421052631579,0.9999999999999997,5.551115123125783e-17,1
VeriQBench,dqc_qft_5,veriqbench/dynamic/qft/dqc_qft_5.qasm,5,19,1,3,QDG-no-ED,0.7368421052631579,0.9999999999999997,5.551115123125783e-17,1
VeriQBench,dqc_qft_5,veriqbench/dynamic/qft/dqc_qft_5.qasm,5,19,1,3,QDG-no-MD,0.05263157894736842,0.49999999999999994,0.5,0
VeriQBench,dqc_qft_5,veriqbench/dynamic/qft/dqc_qft_5.qasm,5,19,1,3,QDG-no-UED,0.10526315789473684,0.9999999999999997,5.551115123125783e-17,1
VeriQBench,dqc_qft_5,veriqbench/dynamic/qft/dqc_qft_5.qasm,5,19,1,3,QDG-no-CD,0.15789473684210525,0.9999999999999997,5.551115123125783e-17,1
VeriQBench,dqc_qft_5,veriqbench/dynamic/qft/dqc_qft_5.qasm,5,19,1,3,Classical PDG,0.05263157894736842,0.49999999999999994,0.5,0
VeriQBench,dqc_qft_5,veriqbench/dynamic/qft/dqc_qft_5.qasm,5,19,1,3,Causal-cone,0.05263157894736842,0.49999999999999994,0.5,0
VeriQBench,dqc_qft_5,veriqbench/dynamic/qft/dqc_qft_5.qasm,5,19,1,4,QSlice-full,1.0,0.9999999999999991,0.0,1
VeriQBench,dqc_qft_5,veriqbench/dynamic/qft/dqc_qft_5.qasm,5,19,1,4,QDG-no-ED,1.0,0.9999999999999991,0.0,1
VeriQBench,dqc_qft_5,veriqbench/dynamic/qft/dqc_qft_5.qasm,5,19,1,4,QDG-no-MD,0.47368421052631576,0.9999999999999993,1.1102230246251565e-16,1
VeriQBench,dqc_qft_5,veriqbench/dynamic/qft/dqc_qft_5.qasm,5,19,1,4,QDG-no-UED,0.6842105263157895,0.9999999999999991,0.0,1
VeriQBench,dqc_qft_5,veriqbench/dynamic/qft/dqc_qft_5.qasm,5,19,1,4,QDG-no-CD,0.2631578947368421,0.9999999999999993,1.1102230246251565e-16,1
VeriQBench,dqc_qft_5,veriqbench/dynamic/qft/dqc_qft_5.qasm,5,19,1,4,Classical PDG,0.2631578947368421,0.9999999999999993,1.1102230246251565e-16,1
VeriQBench,dqc_qft_5,veriqbench/dynamic/qft/dqc_qft_5.qasm,5,19,1,4,Causal-cone,0.2631578947368421,0.9999999999999993,1.1102230246251565e-16,1
VeriQBench,mod5d4,veriqbench/combinational/rev_circuit/mod5d4.qasm,5,5,0,0,QSlice-full,0.2,1.0,0.0,1
VeriQBench,mod5d4,veriqbench/combinational/rev_circuit/mod5d4.qasm,5,5,0,0,QDG-no-ED,0.2,1.0,0.0,1
VeriQBench,mod5d4,veriqbench/combinational/rev_circuit/mod5d4.qasm,5,5,0,0,QDG-no-MD,0.2,1.0,0.0,1
VeriQBench,mod5d4,veriqbench/combinational/rev_circuit/mod5d4.qasm,5,5,0,0,QDG-no-UED,0.2,1.0,0.0,1
VeriQBench,mod5d4,veriqbench/combinational/rev_circuit/mod5d4.qasm,5,5,0,0,QDG-no-CD,0.2,1.0,0.0,1
VeriQBench,mod5d4,veriqbench/combinational/rev_circuit/mod5d4.qasm,5,5,0,0,Classical PDG,0.2,1.0,0.0,1
VeriQBench,mod5d4,veriqbench/combinational/rev_circuit/mod5d4.qasm,5,5,0,0,Causal-cone,0.2,1.0,0.0,1
VeriQBench,mod5d4,veriqbench/combinational/rev_circuit/mod5d4.qasm,5,5,0,1,QSlice-full,0.4,1.0,0.0,1
VeriQBench,mod5d4,veriqbench/combinational/rev_circuit/mod5d4.qasm,5,5,0,1,QDG-no-ED,0.2,1.0,0.0,1
VeriQBench,mod5d4,veriqbench/combinational/rev_circuit/mod5d4.qasm,5,5,0,1,QDG-no-MD,0.4,1.0,0.0,1
VeriQBench,mod5d4,veriqbench/combinational/rev_circuit/mod5d4.qasm,5,5,0,1,QDG-no-UED,0.4,1.0,0.0,1
VeriQBench,mod5d4,veriqbench/combinational/rev_circuit/mod5d4.qasm,5,5,0,1,QDG-no-CD,0.4,1.0,0.0,1
VeriQBench,mod5d4,veriqbench/combinational/rev_circuit/mod5d4.qasm,5,5,0,1,Classical PDG,0.2,1.0,0.0,1
VeriQBench,mod5d4,veriqbench/combinational/rev_circuit/mod5d4.qasm,5,5,0,1,Causal-cone,0.4,1.0,0.0,1
VeriQBench,mod5d4,veriqbench/combinational/rev_circuit/mod5d4.qasm,5,5,0,2,QSlice-full,0.8,1.0,0.0,1
VeriQBench,mod5d4,veriqbench/combinational/rev_circuit/mod5d4.qasm,5,5,0,2,QDG-no-ED,0.6,1.0,0.0,1
VeriQBench,mod5d4,veriqbench/combinational/rev_circuit/mod5d4.qasm,5,5,0,2,QDG-no-MD,0.8,1.0,0.0,1
VeriQBench,mod5d4,veriqbench/combinational/rev_circuit/mod5d4.qasm,5,5,0,2,QDG-no-UED,0.8,1.0,0.0,1
VeriQBench,mod5d4,veriqbench/combinational/rev_circuit/mod5d4.qasm,5,5,0,2,QDG-no-CD,0.8,1.0,0.0,1
VeriQBench,mod5d4,veriqbench/combinational/rev_circuit/mod5d4.qasm,5,5,0,2,Classical PDG,0.6,1.0,0.0,1
VeriQBench,mod5d4,veriqbench/combinational/rev_circuit/mod5d4.qasm,5,5,0,2,Causal-cone,0.8,1.0,0.0,1
VeriQBench,mod5d4,veriqbench/combinational/rev_circuit/mod5d4.qasm,5,5,0,3,QSlice-full,1.0,1.0,0.0,1
VeriQBench,mod5d4,veriqbench/combinational/rev_circuit/mod5d4.qasm,5,5,0,3,QDG-no-ED,0.8,1.0,0.0,1
VeriQBench,mod5d4,veriqbench/combinational/rev_circuit/mod5d4.qasm,5,5,0,3,QDG-no-MD,1.0,1.0,0.0,1
VeriQBench,mod5d4,veriqbench/combinational/rev_circuit/mod5d4.qasm,5,5,0,3,QDG-no-UED,1.0,1.0,0.0,1
VeriQBench,mod5d4,veriqbench/combinational/rev_circuit/mod5d4.qasm,5,5,0,3,QDG-no-CD,1.0,1.0,0.0,1
VeriQBench,mod5d4,veriqbench/combinational/rev_circuit/mod5d4.qasm,5,5,0,3,Classical PDG,0.8,1.0,0.0,1
VeriQBench,mod5d4,veriqbench/combinational/rev_circuit/mod5d4.qasm,5,5,0,3,Causal-cone,1.0,1.0,0.0,1
VeriQBench,mod5d4,veriqbench/combinational/rev_circuit/mod5d4.qasm,5,5,0,4,QSlice-full,1.0,1.0,0.0,1
VeriQBench,mod5d4,veriqbench/combinational/rev_circuit/mod5d4.qasm,5,5,0,4,QDG-no-ED,0.4,1.0,0.0,1
VeriQBench,mod5d4,veriqbench/combinational/rev_circuit/mod5d4.qasm,5,5,0,4,QDG-no-MD,1.0,1.0,0.0,1
VeriQBench,mod5d4,veriqbench/combinational/rev_circuit/mod5d4.qasm,5,5,0,4,QDG-no-UED,1.0,1.0,0.0,1
VeriQBench,mod5d4,veriqbench/combinational/rev_circuit/mod5d4.qasm,5,5,0,4,QDG-no-CD,1.0,1.0,0.0,1
VeriQBench,mod5d4,veriqbench/combinational/rev_circuit/mod5d4.qasm,5,5,0,4,Classical PDG,0.4,1.0,0.0,1
VeriQBench,mod5d4,veriqbench/combinational/rev_circuit/mod5d4.qasm,5,5,0,4,Causal-cone,1.0,1.0,0.0,1
VeriQBench,qft_5,veriqbench/combinational/qft/qft_5.qasm,5,15,0,0,QSlice-full,0.3333333333333333,0.9999999999999993,1.1102230246251565e-16,1
VeriQBench,qft_5,veriqbench/combinational/qft/qft_5.qasm,5,15,0,0,QDG-no-ED,0.3333333333333333,0.9999999999999993,1.1102230246251565e-16,1
VeriQBench,qft_5,veriqbench/combinational/qft/qft_5.qasm,5,15,0,0,QDG-no-MD,0.3333333333333333,0.9999999999999993,1.1102230246251565e-16,1
VeriQBench,qft_5,veriqbench/combinational/qft/qft_5.qasm,5,15,0,0,QDG-no-UED,0.3333333333333333,0.9999999999999993,1.1102230246251565e-16,1
VeriQBench,qft_5,veriqbench/combinational/qft/qft_5.qasm,5,15,0,0,QDG-no-CD,0.3333333333333333,0.9999999999999993,1.1102230246251565e-16,1
VeriQBench,qft_5,veriqbench/combinational/qft/qft_5.qasm,5,15,0,0,Classical PDG,0.3333333333333333,0.9999999999999993,1.1102230246251565e-16,1
VeriQBench,qft_5,veriqbench/combinational/qft/qft_5.qasm,5,15,0,0,Causal-cone,0.3333333333333333,0.9999999999999993,1.1102230246251565e-16,1
VeriQBench,qft_5,veriqbench/combinational/qft/qft_5.qasm,5,15,0,1,QSlice-full,0.6,0.9999999999999991,0.0,1
VeriQBench,qft_5,veriqbench/combinational/qft/qft_5.qasm,5,15,0,1,QDG-no-ED,0.3333333333333333,0.9999999999999993,1.1102230246251565e-16,1
VeriQBench,qft_5,veriqbench/combinational/qft/qft_5.qasm,5,15,0,1,QDG-no-MD,0.6,0.9999999999999991,0.0,1
VeriQBench,qft_5,veriqbench/combinational/qft/qft_5.qasm,5,15,0,1,QDG-no-UED,0.6,0.9999999999999991,0.0,1
VeriQBench,qft_5,veriqbench/combinational/qft/qft_5.qasm,5,15,0,1,QDG-no-CD,0.6,0.9999999999999991,0.0,1
VeriQBench,qft_5,veriqbench/combinational/qft/qft_5.qasm,5,15,0,1,Classical PDG,0.3333333333333333,0.9999999999999993,1.1102230246251565e-16,1
VeriQBench,qft_5,veriqbench/combinational/qft/qft_5.qasm,5,15,0,1,Causal-cone,0.6,0.9999999999999991,0.0,1
VeriQBench,qft_5,veriqbench/combinational/qft/qft_5.qasm,5,15,0,2,QSlice-full,0.8,0.9999999999999991,0.0,1
VeriQBench,qft_5,veriqbench/combinational/qft/qft_5.qasm,5,15,0,2,QDG-no-ED,0.3333333333333333,0.9999999999999993,1.1102230246251565e-16,1
VeriQBench,qft_5,veriqbench/combinational/qft/qft_5.qasm,5,15,0,2,QDG-no-MD,0.8,0.9999999999999991,0.0,1
VeriQBench,qft_5,veriqbench/combinational/qft/qft_5.qasm,5,15,0,2,QDG-no-UED,0.8,0.9999999999999991,0.0,1
VeriQBench,qft_5,veriqbench/combinational/qft/qft_5.qasm,5,15,0,2,QDG-no-CD,0.8,0.9999999999999991,0.0,1
VeriQBench,qft_5,veriqbench/combinational/qft/qft_5.qasm,5,15,0,2,Classical PDG,0.3333333333333333,0.9999999999999993,1.1102230246251565e-16,1
VeriQBench,qft_5,veriqbench/combinational/qft/qft_5.qasm,5,15,0,2,Causal-cone,0.8,0.9999999999999991,0.0,1
VeriQBench,qft_5,veriqbench/combinational/qft/qft_5.qasm,5,15,0,3,QSlice-full,0.9333333333333333,0.9999999999999989,1.1102230246251565e-16,1
VeriQBench,qft_5,veriqbench/combinational/qft/qft_5.qasm,5,15,0,3,QDG-no-ED,0.3333333333333333,0.9999999999999993,1.1102230246251565e-16,1
VeriQBench,qft_5,veriqbench/combinational/qft/qft_5.qasm,5,15,0,3,QDG-no-MD,0.9333333333333333,0.9999999999999989,1.1102230246251565e-16,1
VeriQBench,qft_5,veriqbench/combinational/qft/qft_5.qasm,5,15,0,3,QDG-no-UED,0.9333333333333333,0.9999999999999989,1.1102230246251565e-16,1
VeriQBench,qft_5,veriqbench/combinational/qft/qft_5.qasm,5,15,0,3,QDG-no-CD,0.9333333333333333,0.9999999999999989,1.1102230246251565e-16,1
VeriQBench,qft_5,veriqbench/combinational/qft/qft_5.qasm,5,15,0,3,Classical PDG,0.3333333333333333,0.9999999999999993,1.1102230246251565e-16,1
VeriQBench,qft_5,veriqbench/combinational/qft/qft_5.qasm,5,15,0,3,Causal-cone,0.9333333333333333,0.9999999999999989,1.1102230246251565e-16,1
VeriQBench,qft_5,veriqbench/combinational/qft/qft_5.qasm,5,15,0,4,QSlice-full,1.0,0.9999999999999991,0.0,1
VeriQBench,qft_5,veriqbench/combinational/qft/qft_5.qasm,5,15,0,4,QDG-no-ED,0.3333333333333333,0.9999999999999993,1.1102230246251565e-16,1
VeriQBench,qft_5,veriqbench/combinational/qft/qft_5.qasm,5,15,0,4,QDG-no-MD,1.0,0.9999999999999991,0.0,1
VeriQBench,qft_5,veriqbench/combinational/qft/qft_5.qasm,5,15,0,4,QDG-no-UED,1.0,0.9999999999999991,0.0,1
VeriQBench,qft_5,veriqbench/combinational/qft/qft_5.qasm,5,15,0,4,QDG-no-CD,1.0,0.9999999999999991,0.0,1
VeriQBench,qft_5,veriqbench/combinational/qft/qft_5.qasm,5,15,0,4,Classical PDG,0.3333333333333333,0.9999999999999993,1.1102230246251565e-16,1
VeriQBench,qft_5,veriqbench/combinational/qft/qft_5.qasm,5,15,0,4,Causal-cone,1.0,0.9999999999999991,0.0,1
VeriQBench,5QBT_8CYC_8GN_1.0P2_0,veriqbench/combinational/qubit_mapping/Ourense/5QBT_8CYC_8GN_1.0P2_0.qasm,5,8,0,0,QSlice-full,1.0,1.0,0.0,1
VeriQBench,5QBT_8CYC_8GN_1.0P2_0,veriqbench/combinational/qubit_mapping/Ourense/5QBT_8CYC_8GN_1.0P2_0.qasm,5,8,0,0,QDG-no-ED,0.125,1.0,0.0,1
VeriQBench,5QBT_8CYC_8GN_1.0P2_0,veriqbench/combinational/qubit_mapping/Ourense/5QBT_8CYC_8GN_1.0P2_0.qasm,5,8,0,0,QDG-no-MD,1.0,1.0,0.0,1
VeriQBench,5QBT_8CYC_8GN_1.0P2_0,veriqbench/combinational/qubit_mapping/Ourense/5QBT_8CYC_8GN_1.0P2_0.qasm,5,8,0,0,QDG-no-UED,1.0,1.0,0.0,1
VeriQBench,5QBT_8CYC_8GN_1.0P2_0,veriqbench/combinational/qubit_mapping/Ourense/5QBT_8CYC_8GN_1.0P2_0.qasm,5,8,0,0,QDG-no-CD,1.0,1.0,0.0,1
VeriQBench,5QBT_8CYC_8GN_1.0P2_0,veriqbench/combinational/qubit_mapping/Ourense/5QBT_8CYC_8GN_1.0P2_0.qasm,5,8,0,0,Classical PDG,0.125,1.0,0.0,1
VeriQBench,5QBT_8CYC_8GN_1.0P2_0,veriqbench/combinational/qubit_mapping/Ourense/5QBT_8CYC_8GN_1.0P2_0.qasm,5,8,0,0,Causal-cone,1.0,1.0,0.0,1
VeriQBench,5QBT_8CYC_8GN_1.0P2_0,veriqbench/combinational/qubit_mapping/Ourense/5QBT_8CYC_8GN_1.0P2_0.qasm,5,8,0,1,QSlice-full,1.0,1.0,0.0,1
VeriQBench,5QBT_8CYC_8GN_1.0P2_0,veriqbench/combinational/qubit_mapping/Ourense/5QBT_8CYC_8GN_1.0P2_0.qasm,5,8,0,1,QDG-no-ED,1.0,1.0,0.0,1
VeriQBench,5QBT_8CYC_8GN_1.0P2_0,veriqbench/combinational/qubit_mapping/Ourense/5QBT_8CYC_8GN_1.0P2_0.qasm,5,8,0,1,QDG-no-MD,1.0,1.0,0.0,1
VeriQBench,5QBT_8CYC_8GN_1.0P2_0,veriqbench/combinational/qubit_mapping/Ourense/5QBT_8CYC_8GN_1.0P2_0.qasm,5,8,0,1,QDG-no-UED,1.0,1.0,0.0,1
VeriQBench,5QBT_8CYC_8GN_1.0P2_0,veriqbench/combinational/qubit_mapping/Ourense/5QBT_8CYC_8GN_1.0P2_0.qasm,5,8,0,1,QDG-no-CD,1.0,1.0,0.0,1
VeriQBench,5QBT_8CYC_8GN_1.0P2_0,veriqbench/combinational/qubit_mapping/Ourense/5QBT_8CYC_8GN_1.0P2_0.qasm,5,8,0,1,Classical PDG,1.0,1.0,0.0,1
VeriQBench,5QBT_8CYC_8GN_1.0P2_0,veriqbench/combinational/qubit_mapping/Ourense/5QBT_8CYC_8GN_1.0P2_0.qasm,5,8,0,1,Causal-cone,1.0,1.0,0.0,1
VeriQBench,5QBT_8CYC_8GN_1.0P2_0,veriqbench/combinational/qubit_mapping/Ourense/5QBT_8CYC_8GN_1.0P2_0.qasm,5,8,0,2,QSlice-full,0.0,1.0,0.0,1
VeriQBench,5QBT_8CYC_8GN_1.0P2_0,veriqbench/combinational/qubit_mapping/Ourense/5QBT_8CYC_8GN_1.0P2_0.qasm,5,8,0,2,QDG-no-ED,0.0,1.0,0.0,1
VeriQBench,5QBT_8CYC_8GN_1.0P2_0,veriqbench/combinational/qubit_mapping/Ourense/5QBT_8CYC_8GN_1.0P2_0.qasm,5,8,0,2,QDG-no-MD,0.0,1.0,0.0,1
VeriQBench,5QBT_8CYC_8GN_1.0P2_0,veriqbench/combinational/qubit_mapping/Ourense/5QBT_8CYC_8GN_1.0P2_0.qasm,5,8,0,2,QDG-no-UED,0.0,1.0,0.0,1
VeriQBench,5QBT_8CYC_8GN_1.0P2_0,veriqbench/combinational/qubit_mapping/Ourense/5QBT_8CYC_8GN_1.0P2_0.qasm,5,8,0,2,QDG-no-CD,0.0,1.0,0.0,1
VeriQBench,5QBT_8CYC_8GN_1.0P2_0,veriqbench/combinational/qubit_mapping/Ourense/5QBT_8CYC_8GN_1.0P2_0.qasm,5,8,0,2,Classical PDG,0.0,1.0,0.0,1
VeriQBench,5QBT_8CYC_8GN_1.0P2_0,veriqbench/combinational/qubit_mapping/Ourense/5QBT_8CYC_8GN_1.0P2_0.qasm,5,8,0,2,Causal-cone,0.0,1.0,0.0,1
VeriQBench,5QBT_8CYC_8GN_1.0P2_0,veriqbench/combinational/qubit_mapping/Ourense/5QBT_8CYC_8GN_1.0P2_0.qasm,5,8,0,3,QSlice-full,0.875,1.0,0.0,1
VeriQBench,5QBT_8CYC_8GN_1.0P2_0,veriqbench/combinational/qubit_mapping/Ourense/5QBT_8CYC_8GN_1.0P2_0.qasm,5,8,0,3,QDG-no-ED,0.875,1.0,0.0,1
VeriQBench,5QBT_8CYC_8GN_1.0P2_0,veriqbench/combinational/qubit_mapping/Ourense/5QBT_8CYC_8GN_1.0P2_0.qasm,5,8,0,3,QDG-no-MD,0.875,1.0,0.0,1
VeriQBench,5QBT_8CYC_8GN_1.0P2_0,veriqbench/combinational/qubit_mapping/Ourense/5QBT_8CYC_8GN_1.0P2_0.qasm,5,8,0,3,QDG-no-UED,0.875,1.0,0.0,1
VeriQBench,5QBT_8CYC_8GN_1.0P2_0,veriqbench/combinational/qubit_mapping/Ourense/5QBT_8CYC_8GN_1.0P2_0.qasm,5,8,0,3,QDG-no-CD,0.875,1.0,0.0,1
VeriQBench,5QBT_8CYC_8GN_1.0P2_0,veriqbench/combinational/qubit_mapping/Ourense/5QBT_8CYC_8GN_1.0P2_0.qasm,5,8,0,3,Classical PDG,0.875,1.0,0.0,1
VeriQBench,5QBT_8CYC_8GN_1.0P2_0,veriqbench/combinational/qubit_mapping/Ourense/5QBT_8CYC_8GN_1.0P2_0.qasm,5,8,0,3,Causal-cone,0.875,1.0,0.0,1
VeriQBench,5QBT_8CYC_8GN_1.0P2_0,veriqbench/combinational/qubit_mapping/Ourense/5QBT_8CYC_8GN_1.0P2_0.qasm,5,8,0,4,QSlice-full,0.0,1.0,0.0,1
VeriQBench,5QBT_8CYC_8GN_1.0P2_0,veriqbench/combinational/qubit_mapping/Ourense/5QBT_8CYC_8GN_1.0P2_0.qasm,5,8,0,4,QDG-no-ED,0.0,1.0,0.0,1
VeriQBench,5QBT_8CYC_8GN_1.0P2_0,veriqbench/combinational/qubit_mapping/Ourense/5QBT_8CYC_8GN_1.0P2_0.qasm,5,8,0,4,QDG-no-MD,0.0,1.0,0.0,1
VeriQBench,5QBT_8CYC_8GN_1.0P2_0,veriqbench/combinational/qubit_mapping/Ourense/5QBT_8CYC_8GN_1.0P2_0.qasm,5,8,0,4,QDG-no-UED,0.0,1.0,0.0,1
VeriQBench,5QBT_8CYC_8GN_1.0P2_0,veriqbench/combinational/qubit_mapping/Ourense/5QBT_8CYC_8GN_1.0P2_0.qasm,5,8,0,4,QDG-no-CD,0.0,1.0,0.0,1
VeriQBench,5QBT_8CYC_8GN_1.0P2_0,veriqbench/combinational/qubit_mapping/Ourense/5QBT_8CYC_8GN_1.0P2_0.qasm,5,8,0,4,Classical PDG,0.0,1.0,0.0,1
VeriQBench,5QBT_8CYC_8GN_1.0P2_0,veriqbench/combinational/qubit_mapping/Ourense/5QBT_8CYC_8GN_1.0P2_0.qasm,5,8,0,4,Causal-cone,0.0,1.0,0.0,1
VeriQBench,dqc_pe_4,veriqbench/dynamic/pe/dqc_pe_4.qasm,5,21,1,0,QSlice-full,0.47619047619047616,0.9999999999999992,3.885780586188048e-16,1
VeriQBench,dqc_pe_4,veriqbench/dynamic/pe/dqc_pe_4.qasm,5,21,1,0,QDG-no-ED,0.14285714285714285,0.4999999999999999,0.5,0
VeriQBench,dqc_pe_4,veriqbench/dynamic/pe/dqc_pe_4.qasm,5,21,1,0,QDG-no-MD,0.047619047619047616,1.0,0.0,1
VeriQBench,dqc_pe_4,veriqbench/dynamic/pe/dqc_pe_4.qasm,5,21,1,0,QDG-no-UED,0.09523809523809523,0.4999999999999999,0.5,0
VeriQBench,dqc_pe_4,veriqbench/dynamic/pe/dqc_pe_4.qasm,5,21,1,0,QDG-no-CD,0.47619047619047616,0.9999999999999992,3.885780586188048e-16,1
VeriQBench,dqc_pe_4,veriqbench/dynamic/pe/dqc_pe_4.qasm,5,21,1,0,Classical PDG,0.047619047619047616,1.0,0.0,1
VeriQBench,dqc_pe_4,veriqbench/dynamic/pe/dqc_pe_4.qasm,5,21,1,0,Causal-cone,0.047619047619047616,1.0,0.0,1
VeriQBench,dqc_pe_4,veriqbench/dynamic/pe/dqc_pe_4.qasm,5,21,1,1,QSlice-full,0.6190476190476191,1.0,5.147610002774014e-35,1
VeriQBench,dqc_pe_4,veriqbench/dynamic/pe/dqc_pe_4.qasm,5,21,1,1,QDG-no-ED,0.3333333333333333,0.4999999999999999,0.5,0
VeriQBench,dqc_pe_4,veriqbench/dynamic/pe/dqc_pe_4.qasm,5,21,1,1,QDG-no-MD,0.047619047619047616,1.0,0.0,1
VeriQBench,dqc_pe_4,veriqbench/dynamic/pe/dqc_pe_4.qasm,5,21,1,1,QDG-no-UED,0.09523809523809523,0.4999999999999999,0.5,0
VeriQBench,dqc_pe_4,veriqbench/dynamic/pe/dqc_pe_4.qasm,5,21,1,1,QDG-no-CD,0.14285714285714285,0.4999999999999999,0.5,0
VeriQBench,dqc_pe_4,veriqbench/dynamic/pe/dqc_pe_4.qasm,5,21,1,1,Classical PDG,0.047619047619047616,1.0,0.0,1
VeriQBench,dqc_pe_4,veriqbench/dynamic/pe/dqc_pe_4.qasm,5,21,1,1,Causal-cone,0.047619047619047616,1.0,0.0,1
VeriQBench,dqc_pe_4,veriqbench/dynamic/pe/dqc_pe_4.qasm,5,21,1,2,QSlice-full,0.8095238095238095,0.9999999999999999,5.551115123125783e-17,1
VeriQBench,dqc_pe_4,veriqbench/dynamic/pe/dqc_pe_4.qasm,5,21,1,2,QDG-no-ED,0.5714285714285714,0.4999999999999999,0.5,0
VeriQBench,dqc_pe_4,veriqbench/dynamic/pe/dqc_pe_4.qasm,5,21,1,2,QDG-no-MD,0.047619047619047616,1.0,0.0,1
VeriQBench,dqc_pe_4,veriqbench/dynamic/pe/dqc_pe_4.qasm,5,21,1,2,QDG-no-UED,0.09523809523809523,0.4999999999999999,0.5,0
VeriQBench,dqc_pe_4,veriqbench/dynamic/pe/dqc_pe_4.qasm,5,21,1,2,QDG-no-CD,0.14285714285714285,0.4999999999999999,0.5,0
VeriQBench,dqc_pe_4,veriqbench/dynamic/pe/dqc_pe_4.qasm,5,21,1,2,Classical PDG,0.047619047619047616,1.0,0.0,1
VeriQBench,dqc_pe_4,veriqbench/dynamic/pe/dqc_pe_4.qasm,5,21,1,2,Causal-cone,0.047619047619047616,1.0,0.0,1
VeriQBench,dqc_pe_4,veriqbench/dynamic/pe/dqc_pe_4.qasm,5,21,1,3,QSlice-full,1.0,1.0,0.0,1
VeriQBench,dqc_pe_4,veriqbench/dynamic/pe/dqc_pe_4.qasm,5,21,1,3,QDG-no-ED,0.8571428571428571,0.5624999999999999,0.5386402961432153,0
VeriQBench,dqc_pe_4,veriqbench/dynamic/pe/dqc_pe_4.qasm,5,21,1,3,QDG-no-MD,0.5714285714285714,0.5624999999999998,0.5386402961432153,0
VeriQBench,dqc_pe_4,veriqbench/dynamic/pe/dqc_pe_4.qasm,5,21,1,3,QDG-no-UED,0.7142857142857143,1.0,0.0,1
VeriQBench,dqc_pe_4,veriqbench/dynamic/pe/dqc_pe_4.qasm,5,21,1,3,QDG-no-CD,0.42857142857142855,0.9999999999999992,3.885785569646906e-16,1
VeriQBench,dqc_pe_4,veriqbench/dynamic/pe/dqc_pe_4.qasm,5,21,1,3,Classical PDG,0.2857142857142857,0.9999999999999996,2.2441302559838233e-16,1
VeriQBench,dqc_pe_4,veriqbench/dynamic/pe/dqc_pe_4.qasm,5,21,1,3,Causal-cone,0.42857142857142855,0.9999999999999992,3.885785569646906e-16,1
VeriQBench,dqc_pe_4,veriqbench/dynamic/pe/dqc_pe_4.qasm,5,21,1,4,QSlice-full,0.38095238095238093,0.9999999999999997,1.6653345369377348e-16,1
VeriQBench,dqc_pe_4,veriqbench/dynamic/pe/dqc_pe_4.qasm,5,21,1,4,QDG-no-ED,0.19047619047619047,1.0,0.0,1
VeriQBench,dqc_pe_4,veriqbench/dynamic/pe/dqc_pe_4.qasm,5,21,1,4,QDG-no-MD,0.38095238095238093,0.9999999999999997,1.6653345369377348e-16,1
VeriQBench,dqc_pe_4,veriqbench/dynamic/pe/dqc_pe_4.qasm,5,21,1,4,QDG-no-UED,0.38095238095238093,0.9999999999999997,1.6653345369377348e-16,1
VeriQBench,dqc_pe_4,veriqbench/dynamic/pe/dqc_pe_4.qasm,5,21,1,4,QDG-no-CD,0.38095238095238093,0.9999999999999997,1.6653345369377348e-16,1
VeriQBench,dqc_pe_4,veriqbench/dynamic/pe/dqc_pe_4.qasm,5,21,1,4,Classical PDG,0.19047619047619047,1.0,0.0,1
VeriQBench,dqc_pe_4,veriqbench/dynamic/pe/dqc_pe_4.qasm,5,21,1,4,Causal-cone,0.38095238095238093,0.9999999999999997,1.6653345369377348e-16,1
VeriQBench,mod5d1,veriqbench/combinational/rev_circuit/mod5d1.qasm,5,8,0,0,QSlice-full,1.0,1.0,0.0,1
VeriQBench,mod5d1,veriqbench/combinational/rev_circuit/mod5d1.qasm,5,8,0,0,QDG-no-ED,0.375,1.0,0.0,1
VeriQBench,mod5d1,veriqbench/combinational/rev_circuit/mod5d1.qasm,5,8,0,0,QDG-no-MD,1.0,1.0,0.0,1
VeriQBench,mod5d1,veriqbench/combinational/rev_circuit/mod5d1.qasm,5,8,0,0,QDG-no-UED,1.0,1.0,0.0,1
VeriQBench,mod5d1,veriqbench/combinational/rev_circuit/mod5d1.qasm,5,8,0,0,QDG-no-CD,1.0,1.0,0.0,1
VeriQBench,mod5d1,veriqbench/combinational/rev_circuit/mod5d1.qasm,5,8,0,0,Classical PDG,0.375,1.0,0.0,1
VeriQBench,mod5d1,veriqbench/combinational/rev_circuit/mod5d1.qasm,5,8,0,0,Causal-cone,1.0,1.0,0.0,1
VeriQBench,mod5d1,veriqbench/combinational/rev_circuit/mod5d1.qasm,5,8,0,1,QSlice-full,0.875,1.0,0.0,1
VeriQBench,mod5d1,veriqbench/combinational/rev_circuit/mod5d1.qasm,5,8,0,1,QDG-no-ED,0.375,1.0,0.0,1
VeriQBench,mod5d1,veriqbench/combinational/rev_circuit/mod5d1.qasm,5,8,0,1,QDG-no-MD,0.875,1.0,0.0,1
VeriQBench,mod5d1,veriqbench/combinational/rev_circuit/mod5d1.qasm,5,8,0,1,QDG-no-UED,0.875,1.0,0.0,1
VeriQBench,mod5d1,veriqbench/combinational/rev_circuit/mod5d1.qasm,5,8,0,1,QDG-no-CD,0.875,1.0,0.0,1
VeriQBench,mod5d1,veriqbench/combinational/rev_circuit/mod5d1.qasm,5,8,0,1,Classical PDG,0.375,1.0,0.0,1
VeriQBench,mod5d1,veriqbench/combinational/rev_circuit/mod5d1.qasm,5,8,0,1,Causal-cone,0.875,1.0,0.0,1
VeriQBench,mod5d1,veriqbench/combinational/rev_circuit/mod5d1.qasm,5,8,0,2,QSlice-full,0.625,1.0,0.0,1
VeriQBench,mod5d1,veriqbench/combinational/rev_circuit/mod5d1.qasm,5,8,0,2,QDG-no-ED,0.375,1.0,0.0,1
VeriQBench,mod5d1,veriqbench/combinational/rev_circuit/mod5d1.qasm,5,8,0,2,QDG-no-MD,0.625,1.0,0.0,1
VeriQBench,mod5d1,veriqbench/combinational/rev_circuit/mod5d1.qasm,5,8,0,2,QDG-no-UED,0.625,1.0,0.0,1
VeriQBench,mod5d1,veriqbench/combinational/rev_circuit/mod5d1.qasm,5,8,0,2,QDG-no-CD,0.625,1.0,0.0,1
VeriQBench,mod5d1,veriqbench/combinational/rev_circuit/mod5d1.qasm,5,8,0,2,Classical PDG,0.375,1.0,0.0,1
VeriQBench,mod5d1,veriqbench/combinational/rev_circuit/mod5d1.qasm,5,8,0,2,Causal-cone,0.625,1.0,0.0,1
VeriQBench,mod5d1,veriqbench/combinational/rev_circuit/mod5d1.qasm,5,8,0,3,QSlice-full,0.375,1.0,0.0,1
VeriQBench,mod5d1,veriqbench/combinational/rev_circuit/mod5d1.qasm,5,8,0,3,QDG-no-ED,0.375,1.0,0.0,1
VeriQBench,mod5d1,veriqbench/combinational/rev_circuit/mod5d1.qasm,5,8,0,3,QDG-no-MD,0.375,1.0,0.0,1
VeriQBench,mod5d1,veriqbench/combinational/rev_circuit/mod5d1.qasm,5,8,0,3,QDG-no-UED,0.375,1.0,0.0,1
VeriQBench,mod5d1,veriqbench/combinational/rev_circuit/mod5d1.qasm,5,8,0,3,QDG-no-CD,0.375,1.0,0.0,1
VeriQBench,mod5d1,veriqbench/combinational/rev_circuit/mod5d1.qasm,5,8,0,3,Classical PDG,0.375,1.0,0.0,1
VeriQBench,mod5d1,veriqbench/combinational/rev_circuit/mod5d1.qasm,5,8,0,3,Causal-cone,0.375,1.0,0.0,1
VeriQBench,mod5d1,veriqbench/combinational/rev_circuit/mod5d1.qasm,5,8,0,4,QSlice-full,1.0,1.0,0.0,1
VeriQBench,mod5d1,veriqbench/combinational/rev_circuit/mod5d1.qasm,5,8,0,4,QDG-no-ED,1.0,1.0,0.0,1
VeriQBench,mod5d1,veriqbench/combinational/rev_circuit/mod5d1.qasm,5,8,0,4,QDG-no-MD,1.0,1.0,0.0,1
VeriQBench,mod5d1,veriqbench/combinational/rev_circuit/mod5d1.qasm,5,8,0,4,QDG-no-UED,1.0,1.0,0.0,1
VeriQBench,mod5d1,veriqbench/combinational/rev_circuit/mod5d1.qasm,5,8,0,4,QDG-no-CD,1.0,1.0,0.0,1
VeriQBench,mod5d1,veriqbench/combinational/rev_circuit/mod5d1.qasm,5,8,0,4,Classical PDG,1.0,1.0,0.0,1
VeriQBench,mod5d1,veriqbench/combinational/rev_circuit/mod5d1.qasm,5,8,0,4,Causal-cone,1.0,1.0,0.0,1
VeriQBench,pe_4,veriqbench/combinational/pe/pe_4.qasm,5,18,0,0,QSlice-full,0.6666666666666666,0.9999999999999979,2.7755575615628914e-16,1
VeriQBench,pe_4,veriqbench/combinational/pe/pe_4.qasm,5,18,0,0,QDG-no-ED,0.3333333333333333,0.9999999999999982,4.447540903884058e-16,1
VeriQBench,pe_4,veriqbench/combinational/pe/pe_4.qasm,5,18,0,0,QDG-no-MD,0.6666666666666666,0.9999999999999979,2.7755575615628914e-16,1
VeriQBench,pe_4,veriqbench/combinational/pe/pe_4.qasm,5,18,0,0,QDG-no-UED,0.6666666666666666,0.9999999999999979,2.7755575615628914e-16,1
VeriQBench,pe_4,veriqbench/combinational/pe/pe_4.qasm,5,18,0,0,QDG-no-CD,0.6666666666666666,0.9999999999999979,2.7755575615628914e-16,1
VeriQBench,pe_4,veriqbench/combinational/pe/pe_4.qasm,5,18,0,0,Classical PDG,0.3333333333333333,0.9999999999999982,4.447540903884058e-16,1
VeriQBench,pe_4,veriqbench/combinational/pe/pe_4.qasm,5,18,0,0,Causal-cone,0.6666666666666666,0.9999999999999979,2.7755575615628914e-16,1
VeriQBench,pe_4,veriqbench/combinational/pe/pe_4.qasm,5,18,0,1,QSlice-full,0.8333333333333334,0.9999999999999978,2.220446049250313e-16,1
VeriQBench,pe_4,veriqbench/combinational/pe/pe_4.qasm,5,18,0,1,QDG-no-ED,0.3333333333333333,0.9999999999999982,4.452166512031817e-16,1
VeriQBench,pe_4,veriqbench/combinational/pe/pe_4.qasm,5,18,0,1,QDG-no-MD,0.8333333333333334,0.9999999999999978,2.220446049250313e-16,1
VeriQBench,pe_4,veriqbench/combinational/pe/pe_4.qasm,5,18,0,1,QDG-no-UED,0.8333333333333334,0.9999999999999978,2.220446049250313e-16,1
VeriQBench,pe_4,veriqbench/combinational/pe/pe_4.qasm,5,18,0,1,QDG-no-CD,0.8333333333333334,0.9999999999999978,2.220446049250313e-16,1
VeriQBench,pe_4,veriqbench/combinational/pe/pe_4.qasm,5,18,0,1,Classical PDG,0.3333333333333333,0.9999999999999982,4.452166512031817e-16,1
VeriQBench,pe_4,veriqbench/combinational/pe/pe_4.qasm,5,18,0,1,Causal-cone,0.8333333333333334,0.9999999999999978,2.220446049250313e-16,1
VeriQBench,pe_4,veriqbench/combinational/pe/pe_4.qasm,5,18,0,2,QSlice-full,0.9444444444444444,0.9999999999999976,1.1102230246251565e-16,1
VeriQBench,pe_4,veriqbench/combinational/pe/pe_4.qasm,5,18,0,2,QDG-no-ED,0.3333333333333333,0.9999999999999982,4.444154385888409e-16,1
VeriQBench,pe_4,veriqbench/combinational/pe/pe_4.qasm,5,18,0,2,QDG-no-MD,0.9444444444444444,0.9999999999999976,1.1102230246251565e-16,1
VeriQBench,pe_4,veriqbench/combinational/pe/pe_4.qasm,5,18,0,2,QDG-no-UED,0.9444444444444444,0.9999999999999976,1.1102230246251565e-16,1
VeriQBench,pe_4,veriqbench/combinational/pe/pe_4.qasm,5,18,0,2,QDG-no-CD,0.9444444444444444,0.9999999999999976,1.1102230246251565e-16,1
VeriQBench,pe_4,veriqbench/combinational/pe/pe_4.qasm,5,18,0,2,Classical PDG,0.3333333333333333,0.9999999999999982,4.444154385888409e-16,1
VeriQBench,pe_4,veriqbench/combinational/pe/pe_4.qasm,5,18,0,2,Causal-cone,0.9444444444444444,0.9999999999999976,1.1102230246251565e-16,1
VeriQBench,pe_4,veriqbench/combinational/pe/pe_4.qasm,5,18,0,3,QSlice-full,1.0,0.9999999999999973,0.0,1
VeriQBench,pe_4,veriqbench/combinational/pe/pe_4.qasm,5,18,0,3,QDG-no-ED,0.3333333333333333,0.9999999999999982,4.442934248609309e-16,1
VeriQBench,pe_4,veriqbench/combinational/pe/pe_4.qasm,5,18,0,3,QDG-no-MD,1.0,0.9999999999999973,0.0,1
VeriQBench,pe_4,veriqbench/combinational/pe/pe_4.qasm,5,18,0,3,QDG-no-UED,1.0,0.9999999999999973,0.0,1
VeriQBench,pe_4,veriqbench/combinational/pe/pe_4.qasm,5,18,0,3,QDG-no-CD,1.0,0.9999999999999973,0.0,1
VeriQBench,pe_4,veriqbench/combinational/pe/pe_4.qasm,5,18,0,3,Classical PDG,0.3333333333333333,0.9999999999999982,4.442934248609309e-16,1
VeriQBench,pe_4,veriqbench/combinational/pe/pe_4.qasm,5,18,0,3,Causal-cone,1.0,0.9999999999999973,0.0,1
VeriQBench,pe_4,veriqbench/combinational/pe/pe_4.qasm,5,18,0,4,QSlice-full,0.4444444444444444,0.9999999999999983,4.996003610813204e-16,1
VeriQBench,pe_4,veriqbench/combinational/pe/pe_4.qasm,5,18,0,4,QDG-no-ED,0.2222222222222222,0.9999999999999987,6.661338147750939e-16,1
VeriQBench,pe_4,veriqbench/combinational/pe/pe_4.qasm,5,18,0,4,QDG-no-MD,0.4444444444444444,0.9999999999999983,4.996003610813204e-16,1
VeriQBench,pe_4,veriqbench/combinational/pe/pe_4.qasm,5,18,0,4,QDG-no-UED,0.4444444444444444,0.9999999999999983,4.996003610813204e-16,1
VeriQBench,pe_4,veriqbench/combinational/pe/pe_4.qasm,5,18,0,4,QDG-no-CD,0.4444444444444444,0.9999999999999983,4.996003610813204e-16,1
VeriQBench,pe_4,veriqbench/combinational/pe/pe_4.qasm,5,18,0,4,Classical PDG,0.2222222222222222,0.9999999999999987,6.661338147750939e-16,1
VeriQBench,pe_4,veriqbench/combinational/pe/pe_4.qasm,5,18,0,4,Causal-cone,0.4444444444444444,0.9999999999999983,4.996003610813204e-16,1
VeriQBench,mod5d2,veriqbench/combinational/rev_circuit/mod5d2.qasm,5,9,0,0,QSlice-full,1.0,1.0,0.0,1
VeriQBench,mod5d2,veriqbench/combinational/rev_circuit/mod5d2.qasm,5,9,0,0,QDG-no-ED,0.4444444444444444,1.0,0.0,1
VeriQBench,mod5d2,veriqbench/combinational/rev_circuit/mod5d2.qasm,5,9,0,0,QDG-no-MD,1.0,1.0,0.0,1
VeriQBench,mod5d2,veriqbench/combinational/rev_circuit/mod5d2.qasm,5,9,0,0,QDG-no-UED,1.0,1.0,0.0,1
VeriQBench,mod5d2,veriqbench/combinational/rev_circuit/mod5d2.qasm,5,9,0,0,QDG-no-CD,1.0,1.0,0.0,1
VeriQBench,mod5d2,veriqbench/combinational/rev_circuit/mod5d2.qasm,5,9,0,0,Classical PDG,0.4444444444444444,1.0,0.0,1
VeriQBench,mod5d2,veriqbench/combinational/rev_circuit/mod5d2.qasm,5,9,0,0,Causal-cone,1.0,1.0,0.0,1
VeriQBench,mod5d2,veriqbench/combinational/rev_circuit/mod5d2.qasm,5,9,0,1,QSlice-full,1.0,1.0,0.0,1
VeriQBench,mod5d2,veriqbench/combinational/rev_circuit/mod5d2.qasm,5,9,0,1,QDG-no-ED,0.5555555555555556,0.0,1.0,0
VeriQBench,mod5d2,veriqbench/combinational/rev_circuit/mod5d2.qasm,5,9,0,1,QDG-no-MD,1.0,1.0,0.0,1
VeriQBench,mod5d2,veriqbench/combinational/rev_circuit/mod5d2.qasm,5,9,0,1,QDG-no-UED,1.0,1.0,0.0,1
VeriQBench,mod5d2,veriqbench/combinational/rev_circuit/mod5d2.qasm,5,9,0,1,QDG-no-CD,1.0,1.0,0.0,1
VeriQBench,mod5d2,veriqbench/combinational/rev_circuit/mod5d2.qasm,5,9,0,1,Classical PDG,0.5555555555555556,0.0,1.0,0
VeriQBench,mod5d2,veriqbench/combinational/rev_circuit/mod5d2.qasm,5,9,0,1,Causal-cone,1.0,1.0,0.0,1
VeriQBench,mod5d2,veriqbench/combinational/rev_circuit/mod5d2.qasm,5,9,0,2,QSlice-full,0.7777777777777778,1.0,0.0,1
VeriQBench,mod5d2,veriqbench/combinational/rev_circuit/mod5d2.qasm,5,9,0,2,QDG-no-ED,0.4444444444444444,0.0,1.0,0
VeriQBench,mod5d2,veriqbench/combinational/rev_circuit/mod5d2.qasm,5,9,0,2,QDG-no-MD,0.7777777777777778,1.0,0.0,1
VeriQBench,mod5d2,veriqbench/combinational/rev_circuit/mod5d2.qasm,5,9,0,2,QDG-no-UED,0.7777777777777778,1.0,0.0,1
VeriQBench,mod5d2,veriqbench/combinational/rev_circuit/mod5d2.qasm,5,9,0,2,QDG-no-CD,0.7777777777777778,1.0,0.0,1
VeriQBench,mod5d2,veriqbench/combinational/rev_circuit/mod5d2.qasm,5,9,0,2,Classical PDG,0.4444444444444444,0.0,1.0,0
VeriQBench,mod5d2,veriqbench/combinational/rev_circuit/mod5d2.qasm,5,9,0,2,Causal-cone,0.7777777777777778,1.0,0.0,1
VeriQBench,mod5d2,veriqbench/combinational/rev_circuit/mod5d2.qasm,5,9,0,3,QSlice-full,0.5555555555555556,1.0,0.0,1
VeriQBench,mod5d2,veriqbench/combinational/rev_circuit/mod5d2.qasm,5,9,0,3,QDG-no-ED,0.3333333333333333,1.0,0.0,1
VeriQBench,mod5d2,veriqbench/combinational/rev_circuit/mod5d2.qasm,5,9,0,3,QDG-no-MD,0.5555555555555556,1.0,0.0,1
VeriQBench,mod5d2,veriqbench/combinational/rev_circuit/mod5d2.qasm,5,9,0,3,QDG-no-UED,0.5555555555555556,1.0,0.0,1
VeriQBench,mod5d2,veriqbench/combinational/rev_circuit/mod5d2.qasm,5,9,0,3,QDG-no-CD,0.5555555555555556,1.0,0.0,1
VeriQBench,mod5d2,veriqbench/combinational/rev_circuit/mod5d2.qasm,5,9,0,3,Classical PDG,0.3333333333333333,1.0,0.0,1
VeriQBench,mod5d2,veriqbench/combinational/rev_circuit/mod5d2.qasm,5,9,0,3,Causal-cone,0.5555555555555556,1.0,0.0,1
VeriQBench,mod5d2,veriqbench/combinational/rev_circuit/mod5d2.qasm,5,9,0,4,QSlice-full,0.8888888888888888,1.0,0.0,1
VeriQBench,mod5d2,veriqbench/combinational/rev_circuit/mod5d2.qasm,5,9,0,4,QDG-no-ED,0.4444444444444444,0.0,1.0,0
VeriQBench,mod5d2,veriqbench/combinational/rev_circuit/mod5d2.qasm,5,9,0,4,QDG-no-MD,0.8888888888888888,1.0,0.0,1
VeriQBench,mod5d2,veriqbench/combinational/rev_circuit/mod5d2.qasm,5,9,0,4,QDG-no-UED,0.8888888888888888,1.0,0.0,1
VeriQBench,mod5d2,veriqbench/combinational/rev_circuit/mod5d2.qasm,5,9,0,4,QDG-no-CD,0.8888888888888888,1.0,0.0,1
VeriQBench,mod5d2,veriqbench/combinational/rev_circuit/mod5d2.qasm,5,9,0,4,Classical PDG,0.4444444444444444,0.0,1.0,0
VeriQBench,mod5d2,veriqbench/combinational/rev_circuit/mod5d2.qasm,5,9,0,4,Causal-cone,0.8888888888888888,1.0,0.0,1
VeriQBench,bv_5,veriqbench/combinational/bv/bv_5.qasm,5,15,0,0,QSlice-full,0.5333333333333333,0.999999999999998,5.551115123125783e-16,1
VeriQBench,bv_5,veriqbench/combinational/bv/bv_5.qasm,5,15,0,0,QDG-no-ED,0.2,0.499999999999999,0.4999999999999992,0
VeriQBench,bv_5,veriqbench/combinational/bv/bv_5.qasm,5,15,0,0,QDG-no-MD,0.5333333333333333,0.999999999999998,5.551115123125783e-16,1
VeriQBench,bv_5,veriqbench/combinational/bv/bv_5.qasm,5,15,0,0,QDG-no-UED,0.4666666666666667,2.230824082977436e-33,0.999999999999999,0
VeriQBench,bv_5,veriqbench/combinational/bv/bv_5.qasm,5,15,0,0,QDG-no-CD,0.5333333333333333,0.999999999999998,5.551115123125783e-16,1
VeriQBench,bv_5,veriqbench/combinational/bv/bv_5.qasm,5,15,0,0,Classical PDG,0.2,0.499999999999999,0.4999999999999992,0
VeriQBench,bv_5,veriqbench/combinational/bv/bv_5.qasm,5,15,0,0,Causal-cone,0.5333333333333333,0.999999999999998,5.551115123125783e-16,1
VeriQBench,bv_5,veriqbench/combinational/bv/bv_5.qasm,5,15,0,1,QSlice-full,0.6,0.999999999999998,5.563488951028808e-16,1
VeriQBench,bv_5,veriqbench/combinational/bv/bv_5.qasm,5,15,0,1,QDG-no-ED,0.2,0.499999999999999,0.4999999999999992,0
VeriQBench,bv_5,veriqbench/combinational/bv/bv_5.qasm,5,15,0,1,QDG-no-MD,0.6,0.999999999999998,5.563488951028808e-16,1
VeriQBench,bv_5,veriqbench/combinational/bv/bv_5.qasm,5,15,0,1,QDG-no-UED,0.5333333333333333,1.0295220005547914e-34,0.999999999999999,0
VeriQBench,bv_5,veriqbench/combinational/bv/bv_5.qasm,5,15,0,1,QDG-no-CD,0.6,0.999999999999998,5.563488951028808e-16,1
VeriQBench,bv_5,veriqbench/combinational/bv/bv_5.qasm,5,15,0,1,Classical PDG,0.2,0.499999999999999,0.4999999999999992,0
VeriQBench,bv_5,veriqbench/combinational/bv/bv_5.qasm,5,15,0,1,Causal-cone,0.6,0.999999999999998,5.563488951028808e-16,1
VeriQBench,bv_5,veriqbench/combinational/bv/bv_5.qasm,5,15,0,2,QSlice-full,0.6666666666666666,0.999999999999998,5.560631174460906e-16,1
VeriQBench,bv_5,veriqbench/combinational/bv/bv_5.qasm,5,15,0,2,QDG-no-ED,0.2,0.499999999999999,0.4999999999999992,0
VeriQBench,bv_5,veriqbench/combinational/bv/bv_5.qasm,5,15,0,2,QDG-no-MD,0.6666666666666666,0.999999999999998,5.560631174460906e-16,1
VeriQBench,bv_5,veriqbench/combinational/bv/bv_5.qasm,5,15,0,2,QDG-no-UED,0.6,2.1649946948395327e-34,0.999999999999999,0
VeriQBench,bv_5,veriqbench/combinational/bv/bv_5.qasm,5,15,0,2,QDG-no-CD,0.6666666666666666,0.999999999999998,5.560631174460906e-16,1
VeriQBench,bv_5,veriqbench/combinational/bv/bv_5.qasm,5,15,0,2,Classical PDG,0.2,0.499999999999999,0.4999999999999992,0
VeriQBench,bv_5,veriqbench/combinational/bv/bv_5.qasm,5,15,0,2,Causal-cone,0.6666666666666666,0.999999999999998,5.560631174460906e-16,1
VeriQBench,bv_5,veriqbench/combinational/bv/bv_5.qasm,5,15,0,3,QSlice-full,0.7333333333333333,0.999999999999998,5.551303019146936e-16,1
VeriQBench,bv_5,veriqbench/combinational/bv/bv_5.qasm,5,15,0,3,QDG-no-ED,0.2,0.499999999999999,0.4999999999999992,0
VeriQBench,bv_5,veriqbench/combinational/bv/bv_5.qasm,5,15,0,3,QDG-no-MD,0.7333333333333333,0.999999999999998,5.551303019146936e-16,1
VeriQBench,bv_5,veriqbench/combinational/bv/bv_5.qasm,5,15,0,3,QDG-no-UED,0.6666666666666666,1.8202353171583706e-33,0.999999999999999,0
VeriQBench,bv_5,veriqbench/combinational/bv/bv_5.qasm,5,15,0,3,QDG-no-CD,0.7333333333333333,0.999999999999998,5.551303019146936e-16,1
VeriQBench,bv_5,veriqbench/combinational/bv/bv_5.qasm,5,15,0,3,Classical PDG,0.2,0.499999999999999,0.4999999999999992,0
VeriQBench,bv_5,veriqbench/combinational/bv/bv_5.qasm,5,15,0,3,Causal-cone,0.7333333333333333,0.999999999999998,5.551303019146936e-16,1
VeriQBench,bv_5,veriqbench/combinational/bv/bv_5.qasm,5,15,0,4,QSlice-full,1.0,0.9999999999999969,0.0,1
VeriQBench,bv_5,veriqbench/combinational/bv/bv_5.qasm,5,15,0,4,QDG-no-ED,0.4666666666666667,0.999999999999998,5.563077585185817e-16,1
VeriQBench,bv_5,veriqbench/combinational/bv/bv_5.qasm,5,15,0,4,QDG-no-MD,1.0,0.9999999999999969,0.0,1
VeriQBench,bv_5,veriqbench/combinational/bv/bv_5.qasm,5,15,0,4,QDG-no-UED,1.0,0.9999999999999969,0.0,1
VeriQBench,bv_5,veriqbench/combinational/bv/bv_5.qasm,5,15,0,4,QDG-no-CD,1.0,0.9999999999999969,0.0,1
VeriQBench,bv_5,veriqbench/combinational/bv/bv_5.qasm,5,15,0,4,Classical PDG,0.4666666666666667,0.999999999999998,5.563077585185817e-16,1
VeriQBench,bv_5,veriqbench/combinational/bv/bv_5.qasm,5,15,0,4,Causal-cone,1.0,0.9999999999999969,0.0,1
VeriQBench,5QBT_16CYC_16GN_1.0P2_0,veriqbench/combinational/qubit_mapping/Ourense/5QBT_16CYC_16GN_1.0P2_0.qasm,5,16,0,0,QSlice-full,0.0,1.0,0.0,1
VeriQBench,5QBT_16CYC_16GN_1.0P2_0,veriqbench/combinational/qubit_mapping/Ourense/5QBT_16CYC_16GN_1.0P2_0.qasm,5,16,0,0,QDG-no-ED,0.0,1.0,0.0,1
VeriQBench,5QBT_16CYC_16GN_1.0P2_0,veriqbench/combinational/qubit_mapping/Ourense/5QBT_16CYC_16GN_1.0P2_0.qasm,5,16,0,0,QDG-no-MD,0.0,1.0,0.0,1
VeriQBench,5QBT_16CYC_16GN_1.0P2_0,veriqbench/combinational/qubit_mapping/Ourense/5QBT_16CYC_16GN_1.0P2_0.qasm,5,16,0,0,QDG-no-UED,0.0,1.0,0.0,1
VeriQBench,5QBT_16CYC_16GN_1.0P2_0,veriqbench/combinational/qubit_mapping/Ourense/5QBT_16CYC_16GN_1.0P2_0.qasm,5,16,0,0,QDG-no-CD,0.0,1.0,0.0,1
VeriQBench,5QBT_16CYC_16GN_1.0P2_0,veriqbench/combinational/qubit_mapping/Ourense/5QBT_16CYC_16GN_1.0P2_0.qasm,5,16,0,0,Classical PDG,0.0,1.0,0.0,1
VeriQBench,5QBT_16CYC_16GN_1.0P2_0,veriqbench/combinational/qubit_mapping/Ourense/5QBT_16CYC_16GN_1.0P2_0.qasm,5,16,0,0,Causal-cone,0.0,1.0,0.0,1
VeriQBench,5QBT_16CYC_16GN_1.0P2_0,veriqbench/combinational/qubit_mapping/Ourense/5QBT_16CYC_16GN_1.0P2_0.qasm,5,16,0,1,QSlice-full,0.9375,1.0,0.0,1
VeriQBench,5QBT_16CYC_16GN_1.0P2_0,veriqbench/combinational/qubit_mapping/Ourense/5QBT_16CYC_16GN_1.0P2_0.qasm,5,16,0,1,QDG-no-ED,0.625,1.0,0.0,1
VeriQBench,5QBT_16CYC_16GN_1.0P2_0,veriqbench/combinational/qubit_mapping/Ourense/5QBT_16CYC_16GN_1.0P2_0.qasm,5,16,0,1,QDG-no-MD,0.9375,1.0,0.0,1
VeriQBench,5QBT_16CYC_16GN_1.0P2_0,veriqbench/combinational/qubit_mapping/Ourense/5QBT_16CYC_16GN_1.0P2_0.qasm,5,16,0,1,QDG-no-UED,0.9375,1.0,0.0,1
VeriQBench,5QBT_16CYC_16GN_1.0P2_0,veriqbench/combinational/qubit_mapping/Ourense/5QBT_16CYC_16GN_1.0P2_0.qasm,5,16,0,1,QDG-no-CD,0.9375,1.0,0.0,1
VeriQBench,5QBT_16CYC_16GN_1.0P2_0,veriqbench/combinational/qubit_mapping/Ourense/5QBT_16CYC_16GN_1.0P2_0.qasm,5,16,0,1,Classical PDG,0.625,1.0,0.0,1
VeriQBench,5QBT_16CYC_16GN_1.0P2_0,veriqbench/combinational/qubit_mapping/Ourense/5QBT_16CYC_16GN_1.0P2_0.qasm,5,16,0,1,Causal-cone,0.9375,1.0,0.0,1
VeriQBench,5QBT_16CYC_16GN_1.0P2_0,veriqbench/combinational/qubit_mapping/Ourense/5QBT_16CYC_16GN_1.0P2_0.qasm,5,16,0,2,QSlice-full,1.0,1.0,0.0,1
VeriQBench,5QBT_16CYC_16GN_1.0P2_0,veriqbench/combinational/qubit_mapping/Ourense/5QBT_16CYC_16GN_1.0P2_0.qasm,5,16,0,2,QDG-no-ED,0.75,1.0,0.0,1
VeriQBench,5QBT_16CYC_16GN_1.0P2_0,veriqbench/combinational/qubit_mapping/Ourense/5QBT_16CYC_16GN_1.0P2_0.qasm,5,16,0,2,QDG-no-MD,1.0,1.0,0.0,1
VeriQBench,5QBT_16CYC_16GN_1.0P2_0,veriqbench/combinational/qubit_mapping/Ourense/5QBT_16CYC_16GN_1.0P2_0.qasm,5,16,0,2,QDG-no-UED,1.0,1.0,0.0,1
VeriQBench,5QBT_16CYC_16GN_1.0P2_0,veriqbench/combinational/qubit_mapping/Ourense/5QBT_16CYC_16GN_1.0P2_0.qasm,5,16,0,2,QDG-no-CD,1.0,1.0,0.0,1
VeriQBench,5QBT_16CYC_16GN_1.0P2_0,veriqbench/combinational/qubit_mapping/Ourense/5QBT_16CYC_16GN_1.0P2_0.qasm,5,16,0,2,Classical PDG,0.75,1.0,0.0,1
VeriQBench,5QBT_16CYC_16GN_1.0P2_0,veriqbench/combinational/qubit_mapping/Ourense/5QBT_16CYC_16GN_1.0P2_0.qasm,5,16,0,2,Causal-cone,1.0,1.0,0.0,1
VeriQBench,5QBT_16CYC_16GN_1.0P2_0,veriqbench/combinational/qubit_mapping/Ourense/5QBT_16CYC_16GN_1.0P2_0.qasm,5,16,0,3,QSlice-full,0.25,1.0,0.0,1
VeriQBench,5QBT_16CYC_16GN_1.0P2_0,veriqbench/combinational/qubit_mapping/Ourense/5QBT_16CYC_16GN_1.0P2_0.qasm,5,16,0,3,QDG-no-ED,0.25,1.0,0.0,1
VeriQBench,5QBT_16CYC_16GN_1.0P2_0,veriqbench/combinational/qubit_mapping/Ourense/5QBT_16CYC_16GN_1.0P2_0.qasm,5,16,0,3,QDG-no-MD,0.25,1.0,0.0,1
VeriQBench,5QBT_16CYC_16GN_1.0P2_0,veriqbench/combinational/qubit_mapping/Ourense/5QBT_16CYC_16GN_1.0P2_0.qasm,5,16,0,3,QDG-no-UED,0.25,1.0,0.0,1
VeriQBench,5QBT_16CYC_16GN_1.0P2_0,veriqbench/combinational/qubit_mapping/Ourense/5QBT_16CYC_16GN_1.0P2_0.qasm,5,16,0,3,QDG-no-CD,0.25,1.0,0.0,1
VeriQBench,5QBT_16CYC_16GN_1.0P2_0,veriqbench/combinational/qubit_mapping/Ourense/5QBT_16CYC_16GN_1.0P2_0.qasm,5,16,0,3,Classical PDG,0.25,1.0,0.0,1
VeriQBench,5QBT_16CYC_16GN_1.0P2_0,veriqbench/combinational/qubit_mapping/Ourense/5QBT_16CYC_16GN_1.0P2_0.qasm,5,16,0,3,Causal-cone,0.25,1.0,0.0,1
VeriQBench,5QBT_16CYC_16GN_1.0P2_0,veriqbench/combinational/qubit_mapping/Ourense/5QBT_16CYC_16GN_1.0P2_0.qasm,5,16,0,4,QSlice-full,1.0,1.0,0.0,1
VeriQBench,5QBT_16CYC_16GN_1.0P2_0,veriqbench/combinational/qubit_mapping/Ourense/5QBT_16CYC_16GN_1.0P2_0.qasm,5,16,0,4,QDG-no-ED,0.375,1.0,0.0,1
VeriQBench,5QBT_16CYC_16GN_1.0P2_0,veriqbench/combinational/qubit_mapping/Ourense/5QBT_16CYC_16GN_1.0P2_0.qasm,5,16,0,4,QDG-no-MD,1.0,1.0,0.0,1
VeriQBench,5QBT_16CYC_16GN_1.0P2_0,veriqbench/combinational/qubit_mapping/Ourense/5QBT_16CYC_16GN_1.0P2_0.qasm,5,16,0,4,QDG-no-UED,1.0,1.0,0.0,1
VeriQBench,5QBT_16CYC_16GN_1.0P2_0,veriqbench/combinational/qubit_mapping/Ourense/5QBT_16CYC_16GN_1.0P2_0.qasm,5,16,0,4,QDG-no-CD,1.0,1.0,0.0,1
VeriQBench,5QBT_16CYC_16GN_1.0P2_0,veriqbench/combinational/qubit_mapping/Ourense/5QBT_16CYC_16GN_1.0P2_0.qasm,5,16,0,4,Classical PDG,0.375,1.0,0.0,1
VeriQBench,5QBT_16CYC_16GN_1.0P2_0,veriqbench/combinational/qubit_mapping/Ourense/5QBT_16CYC_16GN_1.0P2_0.qasm,5,16,0,4,Causal-cone,1.0,1.0,0.0,1
VeriQBench,hwb5-24-102,veriqbench/combinational/rev_circuit/hwb5-24-102.qasm,5,24,0,0,QSlice-full,0.875,0.9999999999999942,0.0,1
VeriQBench,hwb5-24-102,veriqbench/combinational/rev_circuit/hwb5-24-102.qasm,5,24,0,0,QDG-no-ED,0.4166666666666667,0.9999999999999967,1.2212453270876722e-15,1
VeriQBench,hwb5-24-102,veriqbench/combinational/rev_circuit/hwb5-24-102.qasm,5,24,0,0,QDG-no-MD,0.875,0.9999999999999942,0.0,1
VeriQBench,hwb5-24-102,veriqbench/combinational/rev_circuit/hwb5-24-102.qasm,5,24,0,0,QDG-no-UED,0.875,0.9999999999999942,0.0,1
VeriQBench,hwb5-24-102,veriqbench/combinational/rev_circuit/hwb5-24-102.qasm,5,24,0,0,QDG-no-CD,0.875,0.9999999999999942,0.0,1
VeriQBench,hwb5-24-102,veriqbench/combinational/rev_circuit/hwb5-24-102.qasm,5,24,0,0,Classical PDG,0.4166666666666667,0.9999999999999967,1.2212453270876722e-15,1
VeriQBench,hwb5-24-102,veriqbench/combinational/rev_circuit/hwb5-24-102.qasm,5,24,0,0,Causal-cone,0.875,0.9999999999999942,0.0,1
VeriQBench,hwb5-24-102,veriqbench/combinational/rev_circuit/hwb5-24-102.qasm,5,24,0,1,QSlice-full,0.9583333333333334,0.9999999999999942,0.0,1
VeriQBench,hwb5-24-102,veriqbench/combinational/rev_circuit/hwb5-24-102.qasm,5,24,0,1,QDG-no-ED,0.5416666666666666,0.9999999999999942,0.0,1
VeriQBench,hwb5-24-102,veriqbench/combinational/rev_circuit/hwb5-24-102.qasm,5,24,0,1,QDG-no-MD,0.9583333333333334,0.9999999999999942,0.0,1
VeriQBench,hwb5-24-102,veriqbench/combinational/rev_circuit/hwb5-24-102.qasm,5,24,0,1,QDG-no-UED,0.9583333333333334,0.9999999999999942,0.0,1
VeriQBench,hwb5-24-102,veriqbench/combinational/rev_circuit/hwb5-24-102.qasm,5,24,0,1,QDG-no-CD,0.9583333333333334,0.9999999999999942,0.0,1
VeriQBench,hwb5-24-102,veriqbench/combinational/rev_circuit/hwb5-24-102.qasm,5,24,0,1,Classical PDG,0.5416666666666666,0.9999999999999942,0.0,1
VeriQBench,hwb5-24-102,veriqbench/combinational/rev_circuit/hwb5-24-102.qasm,5,24,0,1,Causal-cone,0.9583333333333334,0.9999999999999942,0.0,1
VeriQBench,hwb5-24-102,veriqbench/combinational/rev_circuit/hwb5-24-102.qasm,5,24,0,2,QSlice-full,1.0,0.9999999999999942,0.0,1
VeriQBench,hwb5-24-102,veriqbench/combinational/rev_circuit/hwb5-24-102.qasm,5,24,0,2,QDG-no-ED,0.4583333333333333,0.9999999999999953,5.551115123125783e-16,1
VeriQBench,hwb5-24-102,veriqbench/combinational/rev_circuit/hwb5-24-102.qasm,5,24,0,2,QDG-no-MD,1.0,0.9999999999999942,0.0,1
VeriQBench,hwb5-24-102,veriqbench/combinational/rev_circuit/hwb5-24-102.qasm,5,24,0,2,QDG-no-UED,1.0,0.9999999999999942,0.0,1
VeriQBench,hwb5-24-102,veriqbench/combinational/rev_circuit/hwb5-24-102.qasm,5,24,0,2,QDG-no-CD,1.0,0.9999999999999942,0.0,1
VeriQBench,hwb5-24-102,veriqbench/combinational/rev_circuit/hwb5-24-102.qasm,5,24,0,2,Classical PDG,0.4583333333333333,0.9999999999999953,5.551115123125783e-16,1
VeriQBench,hwb5-24-102,veriqbench/combinational/rev_circuit/hwb5-24-102.qasm,5,24,0,2,Causal-cone,1.0,0.9999999999999942,0.0,1
VeriQBench,hwb5-24-102,veriqbench/combinational/rev_circuit/hwb5-24-102.qasm,5,24,0,3,QSlice-full,1.0,0.9999999999999942,0.0,1
VeriQBench,hwb5-24-102,veriqbench/combinational/rev_circuit/hwb5-24-102.qasm,5,24,0,3,QDG-no-ED,0.5416666666666666,0.9999999999999949,3.3306690738754696e-16,1
VeriQBench,hwb5-24-102,veriqbench/combinational/rev_circuit/hwb5-24-102.qasm,5,24,0,3,QDG-no-MD,1.0,0.9999999999999942,0.0,1
VeriQBench,hwb5-24-102,veriqbench/combinational/rev_circuit/hwb5-24-102.qasm,5,24,0,3,QDG-no-UED,1.0,0.9999999999999942,0.0,1
VeriQBench,hwb5-24-102,veriqbench/combinational/rev_circuit/hwb5-24-102.qasm,5,24,0,3,QDG-no-CD,1.0,0.9999999999999942,0.0,1
VeriQBench,hwb5-24-102,veriqbench/combinational/rev_circuit/hwb5-24-102.qasm,5,24,0,3,Classical PDG,0.5416666666666666,0.9999999999999949,3.3306690738754696e-16,1
VeriQBench,hwb5-24-102,veriqbench/combinational/rev_circuit/hwb5-24-102.qasm,5,24,0,3,Causal-cone,1.0,0.9999999999999942,0.0,1
VeriQBench,hwb5-24-102,veriqbench/combinational/rev_circuit/hwb5-24-102.qasm,5,24,0,4,QSlice-full,0.9583333333333334,0.9999999999999942,0.0,1
VeriQBench,hwb5-24-102,veriqbench/combinational/rev_circuit/hwb5-24-102.qasm,5,24,0,4,QDG-no-ED,0.5833333333333334,0.9999999999999949,3.3306690738754696e-16,1
VeriQBench,hwb5-24-102,veriqbench/combinational/rev_circuit/hwb5-24-102.qasm,5,24,0,4,QDG-no-MD,0.9583333333333334,0.9999999999999942,0.0,1
VeriQBench,hwb5-24-102,veriqbench/combinational/rev_circuit/hwb5-24-102.qasm,5,24,0,4,QDG-no-UED,0.9583333333333334,0.9999999999999942,0.0,1
VeriQBench,hwb5-24-102,veriqbench/combinational/rev_circuit/hwb5-24-102.qasm,5,24,0,4,QDG-no-CD,0.9583333333333334,0.9999999999999942,0.0,1
VeriQBench,hwb5-24-102,veriqbench/combinational/rev_circuit/hwb5-24-102.qasm,5,24,0,4,Classical PDG,0.5833333333333334,0.9999999999999949,3.3306690738754696e-16,1
VeriQBench,hwb5-24-102,veriqbench/combinational/rev_circuit/hwb5-24-102.qasm,5,24,0,4,Causal-cone,0.9583333333333334,0.9999999999999942,0.0,1
VeriQBench,nth_prime5_inc_25_103,veriqbench/combinational/rev_circuit/nth_prime5_inc_25_103.qasm,5,25,0,0,QSlice-full,0.96,0.999999999999996,0.0,1
VeriQBench,nth_prime5_inc_25_103,veriqbench/combinational/rev_circuit/nth_prime5_inc_25_103.qasm,5,25,0,0,QDG-no-ED,0.56,0.999999999999996,0.0,1
VeriQBench,nth_prime5_inc_25_103,veriqbench/combinational/rev_circuit/nth_prime5_inc_25_103.qasm,5,25,0,0,QDG-no-MD,0.96,0.999999999999996,0.0,1
VeriQBench,nth_prime5_inc_25_103,veriqbench/combinational/rev_circuit/nth_prime5_inc_25_103.qasm,5,25,0,0,QDG-no-UED,0.96,0.999999999999996,0.0,1
VeriQBench,nth_prime5_inc_25_103,veriqbench/combinational/rev_circuit/nth_prime5_inc_25_103.qasm,5,25,0,0,QDG-no-CD,0.96,0.999999999999996,0.0,1
VeriQBench,nth_prime5_inc_25_103,veriqbench/combinational/rev_circuit/nth_prime5_inc_25_103.qasm,5,25,0,0,Classical PDG,0.56,0.999999999999996,0.0,1
VeriQBench,nth_prime5_inc_25_103,veriqbench/combinational/rev_circuit/nth_prime5_inc_25_103.qasm,5,25,0,0,Causal-cone,0.96,0.999999999999996,0.0,1
VeriQBench,nth_prime5_inc_25_103,veriqbench/combinational/rev_circuit/nth_prime5_inc_25_103.qasm,5,25,0,1,QSlice-full,0.96,0.999999999999996,0.0,1
VeriQBench,nth_prime5_inc_25_103,veriqbench/combinational/rev_circuit/nth_prime5_inc_25_103.qasm,5,25,0,1,QDG-no-ED,0.56,0.9999999999999962,1.1102230246251565e-16,1
VeriQBench,nth_prime5_inc_25_103,veriqbench/combinational/rev_circuit/nth_prime5_inc_25_103.qasm,5,25,0,1,QDG-no-MD,0.96,0.999999999999996,0.0,1
VeriQBench,nth_prime5_inc_25_103,veriqbench/combinational/rev_circuit/nth_prime5_inc_25_103.qasm,5,25,0,1,QDG-no-UED,0.96,0.999999999999996,0.0,1
VeriQBench,nth_prime5_inc_25_103,veriqbench/combinational/rev_circuit/nth_prime5_inc_25_103.qasm,5,25,0,1,QDG-no-CD,0.96,0.999999999999996,0.0,1
VeriQBench,nth_prime5_inc_25_103,veriqbench/combinational/rev_circuit/nth_prime5_inc_25_103.qasm,5,25,0,1,Classical PDG,0.56,0.9999999999999962,1.1102230246251565e-16,1
VeriQBench,nth_prime5_inc_25_103,veriqbench/combinational/rev_circuit/nth_prime5_inc_25_103.qasm,5,25,0,1,Causal-cone,0.96,0.999999999999996,0.0,1
VeriQBench,nth_prime5_inc_25_103,veriqbench/combinational/rev_circuit/nth_prime5_inc_25_103.qasm,5,25,0,2,QSlice-full,0.92,0.999999999999996,0.0,1
VeriQBench,nth_prime5_inc_25_103,veriqbench/combinational/rev_circuit/nth_prime5_inc_25_103.qasm,5,25,0,2,QDG-no-ED,0.44,0.9999999999999967,3.3306690738754696e-16,1
VeriQBench,nth_prime5_inc_25_103,veriqbench/combinational/rev_circuit/nth_prime5_inc_25_103.qasm,5,25,0,2,QDG-no-MD,0.92,0.999999999999996,0.0,1
VeriQBench,nth_prime5_inc_25_103,veriqbench/combinational/rev_circuit/nth_prime5_inc_25_103.qasm,5,25,0,2,QDG-no-UED,0.92,0.999999999999996,0.0,1
VeriQBench,nth_prime5_inc_25_103,veriqbench/combinational/rev_circuit/nth_prime5_inc_25_103.qasm,5,25,0,2,QDG-no-CD,0.92,0.999999999999996,0.0,1
VeriQBench,nth_prime5_inc_25_103,veriqbench/combinational/rev_circuit/nth_prime5_inc_25_103.qasm,5,25,0,2,Classical PDG,0.44,0.9999999999999967,3.3306690738754696e-16,1
VeriQBench,nth_prime5_inc_25_103,veriqbench/combinational/rev_circuit/nth_prime5_inc_25_103.qasm,5,25,0,2,Causal-cone,0.92,0.999999999999996,0.0,1
VeriQBench,nth_prime5_inc_25_103,veriqbench/combinational/rev_circuit/nth_prime5_inc_25_103.qasm,5,25,0,3,QSlice-full,0.92,0.999999999999996,0.0,1
VeriQBench,nth_prime5_inc_25_103,veriqbench/combinational/rev_circuit/nth_prime5_inc_25_103.qasm,5,25,0,3,QDG-no-ED,0.6,0.9999999999999971,5.551115123125783e-16,1
VeriQBench,nth_prime5_inc_25_103,veriqbench/combinational/rev_circuit/nth_prime5_inc_25_103.qasm,5,25,0,3,QDG-no-MD,0.92,0.999999999999996,0.0,1
VeriQBench,nth_prime5_inc_25_103,veriqbench/combinational/rev_circuit/nth_prime5_inc_25_103.qasm,5,25,0,3,QDG-no-UED,0.92,0.999999999999996,0.0,1
VeriQBench,nth_prime5_inc_25_103,veriqbench/combinational/rev_circuit/nth_prime5_inc_25_103.qasm,5,25,0,3,QDG-no-CD,0.92,0.999999999999996,0.0,1
VeriQBench,nth_prime5_inc_25_103,veriqbench/combinational/rev_circuit/nth_prime5_inc_25_103.qasm,5,25,0,3,Classical PDG,0.6,0.9999999999999971,5.551115123125783e-16,1
VeriQBench,nth_prime5_inc_25_103,veriqbench/combinational/rev_circuit/nth_prime5_inc_25_103.qasm,5,25,0,3,Causal-cone,0.92,0.999999999999996,0.0,1
VeriQBench,nth_prime5_inc_25_103,veriqbench/combinational/rev_circuit/nth_prime5_inc_25_103.qasm,5,25,0,4,QSlice-full,0.92,0.999999999999996,0.0,1
VeriQBench,nth_prime5_inc_25_103,veriqbench/combinational/rev_circuit/nth_prime5_inc_25_103.qasm,5,25,0,4,QDG-no-ED,0.44,0.9999999999999967,3.3306690738754696e-16,1
VeriQBench,nth_prime5_inc_25_103,veriqbench/combinational/rev_circuit/nth_prime5_inc_25_103.qasm,5,25,0,4,QDG-no-MD,0.92,0.999999999999996,0.0,1
VeriQBench,nth_prime5_inc_25_103,veriqbench/combinational/rev_circuit/nth_prime5_inc_25_103.qasm,5,25,0,4,QDG-no-UED,0.92,0.999999999999996,0.0,1
VeriQBench,nth_prime5_inc_25_103,veriqbench/combinational/rev_circuit/nth_prime5_inc_25_103.qasm,5,25,0,4,QDG-no-CD,0.92,0.999999999999996,0.0,1
VeriQBench,nth_prime5_inc_25_103,veriqbench/combinational/rev_circuit/nth_prime5_inc_25_103.qasm,5,25,0,4,Classical PDG,0.44,0.9999999999999967,3.3306690738754696e-16,1
VeriQBench,nth_prime5_inc_25_103,veriqbench/combinational/rev_circuit/nth_prime5_inc_25_103.qasm,5,25,0,4,Causal-cone,0.92,0.999999999999996,0.0,1
VeriQBench-dynamic,dqc_bitflip_code,veriqbench/dynamic/dqc_bitflip_code.qasm,6,12,1,0,QSlice-full,0.8333333333333334,1.0,0.0,1
VeriQBench-dynamic,dqc_bitflip_code,veriqbench/dynamic/dqc_bitflip_code.qasm,6,12,1,0,QDG-no-ED,0.75,1.0,0.0,1
VeriQBench-dynamic,dqc_bitflip_code,veriqbench/dynamic/dqc_bitflip_code.qasm,6,12,1,0,QDG-no-MD,0.8333333333333334,1.0,0.0,1
VeriQBench-dynamic,dqc_bitflip_code,veriqbench/dynamic/dqc_bitflip_code.qasm,6,12,1,0,QDG-no-UED,0.8333333333333334,1.0,0.0,1
VeriQBench-dynamic,dqc_bitflip_code,veriqbench/dynamic/dqc_bitflip_code.qasm,6,12,1,0,QDG-no-CD,0.5,1.0,0.0,1
VeriQBench-dynamic,dqc_bitflip_code,veriqbench/dynamic/dqc_bitflip_code.qasm,6,12,1,0,Classical PDG,0.25,1.0,0.0,1
VeriQBench-dynamic,dqc_bitflip_code,veriqbench/dynamic/dqc_bitflip_code.qasm,6,12,1,0,Causal-cone,0.5,1.0,0.0,1
VeriQBench-dynamic,dqc_bitflip_code,veriqbench/dynamic/dqc_bitflip_code.qasm,6,12,1,1,QSlice-full,0.8333333333333334,1.0,0.0,1
VeriQBench-dynamic,dqc_bitflip_code,veriqbench/dynamic/dqc_bitflip_code.qasm,6,12,1,1,QDG-no-ED,0.6666666666666666,1.0,0.0,1
VeriQBench-dynamic,dqc_bitflip_code,veriqbench/dynamic/dqc_bitflip_code.qasm,6,12,1,1,QDG-no-MD,0.8333333333333334,1.0,0.0,1
VeriQBench-dynamic,dqc_bitflip_code,veriqbench/dynamic/dqc_bitflip_code.qasm,6,12,1,1,QDG-no-UED,0.8333333333333334,1.0,0.0,1
VeriQBench-dynamic,dqc_bitflip_code,veriqbench/dynamic/dqc_bitflip_code.qasm,6,12,1,1,QDG-no-CD,0.3333333333333333,1.0,0.0,1
VeriQBench-dynamic,dqc_bitflip_code,veriqbench/dynamic/dqc_bitflip_code.qasm,6,12,1,1,Classical PDG,0.25,1.0,0.0,1
VeriQBench-dynamic,dqc_bitflip_code,veriqbench/dynamic/dqc_bitflip_code.qasm,6,12,1,1,Causal-cone,0.3333333333333333,1.0,0.0,1
VeriQBench-dynamic,dqc_bitflip_code,veriqbench/dynamic/dqc_bitflip_code.qasm,6,12,1,2,QSlice-full,0.8333333333333334,1.0,0.0,1
VeriQBench-dynamic,dqc_bitflip_code,veriqbench/dynamic/dqc_bitflip_code.qasm,6,12,1,2,QDG-no-ED,0.5833333333333334,1.0,0.0,1
VeriQBench-dynamic,dqc_bitflip_code,veriqbench/dynamic/dqc_bitflip_code.qasm,6,12,1,2,QDG-no-MD,0.8333333333333334,1.0,0.0,1
VeriQBench-dynamic,dqc_bitflip_code,veriqbench/dynamic/dqc_bitflip_code.qasm,6,12,1,2,QDG-no-UED,0.8333333333333334,1.0,0.0,1
VeriQBench-dynamic,dqc_bitflip_code,veriqbench/dynamic/dqc_bitflip_code.qasm,6,12,1,2,QDG-no-CD,0.5833333333333334,1.0,0.0,1
VeriQBench-dynamic,dqc_bitflip_code,veriqbench/dynamic/dqc_bitflip_code.qasm,6,12,1,2,Classical PDG,0.25,1.0,0.0,1
VeriQBench-dynamic,dqc_bitflip_code,veriqbench/dynamic/dqc_bitflip_code.qasm,6,12,1,2,Causal-cone,0.5833333333333334,1.0,0.0,1
VeriQBench-dynamic,dqc_bitflip_code,veriqbench/dynamic/dqc_bitflip_code.qasm,6,12,1,3,QSlice-full,0.5,1.0,0.0,1
VeriQBench-dynamic,dqc_bitflip_code,veriqbench/dynamic/dqc_bitflip_code.qasm,6,12,1,3,QDG-no-ED,0.16666666666666666,1.0,0.0,1
VeriQBench-dynamic,dqc_bitflip_code,veriqbench/dynamic/dqc_bitflip_code.qasm,6,12,1,3,QDG-no-MD,0.5,1.0,0.0,1
VeriQBench-dynamic,dqc_bitflip_code,veriqbench/dynamic/dqc_bitflip_code.qasm,6,12,1,3,QDG-no-UED,0.5,1.0,0.0,1
VeriQBench-dynamic,dqc_bitflip_code,veriqbench/dynamic/dqc_bitflip_code.qasm,6,12,1,3,QDG-no-CD,0.5,1.0,0.0,1
VeriQBench-dynamic,dqc_bitflip_code,veriqbench/dynamic/dqc_bitflip_code.qasm,6,12,1,3,Classical PDG,0.08333333333333333,1.0,0.0,1
VeriQBench-dynamic,dqc_bitflip_code,veriqbench/dynamic/dqc_bitflip_code.qasm,6,12,1,3,Causal-cone,0.5,1.0,0.0,1
VeriQBench-dynamic,dqc_bitflip_code,veriqbench/dynamic/dqc_bitflip_code.qasm,6,12,1,4,QSlice-full,0.5833333333333334,1.0,0.0,1
VeriQBench-dynamic,dqc_bitflip_code,veriqbench/dynamic/dqc_bitflip_code.qasm,6,12,1,4,QDG-no-ED,0.16666666666666666,1.0,0.0,1
VeriQBench-dynamic,dqc_bitflip_code,veriqbench/dynamic/dqc_bitflip_code.qasm,6,12,1,4,QDG-no-MD,0.5833333333333334,1.0,0.0,1
VeriQBench-dynamic,dqc_bitflip_code,veriqbench/dynamic/dqc_bitflip_code.qasm,6,12,1,4,QDG-no-UED,0.5833333333333334,1.0,0.0,1
VeriQBench-dynamic,dqc_bitflip_code,veriqbench/dynamic/dqc_bitflip_code.qasm,6,12,1,4,QDG-no-CD,0.5833333333333334,1.0,0.0,1
VeriQBench-dynamic,dqc_bitflip_code,veriqbench/dynamic/dqc_bitflip_code.qasm,6,12,1,4,Classical PDG,0.08333333333333333,1.0,0.0,1
VeriQBench-dynamic,dqc_bitflip_code,veriqbench/dynamic/dqc_bitflip_code.qasm,6,12,1,4,Causal-cone,0.5833333333333334,1.0,0.0,1
VeriQBench-dynamic,dqc_bitflip_code,veriqbench/dynamic/dqc_bitflip_code.qasm,6,12,1,5,QSlice-full,0.5833333333333334,1.0,0.0,1
VeriQBench-dynamic,dqc_bitflip_code,veriqbench/dynamic/dqc_bitflip_code.qasm,6,12,1,5,QDG-no-ED,0.16666666666666666,1.0,0.0,1
VeriQBench-dynamic,dqc_bitflip_code,veriqbench/dynamic/dqc_bitflip_code.qasm,6,12,1,5,QDG-no-MD,0.5,1.0,0.0,1
VeriQBench-dynamic,dqc_bitflip_code,veriqbench/dynamic/dqc_bitflip_code.qasm,6,12,1,5,QDG-no-UED,0.5833333333333334,1.0,0.0,1
VeriQBench-dynamic,dqc_bitflip_code,veriqbench/dynamic/dqc_bitflip_code.qasm,6,12,1,5,QDG-no-CD,0.5833333333333334,1.0,0.0,1
VeriQBench-dynamic,dqc_bitflip_code,veriqbench/dynamic/dqc_bitflip_code.qasm,6,12,1,5,Classical PDG,0.08333333333333333,1.0,0.0,1
VeriQBench-dynamic,dqc_bitflip_code,veriqbench/dynamic/dqc_bitflip_code.qasm,6,12,1,5,Causal-cone,0.5,1.0,0.0,1
VeriQBench-dynamic,dqc_phaseflip_code,veriqbench/dynamic/dqc_phaseflip_code.qasm,6,18,1,0,QSlice-full,0.7777777777777778,0.9999999999999996,2.220446049250313e-16,1
VeriQBench-dynamic,dqc_phaseflip_code,veriqbench/dynamic/dqc_phaseflip_code.qasm,6,18,1,0,QDG-no-ED,0.6111111111111112,0.9999999999999993,1.1102230246251565e-16,1
VeriQBench-dynamic,dqc_phaseflip_code,veriqbench/dynamic/dqc_phaseflip_code.qasm,6,18,1,0,QDG-no-MD,0.7777777777777778,0.9999999999999996,2.220446049250313e-16,1
VeriQBench-dynamic,dqc_phaseflip_code,veriqbench/dynamic/dqc_phaseflip_code.qasm,6,18,1,0,QDG-no-UED,0.7777777777777778,0.9999999999999996,2.220446049250313e-16,1
VeriQBench-dynamic,dqc_phaseflip_code,veriqbench/dynamic/dqc_phaseflip_code.qasm,6,18,1,0,QDG-no-CD,0.5555555555555556,0.9999999999999989,1.1102230246251565e-16,1
VeriQBench-dynamic,dqc_phaseflip_code,veriqbench/dynamic/dqc_phaseflip_code.qasm,6,18,1,0,Classical PDG,0.2777777777777778,0.9999999999999991,1.232595164407831e-32,1
VeriQBench-dynamic,dqc_phaseflip_code,veriqbench/dynamic/dqc_phaseflip_code.qasm,6,18,1,0,Causal-cone,0.5555555555555556,0.9999999999999989,1.1102230246251565e-16,1
VeriQBench-dynamic,dqc_phaseflip_code,veriqbench/dynamic/dqc_phaseflip_code.qasm,6,18,1,1,QSlice-full,0.7777777777777778,0.9999999999999996,2.220446049250313e-16,1
VeriQBench-dynamic,dqc_phaseflip_code,veriqbench/dynamic/dqc_phaseflip_code.qasm,6,18,1,1,QDG-no-ED,0.5555555555555556,0.9999999999999993,1.1102230246251565e-16,1
VeriQBench-dynamic,dqc_phaseflip_code,veriqbench/dynamic/dqc_phaseflip_code.qasm,6,18,1,1,QDG-no-MD,0.7777777777777778,0.9999999999999996,2.220446049250313e-16,1
VeriQBench-dynamic,dqc_phaseflip_code,veriqbench/dynamic/dqc_phaseflip_code.qasm,6,18,1,1,QDG-no-UED,0.7777777777777778,0.9999999999999996,2.220446049250313e-16,1
VeriQBench-dynamic,dqc_phaseflip_code,veriqbench/dynamic/dqc_phaseflip_code.qasm,6,18,1,1,QDG-no-CD,0.4444444444444444,0.9999999999999989,1.1102230246251565e-16,1
VeriQBench-dynamic,dqc_phaseflip_code,veriqbench/dynamic/dqc_phaseflip_code.qasm,6,18,1,1,Classical PDG,0.2777777777777778,0.9999999999999991,1.232595164407831e-32,1
VeriQBench-dynamic,dqc_phaseflip_code,veriqbench/dynamic/dqc_phaseflip_code.qasm,6,18,1,1,Causal-cone,0.4444444444444444,0.9999999999999989,1.1102230246251565e-16,1
VeriQBench-dynamic,dqc_phaseflip_code,veriqbench/dynamic/dqc_phaseflip_code.qasm,6,18,1,2,QSlice-full,0.7777777777777778,0.9999999999999996,2.220446049250313e-16,1
VeriQBench-dynamic,dqc_phaseflip_code,veriqbench/dynamic/dqc_phaseflip_code.qasm,6,18,1,2,QDG-no-ED,0.5,0.9999999999999993,1.1102230246251565e-16,1
VeriQBench-dynamic,dqc_phaseflip_code,veriqbench/dynamic/dqc_phaseflip_code.qasm,6,18,1,2,QDG-no-MD,0.7777777777777778,0.9999999999999996,2.220446049250313e-16,1
VeriQBench-dynamic,dqc_phaseflip_code,veriqbench/dynamic/dqc_phaseflip_code.qasm,6,18,1,2,QDG-no-UED,0.7777777777777778,0.9999999999999996,2.220446049250313e-16,1
VeriQBench-dynamic,dqc_phaseflip_code,veriqbench/dynamic/dqc_phaseflip_code.qasm,6,18,1,2,QDG-no-CD,0.6111111111111112,0.9999999999999989,1.1102230246251565e-16,1
VeriQBench-dynamic,dqc_phaseflip_code,veriqbench/dynamic/dqc_phaseflip_code.qasm,6,18,1,2,Classical PDG,0.2777777777777778,0.9999999999999991,2.2371143170757366e-17,1
VeriQBench-dynamic,dqc_phaseflip_code,veriqbench/dynamic/dqc_phaseflip_code.qasm,6,18,1,2,Causal-cone,0.6111111111111112,0.9999999999999989,1.1102230246251565e-16,1
VeriQBench-dynamic,dqc_phaseflip_code,veriqbench/dynamic/dqc_phaseflip_code.qasm,6,18,1,3,QSlice-full,0.5,0.9999999999999991,0.0,1
VeriQBench-dynamic,dqc_phaseflip_code,veriqbench/dynamic/dqc_phaseflip_code.qasm,6,18,1,3,QDG-no-ED,0.1111111111111111,0.4999999999999998,0.5,0
VeriQBench-dynamic,dqc_phaseflip_code,veriqbench/dynamic/dqc_phaseflip_code.qasm,6,18,1,3,QDG-no-MD,0.5,0.9999999999999991,0.0,1
VeriQBench-dynamic,dqc_phaseflip_code,veriqbench/dynamic/dqc_phaseflip_code.qasm,6,18,1,3,QDG-no-UED,0.5,0.9999999999999991,0.0,1
VeriQBench-dynamic,dqc_phaseflip_code,veriqbench/dynamic/dqc_phaseflip_code.qasm,6,18,1,3,QDG-no-CD,0.5,0.9999999999999991,0.0,1
VeriQBench-dynamic,dqc_phaseflip_code,veriqbench/dynamic/dqc_phaseflip_code.qasm,6,18,1,3,Classical PDG,0.05555555555555555,0.4999999999999998,0.5,0
VeriQBench-dynamic,dqc_phaseflip_code,veriqbench/dynamic/dqc_phaseflip_code.qasm,6,18,1,3,Causal-cone,0.5,0.9999999999999991,0.0,1
VeriQBench-dynamic,dqc_phaseflip_code,veriqbench/dynamic/dqc_phaseflip_code.qasm,6,18,1,4,QSlice-full,0.5555555555555556,0.9999999999999991,0.0,1
VeriQBench-dynamic,dqc_phaseflip_code,veriqbench/dynamic/dqc_phaseflip_code.qasm,6,18,1,4,QDG-no-ED,0.1111111111111111,0.4999999999999998,0.5,0
VeriQBench-dynamic,dqc_phaseflip_code,veriqbench/dynamic/dqc_phaseflip_code.qasm,6,18,1,4,QDG-no-MD,0.5555555555555556,0.9999999999999991,0.0,1
VeriQBench-dynamic,dqc_phaseflip_code,veriqbench/dynamic/dqc_phaseflip_code.qasm,6,18,1,4,QDG-no-UED,0.5555555555555556,0.9999999999999991,0.0,1
VeriQBench-dynamic,dqc_phaseflip_code,veriqbench/dynamic/dqc_phaseflip_code.qasm,6,18,1,4,QDG-no-CD,0.5555555555555556,0.9999999999999991,0.0,1
VeriQBench-dynamic,dqc_phaseflip_code,veriqbench/dynamic/dqc_phaseflip_code.qasm,6,18,1,4,Classical PDG,0.05555555555555555,0.4999999999999998,0.5,0
VeriQBench-dynamic,dqc_phaseflip_code,veriqbench/dynamic/dqc_phaseflip_code.qasm,6,18,1,4,Causal-cone,0.5555555555555556,0.9999999999999991,0.0,1
VeriQBench-dynamic,dqc_phaseflip_code,veriqbench/dynamic/dqc_phaseflip_code.qasm,6,18,1,5,QSlice-full,0.5555555555555556,0.9999999999999991,0.0,1
VeriQBench-dynamic,dqc_phaseflip_code,veriqbench/dynamic/dqc_phaseflip_code.qasm,6,18,1,5,QDG-no-ED,0.1111111111111111,0.4999999999999998,0.5,0
VeriQBench-dynamic,dqc_phaseflip_code,veriqbench/dynamic/dqc_phaseflip_code.qasm,6,18,1,5,QDG-no-MD,0.5,0.9999999999999991,0.0,1
VeriQBench-dynamic,dqc_phaseflip_code,veriqbench/dynamic/dqc_phaseflip_code.qasm,6,18,1,5,QDG-no-UED,0.5555555555555556,0.9999999999999991,0.0,1
VeriQBench-dynamic,dqc_phaseflip_code,veriqbench/dynamic/dqc_phaseflip_code.qasm,6,18,1,5,QDG-no-CD,0.5555555555555556,0.9999999999999991,0.0,1
VeriQBench-dynamic,dqc_phaseflip_code,veriqbench/dynamic/dqc_phaseflip_code.qasm,6,18,1,5,Classical PDG,0.05555555555555555,0.4999999999999998,0.5,0
VeriQBench-dynamic,dqc_phaseflip_code,veriqbench/dynamic/dqc_phaseflip_code.qasm,6,18,1,5,Causal-cone,0.5,0.9999999999999991,0.0,1
VeriQBench-dynamic,dqc_pe_10,veriqbench/dynamic/pe/dqc_pe_10.qasm,11,84,1,0,QSlice-full,0.2619047619047619,0.9999999999999998,1.1102230246251565e-16,1
VeriQBench-dynamic,dqc_pe_10,veriqbench/dynamic/pe/dqc_pe_10.qasm,11,84,1,0,QDG-no-ED,0.03571428571428571,0.4999999999999999,0.5,0
VeriQBench-dynamic,dqc_pe_10,veriqbench/dynamic/pe/dqc_pe_10.qasm,11,84,1,0,QDG-no-MD,0.011904761904761904,1.0,0.0,1
VeriQBench-dynamic,dqc_pe_10,veriqbench/dynamic/pe/dqc_pe_10.qasm,11,84,1,0,QDG-no-UED,0.023809523809523808,0.4999999999999999,0.5,0
VeriQBench-dynamic,dqc_pe_10,veriqbench/dynamic/pe/dqc_pe_10.qasm,11,84,1,0,QDG-no-CD,0.2619047619047619,0.9999999999999998,1.1102230246251565e-16,1
VeriQBench-dynamic,dqc_pe_10,veriqbench/dynamic/pe/dqc_pe_10.qasm,11,84,1,0,Classical PDG,0.011904761904761904,1.0,0.0,1
VeriQBench-dynamic,dqc_pe_10,veriqbench/dynamic/pe/dqc_pe_10.qasm,11,84,1,0,Causal-cone,0.011904761904761904,1.0,0.0,1
VeriQBench-dynamic,dqc_pe_10,veriqbench/dynamic/pe/dqc_pe_10.qasm,11,84,1,1,QSlice-full,0.2976190476190476,0.9999999999999997,1.6653345369377348e-16,1
VeriQBench-dynamic,dqc_pe_10,veriqbench/dynamic/pe/dqc_pe_10.qasm,11,84,1,1,QDG-no-ED,0.08333333333333333,0.4999999999999999,0.5,0
VeriQBench-dynamic,dqc_pe_10,veriqbench/dynamic/pe/dqc_pe_10.qasm,11,84,1,1,QDG-no-MD,0.011904761904761904,1.0,0.0,1
VeriQBench-dynamic,dqc_pe_10,veriqbench/dynamic/pe/dqc_pe_10.qasm,11,84,1,1,QDG-no-UED,0.023809523809523808,0.4999999999999999,0.5,0
VeriQBench-dynamic,dqc_pe_10,veriqbench/dynamic/pe/dqc_pe_10.qasm,11,84,1,1,QDG-no-CD,0.03571428571428571,0.4999999999999999,0.5,0
VeriQBench-dynamic,dqc_pe_10,veriqbench/dynamic/pe/dqc_pe_10.qasm,11,84,1,1,Classical PDG,0.011904761904761904,1.0,0.0,1
VeriQBench-dynamic,dqc_pe_10,veriqbench/dynamic/pe/dqc_pe_10.qasm,11,84,1,1,Causal-cone,0.011904761904761904,1.0,0.0,1
VeriQBench-dynamic,dqc_pe_10,veriqbench/dynamic/pe/dqc_pe_10.qasm,11,84,1,2,QSlice-full,0.34523809523809523,0.9999999999999993,3.3306690738754696e-16,1
VeriQBench-dynamic,dqc_pe_10,veriqbench/dynamic/pe/dqc_pe_10.qasm,11,84,1,2,QDG-no-ED,0.14285714285714285,0.4999999999999999,0.5,0
VeriQBench-dynamic,dqc_pe_10,veriqbench/dynamic/pe/dqc_pe_10.qasm,11,84,1,2,QDG-no-MD,0.011904761904761904,1.0,0.0,1
VeriQBench-dynamic,dqc_pe_10,veriqbench/dynamic/pe/dqc_pe_10.qasm,11,84,1,2,QDG-no-UED,0.023809523809523808,0.4999999999999999,0.5,0
VeriQBench-dynamic,dqc_pe_10,veriqbench/dynamic/pe/dqc_pe_10.qasm,11,84,1,2,QDG-no-CD,0.03571428571428571,0.4999999999999999,0.5,0
VeriQBench-dynamic,dqc_pe_10,veriqbench/dynamic/pe/dqc_pe_10.qasm,11,84,1,2,Classical PDG,0.011904761904761904,1.0,0.0,1
VeriQBench-dynamic,dqc_pe_10,veriqbench/dynamic/pe/dqc_pe_10.qasm,11,84,1,2,Causal-cone,0.011904761904761904,1.0,0.0,1
VeriQBench-dynamic,dqc_pe_10,veriqbench/dynamic/pe/dqc_pe_10.qasm,11,84,1,3,QSlice-full,0.40476190476190477,0.9999999999999989,5.551115123125783e-16,1
VeriQBench-dynamic,dqc_pe_10,veriqbench/dynamic/pe/dqc_pe_10.qasm,11,84,1,3,QDG-no-ED,0.21428571428571427,0.4999999999999999,0.5,0
VeriQBench-dynamic,dqc_pe_10,veriqbench/dynamic/pe/dqc_pe_10.qasm,11,84,1,3,QDG-no-MD,0.25,0.4999999999999999,0.5,0
VeriQBench-dynamic,dqc_pe_10,veriqbench/dynamic/pe/dqc_pe_10.qasm,11,84,1,3,QDG-no-UED,0.2619047619047619,0.9999999999999998,1.1102230246251565e-16,1
VeriQBench-dynamic,dqc_pe_10,veriqbench/dynamic/pe/dqc_pe_10.qasm,11,84,1,3,QDG-no-CD,0.27380952380952384,0.9999999999999998,1.1102230246251565e-16,1
VeriQBench-dynamic,dqc_pe_10,veriqbench/dynamic/pe/dqc_pe_10.qasm,11,84,1,3,Classical PDG,0.011904761904761904,1.0,0.0,1
VeriQBench-dynamic,dqc_pe_10,veriqbench/dynamic/pe/dqc_pe_10.qasm,11,84,1,3,Causal-cone,0.25,0.4999999999999999,0.5,0
VeriQBench-dynamic,dqc_pe_10,veriqbench/dynamic/pe/dqc_pe_10.qasm,11,84,1,4,QSlice-full,0.47619047619047616,0.9999999999999987,6.661338147750939e-16,1
VeriQBench-dynamic,dqc_pe_10,veriqbench/dynamic/pe/dqc_pe_10.qasm,11,84,1,4,QDG-no-ED,0.2976190476190476,0.4999999999999998,0.5,0
VeriQBench-dynamic,dqc_pe_10,veriqbench/dynamic/pe/dqc_pe_10.qasm,11,84,1,4,QDG-no-MD,0.25,0.4999999999999999,0.5,0
VeriQBench-dynamic,dqc_pe_10,veriqbench/dynamic/pe/dqc_pe_10.qasm,11,84,1,4,QDG-no-UED,0.2619047619047619,0.9999999999999998,1.1102230246251565e-16,1
VeriQBench-dynamic,dqc_pe_10,veriqbench/dynamic/pe/dqc_pe_10.qasm,11,84,1,4,QDG-no-CD,0.27380952380952384,0.9999999999999998,1.1102230246251565e-16,1
VeriQBench-dynamic,dqc_pe_10,veriqbench/dynamic/pe/dqc_pe_10.qasm,11,84,1,4,Classical PDG,0.011904761904761904,1.0,0.0,1
VeriQBench-dynamic,dqc_pe_10,veriqbench/dynamic/pe/dqc_pe_10.qasm,11,84,1,4,Causal-cone,0.25,0.4999999999999999,0.5,0
VeriQBench-dynamic,dqc_pe_10,veriqbench/dynamic/pe/dqc_pe_10.qasm,11,84,1,5,QSlice-full,0.5595238095238095,0.9999999999999998,1.1102230246251565e-16,1
VeriQBench-dynamic,dqc_pe_10,veriqbench/dynamic/pe/dqc_pe_10.qasm,11,84,1,5,QDG-no-ED,0.39285714285714285,0.5000000000000001,0.5,0
VeriQBench-dynamic,dqc_pe_10,veriqbench/dynamic/pe/dqc_pe_10.qasm,11,84,1,5,QDG-no-MD,0.25,0.4999999999999999,0.5,0
VeriQBench-dynamic,dqc_pe_10,veriqbench/dynamic/pe/dqc_pe_10.qasm,11,84,1,5,QDG-no-UED,0.2619047619047619,0.9999999999999998,1.1102230246251565e-16,1
VeriQBench-dynamic,dqc_pe_10,veriqbench/dynamic/pe/dqc_pe_10.qasm,11,84,1,5,QDG-no-CD,0.27380952380952384,0.9999999999999998,1.1102230246251565e-16,1
VeriQBench-dynamic,dqc_pe_10,veriqbench/dynamic/pe/dqc_pe_10.qasm,11,84,1,5,Classical PDG,0.011904761904761904,1.0,0.0,1
VeriQBench-dynamic,dqc_pe_10,veriqbench/dynamic/pe/dqc_pe_10.qasm,11,84,1,5,Causal-cone,0.25,0.4999999999999999,0.5,0
VeriQBench-dynamic,dqc_pe_10,veriqbench/dynamic/pe/dqc_pe_10.qasm,11,84,1,6,QSlice-full,0.6547619047619048,0.9999999999999998,1.1102230246251565e-16,1
VeriQBench-dynamic,dqc_pe_10,veriqbench/dynamic/pe/dqc_pe_10.qasm,11,84,1,6,QDG-no-ED,0.5,0.5000000000000004,0.5,0
VeriQBench-dynamic,dqc_pe_10,veriqbench/dynamic/pe/dqc_pe_10.qasm,11,84,1,6,QDG-no-MD,0.25,0.4999999999999999,0.5,0
VeriQBench-dynamic,dqc_pe_10,veriqbench/dynamic/pe/dqc_pe_10.qasm,11,84,1,6,QDG-no-UED,0.2619047619047619,0.9999999999999998,1.1102230246251565e-16,1
VeriQBench-dynamic,dqc_pe_10,veriqbench/dynamic/pe/dqc_pe_10.qasm,11,84,1,6,QDG-no-CD,0.27380952380952384,0.9999999999999998,1.1102230246251565e-16,1
VeriQBench-dynamic,dqc_pe_10,veriqbench/dynamic/pe/dqc_pe_10.qasm,11,84,1,6,Classical PDG,0.011904761904761904,1.0,0.0,1
VeriQBench-dynamic,dqc_pe_10,veriqbench/dynamic/pe/dqc_pe_10.qasm,11,84,1,6,Causal-cone,0.25,0.4999999999999999,0.5,0
VeriQBench-dynamic,dqc_pe_10,veriqbench/dynamic/pe/dqc_pe_10.qasm,11,84,1,7,QSlice-full,0.7619047619047619,1.0,5.147610002774015e-35,1
VeriQBench-dynamic,dqc_pe_10,veriqbench/dynamic/pe/dqc_pe_10.qasm,11,84,1,7,QDG-no-ED,0.6190476190476191,0.5000000000000007,0.5,0
VeriQBench-dynamic,dqc_pe_10,veriqbench/dynamic/pe/dqc_pe_10.qasm,11,84,1,7,QDG-no-MD,0.25,0.4999999999999999,0.5,0
VeriQBench-dynamic,dqc_pe_10,veriqbench/dynamic/pe/dqc_pe_10.qasm,11,84,1,7,QDG-no-UED,0.2619047619047619,0.9999999999999998,1.1102230246251565e-16,1
VeriQBench-dynamic,dqc_pe_10,veriqbench/dynamic/pe/dqc_pe_10.qasm,11,84,1,7,QDG-no-CD,0.27380952380952384,0.9999999999999998,1.1102230246251565e-16,1
VeriQBench-dynamic,dqc_pe_10,veriqbench/dynamic/pe/dqc_pe_10.qasm,11,84,1,7,Classical PDG,0.011904761904761904,1.0,0.0,1
VeriQBench-dynamic,dqc_pe_10,veriqbench/dynamic/pe/dqc_pe_10.qasm,11,84,1,7,Causal-cone,0.25,0.4999999999999999,0.5,0
VeriQBench-dynamic,dqc_pe_10,veriqbench/dynamic/pe/dqc_pe_10.qasm,11,84,1,8,QSlice-full,0.8809523809523809,0.9999999999999999,5.551115123125783e-17,1
VeriQBench-dynamic,dqc_pe_10,veriqbench/dynamic/pe/dqc_pe_10.qasm,11,84,1,8,QDG-no-ED,0.75,0.5000000000000007,0.5,0
VeriQBench-dynamic,dqc_pe_10,veriqbench/dynamic/pe/dqc_pe_10.qasm,11,84,1,8,QDG-no-MD,0.011904761904761904,1.0,0.0,1
VeriQBench-dynamic,dqc_pe_10,veriqbench/dynamic/pe/dqc_pe_10.qasm,11,84,1,8,QDG-no-UED,0.023809523809523808,0.4999999999999999,0.5,0
VeriQBench-dynamic,dqc_pe_10,veriqbench/dynamic/pe/dqc_pe_10.qasm,11,84,1,8,QDG-no-CD,0.03571428571428571,0.4999999999999999,0.5,0
VeriQBench-dynamic,dqc_pe_10,veriqbench/dynamic/pe/dqc_pe_10.qasm,11,84,1,8,Classical PDG,0.011904761904761904,1.0,0.0,1
VeriQBench-dynamic,dqc_pe_10,veriqbench/dynamic/pe/dqc_pe_10.qasm,11,84,1,8,Causal-cone,0.011904761904761904,1.0,0.0,1
VeriQBench-dynamic,dqc_pe_10,veriqbench/dynamic/pe/dqc_pe_10.qasm,11,84,1,9,QSlice-full,1.0,1.0,0.0,1
VeriQBench-dynamic,dqc_pe_10,veriqbench/dynamic/pe/dqc_pe_10.qasm,11,84,1,9,QDG-no-ED,0.8928571428571429,0.5009765625000001,0.5918994332100471,0
VeriQBench-dynamic,dqc_pe_10,veriqbench/dynamic/pe/dqc_pe_10.qasm,11,84,1,9,QDG-no-MD,0.4642857142857143,0.5009765625000001,0.591899433210047,0
VeriQBench-dynamic,dqc_pe_10,veriqbench/dynamic/pe/dqc_pe_10.qasm,11,84,1,9,QDG-no-UED,0.5714285714285714,1.0,0.0,1
VeriQBench-dynamic,dqc_pe_10,veriqbench/dynamic/pe/dqc_pe_10.qasm,11,84,1,9,QDG-no-CD,0.19047619047619047,0.9999999999999991,4.442934248609309e-16,1
VeriQBench-dynamic,dqc_pe_10,veriqbench/dynamic/pe/dqc_pe_10.qasm,11,84,1,9,Classical PDG,0.14285714285714285,0.9999999999999996,2.2441302559838233e-16,1
VeriQBench-dynamic,dqc_pe_10,veriqbench/dynamic/pe/dqc_pe_10.qasm,11,84,1,9,Causal-cone,0.19047619047619047,0.9999999999999991,4.442934248609309e-16,1
VeriQBench-dynamic,dqc_pe_10,veriqbench/dynamic/pe/dqc_pe_10.qasm,11,84,1,10,QSlice-full,0.23809523809523808,0.9999999999999999,5.551115123125783e-17,1
VeriQBench-dynamic,dqc_pe_10,veriqbench/dynamic/pe/dqc_pe_10.qasm,11,84,1,10,QDG-no-ED,0.11904761904761904,1.0,0.0,1
VeriQBench-dynamic,dqc_pe_10,veriqbench/dynamic/pe/dqc_pe_10.qasm,11,84,1,10,QDG-no-MD,0.23809523809523808,0.9999999999999999,5.551115123125783e-17,1
VeriQBench-dynamic,dqc_pe_10,veriqbench/dynamic/pe/dqc_pe_10.qasm,11,84,1,10,QDG-no-UED,0.23809523809523808,0.9999999999999999,5.551115123125783e-17,1
VeriQBench-dynamic,dqc_pe_10,veriqbench/dynamic/pe/dqc_pe_10.qasm,11,84,1,10,QDG-no-CD,0.23809523809523808,0.9999999999999999,5.551115123125783e-17,1
VeriQBench-dynamic,dqc_pe_10,veriqbench/dynamic/pe/dqc_pe_10.qasm,11,84,1,10,Classical PDG,0.11904761904761904,1.0,0.0,1
VeriQBench-dynamic,dqc_pe_10,veriqbench/dynamic/pe/dqc_pe_10.qasm,11,84,1,10,Causal-cone,0.23809523809523808,0.9999999999999999,5.551115123125783e-17,1
VeriQBench-dynamic,dqc_pe_11,veriqbench/dynamic/pe/dqc_pe_11.qasm,12,98,1,0,QSlice-full,0.24489795918367346,0.9999999999999994,2.7755575615628914e-16,1
VeriQBench-dynamic,dqc_pe_11,veriqbench/dynamic/pe/dqc_pe_11.qasm,12,98,1,0,QDG-no-ED,0.030612244897959183,0.4999999999999999,0.5,0
VeriQBench-dynamic,dqc_pe_11,veriqbench/dynamic/pe/dqc_pe_11.qasm,12,98,1,0,QDG-no-MD,0.01020408163265306,1.0,0.0,1
VeriQBench-dynamic,dqc_pe_11,veriqbench/dynamic/pe/dqc_pe_11.qasm,12,98,1,0,QDG-no-UED,0.02040816326530612,0.4999999999999999,0.5,0
VeriQBench-dynamic,dqc_pe_11,veriqbench/dynamic/pe/dqc_pe_11.qasm,12,98,1,0,QDG-no-CD,0.24489795918367346,0.9999999999999994,2.7755575615628914e-16,1
VeriQBench-dynamic,dqc_pe_11,veriqbench/dynamic/pe/dqc_pe_11.qasm,12,98,1,0,Classical PDG,0.01020408163265306,1.0,0.0,1
VeriQBench-dynamic,dqc_pe_11,veriqbench/dynamic/pe/dqc_pe_11.qasm,12,98,1,0,Causal-cone,0.01020408163265306,1.0,0.0,1
VeriQBench-dynamic,dqc_pe_11,veriqbench/dynamic/pe/dqc_pe_11.qasm,12,98,1,1,QSlice-full,0.2755102040816326,0.9999999999999998,1.1102230246251565e-16,1
VeriQBench-dynamic,dqc_pe_11,veriqbench/dynamic/pe/dqc_pe_11.qasm,12,98,1,1,QDG-no-ED,0.07142857142857142,0.4999999999999999,0.5,0
VeriQBench-dynamic,dqc_pe_11,veriqbench/dynamic/pe/dqc_pe_11.qasm,12,98,1,1,QDG-no-MD,0.01020408163265306,1.0,0.0,1
VeriQBench-dynamic,dqc_pe_11,veriqbench/dynamic/pe/dqc_pe_11.qasm,12,98,1,1,QDG-no-UED,0.02040816326530612,0.4999999999999999,0.5,0
VeriQBench-dynamic,dqc_pe_11,veriqbench/dynamic/pe/dqc_pe_11.qasm,12,98,1,1,QDG-no-CD,0.030612244897959183,0.4999999999999999,0.5,0
VeriQBench-dynamic,dqc_pe_11,veriqbench/dynamic/pe/dqc_pe_11.qasm,12,98,1,1,Classical PDG,0.01020408163265306,1.0,0.0,1
VeriQBench-dynamic,dqc_pe_11,veriqbench/dynamic/pe/dqc_pe_11.qasm,12,98,1,1,Causal-cone,0.01020408163265306,1.0,0.0,1
VeriQBench-dynamic,dqc_pe_11,veriqbench/dynamic/pe/dqc_pe_11.qasm,12,98,1,2,QSlice-full,0.3163265306122449,0.9999999999999993,3.3306690738754696e-16,1
VeriQBench-dynamic,dqc_pe_11,veriqbench/dynamic/pe/dqc_pe_11.qasm,12,98,1,2,QDG-no-ED,0.12244897959183673,0.4999999999999999,0.5,0
VeriQBench-dynamic,dqc_pe_11,veriqbench/dynamic/pe/dqc_pe_11.qasm,12,98,1,2,QDG-no-MD,0.01020408163265306,1.0,0.0,1
VeriQBench-dynamic,dqc_pe_11,veriqbench/dynamic/pe/dqc_pe_11.qasm,12,98,1,2,QDG-no-UED,0.02040816326530612,0.4999999999999999,0.5,0
VeriQBench-dynamic,dqc_pe_11,veriqbench/dynamic/pe/dqc_pe_11.qasm,12,98,1,2,QDG-no-CD,0.030612244897959183,0.4999999999999999,0.5,0
VeriQBench-dynamic,dqc_pe_11,veriqbench/dynamic/pe/dqc_pe_11.qasm,12,98,1,2,Classical PDG,0.01020408163265306,1.0,0.0,1
VeriQBench-dynamic,dqc_pe_11,veriqbench/dynamic/pe/dqc_pe_11.qasm,12,98,1,2,Causal-cone,0.01020408163265306,1.0,0.0,1
VeriQBench-dynamic,dqc_pe_11,veriqbench/dynamic/pe/dqc_pe_11.qasm,12,98,1,3,QSlice-full,0.3673469387755102,0.9999999999999989,5.551115123125783e-16,1
VeriQBench-dynamic,dqc_pe_11,veriqbench/dynamic/pe/dqc_pe_11.qasm,12,98,1,3,QDG-no-ED,0.1836734693877551,0.4999999999999999,0.5,0
VeriQBench-dynamic,dqc_pe_11,veriqbench/dynamic/pe/dqc_pe_11.qasm,12,98,1,3,QDG-no-MD,0.23469387755102042,0.49999999999999994,0.5,0
VeriQBench-dynamic,dqc_pe_11,veriqbench/dynamic/pe/dqc_pe_11.qasm,12,98,1,3,QDG-no-UED,0.24489795918367346,0.9999999999999994,2.7755575615628914e-16,1
VeriQBench-dynamic,dqc_pe_11,veriqbench/dynamic/pe/dqc_pe_11.qasm,12,98,1,3,QDG-no-CD,0.25510204081632654,0.9999999999999994,2.7755575615628914e-16,1
VeriQBench-dynamic,dqc_pe_11,veriqbench/dynamic/pe/dqc_pe_11.qasm,12,98,1,3,Classical PDG,0.01020408163265306,1.0,0.0,1
VeriQBench-dynamic,dqc_pe_11,veriqbench/dynamic/pe/dqc_pe_11.qasm,12,98,1,3,Causal-cone,0.23469387755102042,0.49999999999999994,0.5,0
VeriQBench-dynamic,dqc_pe_11,veriqbench/dynamic/pe/dqc_pe_11.qasm,12,98,1,4,QSlice-full,0.42857142857142855,0.9999999999999993,3.3306690738754696e-16,1
VeriQBench-dynamic,dqc_pe_11,veriqbench/dynamic/pe/dqc_pe_11.qasm,12,98,1,4,QDG-no-ED,0.25510204081632654,0.4999999999999998,0.5,0
VeriQBench-dynamic,dqc_pe_11,veriqbench/dynamic/pe/dqc_pe_11.qasm,12,98,1,4,QDG-no-MD,0.23469387755102042,0.49999999999999994,0.5,0
VeriQBench-dynamic,dqc_pe_11,veriqbench/dynamic/pe/dqc_pe_11.qasm,12,98,1,4,QDG-no-UED,0.24489795918367346,0.9999999999999994,2.7755575615628914e-16,1
VeriQBench-dynamic,dqc_pe_11,veriqbench/dynamic/pe/dqc_pe_11.qasm,12,98,1,4,QDG-no-CD,0.25510204081632654,0.9999999999999994,2.7755575615628914e-16,1
VeriQBench-dynamic,dqc_pe_11,veriqbench/dynamic/pe/dqc_pe_11.qasm,12,98,1,4,Classical PDG,0.01020408163265306,1.0,0.0,1
VeriQBench-dynamic,dqc_pe_11,veriqbench/dynamic/pe/dqc_pe_11.qasm,12,98,1,4,Causal-cone,0.23469387755102042,0.49999999999999994,0.5,0
VeriQBench-dynamic,dqc_pe_11,veriqbench/dynamic/pe/dqc_pe_11.qasm,12,98,1,5,QSlice-full,0.5,0.9999999999999996,2.220446049250313e-16,1
VeriQBench-dynamic,dqc_pe_11,veriqbench/dynamic/pe/dqc_pe_11.qasm,12,98,1,5,QDG-no-ED,0.336734693877551,0.5000000000000001,0.5,0
VeriQBench-dynamic,dqc_pe_11,veriqbench/dynamic/pe/dqc_pe_11.qasm,12,98,1,5,QDG-no-MD,0.23469387755102042,0.49999999999999994,0.5,0
VeriQBench-dynamic,dqc_pe_11,veriqbench/dynamic/pe/dqc_pe_11.qasm,12,98,1,5,QDG-no-UED,0.24489795918367346,0.9999999999999994,2.7755575615628914e-16,1
VeriQBench-dynamic,dqc_pe_11,veriqbench/dynamic/pe/dqc_pe_11.qasm,12,98,1,5,QDG-no-CD,0.25510204081632654,0.9999999999999994,2.7755575615628914e-16,1
VeriQBench-dynamic,dqc_pe_11,veriqbench/dynamic/pe/dqc_pe_11.qasm,12,98,1,5,Classical PDG,0.01020408163265306,1.0,0.0,1
VeriQBench-dynamic,dqc_pe_11,veriqbench/dynamic/pe/dqc_pe_11.qasm,12,98,1,5,Causal-cone,0.23469387755102042,0.49999999999999994,0.5,0
VeriQBench-dynamic,dqc_pe_11,veriqbench/dynamic/pe/dqc_pe_11.qasm,12,98,1,6,QSlice-full,0.5816326530612245,0.9999999999999997,1.6653345369377348e-16,1
VeriQBench-dynamic,dqc_pe_11,veriqbench/dynamic/pe/dqc_pe_11.qasm,12,98,1,6,QDG-no-ED,0.42857142857142855,0.5000000000000004,0.5,0
VeriQBench-dynamic,dqc_pe_11,veriqbench/dynamic/pe/dqc_pe_11.qasm,12,98,1,6,QDG-no-MD,0.23469387755102042,0.49999999999999994,0.5,0
VeriQBench-dynamic,dqc_pe_11,veriqbench/dynamic/pe/dqc_pe_11.qasm,12,98,1,6,QDG-no-UED,0.24489795918367346,0.9999999999999994,2.7755575615628914e-16,1
VeriQBench-dynamic,dqc_pe_11,veriqbench/dynamic/pe/dqc_pe_11.qasm,12,98,1,6,QDG-no-CD,0.25510204081632654,0.9999999999999994,2.7755575615628914e-16,1
VeriQBench-dynamic,dqc_pe_11,veriqbench/dynamic/pe/dqc_pe_11.qasm,12,98,1,6,Classical PDG,0.01020408163265306,1.0,0.0,1
VeriQBench-dynamic,dqc_pe_11,veriqbench/dynamic/pe/dqc_pe_11.qasm,12,98,1,6,Causal-cone,0.23469387755102042,0.49999999999999994,0.5,0
VeriQBench-dynamic,dqc_pe_11,veriqbench/dynamic/pe/dqc_pe_11.qasm,12,98,1,7,QSlice-full,0.673469387755102,0.9999999999999998,1.1102230246251565e-16,1
VeriQBench-dynamic,dqc_pe_11,veriqbench/dynamic/pe/dqc_pe_11.qasm,12,98,1,7,QDG-no-ED,0.5306122448979592,0.5000000000000007,0.5,0
VeriQBench-dynamic,dqc_pe_11,veriqbench/dynamic/pe/dqc_pe_11.qasm,12,98,1,7,QDG-no-MD,0.23469387755102042,0.49999999999999994,0.5,0
VeriQBench-dynamic,dqc_pe_11,veriqbench/dynamic/pe/dqc_pe_11.qasm,12,98,1,7,QDG-no-UED,0.24489795918367346,0.9999999999999994,2.7755575615628914e-16,1
VeriQBench-dynamic,dqc_pe_11,veriqbench/dynamic/pe/dqc_pe_11.qasm,12,98,1,7,QDG-no-CD,0.25510204081632654,0.9999999999999994,2.7755575615628914e-16,1
VeriQBench-dynamic,dqc_pe_11,veriqbench/dynamic/pe/dqc_pe_11.qasm,12,98,1,7,Classical PDG,0.01020408163265306,1.0,0.0,1
VeriQBench-dynamic,dqc_pe_11,veriqbench/dynamic/pe/dqc_pe_11.qasm,12,98,1,7,Causal-cone,0.23469387755102042,0.49999999999999994,0.5,0
VeriQBench-dynamic,dqc_pe_11,veriqbench/dynamic/pe/dqc_pe_11.qasm,12,98,1,8,QSlice-full,0.7755102040816326,1.0,5.147610002774015e-35,1
VeriQBench-dynamic,dqc_pe_11,veriqbench/dynamic/pe/dqc_pe_11.qasm,12,98,1,8,QDG-no-ED,0.6428571428571429,0.5000000000000007,0.5,0
VeriQBench-dynamic,dqc_pe_11,veriqbench/dynamic/pe/dqc_pe_11.qasm,12,98,1,8,QDG-no-MD,0.01020408163265306,1.0,0.0,1
VeriQBench-dynamic,dqc_pe_11,veriqbench/dynamic/pe/dqc_pe_11.qasm,12,98,1,8,QDG-no-UED,0.02040816326530612,0.4999999999999999,0.5,0
VeriQBench-dynamic,dqc_pe_11,veriqbench/dynamic/pe/dqc_pe_11.qasm,12,98,1,8,QDG-no-CD,0.030612244897959183,0.4999999999999999,0.5,0
VeriQBench-dynamic,dqc_pe_11,veriqbench/dynamic/pe/dqc_pe_11.qasm,12,98,1,8,Classical PDG,0.01020408163265306,1.0,0.0,1
VeriQBench-dynamic,dqc_pe_11,veriqbench/dynamic/pe/dqc_pe_11.qasm,12,98,1,8,Causal-cone,0.01020408163265306,1.0,0.0,1
VeriQBench-dynamic,dqc_pe_11,veriqbench/dynamic/pe/dqc_pe_11.qasm,12,98,1,9,QSlice-full,0.8877551020408163,0.9999999999999999,5.551115123125783e-17,1
VeriQBench-dynamic,dqc_pe_11,veriqbench/dynamic/pe/dqc_pe_11.qasm,12,98,1,9,QDG-no-ED,0.7653061224489796,0.5000000000000009,0.5,0
VeriQBench-dynamic,dqc_pe_11,veriqbench/dynamic/pe/dqc_pe_11.qasm,12,98,1,9,QDG-no-MD,0.01020408163265306,1.0,0.0,1
VeriQBench-dynamic,dqc_pe_11,veriqbench/dynamic/pe/dqc_pe_11.qasm,12,98,1,9,QDG-no-UED,0.02040816326530612,0.4999999999999999,0.5,0
VeriQBench-dynamic,dqc_pe_11,veriqbench/dynamic/pe/dqc_pe_11.qasm,12,98,1,9,QDG-no-CD,0.030612244897959183,0.4999999999999999,0.5,0
VeriQBench-dynamic,dqc_pe_11,veriqbench/dynamic/pe/dqc_pe_11.qasm,12,98,1,9,Classical PDG,0.01020408163265306,1.0,0.0,1
VeriQBench-dynamic,dqc_pe_11,veriqbench/dynamic/pe/dqc_pe_11.qasm,12,98,1,9,Causal-cone,0.01020408163265306,1.0,0.0,1
VeriQBench-dynamic,dqc_pe_11,veriqbench/dynamic/pe/dqc_pe_11.qasm,12,98,1,10,QSlice-full,1.0,1.0,0.0,1
VeriQBench-dynamic,dqc_pe_11,veriqbench/dynamic/pe/dqc_pe_11.qasm,12,98,1,10,QDG-no-ED,0.8979591836734694,0.5004882812499998,0.5923115581053902,0
VeriQBench-dynamic,dqc_pe_11,veriqbench/dynamic/pe/dqc_pe_11.qasm,12,98,1,10,QDG-no-MD,0.4387755102040816,0.5004882812499997,0.5923115581053902,0
VeriQBench-dynamic,dqc_pe_11,veriqbench/dynamic/pe/dqc_pe_11.qasm,12,98,1,10,QDG-no-UED,0.5408163265306123,1.0,0.0,1
VeriQBench-dynamic,dqc_pe_11,veriqbench/dynamic/pe/dqc_pe_11.qasm,12,98,1,10,QDG-no-CD,0.1836734693877551,0.9999999999999989,5.556136221536529e-16,1
VeriQBench-dynamic,dqc_pe_11,veriqbench/dynamic/pe/dqc_pe_11.qasm,12,98,1,10,Classical PDG,0.1326530612244898,0.9999999999999996,2.2441302559838233e-16,1
VeriQBench-dynamic,dqc_pe_11,veriqbench/dynamic/pe/dqc_pe_11.qasm,12,98,1,10,Causal-cone,0.1836734693877551,0.9999999999999989,5.556136221536529e-16,1
VeriQBench-dynamic,dqc_pe_11,veriqbench/dynamic/pe/dqc_pe_11.qasm,12,98,1,11,QSlice-full,0.22448979591836735,0.9999999999999999,5.551115123125783e-17,1
VeriQBench-dynamic,dqc_pe_11,veriqbench/dynamic/pe/dqc_pe_11.qasm,12,98,1,11,QDG-no-ED,0.11224489795918367,1.0,0.0,1
VeriQBench-dynamic,dqc_pe_11,veriqbench/dynamic/pe/dqc_pe_11.qasm,12,98,1,11,QDG-no-MD,0.22448979591836735,0.9999999999999999,5.551115123125783e-17,1
VeriQBench-dynamic,dqc_pe_11,veriqbench/dynamic/pe/dqc_pe_11.qasm,12,98,1,11,QDG-no-UED,0.22448979591836735,0.9999999999999999,5.551115123125783e-17,1
VeriQBench-dynamic,dqc_pe_11,veriqbench/dynamic/pe/dqc_pe_11.qasm,12,98,1,11,QDG-no-CD,0.22448979591836735,0.9999999999999999,5.551115123125783e-17,1
VeriQBench-dynamic,dqc_pe_11,veriqbench/dynamic/pe/dqc_pe_11.qasm,12,98,1,11,Classical PDG,0.11224489795918367,1.0,0.0,1
VeriQBench-dynamic,dqc_pe_11,veriqbench/dynamic/pe/dqc_pe_11.qasm,12,98,1,11,Causal-cone,0.22448979591836735,0.9999999999999999,5.551115123125783e-17,1
VeriQBench-dynamic,dqc_pe_12,veriqbench/dynamic/pe/dqc_pe_12.qasm,13,113,1,0,QSlice-full,0.23008849557522124,0.9999999999999998,1.1102230246251565e-16,1
VeriQBench-dynamic,dqc_pe_12,veriqbench/dynamic/pe/dqc_pe_12.qasm,13,113,1,0,QDG-no-ED,0.02654867256637168,0.4999999999999999,0.5,0
VeriQBench-dynamic,dqc_pe_12,veriqbench/dynamic/pe/dqc_pe_12.qasm,13,113,1,0,QDG-no-MD,0.008849557522123894,1.0,0.0,1
VeriQBench-dynamic,dqc_pe_12,veriqbench/dynamic/pe/dqc_pe_12.qasm,13,113,1,0,QDG-no-UED,0.017699115044247787,0.4999999999999999,0.5,0
VeriQBench-dynamic,dqc_pe_12,veriqbench/dynamic/pe/dqc_pe_12.qasm,13,113,1,0,QDG-no-CD,0.23008849557522124,0.9999999999999998,1.1102230246251565e-16,1
VeriQBench-dynamic,dqc_pe_12,veriqbench/dynamic/pe/dqc_pe_12.qasm,13,113,1,0,Classical PDG,0.008849557522123894,1.0,0.0,1
VeriQBench-dynamic,dqc_pe_12,veriqbench/dynamic/pe/dqc_pe_12.qasm,13,113,1,0,Causal-cone,0.008849557522123894,1.0,0.0,1
VeriQBench-dynamic,dqc_pe_12,veriqbench/dynamic/pe/dqc_pe_12.qasm,13,113,1,1,QSlice-full,0.25663716814159293,0.999999999999999,4.996003610813204e-16,1
VeriQBench-dynamic,dqc_pe_12,veriqbench/dynamic/pe/dqc_pe_12.qasm,13,113,1,1,QDG-no-ED,0.061946902654867256,0.4999999999999999,0.5,0
VeriQBench-dynamic,dqc_pe_12,veriqbench/dynamic/pe/dqc_pe_12.qasm,13,113,1,1,QDG-no-MD,0.008849557522123894,1.0,0.0,1
VeriQBench-dynamic,dqc_pe_12,veriqbench/dynamic/pe/dqc_pe_12.qasm,13,113,1,1,QDG-no-UED,0.017699115044247787,0.4999999999999999,0.5,0
VeriQBench-dynamic,dqc_pe_12,veriqbench/dynamic/pe/dqc_pe_12.qasm,13,113,1,1,QDG-no-CD,0.02654867256637168,0.4999999999999999,0.5,0
VeriQBench-dynamic,dqc_pe_12,veriqbench/dynamic/pe/dqc_pe_12.qasm,13,113,1,1,Classical PDG,0.008849557522123894,1.0,0.0,1
VeriQBench-dynamic,dqc_pe_12,veriqbench/dynamic/pe/dqc_pe_12.qasm,13,113,1,1,Causal-cone,0.008849557522123894,1.0,0.0,1
VeriQBench-dynamic,dqc_pe_12,veriqbench/dynamic/pe/dqc_pe_12.qasm,13,113,1,2,QSlice-full,0.2920353982300885,0.9999999999999996,2.220446049250313e-16,1
VeriQBench-dynamic,dqc_pe_12,veriqbench/dynamic/pe/dqc_pe_12.qasm,13,113,1,2,QDG-no-ED,0.10619469026548672,0.4999999999999999,0.5,0
VeriQBench-dynamic,dqc_pe_12,veriqbench/dynamic/pe/dqc_pe_12.qasm,13,113,1,2,QDG-no-MD,0.008849557522123894,1.0,0.0,1
VeriQBench-dynamic,dqc_pe_12,veriqbench/dynamic/pe/dqc_pe_12.qasm,13,113,1,2,QDG-no-UED,0.017699115044247787,0.4999999999999999,0.5,0
VeriQBench-dynamic,dqc_pe_12,veriqbench/dynamic/pe/dqc_pe_12.qasm,13,113,1,2,QDG-no-CD,0.02654867256637168,0.4999999999999999,0.5,0
VeriQBench-dynamic,dqc_pe_12,veriqbench/dynamic/pe/dqc_pe_12.qasm,13,113,1,2,Classical PDG,0.008849557522123894,1.0,0.0,1
VeriQBench-dynamic,dqc_pe_12,veriqbench/dynamic/pe/dqc_pe_12.qasm,13,113,1,2,Causal-cone,0.008849557522123894,1.0,0.0,1
VeriQBench-dynamic,dqc_pe_12,veriqbench/dynamic/pe/dqc_pe_12.qasm,13,113,1,3,QSlice-full,0.336283185840708,0.9999999999999989,5.551115123125783e-16,1
VeriQBench-dynamic,dqc_pe_12,veriqbench/dynamic/pe/dqc_pe_12.qasm,13,113,1,3,QDG-no-ED,0.1592920353982301,0.4999999999999999,0.5,0
VeriQBench-dynamic,dqc_pe_12,veriqbench/dynamic/pe/dqc_pe_12.qasm,13,113,1,3,QDG-no-MD,0.008849557522123894,1.0,0.0,1
VeriQBench-dynamic,dqc_pe_12,veriqbench/dynamic/pe/dqc_pe_12.qasm,13,113,1,3,QDG-no-UED,0.017699115044247787,0.4999999999999999,0.5,0
VeriQBench-dynamic,dqc_pe_12,veriqbench/dynamic/pe/dqc_pe_12.qasm,13,113,1,3,QDG-no-CD,0.02654867256637168,0.4999999999999999,0.5,0
VeriQBench-dynamic,dqc_pe_12,veriqbench/dynamic/pe/dqc_pe_12.qasm,13,113,1,3,Classical PDG,0.008849557522123894,1.0,0.0,1
VeriQBench-dynamic,dqc_pe_12,veriqbench/dynamic/pe/dqc_pe_12.qasm,13,113,1,3,Causal-cone,0.008849557522123894,1.0,0.0,1
VeriQBench-dynamic,dqc_pe_12,veriqbench/dynamic/pe/dqc_pe_12.qasm,13,113,1,4,QSlice-full,0.3893805309734513,0.9999999999999986,7.216449660063518e-16,1
VeriQBench-dynamic,dqc_pe_12,veriqbench/dynamic/pe/dqc_pe_12.qasm,13,113,1,4,QDG-no-ED,0.22123893805309736,0.4999999999999998,0.5,0
VeriQBench-dynamic,dqc_pe_12,veriqbench/dynamic/pe/dqc_pe_12.qasm,13,113,1,4,QDG-no-MD,0.008849557522123894,1.0,0.0,1
VeriQBench-dynamic,dqc_pe_12,veriqbench/dynamic/pe/dqc_pe_12.qasm,13,113,1,4,QDG-no-UED,0.017699115044247787,0.4999999999999999,0.5,0
VeriQBench-dynamic,dqc_pe_12,veriqbench/dynamic/pe/dqc_pe_12.qasm,13,113,1,4,QDG-no-CD,0.02654867256637168,0.4999999999999999,0.5,0
VeriQBench-dynamic,dqc_pe_12,veriqbench/dynamic/pe/dqc_pe_12.qasm,13,113,1,4,Classical PDG,0.008849557522123894,1.0,0.0,1
VeriQBench-dynamic,dqc_pe_12,veriqbench/dynamic/pe/dqc_pe_12.qasm,13,113,1,4,Causal-cone,0.008849557522123894,1.0,0.0,1
VeriQBench-dynamic,dqc_pe_12,veriqbench/dynamic/pe/dqc_pe_12.qasm,13,113,1,5,QSlice-full,0.45132743362831856,0.9999999999999988,6.106226635438361e-16,1
VeriQBench-dynamic,dqc_pe_12,veriqbench/dynamic/pe/dqc_pe_12.qasm,13,113,1,5,QDG-no-ED,0.2920353982300885,0.5000000000000001,0.5,0
VeriQBench-dynamic,dqc_pe_12,veriqbench/dynamic/pe/dqc_pe_12.qasm,13,113,1,5,QDG-no-MD,0.22123893805309736,0.4999999999999999,0.5,0
VeriQBench-dynamic,dqc_pe_12,veriqbench/dynamic/pe/dqc_pe_12.qasm,13,113,1,5,QDG-no-UED,0.23008849557522124,0.9999999999999998,1.1102230246251565e-16,1
VeriQBench-dynamic,dqc_pe_12,veriqbench/dynamic/pe/dqc_pe_12.qasm,13,113,1,5,QDG-no-CD,0.23893805309734514,0.9999999999999998,1.1102230246251565e-16,1
VeriQBench-dynamic,dqc_pe_12,veriqbench/dynamic/pe/dqc_pe_12.qasm,13,113,1,5,Classical PDG,0.008849557522123894,1.0,0.0,1
VeriQBench-dynamic,dqc_pe_12,veriqbench/dynamic/pe/dqc_pe_12.qasm,13,113,1,5,Causal-cone,0.22123893805309736,0.4999999999999999,0.5,0
VeriQBench-dynamic,dqc_pe_12,veriqbench/dynamic/pe/dqc_pe_12.qasm,13,113,1,6,QSlice-full,0.5221238938053098,0.9999999999999988,6.106226635438361e-16,1
VeriQBench-dynamic,dqc_pe_12,veriqbench/dynamic/pe/dqc_pe_12.qasm,13,113,1,6,QDG-no-ED,0.37168141592920356,0.5000000000000004,0.5,0
VeriQBench-dynamic,dqc_pe_12,veriqbench/dynamic/pe/dqc_pe_12.qasm,13,113,1,6,QDG-no-MD,0.22123893805309736,0.4999999999999999,0.5,0
VeriQBench-dynamic,dqc_pe_12,veriqbench/dynamic/pe/dqc_pe_12.qasm,13,113,1,6,QDG-no-UED,0.23008849557522124,0.9999999999999998,1.1102230246251565e-16,1
VeriQBench-dynamic,dqc_pe_12,veriqbench/dynamic/pe/dqc_pe_12.qasm,13,113,1,6,QDG-no-CD,0.23893805309734514,0.9999999999999998,1.1102230246251565e-16,1
VeriQBench-dynamic,dqc_pe_12,veriqbench/dynamic/pe/dqc_pe_12.qasm,13,113,1,6,Classical PDG,0.008849557522123894,1.0,0.0,1
VeriQBench-dynamic,dqc_pe_12,veriqbench/dynamic/pe/dqc_pe_12.qasm,13,113,1,6,Causal-cone,0.22123893805309736,0.4999999999999999,0.5,0
VeriQBench-dynamic,dqc_pe_12,veriqbench/dynamic/pe/dqc_pe_12.qasm,13,113,1,7,QSlice-full,0.6017699115044248,0.9999999999999999,5.551115123125783e-17,1
VeriQBench-dynamic,dqc_pe_12,veriqbench/dynamic/pe/dqc_pe_12.qasm,13,113,1,7,QDG-no-ED,0.46017699115044247,0.5000000000000007,0.5,0
VeriQBench-dynamic,dqc_pe_12,veriqbench/dynamic/pe/dqc_pe_12.qasm,13,113,1,7,QDG-no-MD,0.22123893805309736,0.4999999999999999,0.5,0
VeriQBench-dynamic,dqc_pe_12,veriqbench/dynamic/pe/dqc_pe_12.qasm,13,113,1,7,QDG-no-UED,0.23008849557522124,0.9999999999999998,1.1102230246251565e-16,1
VeriQBench-dynamic,dqc_pe_12,veriqbench/dynamic/pe/dqc_pe_12.qasm,13,113,1,7,QDG-no-CD,0.23893805309734514,0.9999999999999998,1.1102230246251565e-16,1
VeriQBench-dynamic,dqc_pe_12,veriqbench/dynamic/pe/dqc_pe_12.qasm,13,113,1,7,Classical PDG,0.008849557522123894,1.0,0.0,1
VeriQBench-dynamic,dqc_pe_12,veriqbench/dynamic/pe/dqc_pe_12.qasm,13,113,1,7,Causal-cone,0.22123893805309736,0.4999999999999999,0.5,0
VeriQBench-dynamic,dqc_pe_12,veriqbench/dynamic/pe/dqc_pe_12.qasm,13,113,1,8,QSlice-full,0.6902654867256637,0.9999999999999999,5.551115123125783e-17,1
VeriQBench-dynamic,dqc_pe_12,veriqbench/dynamic/pe/dqc_pe_12.qasm,13,113,1,8,QDG-no-ED,0.5575221238938053,0.5000000000000007,0.5,0
VeriQBench-dynamic,dqc_pe_12,veriqbench/dynamic/pe/dqc_pe_12.qasm,13,113,1,8,QDG-no-MD,0.008849557522123894,1.0,0.0,1
VeriQBench-dynamic,dqc_pe_12,veriqbench/dynamic/pe/dqc_pe_12.qasm,13,113,1,8,QDG-no-UED,0.017699115044247787,0.4999999999999999,0.5,0
VeriQBench-dynamic,dqc_pe_12,veriqbench/dynamic/pe/dqc_pe_12.qasm,13,113,1,8,QDG-no-CD,0.02654867256637168,0.4999999999999999,0.5,0
VeriQBench-dynamic,dqc_pe_12,veriqbench/dynamic/pe/dqc_pe_12.qasm,13,113,1,8,Classical PDG,0.008849557522123894,1.0,0.0,1
VeriQBench-dynamic,dqc_pe_12,veriqbench/dynamic/pe/dqc_pe_12.qasm,13,113,1,8,Causal-cone,0.008849557522123894,1.0,0.0,1
VeriQBench-dynamic,dqc_pe_12,veriqbench/dynamic/pe/dqc_pe_12.qasm,13,113,1,9,QSlice-full,0.7876106194690266,1.0,5.147610002774015e-35,1
VeriQBench-dynamic,dqc_pe_12,veriqbench/dynamic/pe/dqc_pe_12.qasm,13,113,1,9,QDG-no-ED,0.6637168141592921,0.5000000000000009,0.5,0
VeriQBench-dynamic,dqc_pe_12,veriqbench/dynamic/pe/dqc_pe_12.qasm,13,113,1,9,QDG-no-MD,0.008849557522123894,1.0,0.0,1
VeriQBench-dynamic,dqc_pe_12,veriqbench/dynamic/pe/dqc_pe_12.qasm,13,113,1,9,QDG-no-UED,0.017699115044247787,0.4999999999999999,0.5,0
VeriQBench-dynamic,dqc_pe_12,veriqbench/dynamic/pe/dqc_pe_12.qasm,13,113,1,9,QDG-no-CD,0.02654867256637168,0.4999999999999999,0.5,0
VeriQBench-dynamic,dqc_pe_12,veriqbench/dynamic/pe/dqc_pe_12.qasm,13,113,1,9,Classical PDG,0.008849557522123894,1.0,0.0,1
VeriQBench-dynamic,dqc_pe_12,veriqbench/dynamic/pe/dqc_pe_12.qasm,13,113,1,9,Causal-cone,0.008849557522123894,1.0,0.0,1
VeriQBench-dynamic,dqc_pe_12,veriqbench/dynamic/pe/dqc_pe_12.qasm,13,113,1,10,QSlice-full,0.8938053097345132,0.9999999999999999,5.551115123125783e-17,1
VeriQBench-dynamic,dqc_pe_12,veriqbench/dynamic/pe/dqc_pe_12.qasm,13,113,1,10,QDG-no-ED,0.7787610619469026,0.500000000000001,0.5,0
VeriQBench-dynamic,dqc_pe_12,veriqbench/dynamic/pe/dqc_pe_12.qasm,13,113,1,10,QDG-no-MD,0.008849557522123894,1.0,0.0,1
VeriQBench-dynamic,dqc_pe_12,veriqbench/dynamic/pe/dqc_pe_12.qasm,13,113,1,10,QDG-no-UED,0.017699115044247787,0.4999999999999999,0.5,0
VeriQBench-dynamic,dqc_pe_12,veriqbench/dynamic/pe/dqc_pe_12.qasm,13,113,1,10,QDG-no-CD,0.02654867256637168,0.4999999999999999,0.5,0
VeriQBench-dynamic,dqc_pe_12,veriqbench/dynamic/pe/dqc_pe_12.qasm,13,113,1,10,Classical PDG,0.008849557522123894,1.0,0.0,1
VeriQBench-dynamic,dqc_pe_12,veriqbench/dynamic/pe/dqc_pe_12.qasm,13,113,1,10,Causal-cone,0.008849557522123894,1.0,0.0,1
VeriQBench-dynamic,dqc_pe_12,veriqbench/dynamic/pe/dqc_pe_12.qasm,13,113,1,11,QSlice-full,1.0,1.0,0.0,1
VeriQBench-dynamic,dqc_pe_12,veriqbench/dynamic/pe/dqc_pe_12.qasm,13,113,1,11,QDG-no-ED,0.9026548672566371,0.5002441406249997,0.5925175633561887,0
VeriQBench-dynamic,dqc_pe_12,veriqbench/dynamic/pe/dqc_pe_12.qasm,13,113,1,11,QDG-no-MD,0.415929203539823,0.5002441406249997,0.5925175633561887,0
VeriQBench-dynamic,dqc_pe_12,veriqbench/dynamic/pe/dqc_pe_12.qasm,13,113,1,11,QDG-no-UED,0.5132743362831859,1.0,0.0,1
VeriQBench-dynamic,dqc_pe_12,veriqbench/dynamic/pe/dqc_pe_12.qasm,13,113,1,11,QDG-no-CD,0.19469026548672566,0.9999999999999991,4.441067324106981e-16,1
VeriQBench-dynamic,dqc_pe_12,veriqbench/dynamic/pe/dqc_pe_12.qasm,13,113,1,11,Classical PDG,0.12389380530973451,0.9999999999999996,2.2441302559838233e-16,1
VeriQBench-dynamic,dqc_pe_12,veriqbench/dynamic/pe/dqc_pe_12.qasm,13,113,1,11,Causal-cone,0.19469026548672566,0.9999999999999991,4.441067324106981e-16,1
VeriQBench-dynamic,dqc_pe_12,veriqbench/dynamic/pe/dqc_pe_12.qasm,13,113,1,12,QSlice-full,0.21238938053097345,0.9999999999999999,5.551115123125783e-17,1
VeriQBench-dynamic,dqc_pe_12,veriqbench/dynamic/pe/dqc_pe_12.qasm,13,113,1,12,QDG-no-ED,0.10619469026548672,1.0,0.0,1
VeriQBench-dynamic,dqc_pe_12,veriqbench/dynamic/pe/dqc_pe_12.qasm,13,113,1,12,QDG-no-MD,0.21238938053097345,0.9999999999999999,5.551115123125783e-17,1
VeriQBench-dynamic,dqc_pe_12,veriqbench/dynamic/pe/dqc_pe_12.qasm,13,113,1,12,QDG-no-UED,0.21238938053097345,0.9999999999999999,5.551115123125783e-17,1
VeriQBench-dynamic,dqc_pe_12,veriqbench/dynamic/pe/dqc_pe_12.qasm,13,113,1,12,QDG-no-CD,0.21238938053097345,0.9999999999999999,5.551115123125783e-17,1
VeriQBench-dynamic,dqc_pe_12,veriqbench/dynamic/pe/dqc_pe_12.qasm,13,113,1,12,Classical PDG,0.10619469026548672,1.0,0.0,1
VeriQBench-dynamic,dqc_pe_12,veriqbench/dynamic/pe/dqc_pe_12.qasm,13,113,1,12,Causal-cone,0.21238938053097345,0.9999999999999999,5.551115123125783e-17,1
VeriQBench-dynamic,dqc_pe_13,veriqbench/dynamic/pe/dqc_pe_13.qasm,14,129,1,0,QSlice-full,0.21705426356589147,0.9999999999999999,5.551115123125783e-17,1
VeriQBench-dynamic,dqc_pe_13,veriqbench/dynamic/pe/dqc_pe_13.qasm,14,129,1,0,QDG-no-ED,0.023255813953488372,0.4999999999999999,0.5,0
VeriQBench-dynamic,dqc_pe_13,veriqbench/dynamic/pe/dqc_pe_13.qasm,14,129,1,0,QDG-no-MD,0.007751937984496124,1.0,0.0,1
VeriQBench-dynamic,dqc_pe_13,veriqbench/dynamic/pe/dqc_pe_13.qasm,14,129,1,0,QDG-no-UED,0.015503875968992248,0.4999999999999999,0.5,0
VeriQBench-dynamic,dqc_pe_13,veriqbench/dynamic/pe/dqc_pe_13.qasm,14,129,1,0,QDG-no-CD,0.21705426356589147,0.9999999999999999,5.551115123125783e-17,1
VeriQBench-dynamic,dqc_pe_13,veriqbench/dynamic/pe/dqc_pe_13.qasm,14,129,1,0,Classical PDG,0.007751937984496124,1.0,0.0,1
VeriQBench-dynamic,dqc_pe_13,veriqbench/dynamic/pe/dqc_pe_13.qasm,14,129,1,0,Causal-cone,0.007751937984496124,1.0,0.0,1
VeriQBench-dynamic,dqc_pe_13,veriqbench/dynamic/pe/dqc_pe_13.qasm,14,129,1,1,QSlice-full,0.24031007751937986,0.9999999999999994,2.7755575615628914e-16,1
VeriQBench-dynamic,dqc_pe_13,veriqbench/dynamic/pe/dqc_pe_13.qasm,14,129,1,1,QDG-no-ED,0.05426356589147287,0.4999999999999999,0.5,0
VeriQBench-dynamic,dqc_pe_13,veriqbench/dynamic/pe/dqc_pe_13.qasm,14,129,1,1,QDG-no-MD,0.007751937984496124,1.0,0.0,1
VeriQBench-dynamic,dqc_pe_13,veriqbench/dynamic/pe/dqc_pe_13.qasm,14,129,1,1,QDG-no-UED,0.015503875968992248,0.4999999999999999,0.5,0
VeriQBench-dynamic,dqc_pe_13,veriqbench/dynamic/pe/dqc_pe_13.qasm,14,129,1,1,QDG-no-CD,0.023255813953488372,0.4999999999999999,0.5,0
VeriQBench-dynamic,dqc_pe_13,veriqbench/dynamic/pe/dqc_pe_13.qasm,14,129,1,1,Classical PDG,0.007751937984496124,1.0,0.0,1
VeriQBench-dynamic,dqc_pe_13,veriqbench/dynamic/pe/dqc_pe_13.qasm,14,129,1,1,Causal-cone,0.007751937984496124,1.0,0.0,1
VeriQBench-dynamic,dqc_pe_13,veriqbench/dynamic/pe/dqc_pe_13.qasm,14,129,1,2,QSlice-full,0.2713178294573643,0.9999999999999979,1.0547118733938987e-15,1
VeriQBench-dynamic,dqc_pe_13,veriqbench/dynamic/pe/dqc_pe_13.qasm,14,129,1,2,QDG-no-ED,0.09302325581395349,0.4999999999999999,0.5,0
VeriQBench-dynamic,dqc_pe_13,veriqbench/dynamic/pe/dqc_pe_13.qasm,14,129,1,2,QDG-no-MD,0.007751937984496124,1.0,0.0,1
VeriQBench-dynamic,dqc_pe_13,veriqbench/dynamic/pe/dqc_pe_13.qasm,14,129,1,2,QDG-no-UED,0.015503875968992248,0.4999999999999999,0.5,0
VeriQBench-dynamic,dqc_pe_13,veriqbench/dynamic/pe/dqc_pe_13.qasm,14,129,1,2,QDG-no-CD,0.023255813953488372,0.4999999999999999,0.5,0
VeriQBench-dynamic,dqc_pe_13,veriqbench/dynamic/pe/dqc_pe_13.qasm,14,129,1,2,Classical PDG,0.007751937984496124,1.0,0.0,1
VeriQBench-dynamic,dqc_pe_13,veriqbench/dynamic/pe/dqc_pe_13.qasm,14,129,1,2,Causal-cone,0.007751937984496124,1.0,0.0,1
VeriQBench-dynamic,dqc_pe_13,veriqbench/dynamic/pe/dqc_pe_13.qasm,14,129,1,3,QSlice-full,0.31007751937984496,0.9999999999999993,3.3306690738754696e-16,1
VeriQBench-dynamic,dqc_pe_13,veriqbench/dynamic/pe/dqc_pe_13.qasm,14,129,1,3,QDG-no-ED,0.13953488372093023,0.4999999999999999,0.5,0
VeriQBench-dynamic,dqc_pe_13,veriqbench/dynamic/pe/dqc_pe_13.qasm,14,129,1,3,QDG-no-MD,0.007751937984496124,1.0,0.0,1
VeriQBench-dynamic,dqc_pe_13,veriqbench/dynamic/pe/dqc_pe_13.qasm,14,129,1,3,QDG-no-UED,0.015503875968992248,0.4999999999999999,0.5,0
VeriQBench-dynamic,dqc_pe_13,veriqbench/dynamic/pe/dqc_pe_13.qasm,14,129,1,3,QDG-no-CD,0.023255813953488372,0.4999999999999999,0.5,0
VeriQBench-dynamic,dqc_pe_13,veriqbench/dynamic/pe/dqc_pe_13.qasm,14,129,1,3,Classical PDG,0.007751937984496124,1.0,0.0,1
VeriQBench-dynamic,dqc_pe_13,veriqbench/dynamic/pe/dqc_pe_13.qasm,14,129,1,3,Causal-cone,0.007751937984496124,1.0,0.0,1
VeriQBench-dynamic,dqc_pe_13,veriqbench/dynamic/pe/dqc_pe_13.qasm,14,129,1,4,QSlice-full,0.35658914728682173,0.9999999999999982,8.881784197001252e-16,1
VeriQBench-dynamic,dqc_pe_13,veriqbench/dynamic/pe/dqc_pe_13.qasm,14,129,1,4,QDG-no-ED,0.1937984496124031,0.4999999999999998,0.5,0
VeriQBench-dynamic,dqc_pe_13,veriqbench/dynamic/pe/dqc_pe_13.qasm,14,129,1,4,QDG-no-MD,0.007751937984496124,1.0,0.0,1
VeriQBench-dynamic,dqc_pe_13,veriqbench/dynamic/pe/dqc_pe_13.qasm,14,129,1,4,QDG-no-UED,0.015503875968992248,0.4999999999999999,0.5,0
VeriQBench-dynamic,dqc_pe_13,veriqbench/dynamic/pe/dqc_pe_13.qasm,14,129,1,4,QDG-no-CD,0.023255813953488372,0.4999999999999999,0.5,0
VeriQBench-dynamic,dqc_pe_13,veriqbench/dynamic/pe/dqc_pe_13.qasm,14,129,1,4,Classical PDG,0.007751937984496124,1.0,0.0,1
VeriQBench-dynamic,dqc_pe_13,veriqbench/dynamic/pe/dqc_pe_13.qasm,14,129,1,4,Causal-cone,0.007751937984496124,1.0,0.0,1
VeriQBench-dynamic,dqc_pe_13,veriqbench/dynamic/pe/dqc_pe_13.qasm,14,129,1,5,QSlice-full,0.4108527131782946,0.9999999999999982,8.881784197001252e-16,1
VeriQBench-dynamic,dqc_pe_13,veriqbench/dynamic/pe/dqc_pe_13.qasm,14,129,1,5,QDG-no-ED,0.2558139534883721,0.5000000000000001,0.5,0
VeriQBench-dynamic,dqc_pe_13,veriqbench/dynamic/pe/dqc_pe_13.qasm,14,129,1,5,QDG-no-MD,0.20930232558139536,0.49999999999999994,0.5,0
VeriQBench-dynamic,dqc_pe_13,veriqbench/dynamic/pe/dqc_pe_13.qasm,14,129,1,5,QDG-no-UED,0.21705426356589147,0.9999999999999999,5.551115123125783e-17,1
VeriQBench-dynamic,dqc_pe_13,veriqbench/dynamic/pe/dqc_pe_13.qasm,14,129,1,5,QDG-no-CD,0.2248062015503876,0.9999999999999999,5.551115123125783e-17,1
VeriQBench-dynamic,dqc_pe_13,veriqbench/dynamic/pe/dqc_pe_13.qasm,14,129,1,5,Classical PDG,0.007751937984496124,1.0,0.0,1
VeriQBench-dynamic,dqc_pe_13,veriqbench/dynamic/pe/dqc_pe_13.qasm,14,129,1,5,Causal-cone,0.20930232558139536,0.49999999999999994,0.5,0
VeriQBench-dynamic,dqc_pe_13,veriqbench/dynamic/pe/dqc_pe_13.qasm,14,129,1,6,QSlice-full,0.4728682170542636,0.9999999999999982,8.881784197001252e-16,1
VeriQBench-dynamic,dqc_pe_13,veriqbench/dynamic/pe/dqc_pe_13.qasm,14,129,1,6,QDG-no-ED,0.32558139534883723,0.5000000000000004,0.5,0
VeriQBench-dynamic,dqc_pe_13,veriqbench/dynamic/pe/dqc_pe_13.qasm,14,129,1,6,QDG-no-MD,0.20930232558139536,0.49999999999999994,0.5,0
VeriQBench-dynamic,dqc_pe_13,veriqbench/dynamic/pe/dqc_pe_13.qasm,14,129,1,6,QDG-no-UED,0.21705426356589147,0.9999999999999999,5.551115123125783e-17,1
VeriQBench-dynamic,dqc_pe_13,veriqbench/dynamic/pe/dqc_pe_13.qasm,14,129,1,6,QDG-no-CD,0.2248062015503876,0.9999999999999999,5.551115123125783e-17,1
VeriQBench-dynamic,dqc_pe_13,veriqbench/dynamic/pe/dqc_pe_13.qasm,14,129,1,6,Classical PDG,0.007751937984496124,1.0,0.0,1
VeriQBench-dynamic,dqc_pe_13,veriqbench/dynamic/pe/dqc_pe_13.qasm,14,129,1,6,Causal-cone,0.20930232558139536,0.49999999999999994,0.5,0
VeriQBench-dynamic,dqc_pe_13,veriqbench/dynamic/pe/dqc_pe_13.qasm,14,129,1,7,QSlice-full,0.5426356589147286,0.9999999999999988,6.106226635438361e-16,1
VeriQBench-dynamic,dqc_pe_13,veriqbench/dynamic/pe/dqc_pe_13.qasm,14,129,1,7,QDG-no-ED,0.40310077519379844,0.5000000000000007,0.5,0
VeriQBench-dynamic,dqc_pe_13,veriqbench/dynamic/pe/dqc_pe_13.qasm,14,129,1,7,QDG-no-MD,0.20930232558139536,0.49999999999999994,0.5,0
VeriQBench-dynamic,dqc_pe_13,veriqbench/dynamic/pe/dqc_pe_13.qasm,14,129,1,7,QDG-no-UED,0.21705426356589147,0.9999999999999999,5.551115123125783e-17,1
VeriQBench-dynamic,dqc_pe_13,veriqbench/dynamic/pe/dqc_pe_13.qasm,14,129,1,7,QDG-no-CD,0.2248062015503876,0.9999999999999999,5.551115123125783e-17,1
VeriQBench-dynamic,dqc_pe_13,veriqbench/dynamic/pe/dqc_pe_13.qasm,14,129,1,7,Classical PDG,0.007751937984496124,1.0,0.0,1
VeriQBench-dynamic,dqc_pe_13,veriqbench/dynamic/pe/dqc_pe_13.qasm,14,129,1,7,Causal-cone,0.20930232558139536,0.49999999999999994,0.5,0
VeriQBench-dynamic,dqc_pe_13,veriqbench/dynamic/pe/dqc_pe_13.qasm,14,129,1,8,QSlice-full,0.6201550387596899,1.0,2.502340233832623e-34,1
VeriQBench-dynamic,dqc_pe_13,veriqbench/dynamic/pe/dqc_pe_13.qasm,14,129,1,8,QDG-no-ED,0.4883720930232558,0.5000000000000007,0.5,0
VeriQBench-dynamic,dqc_pe_13,veriqbench/dynamic/pe/dqc_pe_13.qasm,14,129,1,8,QDG-no-MD,0.007751937984496124,1.0,0.0,1
VeriQBench-dynamic,dqc_pe_13,veriqbench/dynamic/pe/dqc_pe_13.qasm,14,129,1,8,QDG-no-UED,0.015503875968992248,0.4999999999999999,0.5,0
VeriQBench-dynamic,dqc_pe_13,veriqbench/dynamic/pe/dqc_pe_13.qasm,14,129,1,8,QDG-no-CD,0.023255813953488372,0.4999999999999999,0.5,0
VeriQBench-dynamic,dqc_pe_13,veriqbench/dynamic/pe/dqc_pe_13.qasm,14,129,1,8,Classical PDG,0.007751937984496124,1.0,0.0,1
VeriQBench-dynamic,dqc_pe_13,veriqbench/dynamic/pe/dqc_pe_13.qasm,14,129,1,8,Causal-cone,0.007751937984496124,1.0,0.0,1
VeriQBench-dynamic,dqc_pe_13,veriqbench/dynamic/pe/dqc_pe_13.qasm,14,129,1,9,QSlice-full,0.7054263565891473,0.9999999999999999,5.551115123125783e-17,1
VeriQBench-dynamic,dqc_pe_13,veriqbench/dynamic/pe/dqc_pe_13.qasm,14,129,1,9,QDG-no-ED,0.5813953488372093,0.5000000000000009,0.5,0
VeriQBench-dynamic,dqc_pe_13,veriqbench/dynamic/pe/dqc_pe_13.qasm,14,129,1,9,QDG-no-MD,0.007751937984496124,1.0,0.0,1
VeriQBench-dynamic,dqc_pe_13,veriqbench/dynamic/pe/dqc_pe_13.qasm,14,129,1,9,QDG-no-UED,0.015503875968992248,0.4999999999999999,0.5,0
VeriQBench-dynamic,dqc_pe_13,veriqbench/dynamic/pe/dqc_pe_13.qasm,14,129,1,9,QDG-no-CD,0.023255813953488372,0.4999999999999999,0.5,0
VeriQBench-dynamic,dqc_pe_13,veriqbench/dynamic/pe/dqc_pe_13.qasm,14,129,1,9,Classical PDG,0.007751937984496124,1.0,0.0,1
VeriQBench-dynamic,dqc_pe_13,veriqbench/dynamic/pe/dqc_pe_13.qasm,14,129,1,9,Causal-cone,0.007751937984496124,1.0,0.0,1
VeriQBench-dynamic,dqc_pe_13,veriqbench/dynamic/pe/dqc_pe_13.qasm,14,129,1,10,QSlice-full,0.7984496124031008,1.0,5.147610002774015e-35,1
VeriQBench-dynamic,dqc_pe_13,veriqbench/dynamic/pe/dqc_pe_13.qasm,14,129,1,10,QDG-no-ED,0.6821705426356589,0.500000000000001,0.5,0
VeriQBench-dynamic,dqc_pe_13,veriqbench/dynamic/pe/dqc_pe_13.qasm,14,129,1,10,QDG-no-MD,0.007751937984496124,1.0,0.0,1
VeriQBench-dynamic,dqc_pe_13,veriqbench/dynamic/pe/dqc_pe_13.qasm,14,129,1,10,QDG-no-UED,0.015503875968992248,0.4999999999999999,0.5,0
VeriQBench-dynamic,dqc_pe_13,veriqbench/dynamic/pe/dqc_pe_13.qasm,14,129,1,10,QDG-no-CD,0.023255813953488372,0.4999999999999999,0.5,0
VeriQBench-dynamic,dqc_pe_13,veriqbench/dynamic/pe/dqc_pe_13.qasm,14,129,1,10,Classical PDG,0.007751937984496124,1.0,0.0,1
VeriQBench-dynamic,dqc_pe_13,veriqbench/dynamic/pe/dqc_pe_13.qasm,14,129,1,10,Causal-cone,0.007751937984496124,1.0,0.0,1
VeriQBench-dynamic,dqc_pe_13,veriqbench/dynamic/pe/dqc_pe_13.qasm,14,129,1,11,QSlice-full,0.8992248062015504,0.9999999999999999,5.551115123125783e-17,1
VeriQBench-dynamic,dqc_pe_13,veriqbench/dynamic/pe/dqc_pe_13.qasm,14,129,1,11,QDG-no-ED,0.7906976744186046,0.5000000000000011,0.5,0
VeriQBench-dynamic,dqc_pe_13,veriqbench/dynamic/pe/dqc_pe_13.qasm,14,129,1,11,QDG-no-MD,0.007751937984496124,1.0,0.0,1
VeriQBench-dynamic,dqc_pe_13,veriqbench/dynamic/pe/dqc_pe_13.qasm,14,129,1,11,QDG-no-UED,0.015503875968992248,0.4999999999999999,0.5,0
VeriQBench-dynamic,dqc_pe_13,veriqbench/dynamic/pe/dqc_pe_13.qasm,14,129,1,11,QDG-no-CD,0.023255813953488372,0.4999999999999999,0.5,0
VeriQBench-dynamic,dqc_pe_13,veriqbench/dynamic/pe/dqc_pe_13.qasm,14,129,1,11,Classical PDG,0.007751937984496124,1.0,0.0,1
VeriQBench-dynamic,dqc_pe_13,veriqbench/dynamic/pe/dqc_pe_13.qasm,14,129,1,11,Causal-cone,0.007751937984496124,1.0,0.0,1
VeriQBench-dynamic,dqc_pe_13,veriqbench/dynamic/pe/dqc_pe_13.qasm,14,129,1,12,QSlice-full,1.0,1.0,0.0,1
VeriQBench-dynamic,dqc_pe_13,veriqbench/dynamic/pe/dqc_pe_13.qasm,14,129,1,12,QDG-no-ED,0.9069767441860465,0.5001220703124994,0.5926205516997294,0
VeriQBench-dynamic,dqc_pe_13,veriqbench/dynamic/pe/dqc_pe_13.qasm,14,129,1,12,QDG-no-MD,0.3953488372093023,0.5001220703124996,0.5926205516997293,0
VeriQBench-dynamic,dqc_pe_13,veriqbench/dynamic/pe/dqc_pe_13.qasm,14,129,1,12,QDG-no-UED,0.4883720930232558,1.0,0.0,1
VeriQBench-dynamic,dqc_pe_13,veriqbench/dynamic/pe/dqc_pe_13.qasm,14,129,1,12,QDG-no-CD,0.18604651162790697,0.9999999999999996,2.2249130219618605e-16,1
VeriQBench-dynamic,dqc_pe_13,veriqbench/dynamic/pe/dqc_pe_13.qasm,14,129,1,12,Classical PDG,0.11627906976744186,0.9999999999999996,2.2441302559838233e-16,1
VeriQBench-dynamic,dqc_pe_13,veriqbench/dynamic/pe/dqc_pe_13.qasm,14,129,1,12,Causal-cone,0.18604651162790697,0.9999999999999996,2.2249130219618605e-16,1
VeriQBench-dynamic,dqc_pe_13,veriqbench/dynamic/pe/dqc_pe_13.qasm,14,129,1,13,QSlice-full,0.20155038759689922,0.9999999999999999,5.551115123125783e-17,1
VeriQBench-dynamic,dqc_pe_13,veriqbench/dynamic/pe/dqc_pe_13.qasm,14,129,1,13,QDG-no-ED,0.10077519379844961,1.0,0.0,1
VeriQBench-dynamic,dqc_pe_13,veriqbench/dynamic/pe/dqc_pe_13.qasm,14,129,1,13,QDG-no-MD,0.20155038759689922,0.9999999999999999,5.551115123125783e-17,1
VeriQBench-dynamic,dqc_pe_13,veriqbench/dynamic/pe/dqc_pe_13.qasm,14,129,1,13,QDG-no-UED,0.20155038759689922,0.9999999999999999,5.551115123125783e-17,1
VeriQBench-dynamic,dqc_pe_13,veriqbench/dynamic/pe/dqc_pe_13.qasm,14,129,1,13,QDG-no-CD,0.20155038759689922,0.9999999999999999,5.551115123125783e-17,1
VeriQBench-dynamic,dqc_pe_13,veriqbench/dynamic/pe/dqc_pe_13.qasm,14,129,1,13,Classical PDG,0.10077519379844961,1.0,0.0,1
VeriQBench-dynamic,dqc_pe_13,veriqbench/dynamic/pe/dqc_pe_13.qasm,14,129,1,13,Causal-cone,0.20155038759689922,0.9999999999999999,5.551115123125783e-17,1
VeriQBench-dynamic,dqc_pe_5,veriqbench/dynamic/pe/dqc_pe_5.qasm,6,29,1,0,QSlice-full,0.41379310344827586,0.9999999999999996,2.220446049250313e-16,1
VeriQBench-dynamic,dqc_pe_5,veriqbench/dynamic/pe/dqc_pe_5.qasm,6,29,1,0,QDG-no-ED,0.10344827586206896,0.4999999999999999,0.5,0
VeriQBench-dynamic,dqc_pe_5,veriqbench/dynamic/pe/dqc_pe_5.qasm,6,29,1,0,QDG-no-MD,0.034482758620689655,1.0,0.0,1
VeriQBench-dynamic,dqc_pe_5,veriqbench/dynamic/pe/dqc_pe_5.qasm,6,29,1,0,QDG-no-UED,0.06896551724137931,0.4999999999999999,0.5,0
VeriQBench-dynamic,dqc_pe_5,veriqbench/dynamic/pe/dqc_pe_5.qasm,6,29,1,0,QDG-no-CD,0.41379310344827586,0.9999999999999996,2.220446049250313e-16,1
VeriQBench-dynamic,dqc_pe_5,veriqbench/dynamic/pe/dqc_pe_5.qasm,6,29,1,0,Classical PDG,0.034482758620689655,1.0,0.0,1
VeriQBench-dynamic,dqc_pe_5,veriqbench/dynamic/pe/dqc_pe_5.qasm,6,29,1,0,Causal-cone,0.034482758620689655,1.0,0.0,1
VeriQBench-dynamic,dqc_pe_5,veriqbench/dynamic/pe/dqc_pe_5.qasm,6,29,1,1,QSlice-full,0.5172413793103449,0.9999999999999999,5.551115123125783e-17,1
VeriQBench-dynamic,dqc_pe_5,veriqbench/dynamic/pe/dqc_pe_5.qasm,6,29,1,1,QDG-no-ED,0.2413793103448276,0.4999999999999999,0.5,0
VeriQBench-dynamic,dqc_pe_5,veriqbench/dynamic/pe/dqc_pe_5.qasm,6,29,1,1,QDG-no-MD,0.034482758620689655,1.0,0.0,1
VeriQBench-dynamic,dqc_pe_5,veriqbench/dynamic/pe/dqc_pe_5.qasm,6,29,1,1,QDG-no-UED,0.06896551724137931,0.4999999999999999,0.5,0
VeriQBench-dynamic,dqc_pe_5,veriqbench/dynamic/pe/dqc_pe_5.qasm,6,29,1,1,QDG-no-CD,0.10344827586206896,0.4999999999999999,0.5,0
VeriQBench-dynamic,dqc_pe_5,veriqbench/dynamic/pe/dqc_pe_5.qasm,6,29,1,1,Classical PDG,0.034482758620689655,1.0,0.0,1
VeriQBench-dynamic,dqc_pe_5,veriqbench/dynamic/pe/dqc_pe_5.qasm,6,29,1,1,Causal-cone,0.034482758620689655,1.0,0.0,1
VeriQBench-dynamic,dqc_pe_5,veriqbench/dynamic/pe/dqc_pe_5.qasm,6,29,1,2,QSlice-full,0.6551724137931034,1.0,5.147610002774014e-35,1
VeriQBench-dynamic,dqc_pe_5,veriqbench/dynamic/pe/dqc_pe_5.qasm,6,29,1,2,QDG-no-ED,0.41379310344827586,0.4999999999999999,0.5,0
VeriQBench-dynamic,dqc_pe_5,veriqbench/dynamic/pe/dqc_pe_5.qasm,6,29,1,2,QDG-no-MD,0.034482758620689655,1.0,0.0,1
VeriQBench-dynamic,dqc_pe_5,veriqbench/dynamic/pe/dqc_pe_5.qasm,6,29,1,2,QDG-no-UED,0.06896551724137931,0.4999999999999999,0.5,0
VeriQBench-dynamic,dqc_pe_5,veriqbench/dynamic/pe/dqc_pe_5.qasm,6,29,1,2,QDG-no-CD,0.10344827586206896,0.4999999999999999,0.5,0
VeriQBench-dynamic,dqc_pe_5,veriqbench/dynamic/pe/dqc_pe_5.qasm,6,29,1,2,Classical PDG,0.034482758620689655,1.0,0.0,1
VeriQBench-dynamic,dqc_pe_5,veriqbench/dynamic/pe/dqc_pe_5.qasm,6,29,1,2,Causal-cone,0.034482758620689655,1.0,0.0,1
VeriQBench-dynamic,dqc_pe_5,veriqbench/dynamic/pe/dqc_pe_5.qasm,6,29,1,3,QSlice-full,0.8275862068965517,0.9999999999999998,1.1102230246251565e-16,1
VeriQBench-dynamic,dqc_pe_5,veriqbench/dynamic/pe/dqc_pe_5.qasm,6,29,1,3,QDG-no-ED,0.6206896551724138,0.4999999999999999,0.5,0
VeriQBench-dynamic,dqc_pe_5,veriqbench/dynamic/pe/dqc_pe_5.qasm,6,29,1,3,QDG-no-MD,0.034482758620689655,1.0,0.0,1
VeriQBench-dynamic,dqc_pe_5,veriqbench/dynamic/pe/dqc_pe_5.qasm,6,29,1,3,QDG-no-UED,0.06896551724137931,0.4999999999999999,0.5,0
VeriQBench-dynamic,dqc_pe_5,veriqbench/dynamic/pe/dqc_pe_5.qasm,6,29,1,3,QDG-no-CD,0.10344827586206896,0.4999999999999999,0.5,0
VeriQBench-dynamic,dqc_pe_5,veriqbench/dynamic/pe/dqc_pe_5.qasm,6,29,1,3,Classical PDG,0.034482758620689655,1.0,0.0,1
VeriQBench-dynamic,dqc_pe_5,veriqbench/dynamic/pe/dqc_pe_5.qasm,6,29,1,3,Causal-cone,0.034482758620689655,1.0,0.0,1
VeriQBench-dynamic,dqc_pe_5,veriqbench/dynamic/pe/dqc_pe_5.qasm,6,29,1,4,QSlice-full,1.0,1.0,0.0,1
VeriQBench-dynamic,dqc_pe_5,veriqbench/dynamic/pe/dqc_pe_5.qasm,6,29,1,4,QDG-no-ED,0.8620689655172413,0.5312499999999999,0.5660365120109383,0
VeriQBench-dynamic,dqc_pe_5,veriqbench/dynamic/pe/dqc_pe_5.qasm,6,29,1,4,QDG-no-MD,0.5172413793103449,0.5312499999999998,0.5660365120109383,0
VeriQBench-dynamic,dqc_pe_5,veriqbench/dynamic/pe/dqc_pe_5.qasm,6,29,1,4,QDG-no-UED,0.6551724137931034,1.0,0.0,1
VeriQBench-dynamic,dqc_pe_5,veriqbench/dynamic/pe/dqc_pe_5.qasm,6,29,1,4,QDG-no-CD,0.3793103448275862,0.9999999999999996,2.2245275373821717e-16,1
VeriQBench-dynamic,dqc_pe_5,veriqbench/dynamic/pe/dqc_pe_5.qasm,6,29,1,4,Classical PDG,0.2413793103448276,0.9999999999999996,2.2441302559838233e-16,1
VeriQBench-dynamic,dqc_pe_5,veriqbench/dynamic/pe/dqc_pe_5.qasm,6,29,1,4,Causal-cone,0.3793103448275862,0.9999999999999996,2.2245275373821717e-16,1
VeriQBench-dynamic,dqc_pe_5,veriqbench/dynamic/pe/dqc_pe_5.qasm,6,29,1,5,QSlice-full,0.3448275862068966,0.9999999999999998,1.1102230246251565e-16,1
VeriQBench-dynamic,dqc_pe_5,veriqbench/dynamic/pe/dqc_pe_5.qasm,6,29,1,5,QDG-no-ED,0.1724137931034483,1.0,0.0,1
VeriQBench-dynamic,dqc_pe_5,veriqbench/dynamic/pe/dqc_pe_5.qasm,6,29,1,5,QDG-no-MD,0.3448275862068966,0.9999999999999998,1.1102230246251565e-16,1
VeriQBench-dynamic,dqc_pe_5,veriqbench/dynamic/pe/dqc_pe_5.qasm,6,29,1,5,QDG-no-UED,0.3448275862068966,0.9999999999999998,1.1102230246251565e-16,1
VeriQBench-dynamic,dqc_pe_5,veriqbench/dynamic/pe/dqc_pe_5.qasm,6,29,1,5,QDG-no-CD,0.3448275862068966,0.9999999999999998,1.1102230246251565e-16,1
VeriQBench-dynamic,dqc_pe_5,veriqbench/dynamic/pe/dqc_pe_5.qasm,6,29,1,5,Classical PDG,0.1724137931034483,1.0,0.0,1
VeriQBench-dynamic,dqc_pe_5,veriqbench/dynamic/pe/dqc_pe_5.qasm,6,29,1,5,Causal-cone,0.3448275862068966,0.9999999999999998,1.1102230246251565e-16,1
VeriQBench-dynamic,dqc_pe_6,veriqbench/dynamic/pe/dqc_pe_6.qasm,7,38,1,0,QSlice-full,0.3684210526315789,0.9999999999999992,3.885780586188048e-16,1
VeriQBench-dynamic,dqc_pe_6,veriqbench/dynamic/pe/dqc_pe_6.qasm,7,38,1,0,QDG-no-ED,0.07894736842105263,0.4999999999999999,0.5,0
VeriQBench-dynamic,dqc_pe_6,veriqbench/dynamic/pe/dqc_pe_6.qasm,7,38,1,0,QDG-no-MD,0.02631578947368421,1.0,0.0,1
VeriQBench-dynamic,dqc_pe_6,veriqbench/dynamic/pe/dqc_pe_6.qasm,7,38,1,0,QDG-no-UED,0.05263157894736842,0.4999999999999999,0.5,0
VeriQBench-dynamic,dqc_pe_6,veriqbench/dynamic/pe/dqc_pe_6.qasm,7,38,1,0,QDG-no-CD,0.3684210526315789,0.9999999999999992,3.885780586188048e-16,1
VeriQBench-dynamic,dqc_pe_6,veriqbench/dynamic/pe/dqc_pe_6.qasm,7,38,1,0,Classical PDG,0.02631578947368421,1.0,0.0,1
VeriQBench-dynamic,dqc_pe_6,veriqbench/dynamic/pe/dqc_pe_6.qasm,7,38,1,0,Causal-cone,0.02631578947368421,1.0,0.0,1
VeriQBench-dynamic,dqc_pe_6,veriqbench/dynamic/pe/dqc_pe_6.qasm,7,38,1,1,QSlice-full,0.4473684210526316,1.0,5.147610002774013e-35,1
VeriQBench-dynamic,dqc_pe_6,veriqbench/dynamic/pe/dqc_pe_6.qasm,7,38,1,1,QDG-no-ED,0.18421052631578946,0.4999999999999999,0.5,0
VeriQBench-dynamic,dqc_pe_6,veriqbench/dynamic/pe/dqc_pe_6.qasm,7,38,1,1,QDG-no-MD,0.02631578947368421,1.0,0.0,1
VeriQBench-dynamic,dqc_pe_6,veriqbench/dynamic/pe/dqc_pe_6.qasm,7,38,1,1,QDG-no-UED,0.05263157894736842,0.4999999999999999,0.5,0
VeriQBench-dynamic,dqc_pe_6,veriqbench/dynamic/pe/dqc_pe_6.qasm,7,38,1,1,QDG-no-CD,0.07894736842105263,0.4999999999999999,0.5,0
VeriQBench-dynamic,dqc_pe_6,veriqbench/dynamic/pe/dqc_pe_6.qasm,7,38,1,1,Classical PDG,0.02631578947368421,1.0,0.0,1
VeriQBench-dynamic,dqc_pe_6,veriqbench/dynamic/pe/dqc_pe_6.qasm,7,38,1,1,Causal-cone,0.02631578947368421,1.0,0.0,1
VeriQBench-dynamic,dqc_pe_6,veriqbench/dynamic/pe/dqc_pe_6.qasm,7,38,1,2,QSlice-full,0.5526315789473685,1.0,0.0,1
VeriQBench-dynamic,dqc_pe_6,veriqbench/dynamic/pe/dqc_pe_6.qasm,7,38,1,2,QDG-no-ED,0.3157894736842105,0.4999999999999999,0.5,0
VeriQBench-dynamic,dqc_pe_6,veriqbench/dynamic/pe/dqc_pe_6.qasm,7,38,1,2,QDG-no-MD,0.02631578947368421,1.0,0.0,1
VeriQBench-dynamic,dqc_pe_6,veriqbench/dynamic/pe/dqc_pe_6.qasm,7,38,1,2,QDG-no-UED,0.05263157894736842,0.4999999999999999,0.5,0
VeriQBench-dynamic,dqc_pe_6,veriqbench/dynamic/pe/dqc_pe_6.qasm,7,38,1,2,QDG-no-CD,0.07894736842105263,0.4999999999999999,0.5,0
VeriQBench-dynamic,dqc_pe_6,veriqbench/dynamic/pe/dqc_pe_6.qasm,7,38,1,2,Classical PDG,0.02631578947368421,1.0,0.0,1
VeriQBench-dynamic,dqc_pe_6,veriqbench/dynamic/pe/dqc_pe_6.qasm,7,38,1,2,Causal-cone,0.02631578947368421,1.0,0.0,1
VeriQBench-dynamic,dqc_pe_6,veriqbench/dynamic/pe/dqc_pe_6.qasm,7,38,1,3,QSlice-full,0.6842105263157895,1.0,5.147610002774014e-35,1
VeriQBench-dynamic,dqc_pe_6,veriqbench/dynamic/pe/dqc_pe_6.qasm,7,38,1,3,QDG-no-ED,0.47368421052631576,0.4999999999999999,0.5,0
VeriQBench-dynamic,dqc_pe_6,veriqbench/dynamic/pe/dqc_pe_6.qasm,7,38,1,3,QDG-no-MD,0.02631578947368421,1.0,0.0,1
VeriQBench-dynamic,dqc_pe_6,veriqbench/dynamic/pe/dqc_pe_6.qasm,7,38,1,3,QDG-no-UED,0.05263157894736842,0.4999999999999999,0.5,0
VeriQBench-dynamic,dqc_pe_6,veriqbench/dynamic/pe/dqc_pe_6.qasm,7,38,1,3,QDG-no-CD,0.07894736842105263,0.4999999999999999,0.5,0
VeriQBench-dynamic,dqc_pe_6,veriqbench/dynamic/pe/dqc_pe_6.qasm,7,38,1,3,Classical PDG,0.02631578947368421,1.0,0.0,1
VeriQBench-dynamic,dqc_pe_6,veriqbench/dynamic/pe/dqc_pe_6.qasm,7,38,1,3,Causal-cone,0.02631578947368421,1.0,0.0,1
VeriQBench-dynamic,dqc_pe_6,veriqbench/dynamic/pe/dqc_pe_6.qasm,7,38,1,4,QSlice-full,0.8421052631578947,0.9999999999999998,1.1102230246251565e-16,1
VeriQBench-dynamic,dqc_pe_6,veriqbench/dynamic/pe/dqc_pe_6.qasm,7,38,1,4,QDG-no-ED,0.6578947368421053,0.4999999999999998,0.5,0
VeriQBench-dynamic,dqc_pe_6,veriqbench/dynamic/pe/dqc_pe_6.qasm,7,38,1,4,QDG-no-MD,0.02631578947368421,1.0,0.0,1
VeriQBench-dynamic,dqc_pe_6,veriqbench/dynamic/pe/dqc_pe_6.qasm,7,38,1,4,QDG-no-UED,0.05263157894736842,0.4999999999999999,0.5,0
VeriQBench-dynamic,dqc_pe_6,veriqbench/dynamic/pe/dqc_pe_6.qasm,7,38,1,4,QDG-no-CD,0.07894736842105263,0.4999999999999999,0.5,0
VeriQBench-dynamic,dqc_pe_6,veriqbench/dynamic/pe/dqc_pe_6.qasm,7,38,1,4,Classical PDG,0.02631578947368421,1.0,0.0,1
VeriQBench-dynamic,dqc_pe_6,veriqbench/dynamic/pe/dqc_pe_6.qasm,7,38,1,4,Causal-cone,0.02631578947368421,1.0,0.0,1
VeriQBench-dynamic,dqc_pe_6,veriqbench/dynamic/pe/dqc_pe_6.qasm,7,38,1,5,QSlice-full,1.0,1.0,0.0,1
VeriQBench-dynamic,dqc_pe_6,veriqbench/dynamic/pe/dqc_pe_6.qasm,7,38,1,5,QDG-no-ED,0.868421052631579,0.5156249999999999,0.5794632025279607,0
VeriQBench-dynamic,dqc_pe_6,veriqbench/dynamic/pe/dqc_pe_6.qasm,7,38,1,5,QDG-no-MD,0.47368421052631576,0.5156249999999999,0.5794632025279606,0
VeriQBench-dynamic,dqc_pe_6,veriqbench/dynamic/pe/dqc_pe_6.qasm,7,38,1,5,QDG-no-UED,0.6052631578947368,1.0,0.0,1
VeriQBench-dynamic,dqc_pe_6,veriqbench/dynamic/pe/dqc_pe_6.qasm,7,38,1,5,QDG-no-CD,0.34210526315789475,0.9999999999999992,3.8929502136644854e-16,1
VeriQBench-dynamic,dqc_pe_6,veriqbench/dynamic/pe/dqc_pe_6.qasm,7,38,1,5,Classical PDG,0.21052631578947367,0.9999999999999996,2.2441302559838233e-16,1
VeriQBench-dynamic,dqc_pe_6,veriqbench/dynamic/pe/dqc_pe_6.qasm,7,38,1,5,Causal-cone,0.34210526315789475,0.9999999999999992,3.8929502136644854e-16,1
VeriQBench-dynamic,dqc_pe_6,veriqbench/dynamic/pe/dqc_pe_6.qasm,7,38,1,6,QSlice-full,0.3157894736842105,0.9999999999999999,5.551115123125783e-17,1
VeriQBench-dynamic,dqc_pe_6,veriqbench/dynamic/pe/dqc_pe_6.qasm,7,38,1,6,QDG-no-ED,0.15789473684210525,1.0,0.0,1
VeriQBench-dynamic,dqc_pe_6,veriqbench/dynamic/pe/dqc_pe_6.qasm,7,38,1,6,QDG-no-MD,0.3157894736842105,0.9999999999999999,5.551115123125783e-17,1
VeriQBench-dynamic,dqc_pe_6,veriqbench/dynamic/pe/dqc_pe_6.qasm,7,38,1,6,QDG-no-UED,0.3157894736842105,0.9999999999999999,5.551115123125783e-17,1
VeriQBench-dynamic,dqc_pe_6,veriqbench/dynamic/pe/dqc_pe_6.qasm,7,38,1,6,QDG-no-CD,0.3157894736842105,0.9999999999999999,5.551115123125783e-17,1
VeriQBench-dynamic,dqc_pe_6,veriqbench/dynamic/pe/dqc_pe_6.qasm,7,38,1,6,Classical PDG,0.15789473684210525,1.0,0.0,1
VeriQBench-dynamic,dqc_pe_6,veriqbench/dynamic/pe/dqc_pe_6.qasm,7,38,1,6,Causal-cone,0.3157894736842105,0.9999999999999999,5.551115123125783e-17,1
VeriQBench-dynamic,dqc_pe_7,veriqbench/dynamic/pe/dqc_pe_7.qasm,8,48,1,0,QSlice-full,0.3333333333333333,0.9999999999999996,2.220446049250313e-16,1
VeriQBench-dynamic,dqc_pe_7,veriqbench/dynamic/pe/dqc_pe_7.qasm,8,48,1,0,QDG-no-ED,0.0625,0.4999999999999999,0.5,0
VeriQBench-dynamic,dqc_pe_7,veriqbench/dynamic/pe/dqc_pe_7.qasm,8,48,1,0,QDG-no-MD,0.020833333333333332,1.0,0.0,1
VeriQBench-dynamic,dqc_pe_7,veriqbench/dynamic/pe/dqc_pe_7.qasm,8,48,1,0,QDG-no-UED,0.041666666666666664,0.4999999999999999,0.5,0
VeriQBench-dynamic,dqc_pe_7,veriqbench/dynamic/pe/dqc_pe_7.qasm,8,48,1,0,QDG-no-CD,0.3333333333333333,0.9999999999999996,2.220446049250313e-16,1
VeriQBench-dynamic,dqc_pe_7,veriqbench/dynamic/pe/dqc_pe_7.qasm,8,48,1,0,Classical PDG,0.020833333333333332,1.0,0.0,1
VeriQBench-dynamic,dqc_pe_7,veriqbench/dynamic/pe/dqc_pe_7.qasm,8,48,1,0,Causal-cone,0.020833333333333332,1.0,0.0,1
VeriQBench-dynamic,dqc_pe_7,veriqbench/dynamic/pe/dqc_pe_7.qasm,8,48,1,1,QSlice-full,0.3958333333333333,0.9999999999999999,5.551115123125783e-17,1
VeriQBench-dynamic,dqc_pe_7,veriqbench/dynamic/pe/dqc_pe_7.qasm,8,48,1,1,QDG-no-ED,0.14583333333333334,0.4999999999999999,0.5,0
VeriQBench-dynamic,dqc_pe_7,veriqbench/dynamic/pe/dqc_pe_7.qasm,8,48,1,1,QDG-no-MD,0.020833333333333332,1.0,0.0,1
VeriQBench-dynamic,dqc_pe_7,veriqbench/dynamic/pe/dqc_pe_7.qasm,8,48,1,1,QDG-no-UED,0.041666666666666664,0.4999999999999999,0.5,0
VeriQBench-dynamic,dqc_pe_7,veriqbench/dynamic/pe/dqc_pe_7.qasm,8,48,1,1,QDG-no-CD,0.0625,0.4999999999999999,0.5,0
VeriQBench-dynamic,dqc_pe_7,veriqbench/dynamic/pe/dqc_pe_7.qasm,8,48,1,1,Classical PDG,0.020833333333333332,1.0,0.0,1
VeriQBench-dynamic,dqc_pe_7,veriqbench/dynamic/pe/dqc_pe_7.qasm,8,48,1,1,Causal-cone,0.020833333333333332,1.0,0.0,1
VeriQBench-dynamic,dqc_pe_7,veriqbench/dynamic/pe/dqc_pe_7.qasm,8,48,1,2,QSlice-full,0.4791666666666667,1.0,5.147610002774013e-35,1
VeriQBench-dynamic,dqc_pe_7,veriqbench/dynamic/pe/dqc_pe_7.qasm,8,48,1,2,QDG-no-ED,0.25,0.4999999999999999,0.5,0
VeriQBench-dynamic,dqc_pe_7,veriqbench/dynamic/pe/dqc_pe_7.qasm,8,48,1,2,QDG-no-MD,0.020833333333333332,1.0,0.0,1
VeriQBench-dynamic,dqc_pe_7,veriqbench/dynamic/pe/dqc_pe_7.qasm,8,48,1,2,QDG-no-UED,0.041666666666666664,0.4999999999999999,0.5,0
VeriQBench-dynamic,dqc_pe_7,veriqbench/dynamic/pe/dqc_pe_7.qasm,8,48,1,2,QDG-no-CD,0.0625,0.4999999999999999,0.5,0
VeriQBench-dynamic,dqc_pe_7,veriqbench/dynamic/pe/dqc_pe_7.qasm,8,48,1,2,Classical PDG,0.020833333333333332,1.0,0.0,1
VeriQBench-dynamic,dqc_pe_7,veriqbench/dynamic/pe/dqc_pe_7.qasm,8,48,1,2,Causal-cone,0.020833333333333332,1.0,0.0,1
VeriQBench-dynamic,dqc_pe_7,veriqbench/dynamic/pe/dqc_pe_7.qasm,8,48,1,3,QSlice-full,0.5833333333333334,1.0,0.0,1
VeriQBench-dynamic,dqc_pe_7,veriqbench/dynamic/pe/dqc_pe_7.qasm,8,48,1,3,QDG-no-ED,0.375,0.4999999999999999,0.5,0
VeriQBench-dynamic,dqc_pe_7,veriqbench/dynamic/pe/dqc_pe_7.qasm,8,48,1,3,QDG-no-MD,0.020833333333333332,1.0,0.0,1
VeriQBench-dynamic,dqc_pe_7,veriqbench/dynamic/pe/dqc_pe_7.qasm,8,48,1,3,QDG-no-UED,0.041666666666666664,0.4999999999999999,0.5,0
VeriQBench-dynamic,dqc_pe_7,veriqbench/dynamic/pe/dqc_pe_7.qasm,8,48,1,3,QDG-no-CD,0.0625,0.4999999999999999,0.5,0
VeriQBench-dynamic,dqc_pe_7,veriqbench/dynamic/pe/dqc_pe_7.qasm,8,48,1,3,Classical PDG,0.020833333333333332,1.0,0.0,1
VeriQBench-dynamic,dqc_pe_7,veriqbench/dynamic/pe/dqc_pe_7.qasm,8,48,1,3,Causal-cone,0.020833333333333332,1.0,0.0,1
VeriQBench-dynamic,dqc_pe_7,veriqbench/dynamic/pe/dqc_pe_7.qasm,8,48,1,4,QSlice-full,0.7083333333333334,1.0,5.147610002774014e-35,1
VeriQBench-dynamic,dqc_pe_7,veriqbench/dynamic/pe/dqc_pe_7.qasm,8,48,1,4,QDG-no-ED,0.5208333333333334,0.4999999999999998,0.5,0
VeriQBench-dynamic,dqc_pe_7,veriqbench/dynamic/pe/dqc_pe_7.qasm,8,48,1,4,QDG-no-MD,0.020833333333333332,1.0,0.0,1
VeriQBench-dynamic,dqc_pe_7,veriqbench/dynamic/pe/dqc_pe_7.qasm,8,48,1,4,QDG-no-UED,0.041666666666666664,0.4999999999999999,0.5,0
VeriQBench-dynamic,dqc_pe_7,veriqbench/dynamic/pe/dqc_pe_7.qasm,8,48,1,4,QDG-no-CD,0.0625,0.4999999999999999,0.5,0
VeriQBench-dynamic,dqc_pe_7,veriqbench/dynamic/pe/dqc_pe_7.qasm,8,48,1,4,Classical PDG,0.020833333333333332,1.0,0.0,1
VeriQBench-dynamic,dqc_pe_7,veriqbench/dynamic/pe/dqc_pe_7.qasm,8,48,1,4,Causal-cone,0.020833333333333332,1.0,0.0,1
VeriQBench-dynamic,dqc_pe_7,veriqbench/dynamic/pe/dqc_pe_7.qasm,8,48,1,5,QSlice-full,0.8541666666666666,0.9999999999999998,1.1102230246251565e-16,1
VeriQBench-dynamic,dqc_pe_7,veriqbench/dynamic/pe/dqc_pe_7.qasm,8,48,1,5,QDG-no-ED,0.6875,0.5000000000000001,0.5,0
VeriQBench-dynamic,dqc_pe_7,veriqbench/dynamic/pe/dqc_pe_7.qasm,8,48,1,5,QDG-no-MD,0.020833333333333332,1.0,0.0,1
VeriQBench-dynamic,dqc_pe_7,veriqbench/dynamic/pe/dqc_pe_7.qasm,8,48,1,5,QDG-no-UED,0.041666666666666664,0.4999999999999999,0.5,0
VeriQBench-dynamic,dqc_pe_7,veriqbench/dynamic/pe/dqc_pe_7.qasm,8,48,1,5,QDG-no-CD,0.0625,0.4999999999999999,0.5,0
VeriQBench-dynamic,dqc_pe_7,veriqbench/dynamic/pe/dqc_pe_7.qasm,8,48,1,5,Classical PDG,0.020833333333333332,1.0,0.0,1
VeriQBench-dynamic,dqc_pe_7,veriqbench/dynamic/pe/dqc_pe_7.qasm,8,48,1,5,Causal-cone,0.020833333333333332,1.0,0.0,1
VeriQBench-dynamic,dqc_pe_7,veriqbench/dynamic/pe/dqc_pe_7.qasm,8,48,1,6,QSlice-full,1.0,1.0,0.0,1
VeriQBench-dynamic,dqc_pe_7,veriqbench/dynamic/pe/dqc_pe_7.qasm,8,48,1,6,QDG-no-ED,0.875,0.5078124999999999,0.5861134968125186,0
VeriQBench-dynamic,dqc_pe_7,veriqbench/dynamic/pe/dqc_pe_7.qasm,8,48,1,6,QDG-no-MD,0.4375,0.5078124999999999,0.5861134968125186,0
VeriQBench-dynamic,dqc_pe_7,veriqbench/dynamic/pe/dqc_pe_7.qasm,8,48,1,6,QDG-no-UED,0.5625,1.0,0.0,1
VeriQBench-dynamic,dqc_pe_7,veriqbench/dynamic/pe/dqc_pe_7.qasm,8,48,1,6,QDG-no-CD,0.3125,0.9999999999999996,2.228601550639292e-16,1
VeriQBench-dynamic,dqc_pe_7,veriqbench/dynamic/pe/dqc_pe_7.qasm,8,48,1,6,Classical PDG,0.1875,0.9999999999999996,2.2441302559838233e-16,1
VeriQBench-dynamic,dqc_pe_7,veriqbench/dynamic/pe/dqc_pe_7.qasm,8,48,1,6,Causal-cone,0.3125,0.9999999999999996,2.228601550639292e-16,1
VeriQBench-dynamic,dqc_pe_7,veriqbench/dynamic/pe/dqc_pe_7.qasm,8,48,1,7,QSlice-full,0.2916666666666667,0.9999999999999998,1.1102230246251565e-16,1
VeriQBench-dynamic,dqc_pe_7,veriqbench/dynamic/pe/dqc_pe_7.qasm,8,48,1,7,QDG-no-ED,0.14583333333333334,1.0,0.0,1
VeriQBench-dynamic,dqc_pe_7,veriqbench/dynamic/pe/dqc_pe_7.qasm,8,48,1,7,QDG-no-MD,0.2916666666666667,0.9999999999999998,1.1102230246251565e-16,1
VeriQBench-dynamic,dqc_pe_7,veriqbench/dynamic/pe/dqc_pe_7.qasm,8,48,1,7,QDG-no-UED,0.2916666666666667,0.9999999999999998,1.1102230246251565e-16,1
VeriQBench-dynamic,dqc_pe_7,veriqbench/dynamic/pe/dqc_pe_7.qasm,8,48,1,7,QDG-no-CD,0.2916666666666667,0.9999999999999998,1.1102230246251565e-16,1
VeriQBench-dynamic,dqc_pe_7,veriqbench/dynamic/pe/dqc_pe_7.qasm,8,48,1,7,Classical PDG,0.14583333333333334,1.0,0.0,1
VeriQBench-dynamic,dqc_pe_7,veriqbench/dynamic/pe/dqc_pe_7.qasm,8,48,1,7,Causal-cone,0.2916666666666667,0.9999999999999998,1.1102230246251565e-16,1
VeriQBench-dynamic,dqc_pe_8,veriqbench/dynamic/pe/dqc_pe_8.qasm,9,59,1,0,QSlice-full,0.3050847457627119,0.9999999999999998,1.1102230246251565e-16,1
VeriQBench-dynamic,dqc_pe_8,veriqbench/dynamic/pe/dqc_pe_8.qasm,9,59,1,0,QDG-no-ED,0.05084745762711865,0.4999999999999999,0.5,0
VeriQBench-dynamic,dqc_pe_8,veriqbench/dynamic/pe/dqc_pe_8.qasm,9,59,1,0,QDG-no-MD,0.01694915254237288,1.0,0.0,1
VeriQBench-dynamic,dqc_pe_8,veriqbench/dynamic/pe/dqc_pe_8.qasm,9,59,1,0,QDG-no-UED,0.03389830508474576,0.4999999999999999,0.5,0
VeriQBench-dynamic,dqc_pe_8,veriqbench/dynamic/pe/dqc_pe_8.qasm,9,59,1,0,QDG-no-CD,0.3050847457627119,0.9999999999999998,1.1102230246251565e-16,1
VeriQBench-dynamic,dqc_pe_8,veriqbench/dynamic/pe/dqc_pe_8.qasm,9,59,1,0,Classical PDG,0.01694915254237288,1.0,0.0,1
VeriQBench-dynamic,dqc_pe_8,veriqbench/dynamic/pe/dqc_pe_8.qasm,9,59,1,0,Causal-cone,0.01694915254237288,1.0,0.0,1
VeriQBench-dynamic,dqc_pe_8,veriqbench/dynamic/pe/dqc_pe_8.qasm,9,59,1,1,QSlice-full,0.3559322033898305,1.0,1.1102230246251565e-16,1
VeriQBench-dynamic,dqc_pe_8,veriqbench/dynamic/pe/dqc_pe_8.qasm,9,59,1,1,QDG-no-ED,0.11864406779661017,0.4999999999999999,0.5,0
VeriQBench-dynamic,dqc_pe_8,veriqbench/dynamic/pe/dqc_pe_8.qasm,9,59,1,1,QDG-no-MD,0.288135593220339,0.4999999999999999,0.5,0
VeriQBench-dynamic,dqc_pe_8,veriqbench/dynamic/pe/dqc_pe_8.qasm,9,59,1,1,QDG-no-UED,0.3050847457627119,0.9999999999999998,1.1102230246251565e-16,1
VeriQBench-dynamic,dqc_pe_8,veriqbench/dynamic/pe/dqc_pe_8.qasm,9,59,1,1,QDG-no-CD,0.3220338983050847,0.9999999999999998,1.1102230246251565e-16,1
VeriQBench-dynamic,dqc_pe_8,veriqbench/dynamic/pe/dqc_pe_8.qasm,9,59,1,1,Classical PDG,0.01694915254237288,1.0,0.0,1
VeriQBench-dynamic,dqc_pe_8,veriqbench/dynamic/pe/dqc_pe_8.qasm,9,59,1,1,Causal-cone,0.288135593220339,0.4999999999999999,0.5,0
VeriQBench-dynamic,dqc_pe_8,veriqbench/dynamic/pe/dqc_pe_8.qasm,9,59,1,2,QSlice-full,0.423728813559322,1.0,0.0,1
VeriQBench-dynamic,dqc_pe_8,veriqbench/dynamic/pe/dqc_pe_8.qasm,9,59,1,2,QDG-no-ED,0.2033898305084746,0.4999999999999999,0.5,0
VeriQBench-dynamic,dqc_pe_8,veriqbench/dynamic/pe/dqc_pe_8.qasm,9,59,1,2,QDG-no-MD,0.288135593220339,0.4999999999999999,0.5,0
VeriQBench-dynamic,dqc_pe_8,veriqbench/dynamic/pe/dqc_pe_8.qasm,9,59,1,2,QDG-no-UED,0.3050847457627119,0.9999999999999998,1.1102230246251565e-16,1
VeriQBench-dynamic,dqc_pe_8,veriqbench/dynamic/pe/dqc_pe_8.qasm,9,59,1,2,QDG-no-CD,0.3220338983050847,0.9999999999999998,1.1102230246251565e-16,1
VeriQBench-dynamic,dqc_pe_8,veriqbench/dynamic/pe/dqc_pe_8.qasm,9,59,1,2,Classical PDG,0.01694915254237288,1.0,0.0,1
VeriQBench-dynamic,dqc_pe_8,veriqbench/dynamic/pe/dqc_pe_8.qasm,9,59,1,2,Causal-cone,0.288135593220339,0.4999999999999999,0.5,0
VeriQBench-dynamic,dqc_pe_8,veriqbench/dynamic/pe/dqc_pe_8.qasm,9,59,1,3,QSlice-full,0.5084745762711864,1.0,5.147610002774013e-35,1
VeriQBench-dynamic,dqc_pe_8,veriqbench/dynamic/pe/dqc_pe_8.qasm,9,59,1,3,QDG-no-ED,0.3050847457627119,0.4999999999999999,0.5,0
VeriQBench-dynamic,dqc_pe_8,veriqbench/dynamic/pe/dqc_pe_8.qasm,9,59,1,3,QDG-no-MD,0.288135593220339,0.4999999999999999,0.5,0
VeriQBench-dynamic,dqc_pe_8,veriqbench/dynamic/pe/dqc_pe_8.qasm,9,59,1,3,QDG-no-UED,0.3050847457627119,0.9999999999999998,1.1102230246251565e-16,1
VeriQBench-dynamic,dqc_pe_8,veriqbench/dynamic/pe/dqc_pe_8.qasm,9,59,1,3,QDG-no-CD,0.3220338983050847,0.9999999999999998,1.1102230246251565e-16,1
VeriQBench-dynamic,dqc_pe_8,veriqbench/dynamic/pe/dqc_pe_8.qasm,9,59,1,3,Classical PDG,0.01694915254237288,1.0,0.0,1
VeriQBench-dynamic,dqc_pe_8,veriqbench/dynamic/pe/dqc_pe_8.qasm,9,59,1,3,Causal-cone,0.288135593220339,0.4999999999999999,0.5,0
VeriQBench-dynamic,dqc_pe_8,veriqbench/dynamic/pe/dqc_pe_8.qasm,9,59,1,4,QSlice-full,0.6101694915254238,0.9999999999999999,5.551115123125783e-17,1
VeriQBench-dynamic,dqc_pe_8,veriqbench/dynamic/pe/dqc_pe_8.qasm,9,59,1,4,QDG-no-ED,0.423728813559322,0.4999999999999998,0.5,0
VeriQBench-dynamic,dqc_pe_8,veriqbench/dynamic/pe/dqc_pe_8.qasm,9,59,1,4,QDG-no-MD,0.288135593220339,0.4999999999999999,0.5,0
VeriQBench-dynamic,dqc_pe_8,veriqbench/dynamic/pe/dqc_pe_8.qasm,9,59,1,4,QDG-no-UED,0.3050847457627119,0.9999999999999998,1.1102230246251565e-16,1
VeriQBench-dynamic,dqc_pe_8,veriqbench/dynamic/pe/dqc_pe_8.qasm,9,59,1,4,QDG-no-CD,0.3220338983050847,0.9999999999999998,1.1102230246251565e-16,1
VeriQBench-dynamic,dqc_pe_8,veriqbench/dynamic/pe/dqc_pe_8.qasm,9,59,1,4,Classical PDG,0.01694915254237288,1.0,0.0,1
VeriQBench-dynamic,dqc_pe_8,veriqbench/dynamic/pe/dqc_pe_8.qasm,9,59,1,4,Causal-cone,0.288135593220339,0.4999999999999999,0.5,0
VeriQBench-dynamic,dqc_pe_8,veriqbench/dynamic/pe/dqc_pe_8.qasm,9,59,1,5,QSlice-full,0.7288135593220338,1.0,5.147610002774014e-35,1
VeriQBench-dynamic,dqc_pe_8,veriqbench/dynamic/pe/dqc_pe_8.qasm,9,59,1,5,QDG-no-ED,0.559322033898305,0.5000000000000001,0.5,0
VeriQBench-dynamic,dqc_pe_8,veriqbench/dynamic/pe/dqc_pe_8.qasm,9,59,1,5,QDG-no-MD,0.288135593220339,0.4999999999999999,0.5,0
VeriQBench-dynamic,dqc_pe_8,veriqbench/dynamic/pe/dqc_pe_8.qasm,9,59,1,5,QDG-no-UED,0.3050847457627119,0.9999999999999998,1.1102230246251565e-16,1
VeriQBench-dynamic,dqc_pe_8,veriqbench/dynamic/pe/dqc_pe_8.qasm,9,59,1,5,QDG-no-CD,0.3220338983050847,0.9999999999999998,1.1102230246251565e-16,1
VeriQBench-dynamic,dqc_pe_8,veriqbench/dynamic/pe/dqc_pe_8.qasm,9,59,1,5,Classical PDG,0.01694915254237288,1.0,0.0,1
VeriQBench-dynamic,dqc_pe_8,veriqbench/dynamic/pe/dqc_pe_8.qasm,9,59,1,5,Causal-cone,0.288135593220339,0.4999999999999999,0.5,0
VeriQBench-dynamic,dqc_pe_8,veriqbench/dynamic/pe/dqc_pe_8.qasm,9,59,1,6,QSlice-full,0.864406779661017,0.9999999999999999,5.551115123125783e-17,1
VeriQBench-dynamic,dqc_pe_8,veriqbench/dynamic/pe/dqc_pe_8.qasm,9,59,1,6,QDG-no-ED,0.711864406779661,0.5000000000000004,0.5,0
VeriQBench-dynamic,dqc_pe_8,veriqbench/dynamic/pe/dqc_pe_8.qasm,9,59,1,6,QDG-no-MD,0.288135593220339,0.4999999999999999,0.5,0
VeriQBench-dynamic,dqc_pe_8,veriqbench/dynamic/pe/dqc_pe_8.qasm,9,59,1,6,QDG-no-UED,0.3050847457627119,0.9999999999999998,1.1102230246251565e-16,1
VeriQBench-dynamic,dqc_pe_8,veriqbench/dynamic/pe/dqc_pe_8.qasm,9,59,1,6,QDG-no-CD,0.3220338983050847,0.9999999999999998,1.1102230246251565e-16,1
VeriQBench-dynamic,dqc_pe_8,veriqbench/dynamic/pe/dqc_pe_8.qasm,9,59,1,6,Classical PDG,0.01694915254237288,1.0,0.0,1
VeriQBench-dynamic,dqc_pe_8,veriqbench/dynamic/pe/dqc_pe_8.qasm,9,59,1,6,Causal-cone,0.288135593220339,0.4999999999999999,0.5,0
VeriQBench-dynamic,dqc_pe_8,veriqbench/dynamic/pe/dqc_pe_8.qasm,9,59,1,7,QSlice-full,1.0,1.0,0.0,1
VeriQBench-dynamic,dqc_pe_8,veriqbench/dynamic/pe/dqc_pe_8.qasm,9,59,1,7,QDG-no-ED,0.8813559322033898,0.5039062499999999,0.5894234641228313,0
VeriQBench-dynamic,dqc_pe_8,veriqbench/dynamic/pe/dqc_pe_8.qasm,9,59,1,7,QDG-no-MD,0.5254237288135594,0.5039062499999998,0.5894234641228313,0
VeriQBench-dynamic,dqc_pe_8,veriqbench/dynamic/pe/dqc_pe_8.qasm,9,59,1,7,QDG-no-UED,0.6440677966101694,1.0,0.0,1
VeriQBench-dynamic,dqc_pe_8,veriqbench/dynamic/pe/dqc_pe_8.qasm,9,59,1,7,QDG-no-CD,0.4067796610169492,0.9999999999999998,1.1137861149713356e-16,1
VeriQBench-dynamic,dqc_pe_8,veriqbench/dynamic/pe/dqc_pe_8.qasm,9,59,1,7,Classical PDG,0.1694915254237288,0.9999999999999996,2.2441302559838233e-16,1
VeriQBench-dynamic,dqc_pe_8,veriqbench/dynamic/pe/dqc_pe_8.qasm,9,59,1,7,Causal-cone,0.4067796610169492,0.9999999999999998,1.1137861149713356e-16,1
VeriQBench-dynamic,dqc_pe_8,veriqbench/dynamic/pe/dqc_pe_8.qasm,9,59,1,8,QSlice-full,0.2711864406779661,0.9999999999999998,1.1102230246251565e-16,1
VeriQBench-dynamic,dqc_pe_8,veriqbench/dynamic/pe/dqc_pe_8.qasm,9,59,1,8,QDG-no-ED,0.13559322033898305,1.0,0.0,1
VeriQBench-dynamic,dqc_pe_8,veriqbench/dynamic/pe/dqc_pe_8.qasm,9,59,1,8,QDG-no-MD,0.2711864406779661,0.9999999999999998,1.1102230246251565e-16,1
VeriQBench-dynamic,dqc_pe_8,veriqbench/dynamic/pe/dqc_pe_8.qasm,9,59,1,8,QDG-no-UED,0.2711864406779661,0.9999999999999998,1.1102230246251565e-16,1
VeriQBench-dynamic,dqc_pe_8,veriqbench/dynamic/pe/dqc_pe_8.qasm,9,59,1,8,QDG-no-CD,0.2711864406779661,0.9999999999999998,1.1102230246251565e-16,1
VeriQBench-dynamic,dqc_pe_8,veriqbench/dynamic/pe/dqc_pe_8.qasm,9,59,1,8,Classical PDG,0.13559322033898305,1.0,0.0,1
VeriQBench-dynamic,dqc_pe_8,veriqbench/dynamic/pe/dqc_pe_8.qasm,9,59,1,8,Causal-cone,0.2711864406779661,0.9999999999999998,1.1102230246251565e-16,1
VeriQBench-dynamic,dqc_pe_9,veriqbench/dynamic/pe/dqc_pe_9.qasm,10,71,1,0,QSlice-full,0.28169014084507044,0.9999999999999998,1.1102230246251565e-16,1
VeriQBench-dynamic,dqc_pe_9,veriqbench/dynamic/pe/dqc_pe_9.qasm,10,71,1,0,QDG-no-ED,0.04225352112676056,0.4999999999999999,0.5,0
VeriQBench-dynamic,dqc_pe_9,veriqbench/dynamic/pe/dqc_pe_9.qasm,10,71,1,0,QDG-no-MD,0.014084507042253521,1.0,0.0,1
VeriQBench-dynamic,dqc_pe_9,veriqbench/dynamic/pe/dqc_pe_9.qasm,10,71,1,0,QDG-no-UED,0.028169014084507043,0.4999999999999999,0.5,0
VeriQBench-dynamic,dqc_pe_9,veriqbench/dynamic/pe/dqc_pe_9.qasm,10,71,1,0,QDG-no-CD,0.28169014084507044,0.9999999999999998,1.1102230246251565e-16,1
VeriQBench-dynamic,dqc_pe_9,veriqbench/dynamic/pe/dqc_pe_9.qasm,10,71,1,0,Classical PDG,0.014084507042253521,1.0,0.0,1
VeriQBench-dynamic,dqc_pe_9,veriqbench/dynamic/pe/dqc_pe_9.qasm,10,71,1,0,Causal-cone,0.014084507042253521,1.0,0.0,1
VeriQBench-dynamic,dqc_pe_9,veriqbench/dynamic/pe/dqc_pe_9.qasm,10,71,1,1,QSlice-full,0.323943661971831,0.9999999999999998,1.1102230246251565e-16,1
VeriQBench-dynamic,dqc_pe_9,veriqbench/dynamic/pe/dqc_pe_9.qasm,10,71,1,1,QDG-no-ED,0.09859154929577464,0.4999999999999999,0.5,0
VeriQBench-dynamic,dqc_pe_9,veriqbench/dynamic/pe/dqc_pe_9.qasm,10,71,1,1,QDG-no-MD,0.014084507042253521,1.0,0.0,1
VeriQBench-dynamic,dqc_pe_9,veriqbench/dynamic/pe/dqc_pe_9.qasm,10,71,1,1,QDG-no-UED,0.028169014084507043,0.4999999999999999,0.5,0
VeriQBench-dynamic,dqc_pe_9,veriqbench/dynamic/pe/dqc_pe_9.qasm,10,71,1,1,QDG-no-CD,0.04225352112676056,0.4999999999999999,0.5,0
VeriQBench-dynamic,dqc_pe_9,veriqbench/dynamic/pe/dqc_pe_9.qasm,10,71,1,1,Classical PDG,0.014084507042253521,1.0,0.0,1
VeriQBench-dynamic,dqc_pe_9,veriqbench/dynamic/pe/dqc_pe_9.qasm,10,71,1,1,Causal-cone,0.014084507042253521,1.0,0.0,1
VeriQBench-dynamic,dqc_pe_9,veriqbench/dynamic/pe/dqc_pe_9.qasm,10,71,1,2,QSlice-full,0.38028169014084506,0.9999999999999998,1.1102230246251565e-16,1
VeriQBench-dynamic,dqc_pe_9,veriqbench/dynamic/pe/dqc_pe_9.qasm,10,71,1,2,QDG-no-ED,0.16901408450704225,0.4999999999999999,0.5,0
VeriQBench-dynamic,dqc_pe_9,veriqbench/dynamic/pe/dqc_pe_9.qasm,10,71,1,2,QDG-no-MD,0.2676056338028169,0.4999999999999999,0.5,0
VeriQBench-dynamic,dqc_pe_9,veriqbench/dynamic/pe/dqc_pe_9.qasm,10,71,1,2,QDG-no-UED,0.28169014084507044,0.9999999999999998,1.1102230246251565e-16,1
VeriQBench-dynamic,dqc_pe_9,veriqbench/dynamic/pe/dqc_pe_9.qasm,10,71,1,2,QDG-no-CD,0.29577464788732394,0.9999999999999998,1.1102230246251565e-16,1
VeriQBench-dynamic,dqc_pe_9,veriqbench/dynamic/pe/dqc_pe_9.qasm,10,71,1,2,Classical PDG,0.014084507042253521,1.0,0.0,1
VeriQBench-dynamic,dqc_pe_9,veriqbench/dynamic/pe/dqc_pe_9.qasm,10,71,1,2,Causal-cone,0.2676056338028169,0.4999999999999999,0.5,0
VeriQBench-dynamic,dqc_pe_9,veriqbench/dynamic/pe/dqc_pe_9.qasm,10,71,1,3,QSlice-full,0.4507042253521127,0.9999999999999996,2.220446049250313e-16,1
VeriQBench-dynamic,dqc_pe_9,veriqbench/dynamic/pe/dqc_pe_9.qasm,10,71,1,3,QDG-no-ED,0.2535211267605634,0.4999999999999999,0.5,0
VeriQBench-dynamic,dqc_pe_9,veriqbench/dynamic/pe/dqc_pe_9.qasm,10,71,1,3,QDG-no-MD,0.2676056338028169,0.4999999999999999,0.5,0
VeriQBench-dynamic,dqc_pe_9,veriqbench/dynamic/pe/dqc_pe_9.qasm,10,71,1,3,QDG-no-UED,0.28169014084507044,0.9999999999999998,1.1102230246251565e-16,1
VeriQBench-dynamic,dqc_pe_9,veriqbench/dynamic/pe/dqc_pe_9.qasm,10,71,1,3,QDG-no-CD,0.29577464788732394,0.9999999999999998,1.1102230246251565e-16,1
VeriQBench-dynamic,dqc_pe_9,veriqbench/dynamic/pe/dqc_pe_9.qasm,10,71,1,3,Classical PDG,0.014084507042253521,1.0,0.0,1
VeriQBench-dynamic,dqc_pe_9,veriqbench/dynamic/pe/dqc_pe_9.qasm,10,71,1,3,Causal-cone,0.2676056338028169,0.4999999999999999,0.5,0
VeriQBench-dynamic,dqc_pe_9,veriqbench/dynamic/pe/dqc_pe_9.qasm,10,71,1,4,QSlice-full,0.5352112676056338,0.9999999999999998,1.1102230246251565e-16,1
VeriQBench-dynamic,dqc_pe_9,veriqbench/dynamic/pe/dqc_pe_9.qasm,10,71,1,4,QDG-no-ED,0.352112676056338,0.4999999999999998,0.5,0
VeriQBench-dynamic,dqc_pe_9,veriqbench/dynamic/pe/dqc_pe_9.qasm,10,71,1,4,QDG-no-MD,0.2676056338028169,0.4999999999999999,0.5,0
VeriQBench-dynamic,dqc_pe_9,veriqbench/dynamic/pe/dqc_pe_9.qasm,10,71,1,4,QDG-no-UED,0.28169014084507044,0.9999999999999998,1.1102230246251565e-16,1
VeriQBench-dynamic,dqc_pe_9,veriqbench/dynamic/pe/dqc_pe_9.qasm,10,71,1,4,QDG-no-CD,0.29577464788732394,0.9999999999999998,1.1102230246251565e-16,1
VeriQBench-dynamic,dqc_pe_9,veriqbench/dynamic/pe/dqc_pe_9.qasm,10,71,1,4,Classical PDG,0.014084507042253521,1.0,0.0,1
VeriQBench-dynamic,dqc_pe_9,veriqbench/dynamic/pe/dqc_pe_9.qasm,10,71,1,4,Causal-cone,0.2676056338028169,0.4999999999999999,0.5,0
VeriQBench-dynamic,dqc_pe_9,veriqbench/dynamic/pe/dqc_pe_9.qasm,10,71,1,5,QSlice-full,0.6338028169014085,0.9999999999999999,5.551115123125783e-17,1
VeriQBench-dynamic,dqc_pe_9,veriqbench/dynamic/pe/dqc_pe_9.qasm,10,71,1,5,QDG-no-ED,0.4647887323943662,0.5000000000000001,0.5,0
VeriQBench-dynamic,dqc_pe_9,veriqbench/dynamic/pe/dqc_pe_9.qasm,10,71,1,5,QDG-no-MD,0.2676056338028169,0.4999999999999999,0.5,0
VeriQBench-dynamic,dqc_pe_9,veriqbench/dynamic/pe/dqc_pe_9.qasm,10,71,1,5,QDG-no-UED,0.28169014084507044,0.9999999999999998,1.1102230246251565e-16,1
VeriQBench-dynamic,dqc_pe_9,veriqbench/dynamic/pe/dqc_pe_9.qasm,10,71,1,5,QDG-no-CD,0.29577464788732394,0.9999999999999998,1.1102230246251565e-16,1
VeriQBench-dynamic,dqc_pe_9,veriqbench/dynamic/pe/dqc_pe_9.qasm,10,71,1,5,Classical PDG,0.014084507042253521,1.0,0.0,1
VeriQBench-dynamic,dqc_pe_9,veriqbench/dynamic/pe/dqc_pe_9.qasm,10,71,1,5,Causal-cone,0.2676056338028169,0.4999999999999999,0.5,0
VeriQBench-dynamic,dqc_pe_9,veriqbench/dynamic/pe/dqc_pe_9.qasm,10,71,1,6,QSlice-full,0.7464788732394366,1.0,5.147610002774014e-35,1
VeriQBench-dynamic,dqc_pe_9,veriqbench/dynamic/pe/dqc_pe_9.qasm,10,71,1,6,QDG-no-ED,0.5915492957746479,0.5000000000000004,0.5,0
VeriQBench-dynamic,dqc_pe_9,veriqbench/dynamic/pe/dqc_pe_9.qasm,10,71,1,6,QDG-no-MD,0.2676056338028169,0.4999999999999999,0.5,0
VeriQBench-dynamic,dqc_pe_9,veriqbench/dynamic/pe/dqc_pe_9.qasm,10,71,1,6,QDG-no-UED,0.28169014084507044,0.9999999999999998,1.1102230246251565e-16,1
VeriQBench-dynamic,dqc_pe_9,veriqbench/dynamic/pe/dqc_pe_9.qasm,10,71,1,6,QDG-no-CD,0.29577464788732394,0.9999999999999998,1.1102230246251565e-16,1
VeriQBench-dynamic,dqc_pe_9,veriqbench/dynamic/pe/dqc_pe_9.qasm,10,71,1,6,Classical PDG,0.014084507042253521,1.0,0.0,1
VeriQBench-dynamic,dqc_pe_9,veriqbench/dynamic/pe/dqc_pe_9.qasm,10,71,1,6,Causal-cone,0.2676056338028169,0.4999999999999999,0.5,0
VeriQBench-dynamic,dqc_pe_9,veriqbench/dynamic/pe/dqc_pe_9.qasm,10,71,1,7,QSlice-full,0.8732394366197183,0.9999999999999998,1.1102230246251565e-16,1
VeriQBench-dynamic,dqc_pe_9,veriqbench/dynamic/pe/dqc_pe_9.qasm,10,71,1,7,QDG-no-ED,0.7323943661971831,0.5000000000000007,0.5,0
VeriQBench-dynamic,dqc_pe_9,veriqbench/dynamic/pe/dqc_pe_9.qasm,10,71,1,7,QDG-no-MD,0.2676056338028169,0.4999999999999999,0.5,0
VeriQBench-dynamic,dqc_pe_9,veriqbench/dynamic/pe/dqc_pe_9.qasm,10,71,1,7,QDG-no-UED,0.28169014084507044,0.9999999999999998,1.1102230246251565e-16,1
VeriQBench-dynamic,dqc_pe_9,veriqbench/dynamic/pe/dqc_pe_9.qasm,10,71,1,7,QDG-no-CD,0.29577464788732394,0.9999999999999998,1.1102230246251565e-16,1
VeriQBench-dynamic,dqc_pe_9,veriqbench/dynamic/pe/dqc_pe_9.qasm,10,71,1,7,Classical PDG,0.014084507042253521,1.0,0.0,1
VeriQBench-dynamic,dqc_pe_9,veriqbench/dynamic/pe/dqc_pe_9.qasm,10,71,1,7,Causal-cone,0.2676056338028169,0.4999999999999999,0.5,0
VeriQBench-dynamic,dqc_pe_9,veriqbench/dynamic/pe/dqc_pe_9.qasm,10,71,1,8,QSlice-full,1.0,1.0,0.0,1
VeriQBench-dynamic,dqc_pe_9,veriqbench/dynamic/pe/dqc_pe_9.qasm,10,71,1,8,QDG-no-ED,0.8873239436619719,0.5019531249999998,0.591074724732557,0
VeriQBench-dynamic,dqc_pe_9,veriqbench/dynamic/pe/dqc_pe_9.qasm,10,71,1,8,QDG-no-MD,0.49295774647887325,0.501953125,0.5910747247325568,0
VeriQBench-dynamic,dqc_pe_9,veriqbench/dynamic/pe/dqc_pe_9.qasm,10,71,1,8,QDG-no-UED,0.6056338028169014,1.0,0.0,1
VeriQBench-dynamic,dqc_pe_9,veriqbench/dynamic/pe/dqc_pe_9.qasm,10,71,1,8,QDG-no-CD,0.18309859154929578,0.9999999999999994,2.777191176534139e-16,1
VeriQBench-dynamic,dqc_pe_9,veriqbench/dynamic/pe/dqc_pe_9.qasm,10,71,1,8,Classical PDG,0.15492957746478872,0.9999999999999996,2.2441302559838233e-16,1
VeriQBench-dynamic,dqc_pe_9,veriqbench/dynamic/pe/dqc_pe_9.qasm,10,71,1,8,Causal-cone,0.18309859154929578,0.9999999999999994,2.777191176534139e-16,1
VeriQBench-dynamic,dqc_pe_9,veriqbench/dynamic/pe/dqc_pe_9.qasm,10,71,1,9,QSlice-full,0.2535211267605634,0.9999999999999998,1.1102230246251565e-16,1
VeriQBench-dynamic,dqc_pe_9,veriqbench/dynamic/pe/dqc_pe_9.qasm,10,71,1,9,QDG-no-ED,0.1267605633802817,1.0,0.0,1
VeriQBench-dynamic,dqc_pe_9,veriqbench/dynamic/pe/dqc_pe_9.qasm,10,71,1,9,QDG-no-MD,0.2535211267605634,0.9999999999999998,1.1102230246251565e-16,1
VeriQBench-dynamic,dqc_pe_9,veriqbench/dynamic/pe/dqc_pe_9.qasm,10,71,1,9,QDG-no-UED,0.2535211267605634,0.9999999999999998,1.1102230246251565e-16,1
VeriQBench-dynamic,dqc_pe_9,veriqbench/dynamic/pe/dqc_pe_9.qasm,10,71,1,9,QDG-no-CD,0.2535211267605634,0.9999999999999998,1.1102230246251565e-16,1
VeriQBench-dynamic,dqc_pe_9,veriqbench/dynamic/pe/dqc_pe_9.qasm,10,71,1,9,Classical PDG,0.1267605633802817,1.0,0.0,1
VeriQBench-dynamic,dqc_pe_9,veriqbench/dynamic/pe/dqc_pe_9.qasm,10,71,1,9,Causal-cone,0.2535211267605634,0.9999999999999998,1.1102230246251565e-16,1
VeriQBench-dynamic,dqc_qft_10,veriqbench/dynamic/qft/dqc_qft_10.qasm,10,64,1,0,QSlice-full,0.03125,1.0,8.881784197001252e-16,1
VeriQBench-dynamic,dqc_qft_10,veriqbench/dynamic/qft/dqc_qft_10.qasm,10,64,1,0,QDG-no-ED,0.03125,1.0,8.881784197001252e-16,1
VeriQBench-dynamic,dqc_qft_10,veriqbench/dynamic/qft/dqc_qft_10.qasm,10,64,1,0,QDG-no-MD,0.015625,0.5000000000000008,0.5,0
VeriQBench-dynamic,dqc_qft_10,veriqbench/dynamic/qft/dqc_qft_10.qasm,10,64,1,0,QDG-no-UED,0.03125,1.0,8.881784197001252e-16,1
VeriQBench-dynamic,dqc_qft_10,veriqbench/dynamic/qft/dqc_qft_10.qasm,10,64,1,0,QDG-no-CD,0.03125,1.0,8.881784197001252e-16,1
VeriQBench-dynamic,dqc_qft_10,veriqbench/dynamic/qft/dqc_qft_10.qasm,10,64,1,0,Classical PDG,0.015625,0.5000000000000008,0.5,0
VeriQBench-dynamic,dqc_qft_10,veriqbench/dynamic/qft/dqc_qft_10.qasm,10,64,1,0,Causal-cone,0.015625,0.5000000000000008,0.5,0
VeriQBench-dynamic,dqc_qft_10,veriqbench/dynamic/qft/dqc_qft_10.qasm,10,64,1,1,QSlice-full,0.078125,1.0,8.881784197001252e-16,1
VeriQBench-dynamic,dqc_qft_10,veriqbench/dynamic/qft/dqc_qft_10.qasm,10,64,1,1,QDG-no-ED,0.078125,1.0,8.881784197001252e-16,1
VeriQBench-dynamic,dqc_qft_10,veriqbench/dynamic/qft/dqc_qft_10.qasm,10,64,1,1,QDG-no-MD,0.015625,0.5000000000000008,0.5,0
VeriQBench-dynamic,dqc_qft_10,veriqbench/dynamic/qft/dqc_qft_10.qasm,10,64,1,1,QDG-no-UED,0.03125,1.0,8.881784197001252e-16,1
VeriQBench-dynamic,dqc_qft_10,veriqbench/dynamic/qft/dqc_qft_10.qasm,10,64,1,1,QDG-no-CD,0.046875,1.0,8.881784197001252e-16,1
VeriQBench-dynamic,dqc_qft_10,veriqbench/dynamic/qft/dqc_qft_10.qasm,10,64,1,1,Classical PDG,0.015625,0.5000000000000008,0.5,0
VeriQBench-dynamic,dqc_qft_10,veriqbench/dynamic/qft/dqc_qft_10.qasm,10,64,1,1,Causal-cone,0.015625,0.5000000000000008,0.5,0
VeriQBench-dynamic,dqc_qft_10,veriqbench/dynamic/qft/dqc_qft_10.qasm,10,64,1,2,QSlice-full,0.140625,1.0,8.881784197001252e-16,1
VeriQBench-dynamic,dqc_qft_10,veriqbench/dynamic/qft/dqc_qft_10.qasm,10,64,1,2,QDG-no-ED,0.140625,1.0,8.881784197001252e-16,1
VeriQBench-dynamic,dqc_qft_10,veriqbench/dynamic/qft/dqc_qft_10.qasm,10,64,1,2,QDG-no-MD,0.015625,0.5000000000000008,0.5,0
VeriQBench-dynamic,dqc_qft_10,veriqbench/dynamic/qft/dqc_qft_10.qasm,10,64,1,2,QDG-no-UED,0.03125,1.0,8.881784197001252e-16,1
VeriQBench-dynamic,dqc_qft_10,veriqbench/dynamic/qft/dqc_qft_10.qasm,10,64,1,2,QDG-no-CD,0.046875,1.0,8.881784197001252e-16,1
VeriQBench-dynamic,dqc_qft_10,veriqbench/dynamic/qft/dqc_qft_10.qasm,10,64,1,2,Classical PDG,0.015625,0.5000000000000008,0.5,0
VeriQBench-dynamic,dqc_qft_10,veriqbench/dynamic/qft/dqc_qft_10.qasm,10,64,1,2,Causal-cone,0.015625,0.5000000000000008,0.5,0
VeriQBench-dynamic,dqc_qft_10,veriqbench/dynamic/qft/dqc_qft_10.qasm,10,64,1,3,QSlice-full,0.21875,1.0,8.881784197001252e-16,1
VeriQBench-dynamic,dqc_qft_10,veriqbench/dynamic/qft/dqc_qft_10.qasm,10,64,1,3,QDG-no-ED,0.21875,1.0,8.881784197001252e-16,1
VeriQBench-dynamic,dqc_qft_10,veriqbench/dynamic/qft/dqc_qft_10.qasm,10,64,1,3,QDG-no-MD,0.015625,0.5000000000000008,0.5,0
VeriQBench-dynamic,dqc_qft_10,veriqbench/dynamic/qft/dqc_qft_10.qasm,10,64,1,3,QDG-no-UED,0.03125,1.0,8.881784197001252e-16,1
VeriQBench-dynamic,dqc_qft_10,veriqbench/dynamic/qft/dqc_qft_10.qasm,10,64,1,3,QDG-no-CD,0.046875,1.0,8.881784197001252e-16,1
VeriQBench-dynamic,dqc_qft_10,veriqbench/dynamic/qft/dqc_qft_10.qasm,10,64,1,3,Classical PDG,0.015625,0.5000000000000008,0.5,0
VeriQBench-dynamic,dqc_qft_10,veriqbench/dynamic/qft/dqc_qft_10.qasm,10,64,1,3,Causal-cone,0.015625,0.5000000000000008,0.5,0
VeriQBench-dynamic,dqc_qft_10,veriqbench/dynamic/qft/dqc_qft_10.qasm,10,64,1,4,QSlice-full,0.3125,1.0,9.992007221626409e-16,1
VeriQBench-dynamic,dqc_qft_10,veriqbench/dynamic/qft/dqc_qft_10.qasm,10,64,1,4,QDG-no-ED,0.3125,1.0,9.992007221626409e-16,1
VeriQBench-dynamic,dqc_qft_10,veriqbench/dynamic/qft/dqc_qft_10.qasm,10,64,1,4,QDG-no-MD,0.015625,0.5000000000000008,0.5,0
VeriQBench-dynamic,dqc_qft_10,veriqbench/dynamic/qft/dqc_qft_10.qasm,10,64,1,4,QDG-no-UED,0.03125,1.0,8.881784197001252e-16,1
VeriQBench-dynamic,dqc_qft_10,veriqbench/dynamic/qft/dqc_qft_10.qasm,10,64,1,4,QDG-no-CD,0.046875,1.0,8.881784197001252e-16,1
VeriQBench-dynamic,dqc_qft_10,veriqbench/dynamic/qft/dqc_qft_10.qasm,10,64,1,4,Classical PDG,0.015625,0.5000000000000008,0.5,0
VeriQBench-dynamic,dqc_qft_10,veriqbench/dynamic/qft/dqc_qft_10.qasm,10,64,1,4,Causal-cone,0.015625,0.5000000000000008,0.5,0
VeriQBench-dynamic,dqc_qft_10,veriqbench/dynamic/qft/dqc_qft_10.qasm,10,64,1,5,QSlice-full,0.421875,1.0,6.661338147750939e-16,1
VeriQBench-dynamic,dqc_qft_10,veriqbench/dynamic/qft/dqc_qft_10.qasm,10,64,1,5,QDG-no-ED,0.421875,1.0,6.661338147750939e-16,1
VeriQBench-dynamic,dqc_qft_10,veriqbench/dynamic/qft/dqc_qft_10.qasm,10,64,1,5,QDG-no-MD,0.015625,0.5000000000000008,0.5,0
VeriQBench-dynamic,dqc_qft_10,veriqbench/dynamic/qft/dqc_qft_10.qasm,10,64,1,5,QDG-no-UED,0.03125,1.0,8.881784197001252e-16,1
VeriQBench-dynamic,dqc_qft_10,veriqbench/dynamic/qft/dqc_qft_10.qasm,10,64,1,5,QDG-no-CD,0.046875,1.0,8.881784197001252e-16,1
VeriQBench-dynamic,dqc_qft_10,veriqbench/dynamic/qft/dqc_qft_10.qasm,10,64,1,5,Classical PDG,0.015625,0.5000000000000008,0.5,0
VeriQBench-dynamic,dqc_qft_10,veriqbench/dynamic/qft/dqc_qft_10.qasm,10,64,1,5,Causal-cone,0.015625,0.5000000000000008,0.5,0
VeriQBench-dynamic,dqc_qft_10,veriqbench/dynamic/qft/dqc_qft_10.qasm,10,64,1,6,QSlice-full,0.546875,1.0,3.3306690738754696e-16,1
VeriQBench-dynamic,dqc_qft_10,veriqbench/dynamic/qft/dqc_qft_10.qasm,10,64,1,6,QDG-no-ED,0.546875,1.0,3.3306690738754696e-16,1
VeriQBench-dynamic,dqc_qft_10,veriqbench/dynamic/qft/dqc_qft_10.qasm,10,64,1,6,QDG-no-MD,0.015625,0.5000000000000008,0.5,0
VeriQBench-dynamic,dqc_qft_10,veriqbench/dynamic/qft/dqc_qft_10.qasm,10,64,1,6,QDG-no-UED,0.03125,1.0,8.881784197001252e-16,1
VeriQBench-dynamic,dqc_qft_10,veriqbench/dynamic/qft/dqc_qft_10.qasm,10,64,1,6,QDG-no-CD,0.046875,1.0,8.881784197001252e-16,1
VeriQBench-dynamic,dqc_qft_10,veriqbench/dynamic/qft/dqc_qft_10.qasm,10,64,1,6,Classical PDG,0.015625,0.5000000000000008,0.5,0
VeriQBench-dynamic,dqc_qft_10,veriqbench/dynamic/qft/dqc_qft_10.qasm,10,64,1,6,Causal-cone,0.015625,0.5000000000000008,0.5,0
VeriQBench-dynamic,dqc_qft_10,veriqbench/dynamic/qft/dqc_qft_10.qasm,10,64,1,7,QSlice-full,0.6875,1.0,1.1102230246251565e-16,1
VeriQBench-dynamic,dqc_qft_10,veriqbench/dynamic/qft/dqc_qft_10.qasm,10,64,1,7,QDG-no-ED,0.6875,1.0,1.1102230246251565e-16,1
VeriQBench-dynamic,dqc_qft_10,veriqbench/dynamic/qft/dqc_qft_10.qasm,10,64,1,7,QDG-no-MD,0.015625,0.5000000000000008,0.5,0
VeriQBench-dynamic,dqc_qft_10,veriqbench/dynamic/qft/dqc_qft_10.qasm,10,64,1,7,QDG-no-UED,0.03125,1.0,8.881784197001252e-16,1
VeriQBench-dynamic,dqc_qft_10,veriqbench/dynamic/qft/dqc_qft_10.qasm,10,64,1,7,QDG-no-CD,0.046875,1.0,8.881784197001252e-16,1
VeriQBench-dynamic,dqc_qft_10,veriqbench/dynamic/qft/dqc_qft_10.qasm,10,64,1,7,Classical PDG,0.015625,0.5000000000000008,0.5,0
VeriQBench-dynamic,dqc_qft_10,veriqbench/dynamic/qft/dqc_qft_10.qasm,10,64,1,7,Causal-cone,0.015625,0.5000000000000008,0.5,0
VeriQBench-dynamic,dqc_qft_10,veriqbench/dynamic/qft/dqc_qft_10.qasm,10,64,1,8,QSlice-full,0.84375,1.0,1.1102230246251565e-16,1
VeriQBench-dynamic,dqc_qft_10,veriqbench/dynamic/qft/dqc_qft_10.qasm,10,64,1,8,QDG-no-ED,0.84375,1.0,1.1102230246251565e-16,1
VeriQBench-dynamic,dqc_qft_10,veriqbench/dynamic/qft/dqc_qft_10.qasm,10,64,1,8,QDG-no-MD,0.015625,0.5000000000000008,0.5,0
VeriQBench-dynamic,dqc_qft_10,veriqbench/dynamic/qft/dqc_qft_10.qasm,10,64,1,8,QDG-no-UED,0.03125,1.0,8.881784197001252e-16,1
VeriQBench-dynamic,dqc_qft_10,veriqbench/dynamic/qft/dqc_qft_10.qasm,10,64,1,8,QDG-no-CD,0.046875,1.0,8.881784197001252e-16,1
VeriQBench-dynamic,dqc_qft_10,veriqbench/dynamic/qft/dqc_qft_10.qasm,10,64,1,8,Classical PDG,0.015625,0.5000000000000008,0.5,0
VeriQBench-dynamic,dqc_qft_10,veriqbench/dynamic/qft/dqc_qft_10.qasm,10,64,1,8,Causal-cone,0.015625,0.5000000000000008,0.5,0
VeriQBench-dynamic,dqc_qft_10,veriqbench/dynamic/qft/dqc_qft_10.qasm,10,64,1,9,QSlice-full,1.0,1.0,0.0,1
VeriQBench-dynamic,dqc_qft_10,veriqbench/dynamic/qft/dqc_qft_10.qasm,10,64,1,9,QDG-no-ED,1.0,1.0,0.0,1
VeriQBench-dynamic,dqc_qft_10,veriqbench/dynamic/qft/dqc_qft_10.qasm,10,64,1,9,QDG-no-MD,0.296875,1.0,9.992007221626409e-16,1
VeriQBench-dynamic,dqc_qft_10,veriqbench/dynamic/qft/dqc_qft_10.qasm,10,64,1,9,QDG-no-UED,0.4375,1.0,0.0,1
VeriQBench-dynamic,dqc_qft_10,veriqbench/dynamic/qft/dqc_qft_10.qasm,10,64,1,9,QDG-no-CD,0.15625,1.0,9.992007221626409e-16,1
VeriQBench-dynamic,dqc_qft_10,veriqbench/dynamic/qft/dqc_qft_10.qasm,10,64,1,9,Classical PDG,0.15625,1.0,9.992007221626409e-16,1
VeriQBench-dynamic,dqc_qft_10,veriqbench/dynamic/qft/dqc_qft_10.qasm,10,64,1,9,Causal-cone,0.15625,1.0,9.992007221626409e-16,1
VeriQBench-dynamic,dqc_qft_11,veriqbench/dynamic/qft/dqc_qft_11.qasm,11,76,1,0,QSlice-full,0.02631578947368421,1.0,1.1102230246251565e-15,1
VeriQBench-dynamic,dqc_qft_11,veriqbench/dynamic/qft/dqc_qft_11.qasm,11,76,1,0,QDG-no-ED,0.02631578947368421,1.0,1.1102230246251565e-15,1
VeriQBench-dynamic,dqc_qft_11,veriqbench/dynamic/qft/dqc_qft_11.qasm,11,76,1,0,QDG-no-MD,0.013157894736842105,0.500000000000001,0.5,0
VeriQBench-dynamic,dqc_qft_11,veriqbench/dynamic/qft/dqc_qft_11.qasm,11,76,1,0,QDG-no-UED,0.02631578947368421,1.0,1.1102230246251565e-15,1
VeriQBench-dynamic,dqc_qft_11,veriqbench/dynamic/qft/dqc_qft_11.qasm,11,76,1,0,QDG-no-CD,0.02631578947368421,1.0,1.1102230246251565e-15,1
VeriQBench-dynamic,dqc_qft_11,veriqbench/dynamic/qft/dqc_qft_11.qasm,11,76,1,0,Classical PDG,0.013157894736842105,0.500000000000001,0.5,0
VeriQBench-dynamic,dqc_qft_11,veriqbench/dynamic/qft/dqc_qft_11.qasm,11,76,1,0,Causal-cone,0.013157894736842105,0.500000000000001,0.5,0
VeriQBench-dynamic,dqc_qft_11,veriqbench/dynamic/qft/dqc_qft_11.qasm,11,76,1,1,QSlice-full,0.06578947368421052,1.0,1.1102230246251565e-15,1
VeriQBench-dynamic,dqc_qft_11,veriqbench/dynamic/qft/dqc_qft_11.qasm,11,76,1,1,QDG-no-ED,0.06578947368421052,1.0,1.1102230246251565e-15,1
VeriQBench-dynamic,dqc_qft_11,veriqbench/dynamic/qft/dqc_qft_11.qasm,11,76,1,1,QDG-no-MD,0.013157894736842105,0.500000000000001,0.5,0
VeriQBench-dynamic,dqc_qft_11,veriqbench/dynamic/qft/dqc_qft_11.qasm,11,76,1,1,QDG-no-UED,0.02631578947368421,1.0,1.1102230246251565e-15,1
VeriQBench-dynamic,dqc_qft_11,veriqbench/dynamic/qft/dqc_qft_11.qasm,11,76,1,1,QDG-no-CD,0.039473684210526314,1.0,1.1102230246251565e-15,1
VeriQBench-dynamic,dqc_qft_11,veriqbench/dynamic/qft/dqc_qft_11.qasm,11,76,1,1,Classical PDG,0.013157894736842105,0.500000000000001,0.5,0
VeriQBench-dynamic,dqc_qft_11,veriqbench/dynamic/qft/dqc_qft_11.qasm,11,76,1,1,Causal-cone,0.013157894736842105,0.500000000000001,0.5,0
VeriQBench-dynamic,dqc_qft_11,veriqbench/dynamic/qft/dqc_qft_11.qasm,11,76,1,2,QSlice-full,0.11842105263157894,1.0,1.1102230246251565e-15,1
VeriQBench-dynamic,dqc_qft_11,veriqbench/dynamic/qft/dqc_qft_11.qasm,11,76,1,2,QDG-no-ED,0.11842105263157894,1.0,1.1102230246251565e-15,1
VeriQBench-dynamic,dqc_qft_11,veriqbench/dynamic/qft/dqc_qft_11.qasm,11,76,1,2,QDG-no-MD,0.013157894736842105,0.500000000000001,0.5,0
VeriQBench-dynamic,dqc_qft_11,veriqbench/dynamic/qft/dqc_qft_11.qasm,11,76,1,2,QDG-no-UED,0.02631578947368421,1.0,1.1102230246251565e-15,1
VeriQBench-dynamic,dqc_qft_11,veriqbench/dynamic/qft/dqc_qft_11.qasm,11,76,1,2,QDG-no-CD,0.039473684210526314,1.0,1.1102230246251565e-15,1
VeriQBench-dynamic,dqc_qft_11,veriqbench/dynamic/qft/dqc_qft_11.qasm,11,76,1,2,Classical PDG,0.013157894736842105,0.500000000000001,0.5,0
VeriQBench-dynamic,dqc_qft_11,veriqbench/dynamic/qft/dqc_qft_11.qasm,11,76,1,2,Causal-cone,0.013157894736842105,0.500000000000001,0.5,0
VeriQBench-dynamic,dqc_qft_11,veriqbench/dynamic/qft/dqc_qft_11.qasm,11,76,1,3,QSlice-full,0.18421052631578946,1.0,1.1102230246251565e-15,1
VeriQBench-dynamic,dqc_qft_11,veriqbench/dynamic/qft/dqc_qft_11.qasm,11,76,1,3,QDG-no-ED,0.18421052631578946,1.0,1.1102230246251565e-15,1
VeriQBench-dynamic,dqc_qft_11,veriqbench/dynamic/qft/dqc_qft_11.qasm,11,76,1,3,QDG-no-MD,0.013157894736842105,0.500000000000001,0.5,0
VeriQBench-dynamic,dqc_qft_11,veriqbench/dynamic/qft/dqc_qft_11.qasm,11,76,1,3,QDG-no-UED,0.02631578947368421,1.0,1.1102230246251565e-15,1
VeriQBench-dynamic,dqc_qft_11,veriqbench/dynamic/qft/dqc_qft_11.qasm,11,76,1,3,QDG-no-CD,0.039473684210526314,1.0,1.1102230246251565e-15,1
VeriQBench-dynamic,dqc_qft_11,veriqbench/dynamic/qft/dqc_qft_11.qasm,11,76,1,3,Classical PDG,0.013157894736842105,0.500000000000001,0.5,0
VeriQBench-dynamic,dqc_qft_11,veriqbench/dynamic/qft/dqc_qft_11.qasm,11,76,1,3,Causal-cone,0.013157894736842105,0.500000000000001,0.5,0
VeriQBench-dynamic,dqc_qft_11,veriqbench/dynamic/qft/dqc_qft_11.qasm,11,76,1,4,QSlice-full,0.2631578947368421,1.0,1.2212453270876722e-15,1
VeriQBench-dynamic,dqc_qft_11,veriqbench/dynamic/qft/dqc_qft_11.qasm,11,76,1,4,QDG-no-ED,0.2631578947368421,1.0,1.2212453270876722e-15,1
VeriQBench-dynamic,dqc_qft_11,veriqbench/dynamic/qft/dqc_qft_11.qasm,11,76,1,4,QDG-no-MD,0.013157894736842105,0.500000000000001,0.5,0
VeriQBench-dynamic,dqc_qft_11,veriqbench/dynamic/qft/dqc_qft_11.qasm,11,76,1,4,QDG-no-UED,0.02631578947368421,1.0,1.1102230246251565e-15,1
VeriQBench-dynamic,dqc_qft_11,veriqbench/dynamic/qft/dqc_qft_11.qasm,11,76,1,4,QDG-no-CD,0.039473684210526314,1.0,1.1102230246251565e-15,1
VeriQBench-dynamic,dqc_qft_11,veriqbench/dynamic/qft/dqc_qft_11.qasm,11,76,1,4,Classical PDG,0.013157894736842105,0.500000000000001,0.5,0
VeriQBench-dynamic,dqc_qft_11,veriqbench/dynamic/qft/dqc_qft_11.qasm,11,76,1,4,Causal-cone,0.013157894736842105,0.500000000000001,0.5,0
VeriQBench-dynamic,dqc_qft_11,veriqbench/dynamic/qft/dqc_qft_11.qasm,11,76,1,5,QSlice-full,0.35526315789473684,1.0,8.881784197001252e-16,1
VeriQBench-dynamic,dqc_qft_11,veriqbench/dynamic/qft/dqc_qft_11.qasm,11,76,1,5,QDG-no-ED,0.35526315789473684,1.0,8.881784197001252e-16,1
VeriQBench-dynamic,dqc_qft_11,veriqbench/dynamic/qft/dqc_qft_11.qasm,11,76,1,5,QDG-no-MD,0.013157894736842105,0.500000000000001,0.5,0
VeriQBench-dynamic,dqc_qft_11,veriqbench/dynamic/qft/dqc_qft_11.qasm,11,76,1,5,QDG-no-UED,0.02631578947368421,1.0,1.1102230246251565e-15,1
VeriQBench-dynamic,dqc_qft_11,veriqbench/dynamic/qft/dqc_qft_11.qasm,11,76,1,5,QDG-no-CD,0.039473684210526314,1.0,1.1102230246251565e-15,1
VeriQBench-dynamic,dqc_qft_11,veriqbench/dynamic/qft/dqc_qft_11.qasm,11,76,1,5,Classical PDG,0.013157894736842105,0.500000000000001,0.5,0
VeriQBench-dynamic,dqc_qft_11,veriqbench/dynamic/qft/dqc_qft_11.qasm,11,76,1,5,Causal-cone,0.013157894736842105,0.500000000000001,0.5,0
VeriQBench-dynamic,dqc_qft_11,veriqbench/dynamic/qft/dqc_qft_11.qasm,11,76,1,6,QSlice-full,0.4605263157894737,1.0,5.551115123125783e-16,1
VeriQBench-dynamic,dqc_qft_11,veriqbench/dynamic/qft/dqc_qft_11.qasm,11,76,1,6,QDG-no-ED,0.4605263157894737,1.0,5.551115123125783e-16,1
VeriQBench-dynamic,dqc_qft_11,veriqbench/dynamic/qft/dqc_qft_11.qasm,11,76,1,6,QDG-no-MD,0.013157894736842105,0.500000000000001,0.5,0
VeriQBench-dynamic,dqc_qft_11,veriqbench/dynamic/qft/dqc_qft_11.qasm,11,76,1,6,QDG-no-UED,0.02631578947368421,1.0,1.1102230246251565e-15,1
VeriQBench-dynamic,dqc_qft_11,veriqbench/dynamic/qft/dqc_qft_11.qasm,11,76,1,6,QDG-no-CD,0.039473684210526314,1.0,1.1102230246251565e-15,1
VeriQBench-dynamic,dqc_qft_11,veriqbench/dynamic/qft/dqc_qft_11.qasm,11,76,1,6,Classical PDG,0.013157894736842105,0.500000000000001,0.5,0
VeriQBench-dynamic,dqc_qft_11,veriqbench/dynamic/qft/dqc_qft_11.qasm,11,76,1,6,Causal-cone,0.013157894736842105,0.500000000000001,0.5,0
VeriQBench-dynamic,dqc_qft_11,veriqbench/dynamic/qft/dqc_qft_11.qasm,11,76,1,7,QSlice-full,0.5789473684210527,1.0,3.3306690738754696e-16,1
VeriQBench-dynamic,dqc_qft_11,veriqbench/dynamic/qft/dqc_qft_11.qasm,11,76,1,7,QDG-no-ED,0.5789473684210527,1.0,3.3306690738754696e-16,1
VeriQBench-dynamic,dqc_qft_11,veriqbench/dynamic/qft/dqc_qft_11.qasm,11,76,1,7,QDG-no-MD,0.013157894736842105,0.500000000000001,0.5,0
VeriQBench-dynamic,dqc_qft_11,veriqbench/dynamic/qft/dqc_qft_11.qasm,11,76,1,7,QDG-no-UED,0.02631578947368421,1.0,1.1102230246251565e-15,1
VeriQBench-dynamic,dqc_qft_11,veriqbench/dynamic/qft/dqc_qft_11.qasm,11,76,1,7,QDG-no-CD,0.039473684210526314,1.0,1.1102230246251565e-15,1
VeriQBench-dynamic,dqc_qft_11,veriqbench/dynamic/qft/dqc_qft_11.qasm,11,76,1,7,Classical PDG,0.013157894736842105,0.500000000000001,0.5,0
VeriQBench-dynamic,dqc_qft_11,veriqbench/dynamic/qft/dqc_qft_11.qasm,11,76,1,7,Causal-cone,0.013157894736842105,0.500000000000001,0.5,0
VeriQBench-dynamic,dqc_qft_11,veriqbench/dynamic/qft/dqc_qft_11.qasm,11,76,1,8,QSlice-full,0.7105263157894737,1.0,3.3306690738754696e-16,1
VeriQBench-dynamic,dqc_qft_11,veriqbench/dynamic/qft/dqc_qft_11.qasm,11,76,1,8,QDG-no-ED,0.7105263157894737,1.0,3.3306690738754696e-16,1
VeriQBench-dynamic,dqc_qft_11,veriqbench/dynamic/qft/dqc_qft_11.qasm,11,76,1,8,QDG-no-MD,0.013157894736842105,0.500000000000001,0.5,0
VeriQBench-dynamic,dqc_qft_11,veriqbench/dynamic/qft/dqc_qft_11.qasm,11,76,1,8,QDG-no-UED,0.02631578947368421,1.0,1.1102230246251565e-15,1
VeriQBench-dynamic,dqc_qft_11,veriqbench/dynamic/qft/dqc_qft_11.qasm,11,76,1,8,QDG-no-CD,0.039473684210526314,1.0,1.1102230246251565e-15,1
VeriQBench-dynamic,dqc_qft_11,veriqbench/dynamic/qft/dqc_qft_11.qasm,11,76,1,8,Classical PDG,0.013157894736842105,0.500000000000001,0.5,0
VeriQBench-dynamic,dqc_qft_11,veriqbench/dynamic/qft/dqc_qft_11.qasm,11,76,1,8,Causal-cone,0.013157894736842105,0.500000000000001,0.5,0
VeriQBench-dynamic,dqc_qft_11,veriqbench/dynamic/qft/dqc_qft_11.qasm,11,76,1,9,QSlice-full,0.8552631578947368,1.0,1.1102230246251565e-16,1
VeriQBench-dynamic,dqc_qft_11,veriqbench/dynamic/qft/dqc_qft_11.qasm,11,76,1,9,QDG-no-ED,0.8552631578947368,1.0,1.1102230246251565e-16,1
VeriQBench-dynamic,dqc_qft_11,veriqbench/dynamic/qft/dqc_qft_11.qasm,11,76,1,9,QDG-no-MD,0.013157894736842105,0.500000000000001,0.5,0
VeriQBench-dynamic,dqc_qft_11,veriqbench/dynamic/qft/dqc_qft_11.qasm,11,76,1,9,QDG-no-UED,0.02631578947368421,1.0,1.1102230246251565e-15,1
VeriQBench-dynamic,dqc_qft_11,veriqbench/dynamic/qft/dqc_qft_11.qasm,11,76,1,9,QDG-no-CD,0.039473684210526314,1.0,1.1102230246251565e-15,1
VeriQBench-dynamic,dqc_qft_11,veriqbench/dynamic/qft/dqc_qft_11.qasm,11,76,1,9,Classical PDG,0.013157894736842105,0.500000000000001,0.5,0
VeriQBench-dynamic,dqc_qft_11,veriqbench/dynamic/qft/dqc_qft_11.qasm,11,76,1,9,Causal-cone,0.013157894736842105,0.500000000000001,0.5,0
VeriQBench-dynamic,dqc_qft_11,veriqbench/dynamic/qft/dqc_qft_11.qasm,11,76,1,10,QSlice-full,1.0,1.0,0.0,1
VeriQBench-dynamic,dqc_qft_11,veriqbench/dynamic/qft/dqc_qft_11.qasm,11,76,1,10,QDG-no-ED,1.0,1.0,0.0,1
VeriQBench-dynamic,dqc_qft_11,veriqbench/dynamic/qft/dqc_qft_11.qasm,11,76,1,10,QDG-no-MD,0.27631578947368424,1.0,1.1102230246251565e-15,1
VeriQBench-dynamic,dqc_qft_11,veriqbench/dynamic/qft/dqc_qft_11.qasm,11,76,1,10,QDG-no-UED,0.40789473684210525,1.0,0.0,1
VeriQBench-dynamic,dqc_qft_11,veriqbench/dynamic/qft/dqc_qft_11.qasm,11,76,1,10,QDG-no-CD,0.14473684210526316,1.0,1.1102230246251565e-15,1
VeriQBench-dynamic,dqc_qft_11,veriqbench/dynamic/qft/dqc_qft_11.qasm,11,76,1,10,Classical PDG,0.14473684210526316,1.0,1.1102230246251565e-15,1
VeriQBench-dynamic,dqc_qft_11,veriqbench/dynamic/qft/dqc_qft_11.qasm,11,76,1,10,Causal-cone,0.14473684210526316,1.0,1.1102230246251565e-15,1
VeriQBench-dynamic,dqc_qft_12,veriqbench/dynamic/qft/dqc_qft_12.qasm,12,89,1,0,QSlice-full,0.02247191011235955,1.0,1.2212453270876722e-15,1
VeriQBench-dynamic,dqc_qft_12,veriqbench/dynamic/qft/dqc_qft_12.qasm,12,89,1,0,QDG-no-ED,0.02247191011235955,1.0,1.2212453270876722e-15,1
VeriQBench-dynamic,dqc_qft_12,veriqbench/dynamic/qft/dqc_qft_12.qasm,12,89,1,0,QDG-no-MD,0.011235955056179775,0.5000000000000011,0.5,0
VeriQBench-dynamic,dqc_qft_12,veriqbench/dynamic/qft/dqc_qft_12.qasm,12,89,1,0,QDG-no-UED,0.02247191011235955,1.0,1.2212453270876722e-15,1
VeriQBench-dynamic,dqc_qft_12,veriqbench/dynamic/qft/dqc_qft_12.qasm,12,89,1,0,QDG-no-CD,0.02247191011235955,1.0,1.2212453270876722e-15,1
VeriQBench-dynamic,dqc_qft_12,veriqbench/dynamic/qft/dqc_qft_12.qasm,12,89,1,0,Classical PDG,0.011235955056179775,0.5000000000000011,0.5,0
VeriQBench-dynamic,dqc_qft_12,veriqbench/dynamic/qft/dqc_qft_12.qasm,12,89,1,0,Causal-cone,0.011235955056179775,0.5000000000000011,0.5,0
VeriQBench-dynamic,dqc_qft_12,veriqbench/dynamic/qft/dqc_qft_12.qasm,12,89,1,1,QSlice-full,0.056179775280898875,1.0,1.2212453270876722e-15,1
VeriQBench-dynamic,dqc_qft_12,veriqbench/dynamic/qft/dqc_qft_12.qasm,12,89,1,1,QDG-no-ED,0.056179775280898875,1.0,1.2212453270876722e-15,1
VeriQBench-dynamic,dqc_qft_12,veriqbench/dynamic/qft/dqc_qft_12.qasm,12,89,1,1,QDG-no-MD,0.011235955056179775,0.5000000000000011,0.5,0
VeriQBench-dynamic,dqc_qft_12,veriqbench/dynamic/qft/dqc_qft_12.qasm,12,89,1,1,QDG-no-UED,0.02247191011235955,1.0,1.2212453270876722e-15,1
VeriQBench-dynamic,dqc_qft_12,veriqbench/dynamic/qft/dqc_qft_12.qasm,12,89,1,1,QDG-no-CD,0.033707865168539325,1.0,1.2212453270876722e-15,1
VeriQBench-dynamic,dqc_qft_12,veriqbench/dynamic/qft/dqc_qft_12.qasm,12,89,1,1,Classical PDG,0.011235955056179775,0.5000000000000011,0.5,0
VeriQBench-dynamic,dqc_qft_12,veriqbench/dynamic/qft/dqc_qft_12.qasm,12,89,1,1,Causal-cone,0.011235955056179775,0.5000000000000011,0.5,0
VeriQBench-dynamic,dqc_qft_12,veriqbench/dynamic/qft/dqc_qft_12.qasm,12,89,1,2,QSlice-full,0.10112359550561797,1.0,1.2212453270876722e-15,1
VeriQBench-dynamic,dqc_qft_12,veriqbench/dynamic/qft/dqc_qft_12.qasm,12,89,1,2,QDG-no-ED,0.10112359550561797,1.0,1.2212453270876722e-15,1
VeriQBench-dynamic,dqc_qft_12,veriqbench/dynamic/qft/dqc_qft_12.qasm,12,89,1,2,QDG-no-MD,0.011235955056179775,0.5000000000000011,0.5,0
VeriQBench-dynamic,dqc_qft_12,veriqbench/dynamic/qft/dqc_qft_12.qasm,12,89,1,2,QDG-no-UED,0.02247191011235955,1.0,1.2212453270876722e-15,1
VeriQBench-dynamic,dqc_qft_12,veriqbench/dynamic/qft/dqc_qft_12.qasm,12,89,1,2,QDG-no-CD,0.033707865168539325,1.0,1.2212453270876722e-15,1
VeriQBench-dynamic,dqc_qft_12,veriqbench/dynamic/qft/dqc_qft_12.qasm,12,89,1,2,Classical PDG,0.011235955056179775,0.5000000000000011,0.5,0
VeriQBench-dynamic,dqc_qft_12,veriqbench/dynamic/qft/dqc_qft_12.qasm,12,89,1,2,Causal-cone,0.011235955056179775,0.5000000000000011,0.5,0
VeriQBench-dynamic,dqc_qft_12,veriqbench/dynamic/qft/dqc_qft_12.qasm,12,89,1,3,QSlice-full,0.15730337078651685,1.0,1.2212453270876722e-15,1
VeriQBench-dynamic,dqc_qft_12,veriqbench/dynamic/qft/dqc_qft_12.qasm,12,89,1,3,QDG-no-ED,0.15730337078651685,1.0,1.2212453270876722e-15,1
VeriQBench-dynamic,dqc_qft_12,veriqbench/dynamic/qft/dqc_qft_12.qasm,12,89,1,3,QDG-no-MD,0.011235955056179775,0.5000000000000011,0.5,0
VeriQBench-dynamic,dqc_qft_12,veriqbench/dynamic/qft/dqc_qft_12.qasm,12,89,1,3,QDG-no-UED,0.02247191011235955,1.0,1.2212453270876722e-15,1
VeriQBench-dynamic,dqc_qft_12,veriqbench/dynamic/qft/dqc_qft_12.qasm,12,89,1,3,QDG-no-CD,0.033707865168539325,1.0,1.2212453270876722e-15,1
VeriQBench-dynamic,dqc_qft_12,veriqbench/dynamic/qft/dqc_qft_12.qasm,12,89,1,3,Classical PDG,0.011235955056179775,0.5000000000000011,0.5,0
VeriQBench-dynamic,dqc_qft_12,veriqbench/dynamic/qft/dqc_qft_12.qasm,12,89,1,3,Causal-cone,0.011235955056179775,0.5000000000000011,0.5,0
VeriQBench-dynamic,dqc_qft_12,veriqbench/dynamic/qft/dqc_qft_12.qasm,12,89,1,4,QSlice-full,0.2247191011235955,1.0,1.3322676295501878e-15,1
VeriQBench-dynamic,dqc_qft_12,veriqbench/dynamic/qft/dqc_qft_12.qasm,12,89,1,4,QDG-no-ED,0.2247191011235955,1.0,1.3322676295501878e-15,1
VeriQBench-dynamic,dqc_qft_12,veriqbench/dynamic/qft/dqc_qft_12.qasm,12,89,1,4,QDG-no-MD,0.011235955056179775,0.5000000000000011,0.5,0
VeriQBench-dynamic,dqc_qft_12,veriqbench/dynamic/qft/dqc_qft_12.qasm,12,89,1,4,QDG-no-UED,0.02247191011235955,1.0,1.2212453270876722e-15,1
VeriQBench-dynamic,dqc_qft_12,veriqbench/dynamic/qft/dqc_qft_12.qasm,12,89,1,4,QDG-no-CD,0.033707865168539325,1.0,1.2212453270876722e-15,1
VeriQBench-dynamic,dqc_qft_12,veriqbench/dynamic/qft/dqc_qft_12.qasm,12,89,1,4,Classical PDG,0.011235955056179775,0.5000000000000011,0.5,0
VeriQBench-dynamic,dqc_qft_12,veriqbench/dynamic/qft/dqc_qft_12.qasm,12,89,1,4,Causal-cone,0.011235955056179775,0.5000000000000011,0.5,0
VeriQBench-dynamic,dqc_qft_12,veriqbench/dynamic/qft/dqc_qft_12.qasm,12,89,1,5,QSlice-full,0.30337078651685395,1.0,9.992007221626409e-16,1
VeriQBench-dynamic,dqc_qft_12,veriqbench/dynamic/qft/dqc_qft_12.qasm,12,89,1,5,QDG-no-ED,0.30337078651685395,1.0,9.992007221626409e-16,1
VeriQBench-dynamic,dqc_qft_12,veriqbench/dynamic/qft/dqc_qft_12.qasm,12,89,1,5,QDG-no-MD,0.011235955056179775,0.5000000000000011,0.5,0
VeriQBench-dynamic,dqc_qft_12,veriqbench/dynamic/qft/dqc_qft_12.qasm,12,89,1,5,QDG-no-UED,0.02247191011235955,1.0,1.2212453270876722e-15,1
VeriQBench-dynamic,dqc_qft_12,veriqbench/dynamic/qft/dqc_qft_12.qasm,12,89,1,5,QDG-no-CD,0.033707865168539325,1.0,1.2212453270876722e-15,1
VeriQBench-dynamic,dqc_qft_12,veriqbench/dynamic/qft/dqc_qft_12.qasm,12,89,1,5,Classical PDG,0.011235955056179775,0.5000000000000011,0.5,0
VeriQBench-dynamic,dqc_qft_12,veriqbench/dynamic/qft/dqc_qft_12.qasm,12,89,1,5,Causal-cone,0.011235955056179775,0.5000000000000011,0.5,0
VeriQBench-dynamic,dqc_qft_12,veriqbench/dynamic/qft/dqc_qft_12.qasm,12,89,1,6,QSlice-full,0.39325842696629215,1.0,6.661338147750939e-16,1
VeriQBench-dynamic,dqc_qft_12,veriqbench/dynamic/qft/dqc_qft_12.qasm,12,89,1,6,QDG-no-ED,0.39325842696629215,1.0,6.661338147750939e-16,1
VeriQBench-dynamic,dqc_qft_12,veriqbench/dynamic/qft/dqc_qft_12.qasm,12,89,1,6,QDG-no-MD,0.011235955056179775,0.5000000000000011,0.5,0
VeriQBench-dynamic,dqc_qft_12,veriqbench/dynamic/qft/dqc_qft_12.qasm,12,89,1,6,QDG-no-UED,0.02247191011235955,1.0,1.2212453270876722e-15,1
VeriQBench-dynamic,dqc_qft_12,veriqbench/dynamic/qft/dqc_qft_12.qasm,12,89,1,6,QDG-no-CD,0.033707865168539325,1.0,1.2212453270876722e-15,1
VeriQBench-dynamic,dqc_qft_12,veriqbench/dynamic/qft/dqc_qft_12.qasm,12,89,1,6,Classical PDG,0.011235955056179775,0.5000000000000011,0.5,0
VeriQBench-dynamic,dqc_qft_12,veriqbench/dynamic/qft/dqc_qft_12.qasm,12,89,1,6,Causal-cone,0.011235955056179775,0.5000000000000011,0.5,0
VeriQBench-dynamic,dqc_qft_12,veriqbench/dynamic/qft/dqc_qft_12.qasm,12,89,1,7,QSlice-full,0.4943820224719101,1.0,4.440892098500626e-16,1
VeriQBench-dynamic,dqc_qft_12,veriqbench/dynamic/qft/dqc_qft_12.qasm,12,89,1,7,QDG-no-ED,0.4943820224719101,1.0,4.440892098500626e-16,1
VeriQBench-dynamic,dqc_qft_12,veriqbench/dynamic/qft/dqc_qft_12.qasm,12,89,1,7,QDG-no-MD,0.011235955056179775,0.5000000000000011,0.5,0
VeriQBench-dynamic,dqc_qft_12,veriqbench/dynamic/qft/dqc_qft_12.qasm,12,89,1,7,QDG-no-UED,0.02247191011235955,1.0,1.2212453270876722e-15,1
VeriQBench-dynamic,dqc_qft_12,veriqbench/dynamic/qft/dqc_qft_12.qasm,12,89,1,7,QDG-no-CD,0.033707865168539325,1.0,1.2212453270876722e-15,1
VeriQBench-dynamic,dqc_qft_12,veriqbench/dynamic/qft/dqc_qft_12.qasm,12,89,1,7,Classical PDG,0.011235955056179775,0.5000000000000011,0.5,0
VeriQBench-dynamic,dqc_qft_12,veriqbench/dynamic/qft/dqc_qft_12.qasm,12,89,1,7,Causal-cone,0.011235955056179775,0.5000000000000011,0.5,0
VeriQBench-dynamic,dqc_qft_12,veriqbench/dynamic/qft/dqc_qft_12.qasm,12,89,1,8,QSlice-full,0.6067415730337079,1.0,4.440892098500626e-16,1
VeriQBench-dynamic,dqc_qft_12,veriqbench/dynamic/qft/dqc_qft_12.qasm,12,89,1,8,QDG-no-ED,0.6067415730337079,1.0,4.440892098500626e-16,1
VeriQBench-dynamic,dqc_qft_12,veriqbench/dynamic/qft/dqc_qft_12.qasm,12,89,1,8,QDG-no-MD,0.011235955056179775,0.5000000000000011,0.5,0
VeriQBench-dynamic,dqc_qft_12,veriqbench/dynamic/qft/dqc_qft_12.qasm,12,89,1,8,QDG-no-UED,0.02247191011235955,1.0,1.2212453270876722e-15,1
VeriQBench-dynamic,dqc_qft_12,veriqbench/dynamic/qft/dqc_qft_12.qasm,12,89,1,8,QDG-no-CD,0.033707865168539325,1.0,1.2212453270876722e-15,1
VeriQBench-dynamic,dqc_qft_12,veriqbench/dynamic/qft/dqc_qft_12.qasm,12,89,1,8,Classical PDG,0.011235955056179775,0.5000000000000011,0.5,0
VeriQBench-dynamic,dqc_qft_12,veriqbench/dynamic/qft/dqc_qft_12.qasm,12,89,1,8,Causal-cone,0.011235955056179775,0.5000000000000011,0.5,0
VeriQBench-dynamic,dqc_qft_12,veriqbench/dynamic/qft/dqc_qft_12.qasm,12,89,1,9,QSlice-full,0.7303370786516854,1.0,2.220446049250313e-16,1
VeriQBench-dynamic,dqc_qft_12,veriqbench/dynamic/qft/dqc_qft_12.qasm,12,89,1,9,QDG-no-ED,0.7303370786516854,1.0,2.220446049250313e-16,1
VeriQBench-dynamic,dqc_qft_12,veriqbench/dynamic/qft/dqc_qft_12.qasm,12,89,1,9,QDG-no-MD,0.011235955056179775,0.5000000000000011,0.5,0
VeriQBench-dynamic,dqc_qft_12,veriqbench/dynamic/qft/dqc_qft_12.qasm,12,89,1,9,QDG-no-UED,0.02247191011235955,1.0,1.2212453270876722e-15,1
VeriQBench-dynamic,dqc_qft_12,veriqbench/dynamic/qft/dqc_qft_12.qasm,12,89,1,9,QDG-no-CD,0.033707865168539325,1.0,1.2212453270876722e-15,1
VeriQBench-dynamic,dqc_qft_12,veriqbench/dynamic/qft/dqc_qft_12.qasm,12,89,1,9,Classical PDG,0.011235955056179775,0.5000000000000011,0.5,0
VeriQBench-dynamic,dqc_qft_12,veriqbench/dynamic/qft/dqc_qft_12.qasm,12,89,1,9,Causal-cone,0.011235955056179775,0.5000000000000011,0.5,0
VeriQBench-dynamic,dqc_qft_12,veriqbench/dynamic/qft/dqc_qft_12.qasm,12,89,1,10,QSlice-full,0.8651685393258427,1.0,1.1102230246251565e-16,1
VeriQBench-dynamic,dqc_qft_12,veriqbench/dynamic/qft/dqc_qft_12.qasm,12,89,1,10,QDG-no-ED,0.8651685393258427,1.0,1.1102230246251565e-16,1
VeriQBench-dynamic,dqc_qft_12,veriqbench/dynamic/qft/dqc_qft_12.qasm,12,89,1,10,QDG-no-MD,0.011235955056179775,0.5000000000000011,0.5,0
VeriQBench-dynamic,dqc_qft_12,veriqbench/dynamic/qft/dqc_qft_12.qasm,12,89,1,10,QDG-no-UED,0.02247191011235955,1.0,1.2212453270876722e-15,1
VeriQBench-dynamic,dqc_qft_12,veriqbench/dynamic/qft/dqc_qft_12.qasm,12,89,1,10,QDG-no-CD,0.033707865168539325,1.0,1.2212453270876722e-15,1
VeriQBench-dynamic,dqc_qft_12,veriqbench/dynamic/qft/dqc_qft_12.qasm,12,89,1,10,Classical PDG,0.011235955056179775,0.5000000000000011,0.5,0
VeriQBench-dynamic,dqc_qft_12,veriqbench/dynamic/qft/dqc_qft_12.qasm,12,89,1,10,Causal-cone,0.011235955056179775,0.5000000000000011,0.5,0
VeriQBench-dynamic,dqc_qft_12,veriqbench/dynamic/qft/dqc_qft_12.qasm,12,89,1,11,QSlice-full,1.0,1.0,0.0,1
VeriQBench-dynamic,dqc_qft_12,veriqbench/dynamic/qft/dqc_qft_12.qasm,12,89,1,11,QDG-no-ED,1.0,1.0,0.0,1
VeriQBench-dynamic,dqc_qft_12,veriqbench/dynamic/qft/dqc_qft_12.qasm,12,89,1,11,QDG-no-MD,0.25842696629213485,1.0,1.2212453270876722e-15,1
VeriQBench-dynamic,dqc_qft_12,veriqbench/dynamic/qft/dqc_qft_12.qasm,12,89,1,11,QDG-no-UED,0.38202247191011235,1.0,0.0,1
VeriQBench-dynamic,dqc_qft_12,veriqbench/dynamic/qft/dqc_qft_12.qasm,12,89,1,11,QDG-no-CD,0.1348314606741573,1.0,1.2212453270876722e-15,1
VeriQBench-dynamic,dqc_qft_12,veriqbench/dynamic/qft/dqc_qft_12.qasm,12,89,1,11,Classical PDG,0.1348314606741573,1.0,1.2212453270876722e-15,1
VeriQBench-dynamic,dqc_qft_12,veriqbench/dynamic/qft/dqc_qft_12.qasm,12,89,1,11,Causal-cone,0.1348314606741573,1.0,1.2212453270876722e-15,1
VeriQBench-dynamic,dqc_qft_13,veriqbench/dynamic/qft/dqc_qft_13.qasm,13,103,1,0,QSlice-full,0.019417475728155338,1.0,1.3322676295501878e-15,1
VeriQBench-dynamic,dqc_qft_13,veriqbench/dynamic/qft/dqc_qft_13.qasm,13,103,1,0,QDG-no-ED,0.019417475728155338,1.0,1.3322676295501878e-15,1
VeriQBench-dynamic,dqc_qft_13,veriqbench/dynamic/qft/dqc_qft_13.qasm,13,103,1,0,QDG-no-MD,0.009708737864077669,0.5000000000000012,0.5,0
VeriQBench-dynamic,dqc_qft_13,veriqbench/dynamic/qft/dqc_qft_13.qasm,13,103,1,0,QDG-no-UED,0.019417475728155338,1.0,1.3322676295501878e-15,1
VeriQBench-dynamic,dqc_qft_13,veriqbench/dynamic/qft/dqc_qft_13.qasm,13,103,1,0,QDG-no-CD,0.019417475728155338,1.0,1.3322676295501878e-15,1
VeriQBench-dynamic,dqc_qft_13,veriqbench/dynamic/qft/dqc_qft_13.qasm,13,103,1,0,Classical PDG,0.009708737864077669,0.5000000000000012,0.5,0
VeriQBench-dynamic,dqc_qft_13,veriqbench/dynamic/qft/dqc_qft_13.qasm,13,103,1,0,Causal-cone,0.009708737864077669,0.5000000000000012,0.5,0
VeriQBench-dynamic,dqc_qft_13,veriqbench/dynamic/qft/dqc_qft_13.qasm,13,103,1,1,QSlice-full,0.04854368932038835,1.0,1.3322676295501878e-15,1
VeriQBench-dynamic,dqc_qft_13,veriqbench/dynamic/qft/dqc_qft_13.qasm,13,103,1,1,QDG-no-ED,0.04854368932038835,1.0,1.3322676295501878e-15,1
VeriQBench-dynamic,dqc_qft_13,veriqbench/dynamic/qft/dqc_qft_13.qasm,13,103,1,1,QDG-no-MD,0.009708737864077669,0.5000000000000012,0.5,0
VeriQBench-dynamic,dqc_qft_13,veriqbench/dynamic/qft/dqc_qft_13.qasm,13,103,1,1,QDG-no-UED,0.019417475728155338,1.0,1.3322676295501878e-15,1
VeriQBench-dynamic,dqc_qft_13,veriqbench/dynamic/qft/dqc_qft_13.qasm,13,103,1,1,QDG-no-CD,0.02912621359223301,1.0,1.3322676295501878e-15,1
VeriQBench-dynamic,dqc_qft_13,veriqbench/dynamic/qft/dqc_qft_13.qasm,13,103,1,1,Classical PDG,0.009708737864077669,0.5000000000000012,0.5,0
VeriQBench-dynamic,dqc_qft_13,veriqbench/dynamic/qft/dqc_qft_13.qasm,13,103,1,1,Causal-cone,0.009708737864077669,0.5000000000000012,0.5,0
VeriQBench-dynamic,dqc_qft_13,veriqbench/dynamic/qft/dqc_qft_13.qasm,13,103,1,2,QSlice-full,0.08737864077669903,1.0,1.3322676295501878e-15,1
VeriQBench-dynamic,dqc_qft_13,veriqbench/dynamic/qft/dqc_qft_13.qasm,13,103,1,2,QDG-no-ED,0.08737864077669903,1.0,1.3322676295501878e-15,1
VeriQBench-dynamic,dqc_qft_13,veriqbench/dynamic/qft/dqc_qft_13.qasm,13,103,1,2,QDG-no-MD,0.009708737864077669,0.5000000000000012,0.5,0
VeriQBench-dynamic,dqc_qft_13,veriqbench/dynamic/qft/dqc_qft_13.qasm,13,103,1,2,QDG-no-UED,0.019417475728155338,1.0,1.3322676295501878e-15,1
VeriQBench-dynamic,dqc_qft_13,veriqbench/dynamic/qft/dqc_qft_13.qasm,13,103,1,2,QDG-no-CD,0.02912621359223301,1.0,1.3322676295501878e-15,1
VeriQBench-dynamic,dqc_qft_13,veriqbench/dynamic/qft/dqc_qft_13.qasm,13,103,1,2,Classical PDG,0.009708737864077669,0.5000000000000012,0.5,0
VeriQBench-dynamic,dqc_qft_13,veriqbench/dynamic/qft/dqc_qft_13.qasm,13,103,1,2,Causal-cone,0.009708737864077669,0.5000000000000012,0.5,0
VeriQBench-dynamic,dqc_qft_13,veriqbench/dynamic/qft/dqc_qft_13.qasm,13,103,1,3,QSlice-full,0.13592233009708737,1.0,1.3322676295501878e-15,1
VeriQBench-dynamic,dqc_qft_13,veriqbench/dynamic/qft/dqc_qft_13.qasm,13,103,1,3,QDG-no-ED,0.13592233009708737,1.0,1.3322676295501878e-15,1
VeriQBench-dynamic,dqc_qft_13,veriqbench/dynamic/qft/dqc_qft_13.qasm,13,103,1,3,QDG-no-MD,0.009708737864077669,0.5000000000000012,0.5,0
VeriQBench-dynamic,dqc_qft_13,veriqbench/dynamic/qft/dqc_qft_13.qasm,13,103,1,3,QDG-no-UED,0.019417475728155338,1.0,1.3322676295501878e-15,1
VeriQBench-dynamic,dqc_qft_13,veriqbench/dynamic/qft/dqc_qft_13.qasm,13,103,1,3,QDG-no-CD,0.02912621359223301,1.0,1.3322676295501878e-15,1
VeriQBench-dynamic,dqc_qft_13,veriqbench/dynamic/qft/dqc_qft_13.qasm,13,103,1,3,Classical PDG,0.009708737864077669,0.5000000000000012,0.5,0
VeriQBench-dynamic,dqc_qft_13,veriqbench/dynamic/qft/dqc_qft_13.qasm,13,103,1,3,Causal-cone,0.009708737864077669,0.5000000000000012,0.5,0
VeriQBench-dynamic,dqc_qft_13,veriqbench/dynamic/qft/dqc_qft_13.qasm,13,103,1,4,QSlice-full,0.1941747572815534,1.0,1.4432899320127035e-15,1
VeriQBench-dynamic,dqc_qft_13,veriqbench/dynamic/qft/dqc_qft_13.qasm,13,103,1,4,QDG-no-ED,0.1941747572815534,1.0,1.4432899320127035e-15,1
VeriQBench-dynamic,dqc_qft_13,veriqbench/dynamic/qft/dqc_qft_13.qasm,13,103,1,4,QDG-no-MD,0.009708737864077669,0.5000000000000012,0.5,0
VeriQBench-dynamic,dqc_qft_13,veriqbench/dynamic/qft/dqc_qft_13.qasm,13,103,1,4,QDG-no-UED,0.019417475728155338,1.0,1.3322676295501878e-15,1
VeriQBench-dynamic,dqc_qft_13,veriqbench/dynamic/qft/dqc_qft_13.qasm,13,103,1,4,QDG-no-CD,0.02912621359223301,1.0,1.3322676295501878e-15,1
VeriQBench-dynamic,dqc_qft_13,veriqbench/dynamic/qft/dqc_qft_13.qasm,13,103,1,4,Classical PDG,0.009708737864077669,0.5000000000000012,0.5,0
VeriQBench-dynamic,dqc_qft_13,veriqbench/dynamic/qft/dqc_qft_13.qasm,13,103,1,4,Causal-cone,0.009708737864077669,0.5000000000000012,0.5,0
VeriQBench-dynamic,dqc_qft_13,veriqbench/dynamic/qft/dqc_qft_13.qasm,13,103,1,5,QSlice-full,0.2621359223300971,1.0,1.1102230246251565e-15,1
VeriQBench-dynamic,dqc_qft_13,veriqbench/dynamic/qft/dqc_qft_13.qasm,13,103,1,5,QDG-no-ED,0.2621359223300971,1.0,1.1102230246251565e-15,1
VeriQBench-dynamic,dqc_qft_13,veriqbench/dynamic/qft/dqc_qft_13.qasm,13,103,1,5,QDG-no-MD,0.009708737864077669,0.5000000000000012,0.5,0
VeriQBench-dynamic,dqc_qft_13,veriqbench/dynamic/qft/dqc_qft_13.qasm,13,103,1,5,QDG-no-UED,0.019417475728155338,1.0,1.3322676295501878e-15,1
VeriQBench-dynamic,dqc_qft_13,veriqbench/dynamic/qft/dqc_qft_13.qasm,13,103,1,5,QDG-no-CD,0.02912621359223301,1.0,1.3322676295501878e-15,1
VeriQBench-dynamic,dqc_qft_13,veriqbench/dynamic/qft/dqc_qft_13.qasm,13,103,1,5,Classical PDG,0.009708737864077669,0.5000000000000012,0.5,0
VeriQBench-dynamic,dqc_qft_13,veriqbench/dynamic/qft/dqc_qft_13.qasm,13,103,1,5,Causal-cone,0.009708737864077669,0.5000000000000012,0.5,0
VeriQBench-dynamic,dqc_qft_13,veriqbench/dynamic/qft/dqc_qft_13.qasm,13,103,1,6,QSlice-full,0.33980582524271846,1.0,7.771561172376096e-16,1
VeriQBench-dynamic,dqc_qft_13,veriqbench/dynamic/qft/dqc_qft_13.qasm,13,103,1,6,QDG-no-ED,0.33980582524271846,1.0,7.771561172376096e-16,1
VeriQBench-dynamic,dqc_qft_13,veriqbench/dynamic/qft/dqc_qft_13.qasm,13,103,1,6,QDG-no-MD,0.009708737864077669,0.5000000000000012,0.5,0
VeriQBench-dynamic,dqc_qft_13,veriqbench/dynamic/qft/dqc_qft_13.qasm,13,103,1,6,QDG-no-UED,0.019417475728155338,1.0,1.3322676295501878e-15,1
VeriQBench-dynamic,dqc_qft_13,veriqbench/dynamic/qft/dqc_qft_13.qasm,13,103,1,6,QDG-no-CD,0.02912621359223301,1.0,1.3322676295501878e-15,1
VeriQBench-dynamic,dqc_qft_13,veriqbench/dynamic/qft/dqc_qft_13.qasm,13,103,1,6,Classical PDG,0.009708737864077669,0.5000000000000012,0.5,0
VeriQBench-dynamic,dqc_qft_13,veriqbench/dynamic/qft/dqc_qft_13.qasm,13,103,1,6,Causal-cone,0.009708737864077669,0.5000000000000012,0.5,0
VeriQBench-dynamic,dqc_qft_13,veriqbench/dynamic/qft/dqc_qft_13.qasm,13,103,1,7,QSlice-full,0.42718446601941745,1.0,5.551115123125783e-16,1
VeriQBench-dynamic,dqc_qft_13,veriqbench/dynamic/qft/dqc_qft_13.qasm,13,103,1,7,QDG-no-ED,0.42718446601941745,1.0,5.551115123125783e-16,1
VeriQBench-dynamic,dqc_qft_13,veriqbench/dynamic/qft/dqc_qft_13.qasm,13,103,1,7,QDG-no-MD,0.009708737864077669,0.5000000000000012,0.5,0
VeriQBench-dynamic,dqc_qft_13,veriqbench/dynamic/qft/dqc_qft_13.qasm,13,103,1,7,QDG-no-UED,0.019417475728155338,1.0,1.3322676295501878e-15,1
VeriQBench-dynamic,dqc_qft_13,veriqbench/dynamic/qft/dqc_qft_13.qasm,13,103,1,7,QDG-no-CD,0.02912621359223301,1.0,1.3322676295501878e-15,1
VeriQBench-dynamic,dqc_qft_13,veriqbench/dynamic/qft/dqc_qft_13.qasm,13,103,1,7,Classical PDG,0.009708737864077669,0.5000000000000012,0.5,0
VeriQBench-dynamic,dqc_qft_13,veriqbench/dynamic/qft/dqc_qft_13.qasm,13,103,1,7,Causal-cone,0.009708737864077669,0.5000000000000012,0.5,0
VeriQBench-dynamic,dqc_qft_13,veriqbench/dynamic/qft/dqc_qft_13.qasm,13,103,1,8,QSlice-full,0.5242718446601942,1.0,5.551115123125783e-16,1
VeriQBench-dynamic,dqc_qft_13,veriqbench/dynamic/qft/dqc_qft_13.qasm,13,103,1,8,QDG-no-ED,0.5242718446601942,1.0,5.551115123125783e-16,1
VeriQBench-dynamic,dqc_qft_13,veriqbench/dynamic/qft/dqc_qft_13.qasm,13,103,1,8,QDG-no-MD,0.009708737864077669,0.5000000000000012,0.5,0
VeriQBench-dynamic,dqc_qft_13,veriqbench/dynamic/qft/dqc_qft_13.qasm,13,103,1,8,QDG-no-UED,0.019417475728155338,1.0,1.3322676295501878e-15,1
VeriQBench-dynamic,dqc_qft_13,veriqbench/dynamic/qft/dqc_qft_13.qasm,13,103,1,8,QDG-no-CD,0.02912621359223301,1.0,1.3322676295501878e-15,1
VeriQBench-dynamic,dqc_qft_13,veriqbench/dynamic/qft/dqc_qft_13.qasm,13,103,1,8,Classical PDG,0.009708737864077669,0.5000000000000012,0.5,0
VeriQBench-dynamic,dqc_qft_13,veriqbench/dynamic/qft/dqc_qft_13.qasm,13,103,1,8,Causal-cone,0.009708737864077669,0.5000000000000012,0.5,0
VeriQBench-dynamic,dqc_qft_13,veriqbench/dynamic/qft/dqc_qft_13.qasm,13,103,1,9,QSlice-full,0.6310679611650486,1.0,3.3306690738754696e-16,1
VeriQBench-dynamic,dqc_qft_13,veriqbench/dynamic/qft/dqc_qft_13.qasm,13,103,1,9,QDG-no-ED,0.6310679611650486,1.0,3.3306690738754696e-16,1
VeriQBench-dynamic,dqc_qft_13,veriqbench/dynamic/qft/dqc_qft_13.qasm,13,103,1,9,QDG-no-MD,0.009708737864077669,0.5000000000000012,0.5,0
VeriQBench-dynamic,dqc_qft_13,veriqbench/dynamic/qft/dqc_qft_13.qasm,13,103,1,9,QDG-no-UED,0.019417475728155338,1.0,1.3322676295501878e-15,1
VeriQBench-dynamic,dqc_qft_13,veriqbench/dynamic/qft/dqc_qft_13.qasm,13,103,1,9,QDG-no-CD,0.02912621359223301,1.0,1.3322676295501878e-15,1
VeriQBench-dynamic,dqc_qft_13,veriqbench/dynamic/qft/dqc_qft_13.qasm,13,103,1,9,Classical PDG,0.009708737864077669,0.5000000000000012,0.5,0
VeriQBench-dynamic,dqc_qft_13,veriqbench/dynamic/qft/dqc_qft_13.qasm,13,103,1,9,Causal-cone,0.009708737864077669,0.5000000000000012,0.5,0
VeriQBench-dynamic,dqc_qft_13,veriqbench/dynamic/qft/dqc_qft_13.qasm,13,103,1,10,QSlice-full,0.7475728155339806,1.0,2.220446049250313e-16,1
VeriQBench-dynamic,dqc_qft_13,veriqbench/dynamic/qft/dqc_qft_13.qasm,13,103,1,10,QDG-no-ED,0.7475728155339806,1.0,2.220446049250313e-16,1
VeriQBench-dynamic,dqc_qft_13,veriqbench/dynamic/qft/dqc_qft_13.qasm,13,103,1,10,QDG-no-MD,0.009708737864077669,0.5000000000000012,0.5,0
VeriQBench-dynamic,dqc_qft_13,veriqbench/dynamic/qft/dqc_qft_13.qasm,13,103,1,10,QDG-no-UED,0.019417475728155338,1.0,1.3322676295501878e-15,1
VeriQBench-dynamic,dqc_qft_13,veriqbench/dynamic/qft/dqc_qft_13.qasm,13,103,1,10,QDG-no-CD,0.02912621359223301,1.0,1.3322676295501878e-15,1
VeriQBench-dynamic,dqc_qft_13,veriqbench/dynamic/qft/dqc_qft_13.qasm,13,103,1,10,Classical PDG,0.009708737864077669,0.5000000000000012,0.5,0
VeriQBench-dynamic,dqc_qft_13,veriqbench/dynamic/qft/dqc_qft_13.qasm,13,103,1,10,Causal-cone,0.009708737864077669,0.5000000000000012,0.5,0
VeriQBench-dynamic,dqc_qft_13,veriqbench/dynamic/qft/dqc_qft_13.qasm,13,103,1,11,QSlice-full,0.8737864077669902,1.0,1.1102230246251565e-16,1
VeriQBench-dynamic,dqc_qft_13,veriqbench/dynamic/qft/dqc_qft_13.qasm,13,103,1,11,QDG-no-ED,0.8737864077669902,1.0,1.1102230246251565e-16,1
VeriQBench-dynamic,dqc_qft_13,veriqbench/dynamic/qft/dqc_qft_13.qasm,13,103,1,11,QDG-no-MD,0.009708737864077669,0.5000000000000012,0.5,0
VeriQBench-dynamic,dqc_qft_13,veriqbench/dynamic/qft/dqc_qft_13.qasm,13,103,1,11,QDG-no-UED,0.019417475728155338,1.0,1.3322676295501878e-15,1
VeriQBench-dynamic,dqc_qft_13,veriqbench/dynamic/qft/dqc_qft_13.qasm,13,103,1,11,QDG-no-CD,0.02912621359223301,1.0,1.3322676295501878e-15,1
VeriQBench-dynamic,dqc_qft_13,veriqbench/dynamic/qft/dqc_qft_13.qasm,13,103,1,11,Classical PDG,0.009708737864077669,0.5000000000000012,0.5,0
VeriQBench-dynamic,dqc_qft_13,veriqbench/dynamic/qft/dqc_qft_13.qasm,13,103,1,11,Causal-cone,0.009708737864077669,0.5000000000000012,0.5,0
VeriQBench-dynamic,dqc_qft_13,veriqbench/dynamic/qft/dqc_qft_13.qasm,13,103,1,12,QSlice-full,1.0,1.0,0.0,1
VeriQBench-dynamic,dqc_qft_13,veriqbench/dynamic/qft/dqc_qft_13.qasm,13,103,1,12,QDG-no-ED,1.0,1.0,0.0,1
VeriQBench-dynamic,dqc_qft_13,veriqbench/dynamic/qft/dqc_qft_13.qasm,13,103,1,12,QDG-no-MD,0.24271844660194175,1.0,1.3322676295501878e-15,1
VeriQBench-dynamic,dqc_qft_13,veriqbench/dynamic/qft/dqc_qft_13.qasm,13,103,1,12,QDG-no-UED,0.3592233009708738,1.0,0.0,1
VeriQBench-dynamic,dqc_qft_13,veriqbench/dynamic/qft/dqc_qft_13.qasm,13,103,1,12,QDG-no-CD,0.1262135922330097,1.0,1.3322676295501878e-15,1
VeriQBench-dynamic,dqc_qft_13,veriqbench/dynamic/qft/dqc_qft_13.qasm,13,103,1,12,Classical PDG,0.1262135922330097,1.0,1.3322676295501878e-15,1
VeriQBench-dynamic,dqc_qft_13,veriqbench/dynamic/qft/dqc_qft_13.qasm,13,103,1,12,Causal-cone,0.1262135922330097,1.0,1.3322676295501878e-15,1
VeriQBench-dynamic,dqc_qft_6,veriqbench/dynamic/qft/dqc_qft_6.qasm,6,26,1,0,QSlice-full,0.07692307692307693,0.9999999999999992,1.6653345369377348e-16,1
VeriQBench-dynamic,dqc_qft_6,veriqbench/dynamic/qft/dqc_qft_6.qasm,6,26,1,0,QDG-no-ED,0.07692307692307693,0.9999999999999992,1.6653345369377348e-16,1
VeriQBench-dynamic,dqc_qft_6,veriqbench/dynamic/qft/dqc_qft_6.qasm,6,26,1,0,QDG-no-MD,0.038461538461538464,0.4999999999999997,0.5,0
VeriQBench-dynamic,dqc_qft_6,veriqbench/dynamic/qft/dqc_qft_6.qasm,6,26,1,0,QDG-no-UED,0.07692307692307693,0.9999999999999992,1.6653345369377348e-16,1
VeriQBench-dynamic,dqc_qft_6,veriqbench/dynamic/qft/dqc_qft_6.qasm,6,26,1,0,QDG-no-CD,0.07692307692307693,0.9999999999999992,1.6653345369377348e-16,1
VeriQBench-dynamic,dqc_qft_6,veriqbench/dynamic/qft/dqc_qft_6.qasm,6,26,1,0,Classical PDG,0.038461538461538464,0.4999999999999997,0.5,0
VeriQBench-dynamic,dqc_qft_6,veriqbench/dynamic/qft/dqc_qft_6.qasm,6,26,1,0,Causal-cone,0.038461538461538464,0.4999999999999997,0.5,0
VeriQBench-dynamic,dqc_qft_6,veriqbench/dynamic/qft/dqc_qft_6.qasm,6,26,1,1,QSlice-full,0.19230769230769232,0.9999999999999992,1.6653345369377348e-16,1
VeriQBench-dynamic,dqc_qft_6,veriqbench/dynamic/qft/dqc_qft_6.qasm,6,26,1,1,QDG-no-ED,0.19230769230769232,0.9999999999999992,1.6653345369377348e-16,1
VeriQBench-dynamic,dqc_qft_6,veriqbench/dynamic/qft/dqc_qft_6.qasm,6,26,1,1,QDG-no-MD,0.038461538461538464,0.4999999999999997,0.5,0
VeriQBench-dynamic,dqc_qft_6,veriqbench/dynamic/qft/dqc_qft_6.qasm,6,26,1,1,QDG-no-UED,0.07692307692307693,0.9999999999999992,1.6653345369377348e-16,1
VeriQBench-dynamic,dqc_qft_6,veriqbench/dynamic/qft/dqc_qft_6.qasm,6,26,1,1,QDG-no-CD,0.11538461538461539,0.9999999999999992,1.6653345369377348e-16,1
VeriQBench-dynamic,dqc_qft_6,veriqbench/dynamic/qft/dqc_qft_6.qasm,6,26,1,1,Classical PDG,0.038461538461538464,0.4999999999999997,0.5,0
VeriQBench-dynamic,dqc_qft_6,veriqbench/dynamic/qft/dqc_qft_6.qasm,6,26,1,1,Causal-cone,0.038461538461538464,0.4999999999999997,0.5,0
VeriQBench-dynamic,dqc_qft_6,veriqbench/dynamic/qft/dqc_qft_6.qasm,6,26,1,2,QSlice-full,0.34615384615384615,0.9999999999999992,1.6653345369377348e-16,1
VeriQBench-dynamic,dqc_qft_6,veriqbench/dynamic/qft/dqc_qft_6.qasm,6,26,1,2,QDG-no-ED,0.34615384615384615,0.9999999999999992,1.6653345369377348e-16,1
VeriQBench-dynamic,dqc_qft_6,veriqbench/dynamic/qft/dqc_qft_6.qasm,6,26,1,2,QDG-no-MD,0.038461538461538464,0.4999999999999997,0.5,0
VeriQBench-dynamic,dqc_qft_6,veriqbench/dynamic/qft/dqc_qft_6.qasm,6,26,1,2,QDG-no-UED,0.07692307692307693,0.9999999999999992,1.6653345369377348e-16,1
VeriQBench-dynamic,dqc_qft_6,veriqbench/dynamic/qft/dqc_qft_6.qasm,6,26,1,2,QDG-no-CD,0.11538461538461539,0.9999999999999992,1.6653345369377348e-16,1
VeriQBench-dynamic,dqc_qft_6,veriqbench/dynamic/qft/dqc_qft_6.qasm,6,26,1,2,Classical PDG,0.038461538461538464,0.4999999999999997,0.5,0
VeriQBench-dynamic,dqc_qft_6,veriqbench/dynamic/qft/dqc_qft_6.qasm,6,26,1,2,Causal-cone,0.038461538461538464,0.4999999999999997,0.5,0
VeriQBench-dynamic,dqc_qft_6,veriqbench/dynamic/qft/dqc_qft_6.qasm,6,26,1,3,QSlice-full,0.5384615384615384,0.9999999999999992,1.6653345369377348e-16,1
VeriQBench-dynamic,dqc_qft_6,veriqbench/dynamic/qft/dqc_qft_6.qasm,6,26,1,3,QDG-no-ED,0.5384615384615384,0.9999999999999992,1.6653345369377348e-16,1
VeriQBench-dynamic,dqc_qft_6,veriqbench/dynamic/qft/dqc_qft_6.qasm,6,26,1,3,QDG-no-MD,0.038461538461538464,0.4999999999999997,0.5,0
VeriQBench-dynamic,dqc_qft_6,veriqbench/dynamic/qft/dqc_qft_6.qasm,6,26,1,3,QDG-no-UED,0.07692307692307693,0.9999999999999992,1.6653345369377348e-16,1
VeriQBench-dynamic,dqc_qft_6,veriqbench/dynamic/qft/dqc_qft_6.qasm,6,26,1,3,QDG-no-CD,0.11538461538461539,0.9999999999999992,1.6653345369377348e-16,1
VeriQBench-dynamic,dqc_qft_6,veriqbench/dynamic/qft/dqc_qft_6.qasm,6,26,1,3,Classical PDG,0.038461538461538464,0.4999999999999997,0.5,0
VeriQBench-dynamic,dqc_qft_6,veriqbench/dynamic/qft/dqc_qft_6.qasm,6,26,1,3,Causal-cone,0.038461538461538464,0.4999999999999997,0.5,0
VeriQBench-dynamic,dqc_qft_6,veriqbench/dynamic/qft/dqc_qft_6.qasm,6,26,1,4,QSlice-full,0.7692307692307693,0.999999999999999,5.551115123125783e-17,1
VeriQBench-dynamic,dqc_qft_6,veriqbench/dynamic/qft/dqc_qft_6.qasm,6,26,1,4,QDG-no-ED,0.7692307692307693,0.999999999999999,5.551115123125783e-17,1
VeriQBench-dynamic,dqc_qft_6,veriqbench/dynamic/qft/dqc_qft_6.qasm,6,26,1,4,QDG-no-MD,0.038461538461538464,0.4999999999999997,0.5,0
VeriQBench-dynamic,dqc_qft_6,veriqbench/dynamic/qft/dqc_qft_6.qasm,6,26,1,4,QDG-no-UED,0.07692307692307693,0.9999999999999992,1.6653345369377348e-16,1
VeriQBench-dynamic,dqc_qft_6,veriqbench/dynamic/qft/dqc_qft_6.qasm,6,26,1,4,QDG-no-CD,0.11538461538461539,0.9999999999999992,1.6653345369377348e-16,1
VeriQBench-dynamic,dqc_qft_6,veriqbench/dynamic/qft/dqc_qft_6.qasm,6,26,1,4,Classical PDG,0.038461538461538464,0.4999999999999997,0.5,0
VeriQBench-dynamic,dqc_qft_6,veriqbench/dynamic/qft/dqc_qft_6.qasm,6,26,1,4,Causal-cone,0.038461538461538464,0.4999999999999997,0.5,0
VeriQBench-dynamic,dqc_qft_6,veriqbench/dynamic/qft/dqc_qft_6.qasm,6,26,1,5,QSlice-full,1.0,1.0,0.0,1
VeriQBench-dynamic,dqc_qft_6,veriqbench/dynamic/qft/dqc_qft_6.qasm,6,26,1,5,QDG-no-ED,1.0,1.0,0.0,1
VeriQBench-dynamic,dqc_qft_6,veriqbench/dynamic/qft/dqc_qft_6.qasm,6,26,1,5,QDG-no-MD,0.4230769230769231,1.0,2.220446049250313e-16,1
VeriQBench-dynamic,dqc_qft_6,veriqbench/dynamic/qft/dqc_qft_6.qasm,6,26,1,5,QDG-no-UED,0.6153846153846154,1.0,0.0,1
VeriQBench-dynamic,dqc_qft_6,veriqbench/dynamic/qft/dqc_qft_6.qasm,6,26,1,5,QDG-no-CD,0.23076923076923078,1.0,2.220446049250313e-16,1
VeriQBench-dynamic,dqc_qft_6,veriqbench/dynamic/qft/dqc_qft_6.qasm,6,26,1,5,Classical PDG,0.23076923076923078,1.0,2.220446049250313e-16,1
VeriQBench-dynamic,dqc_qft_6,veriqbench/dynamic/qft/dqc_qft_6.qasm,6,26,1,5,Causal-cone,0.23076923076923078,1.0,2.220446049250313e-16,1
VeriQBench-dynamic,dqc_qft_7,veriqbench/dynamic/qft/dqc_qft_7.qasm,7,34,1,0,QSlice-full,0.058823529411764705,1.0,3.3306690738754696e-16,1
VeriQBench-dynamic,dqc_qft_7,veriqbench/dynamic/qft/dqc_qft_7.qasm,7,34,1,0,QDG-no-ED,0.058823529411764705,1.0,3.3306690738754696e-16,1
VeriQBench-dynamic,dqc_qft_7,veriqbench/dynamic/qft/dqc_qft_7.qasm,7,34,1,0,QDG-no-MD,0.029411764705882353,0.5000000000000002,0.5,0
VeriQBench-dynamic,dqc_qft_7,veriqbench/dynamic/qft/dqc_qft_7.qasm,7,34,1,0,QDG-no-UED,0.058823529411764705,1.0,3.3306690738754696e-16,1
VeriQBench-dynamic,dqc_qft_7,veriqbench/dynamic/qft/dqc_qft_7.qasm,7,34,1,0,QDG-no-CD,0.058823529411764705,1.0,3.3306690738754696e-16,1
VeriQBench-dynamic,dqc_qft_7,veriqbench/dynamic/qft/dqc_qft_7.qasm,7,34,1,0,Classical PDG,0.029411764705882353,0.5000000000000002,0.5,0
VeriQBench-dynamic,dqc_qft_7,veriqbench/dynamic/qft/dqc_qft_7.qasm,7,34,1,0,Causal-cone,0.029411764705882353,0.5000000000000002,0.5,0
VeriQBench-dynamic,dqc_qft_7,veriqbench/dynamic/qft/dqc_qft_7.qasm,7,34,1,1,QSlice-full,0.14705882352941177,1.0,3.3306690738754696e-16,1
VeriQBench-dynamic,dqc_qft_7,veriqbench/dynamic/qft/dqc_qft_7.qasm,7,34,1,1,QDG-no-ED,0.14705882352941177,1.0,3.3306690738754696e-16,1
VeriQBench-dynamic,dqc_qft_7,veriqbench/dynamic/qft/dqc_qft_7.qasm,7,34,1,1,QDG-no-MD,0.029411764705882353,0.5000000000000002,0.5,0
VeriQBench-dynamic,dqc_qft_7,veriqbench/dynamic/qft/dqc_qft_7.qasm,7,34,1,1,QDG-no-UED,0.058823529411764705,1.0,3.3306690738754696e-16,1
VeriQBench-dynamic,dqc_qft_7,veriqbench/dynamic/qft/dqc_qft_7.qasm,7,34,1,1,QDG-no-CD,0.08823529411764706,1.0,3.3306690738754696e-16,1
VeriQBench-dynamic,dqc_qft_7,veriqbench/dynamic/qft/dqc_qft_7.qasm,7,34,1,1,Classical PDG,0.029411764705882353,0.5000000000000002,0.5,0
VeriQBench-dynamic,dqc_qft_7,veriqbench/dynamic/qft/dqc_qft_7.qasm,7,34,1,1,Causal-cone,0.029411764705882353,0.5000000000000002,0.5,0
VeriQBench-dynamic,dqc_qft_7,veriqbench/dynamic/qft/dqc_qft_7.qasm,7,34,1,2,QSlice-full,0.2647058823529412,1.0,3.3306690738754696e-16,1
VeriQBench-dynamic,dqc_qft_7,veriqbench/dynamic/qft/dqc_qft_7.qasm,7,34,1,2,QDG-no-ED,0.2647058823529412,1.0,3.3306690738754696e-16,1
VeriQBench-dynamic,dqc_qft_7,veriqbench/dynamic/qft/dqc_qft_7.qasm,7,34,1,2,QDG-no-MD,0.029411764705882353,0.5000000000000002,0.5,0
VeriQBench-dynamic,dqc_qft_7,veriqbench/dynamic/qft/dqc_qft_7.qasm,7,34,1,2,QDG-no-UED,0.058823529411764705,1.0,3.3306690738754696e-16,1
VeriQBench-dynamic,dqc_qft_7,veriqbench/dynamic/qft/dqc_qft_7.qasm,7,34,1,2,QDG-no-CD,0.08823529411764706,1.0,3.3306690738754696e-16,1
VeriQBench-dynamic,dqc_qft_7,veriqbench/dynamic/qft/dqc_qft_7.qasm,7,34,1,2,Classical PDG,0.029411764705882353,0.5000000000000002,0.5,0
VeriQBench-dynamic,dqc_qft_7,veriqbench/dynamic/qft/dqc_qft_7.qasm,7,34,1,2,Causal-cone,0.029411764705882353,0.5000000000000002,0.5,0
VeriQBench-dynamic,dqc_qft_7,veriqbench/dynamic/qft/dqc_qft_7.qasm,7,34,1,3,QSlice-full,0.4117647058823529,1.0,3.3306690738754696e-16,1
VeriQBench-dynamic,dqc_qft_7,veriqbench/dynamic/qft/dqc_qft_7.qasm,7,34,1,3,QDG-no-ED,0.4117647058823529,1.0,3.3306690738754696e-16,1
VeriQBench-dynamic,dqc_qft_7,veriqbench/dynamic/qft/dqc_qft_7.qasm,7,34,1,3,QDG-no-MD,0.029411764705882353,0.5000000000000002,0.5,0
VeriQBench-dynamic,dqc_qft_7,veriqbench/dynamic/qft/dqc_qft_7.qasm,7,34,1,3,QDG-no-UED,0.058823529411764705,1.0,3.3306690738754696e-16,1
VeriQBench-dynamic,dqc_qft_7,veriqbench/dynamic/qft/dqc_qft_7.qasm,7,34,1,3,QDG-no-CD,0.08823529411764706,1.0,3.3306690738754696e-16,1
VeriQBench-dynamic,dqc_qft_7,veriqbench/dynamic/qft/dqc_qft_7.qasm,7,34,1,3,Classical PDG,0.029411764705882353,0.5000000000000002,0.5,0
VeriQBench-dynamic,dqc_qft_7,veriqbench/dynamic/qft/dqc_qft_7.qasm,7,34,1,3,Causal-cone,0.029411764705882353,0.5000000000000002,0.5,0
VeriQBench-dynamic,dqc_qft_7,veriqbench/dynamic/qft/dqc_qft_7.qasm,7,34,1,4,QSlice-full,0.5882352941176471,1.0,4.440892098500626e-16,1
VeriQBench-dynamic,dqc_qft_7,veriqbench/dynamic/qft/dqc_qft_7.qasm,7,34,1,4,QDG-no-ED,0.5882352941176471,1.0,4.440892098500626e-16,1
VeriQBench-dynamic,dqc_qft_7,veriqbench/dynamic/qft/dqc_qft_7.qasm,7,34,1,4,QDG-no-MD,0.029411764705882353,0.5000000000000002,0.5,0
VeriQBench-dynamic,dqc_qft_7,veriqbench/dynamic/qft/dqc_qft_7.qasm,7,34,1,4,QDG-no-UED,0.058823529411764705,1.0,3.3306690738754696e-16,1
VeriQBench-dynamic,dqc_qft_7,veriqbench/dynamic/qft/dqc_qft_7.qasm,7,34,1,4,QDG-no-CD,0.08823529411764706,1.0,3.3306690738754696e-16,1
VeriQBench-dynamic,dqc_qft_7,veriqbench/dynamic/qft/dqc_qft_7.qasm,7,34,1,4,Classical PDG,0.029411764705882353,0.5000000000000002,0.5,0
VeriQBench-dynamic,dqc_qft_7,veriqbench/dynamic/qft/dqc_qft_7.qasm,7,34,1,4,Causal-cone,0.029411764705882353,0.5000000000000002,0.5,0
VeriQBench-dynamic,dqc_qft_7,veriqbench/dynamic/qft/dqc_qft_7.qasm,7,34,1,5,QSlice-full,0.7941176470588235,1.0,1.1102230246251565e-16,1
VeriQBench-dynamic,dqc_qft_7,veriqbench/dynamic/qft/dqc_qft_7.qasm,7,34,1,5,QDG-no-ED,0.7941176470588235,1.0,1.1102230246251565e-16,1
VeriQBench-dynamic,dqc_qft_7,veriqbench/dynamic/qft/dqc_qft_7.qasm,7,34,1,5,QDG-no-MD,0.029411764705882353,0.5000000000000002,0.5,0
VeriQBench-dynamic,dqc_qft_7,veriqbench/dynamic/qft/dqc_qft_7.qasm,7,34,1,5,QDG-no-UED,0.058823529411764705,1.0,3.3306690738754696e-16,1
VeriQBench-dynamic,dqc_qft_7,veriqbench/dynamic/qft/dqc_qft_7.qasm,7,34,1,5,QDG-no-CD,0.08823529411764706,1.0,3.3306690738754696e-16,1
VeriQBench-dynamic,dqc_qft_7,veriqbench/dynamic/qft/dqc_qft_7.qasm,7,34,1,5,Classical PDG,0.029411764705882353,0.5000000000000002,0.5,0
VeriQBench-dynamic,dqc_qft_7,veriqbench/dynamic/qft/dqc_qft_7.qasm,7,34,1,5,Causal-cone,0.029411764705882353,0.5000000000000002,0.5,0
VeriQBench-dynamic,dqc_qft_7,veriqbench/dynamic/qft/dqc_qft_7.qasm,7,34,1,6,QSlice-full,1.0,1.0,0.0,1
VeriQBench-dynamic,dqc_qft_7,veriqbench/dynamic/qft/dqc_qft_7.qasm,7,34,1,6,QDG-no-ED,1.0,1.0,0.0,1
VeriQBench-dynamic,dqc_qft_7,veriqbench/dynamic/qft/dqc_qft_7.qasm,7,34,1,6,QDG-no-MD,0.38235294117647056,1.0,5.551115123125783e-16,1
VeriQBench-dynamic,dqc_qft_7,veriqbench/dynamic/qft/dqc_qft_7.qasm,7,34,1,6,QDG-no-UED,0.5588235294117647,1.0,0.0,1
VeriQBench-dynamic,dqc_qft_7,veriqbench/dynamic/qft/dqc_qft_7.qasm,7,34,1,6,QDG-no-CD,0.20588235294117646,1.0,5.551115123125783e-16,1
VeriQBench-dynamic,dqc_qft_7,veriqbench/dynamic/qft/dqc_qft_7.qasm,7,34,1,6,Classical PDG,0.20588235294117646,1.0,5.551115123125783e-16,1
VeriQBench-dynamic,dqc_qft_7,veriqbench/dynamic/qft/dqc_qft_7.qasm,7,34,1,6,Causal-cone,0.20588235294117646,1.0,5.551115123125783e-16,1
VeriQBench-dynamic,dqc_qft_8,veriqbench/dynamic/qft/dqc_qft_8.qasm,8,43,1,0,QSlice-full,0.046511627906976744,1.0,6.661338147750939e-16,1
VeriQBench-dynamic,dqc_qft_8,veriqbench/dynamic/qft/dqc_qft_8.qasm,8,43,1,0,QDG-no-ED,0.046511627906976744,1.0,6.661338147750939e-16,1
VeriQBench-dynamic,dqc_qft_8,veriqbench/dynamic/qft/dqc_qft_8.qasm,8,43,1,0,QDG-no-MD,0.023255813953488372,0.5000000000000006,0.5,0
VeriQBench-dynamic,dqc_qft_8,veriqbench/dynamic/qft/dqc_qft_8.qasm,8,43,1,0,QDG-no-UED,0.046511627906976744,1.0,6.661338147750939e-16,1
VeriQBench-dynamic,dqc_qft_8,veriqbench/dynamic/qft/dqc_qft_8.qasm,8,43,1,0,QDG-no-CD,0.046511627906976744,1.0,6.661338147750939e-16,1
VeriQBench-dynamic,dqc_qft_8,veriqbench/dynamic/qft/dqc_qft_8.qasm,8,43,1,0,Classical PDG,0.023255813953488372,0.5000000000000006,0.5,0
VeriQBench-dynamic,dqc_qft_8,veriqbench/dynamic/qft/dqc_qft_8.qasm,8,43,1,0,Causal-cone,0.023255813953488372,0.5000000000000006,0.5,0
VeriQBench-dynamic,dqc_qft_8,veriqbench/dynamic/qft/dqc_qft_8.qasm,8,43,1,1,QSlice-full,0.11627906976744186,1.0,6.661338147750939e-16,1
VeriQBench-dynamic,dqc_qft_8,veriqbench/dynamic/qft/dqc_qft_8.qasm,8,43,1,1,QDG-no-ED,0.11627906976744186,1.0,6.661338147750939e-16,1
VeriQBench-dynamic,dqc_qft_8,veriqbench/dynamic/qft/dqc_qft_8.qasm,8,43,1,1,QDG-no-MD,0.023255813953488372,0.5000000000000006,0.5,0
VeriQBench-dynamic,dqc_qft_8,veriqbench/dynamic/qft/dqc_qft_8.qasm,8,43,1,1,QDG-no-UED,0.046511627906976744,1.0,6.661338147750939e-16,1
VeriQBench-dynamic,dqc_qft_8,veriqbench/dynamic/qft/dqc_qft_8.qasm,8,43,1,1,QDG-no-CD,0.06976744186046512,1.0,6.661338147750939e-16,1
VeriQBench-dynamic,dqc_qft_8,veriqbench/dynamic/qft/dqc_qft_8.qasm,8,43,1,1,Classical PDG,0.023255813953488372,0.5000000000000006,0.5,0
VeriQBench-dynamic,dqc_qft_8,veriqbench/dynamic/qft/dqc_qft_8.qasm,8,43,1,1,Causal-cone,0.023255813953488372,0.5000000000000006,0.5,0
VeriQBench-dynamic,dqc_qft_8,veriqbench/dynamic/qft/dqc_qft_8.qasm,8,43,1,2,QSlice-full,0.20930232558139536,1.0,6.661338147750939e-16,1
VeriQBench-dynamic,dqc_qft_8,veriqbench/dynamic/qft/dqc_qft_8.qasm,8,43,1,2,QDG-no-ED,0.20930232558139536,1.0,6.661338147750939e-16,1
VeriQBench-dynamic,dqc_qft_8,veriqbench/dynamic/qft/dqc_qft_8.qasm,8,43,1,2,QDG-no-MD,0.023255813953488372,0.5000000000000006,0.5,0
VeriQBench-dynamic,dqc_qft_8,veriqbench/dynamic/qft/dqc_qft_8.qasm,8,43,1,2,QDG-no-UED,0.046511627906976744,1.0,6.661338147750939e-16,1
VeriQBench-dynamic,dqc_qft_8,veriqbench/dynamic/qft/dqc_qft_8.qasm,8,43,1,2,QDG-no-CD,0.06976744186046512,1.0,6.661338147750939e-16,1
VeriQBench-dynamic,dqc_qft_8,veriqbench/dynamic/qft/dqc_qft_8.qasm,8,43,1,2,Classical PDG,0.023255813953488372,0.5000000000000006,0.5,0
VeriQBench-dynamic,dqc_qft_8,veriqbench/dynamic/qft/dqc_qft_8.qasm,8,43,1,2,Causal-cone,0.023255813953488372,0.5000000000000006,0.5,0
VeriQBench-dynamic,dqc_qft_8,veriqbench/dynamic/qft/dqc_qft_8.qasm,8,43,1,3,QSlice-full,0.32558139534883723,1.0,6.661338147750939e-16,1
VeriQBench-dynamic,dqc_qft_8,veriqbench/dynamic/qft/dqc_qft_8.qasm,8,43,1,3,QDG-no-ED,0.32558139534883723,1.0,6.661338147750939e-16,1
VeriQBench-dynamic,dqc_qft_8,veriqbench/dynamic/qft/dqc_qft_8.qasm,8,43,1,3,QDG-no-MD,0.023255813953488372,0.5000000000000006,0.5,0
VeriQBench-dynamic,dqc_qft_8,veriqbench/dynamic/qft/dqc_qft_8.qasm,8,43,1,3,QDG-no-UED,0.046511627906976744,1.0,6.661338147750939e-16,1
VeriQBench-dynamic,dqc_qft_8,veriqbench/dynamic/qft/dqc_qft_8.qasm,8,43,1,3,QDG-no-CD,0.06976744186046512,1.0,6.661338147750939e-16,1
VeriQBench-dynamic,dqc_qft_8,veriqbench/dynamic/qft/dqc_qft_8.qasm,8,43,1,3,Classical PDG,0.023255813953488372,0.5000000000000006,0.5,0
VeriQBench-dynamic,dqc_qft_8,veriqbench/dynamic/qft/dqc_qft_8.qasm,8,43,1,3,Causal-cone,0.023255813953488372,0.5000000000000006,0.5,0
VeriQBench-dynamic,dqc_qft_8,veriqbench/dynamic/qft/dqc_qft_8.qasm,8,43,1,4,QSlice-full,0.46511627906976744,1.0,7.771561172376096e-16,1
VeriQBench-dynamic,dqc_qft_8,veriqbench/dynamic/qft/dqc_qft_8.qasm,8,43,1,4,QDG-no-ED,0.46511627906976744,1.0,7.771561172376096e-16,1
VeriQBench-dynamic,dqc_qft_8,veriqbench/dynamic/qft/dqc_qft_8.qasm,8,43,1,4,QDG-no-MD,0.023255813953488372,0.5000000000000006,0.5,0
VeriQBench-dynamic,dqc_qft_8,veriqbench/dynamic/qft/dqc_qft_8.qasm,8,43,1,4,QDG-no-UED,0.046511627906976744,1.0,6.661338147750939e-16,1
VeriQBench-dynamic,dqc_qft_8,veriqbench/dynamic/qft/dqc_qft_8.qasm,8,43,1,4,QDG-no-CD,0.06976744186046512,1.0,6.661338147750939e-16,1
VeriQBench-dynamic,dqc_qft_8,veriqbench/dynamic/qft/dqc_qft_8.qasm,8,43,1,4,Classical PDG,0.023255813953488372,0.5000000000000006,0.5,0
VeriQBench-dynamic,dqc_qft_8,veriqbench/dynamic/qft/dqc_qft_8.qasm,8,43,1,4,Causal-cone,0.023255813953488372,0.5000000000000006,0.5,0
VeriQBench-dynamic,dqc_qft_8,veriqbench/dynamic/qft/dqc_qft_8.qasm,8,43,1,5,QSlice-full,0.627906976744186,1.0,4.440892098500626e-16,1
VeriQBench-dynamic,dqc_qft_8,veriqbench/dynamic/qft/dqc_qft_8.qasm,8,43,1,5,QDG-no-ED,0.627906976744186,1.0,4.440892098500626e-16,1
VeriQBench-dynamic,dqc_qft_8,veriqbench/dynamic/qft/dqc_qft_8.qasm,8,43,1,5,QDG-no-MD,0.023255813953488372,0.5000000000000006,0.5,0
VeriQBench-dynamic,dqc_qft_8,veriqbench/dynamic/qft/dqc_qft_8.qasm,8,43,1,5,QDG-no-UED,0.046511627906976744,1.0,6.661338147750939e-16,1
VeriQBench-dynamic,dqc_qft_8,veriqbench/dynamic/qft/dqc_qft_8.qasm,8,43,1,5,QDG-no-CD,0.06976744186046512,1.0,6.661338147750939e-16,1
VeriQBench-dynamic,dqc_qft_8,veriqbench/dynamic/qft/dqc_qft_8.qasm,8,43,1,5,Classical PDG,0.023255813953488372,0.5000000000000006,0.5,0
VeriQBench-dynamic,dqc_qft_8,veriqbench/dynamic/qft/dqc_qft_8.qasm,8,43,1,5,Causal-cone,0.023255813953488372,0.5000000000000006,0.5,0
VeriQBench-dynamic,dqc_qft_8,veriqbench/dynamic/qft/dqc_qft_8.qasm,8,43,1,6,QSlice-full,0.813953488372093,1.0,1.1102230246251565e-16,1
VeriQBench-dynamic,dqc_qft_8,veriqbench/dynamic/qft/dqc_qft_8.qasm,8,43,1,6,QDG-no-ED,0.813953488372093,1.0,1.1102230246251565e-16,1
VeriQBench-dynamic,dqc_qft_8,veriqbench/dynamic/qft/dqc_qft_8.qasm,8,43,1,6,QDG-no-MD,0.023255813953488372,0.5000000000000006,0.5,0
VeriQBench-dynamic,dqc_qft_8,veriqbench/dynamic/qft/dqc_qft_8.qasm,8,43,1,6,QDG-no-UED,0.046511627906976744,1.0,6.661338147750939e-16,1
VeriQBench-dynamic,dqc_qft_8,veriqbench/dynamic/qft/dqc_qft_8.qasm,8,43,1,6,QDG-no-CD,0.06976744186046512,1.0,6.661338147750939e-16,1
VeriQBench-dynamic,dqc_qft_8,veriqbench/dynamic/qft/dqc_qft_8.qasm,8,43,1,6,Classical PDG,0.023255813953488372,0.5000000000000006,0.5,0
VeriQBench-dynamic,dqc_qft_8,veriqbench/dynamic/qft/dqc_qft_8.qasm,8,43,1,6,Causal-cone,0.023255813953488372,0.5000000000000006,0.5,0
VeriQBench-dynamic,dqc_qft_8,veriqbench/dynamic/qft/dqc_qft_8.qasm,8,43,1,7,QSlice-full,1.0,1.0,0.0,1
VeriQBench-dynamic,dqc_qft_8,veriqbench/dynamic/qft/dqc_qft_8.qasm,8,43,1,7,QDG-no-ED,1.0,1.0,0.0,1
VeriQBench-dynamic,dqc_qft_8,veriqbench/dynamic/qft/dqc_qft_8.qasm,8,43,1,7,QDG-no-MD,0.3488372093023256,1.0,7.771561172376096e-16,1
VeriQBench-dynamic,dqc_qft_8,veriqbench/dynamic/qft/dqc_qft_8.qasm,8,43,1,7,QDG-no-UED,0.5116279069767442,1.0,0.0,1
VeriQBench-dynamic,dqc_qft_8,veriqbench/dynamic/qft/dqc_qft_8.qasm,8,43,1,7,QDG-no-CD,0.18604651162790697,1.0,7.771561172376096e-16,1
VeriQBench-dynamic,dqc_qft_8,veriqbench/dynamic/qft/dqc_qft_8.qasm,8,43,1,7,Classical PDG,0.18604651162790697,1.0,7.771561172376096e-16,1
VeriQBench-dynamic,dqc_qft_8,veriqbench/dynamic/qft/dqc_qft_8.qasm,8,43,1,7,Causal-cone,0.18604651162790697,1.0,7.771561172376096e-16,1
VeriQBench-dynamic,dqc_qft_9,veriqbench/dynamic/qft/dqc_qft_9.qasm,9,53,1,0,QSlice-full,0.03773584905660377,1.0,6.661338147750939e-16,1
VeriQBench-dynamic,dqc_qft_9,veriqbench/dynamic/qft/dqc_qft_9.qasm,9,53,1,0,QDG-no-ED,0.03773584905660377,1.0,6.661338147750939e-16,1
VeriQBench-dynamic,dqc_qft_9,veriqbench/dynamic/qft/dqc_qft_9.qasm,9,53,1,0,QDG-no-MD,0.018867924528301886,0.5000000000000006,0.5,0
VeriQBench-dynamic,dqc_qft_9,veriqbench/dynamic/qft/dqc_qft_9.qasm,9,53,1,0,QDG-no-UED,0.03773584905660377,1.0,6.661338147750939e-16,1
VeriQBench-dynamic,dqc_qft_9,veriqbench/dynamic/qft/dqc_qft_9.qasm,9,53,1,0,QDG-no-CD,0.03773584905660377,1.0,6.661338147750939e-16,1
VeriQBench-dynamic,dqc_qft_9,veriqbench/dynamic/qft/dqc_qft_9.qasm,9,53,1,0,Classical PDG,0.018867924528301886,0.5000000000000006,0.5,0
VeriQBench-dynamic,dqc_qft_9,veriqbench/dynamic/qft/dqc_qft_9.qasm,9,53,1,0,Causal-cone,0.018867924528301886,0.5000000000000006,0.5,0
VeriQBench-dynamic,dqc_qft_9,veriqbench/dynamic/qft/dqc_qft_9.qasm,9,53,1,1,QSlice-full,0.09433962264150944,1.0,6.661338147750939e-16,1
VeriQBench-dynamic,dqc_qft_9,veriqbench/dynamic/qft/dqc_qft_9.qasm,9,53,1,1,QDG-no-ED,0.09433962264150944,1.0,6.661338147750939e-16,1
VeriQBench-dynamic,dqc_qft_9,veriqbench/dynamic/qft/dqc_qft_9.qasm,9,53,1,1,QDG-no-MD,0.018867924528301886,0.5000000000000006,0.5,0
VeriQBench-dynamic,dqc_qft_9,veriqbench/dynamic/qft/dqc_qft_9.qasm,9,53,1,1,QDG-no-UED,0.03773584905660377,1.0,6.661338147750939e-16,1
VeriQBench-dynamic,dqc_qft_9,veriqbench/dynamic/qft/dqc_qft_9.qasm,9,53,1,1,QDG-no-CD,0.05660377358490566,1.0,6.661338147750939e-16,1
VeriQBench-dynamic,dqc_qft_9,veriqbench/dynamic/qft/dqc_qft_9.qasm,9,53,1,1,Classical PDG,0.018867924528301886,0.5000000000000006,0.5,0
VeriQBench-dynamic,dqc_qft_9,veriqbench/dynamic/qft/dqc_qft_9.qasm,9,53,1,1,Causal-cone,0.018867924528301886,0.5000000000000006,0.5,0
VeriQBench-dynamic,dqc_qft_9,veriqbench/dynamic/qft/dqc_qft_9.qasm,9,53,1,2,QSlice-full,0.16981132075471697,1.0,6.661338147750939e-16,1
VeriQBench-dynamic,dqc_qft_9,veriqbench/dynamic/qft/dqc_qft_9.qasm,9,53,1,2,QDG-no-ED,0.16981132075471697,1.0,6.661338147750939e-16,1
VeriQBench-dynamic,dqc_qft_9,veriqbench/dynamic/qft/dqc_qft_9.qasm,9,53,1,2,QDG-no-MD,0.018867924528301886,0.5000000000000006,0.5,0
VeriQBench-dynamic,dqc_qft_9,veriqbench/dynamic/qft/dqc_qft_9.qasm,9,53,1,2,QDG-no-UED,0.03773584905660377,1.0,6.661338147750939e-16,1
VeriQBench-dynamic,dqc_qft_9,veriqbench/dynamic/qft/dqc_qft_9.qasm,9,53,1,2,QDG-no-CD,0.05660377358490566,1.0,6.661338147750939e-16,1
VeriQBench-dynamic,dqc_qft_9,veriqbench/dynamic/qft/dqc_qft_9.qasm,9,53,1,2,Classical PDG,0.018867924528301886,0.5000000000000006,0.5,0
VeriQBench-dynamic,dqc_qft_9,veriqbench/dynamic/qft/dqc_qft_9.qasm,9,53,1,2,Causal-cone,0.018867924528301886,0.5000000000000006,0.5,0
VeriQBench-dynamic,dqc_qft_9,veriqbench/dynamic/qft/dqc_qft_9.qasm,9,53,1,3,QSlice-full,0.2641509433962264,1.0,6.661338147750939e-16,1
VeriQBench-dynamic,dqc_qft_9,veriqbench/dynamic/qft/dqc_qft_9.qasm,9,53,1,3,QDG-no-ED,0.2641509433962264,1.0,6.661338147750939e-16,1
VeriQBench-dynamic,dqc_qft_9,veriqbench/dynamic/qft/dqc_qft_9.qasm,9,53,1,3,QDG-no-MD,0.018867924528301886,0.5000000000000006,0.5,0
VeriQBench-dynamic,dqc_qft_9,veriqbench/dynamic/qft/dqc_qft_9.qasm,9,53,1,3,QDG-no-UED,0.03773584905660377,1.0,6.661338147750939e-16,1
VeriQBench-dynamic,dqc_qft_9,veriqbench/dynamic/qft/dqc_qft_9.qasm,9,53,1,3,QDG-no-CD,0.05660377358490566,1.0,6.661338147750939e-16,1
VeriQBench-dynamic,dqc_qft_9,veriqbench/dynamic/qft/dqc_qft_9.qasm,9,53,1,3,Classical PDG,0.018867924528301886,0.5000000000000006,0.5,0
VeriQBench-dynamic,dqc_qft_9,veriqbench/dynamic/qft/dqc_qft_9.qasm,9,53,1,3,Causal-cone,0.018867924528301886,0.5000000000000006,0.5,0
VeriQBench-dynamic,dqc_qft_9,veriqbench/dynamic/qft/dqc_qft_9.qasm,9,53,1,4,QSlice-full,0.37735849056603776,1.0,7.771561172376096e-16,1
VeriQBench-dynamic,dqc_qft_9,veriqbench/dynamic/qft/dqc_qft_9.qasm,9,53,1,4,QDG-no-ED,0.37735849056603776,1.0,7.771561172376096e-16,1
VeriQBench-dynamic,dqc_qft_9,veriqbench/dynamic/qft/dqc_qft_9.qasm,9,53,1,4,QDG-no-MD,0.018867924528301886,0.5000000000000006,0.5,0
VeriQBench-dynamic,dqc_qft_9,veriqbench/dynamic/qft/dqc_qft_9.qasm,9,53,1,4,QDG-no-UED,0.03773584905660377,1.0,6.661338147750939e-16,1
VeriQBench-dynamic,dqc_qft_9,veriqbench/dynamic/qft/dqc_qft_9.qasm,9,53,1,4,QDG-no-CD,0.05660377358490566,1.0,6.661338147750939e-16,1
VeriQBench-dynamic,dqc_qft_9,veriqbench/dynamic/qft/dqc_qft_9.qasm,9,53,1,4,Classical PDG,0.018867924528301886,0.5000000000000006,0.5,0
VeriQBench-dynamic,dqc_qft_9,veriqbench/dynamic/qft/dqc_qft_9.qasm,9,53,1,4,Causal-cone,0.018867924528301886,0.5000000000000006,0.5,0
VeriQBench-dynamic,dqc_qft_9,veriqbench/dynamic/qft/dqc_qft_9.qasm,9,53,1,5,QSlice-full,0.5094339622641509,1.0,4.440892098500626e-16,1
VeriQBench-dynamic,dqc_qft_9,veriqbench/dynamic/qft/dqc_qft_9.qasm,9,53,1,5,QDG-no-ED,0.5094339622641509,1.0,4.440892098500626e-16,1
VeriQBench-dynamic,dqc_qft_9,veriqbench/dynamic/qft/dqc_qft_9.qasm,9,53,1,5,QDG-no-MD,0.018867924528301886,0.5000000000000006,0.5,0
VeriQBench-dynamic,dqc_qft_9,veriqbench/dynamic/qft/dqc_qft_9.qasm,9,53,1,5,QDG-no-UED,0.03773584905660377,1.0,6.661338147750939e-16,1
VeriQBench-dynamic,dqc_qft_9,veriqbench/dynamic/qft/dqc_qft_9.qasm,9,53,1,5,QDG-no-CD,0.05660377358490566,1.0,6.661338147750939e-16,1
VeriQBench-dynamic,dqc_qft_9,veriqbench/dynamic/qft/dqc_qft_9.qasm,9,53,1,5,Classical PDG,0.018867924528301886,0.5000000000000006,0.5,0
VeriQBench-dynamic,dqc_qft_9,veriqbench/dynamic/qft/dqc_qft_9.qasm,9,53,1,5,Causal-cone,0.018867924528301886,0.5000000000000006,0.5,0
VeriQBench-dynamic,dqc_qft_9,veriqbench/dynamic/qft/dqc_qft_9.qasm,9,53,1,6,QSlice-full,0.660377358490566,1.0,1.1102230246251565e-16,1
VeriQBench-dynamic,dqc_qft_9,veriqbench/dynamic/qft/dqc_qft_9.qasm,9,53,1,6,QDG-no-ED,0.660377358490566,1.0,1.1102230246251565e-16,1
VeriQBench-dynamic,dqc_qft_9,veriqbench/dynamic/qft/dqc_qft_9.qasm,9,53,1,6,QDG-no-MD,0.018867924528301886,0.5000000000000006,0.5,0
VeriQBench-dynamic,dqc_qft_9,veriqbench/dynamic/qft/dqc_qft_9.qasm,9,53,1,6,QDG-no-UED,0.03773584905660377,1.0,6.661338147750939e-16,1
VeriQBench-dynamic,dqc_qft_9,veriqbench/dynamic/qft/dqc_qft_9.qasm,9,53,1,6,QDG-no-CD,0.05660377358490566,1.0,6.661338147750939e-16,1
VeriQBench-dynamic,dqc_qft_9,veriqbench/dynamic/qft/dqc_qft_9.qasm,9,53,1,6,Classical PDG,0.018867924528301886,0.5000000000000006,0.5,0
VeriQBench-dynamic,dqc_qft_9,veriqbench/dynamic/qft/dqc_qft_9.qasm,9,53,1,6,Causal-cone,0.018867924528301886,0.5000000000000006,0.5,0
VeriQBench-dynamic,dqc_qft_9,veriqbench/dynamic/qft/dqc_qft_9.qasm,9,53,1,7,QSlice-full,0.8301886792452831,1.0,1.1102230246251565e-16,1
VeriQBench-dynamic,dqc_qft_9,veriqbench/dynamic/qft/dqc_qft_9.qasm,9,53,1,7,QDG-no-ED,0.8301886792452831,1.0,1.1102230246251565e-16,1
VeriQBench-dynamic,dqc_qft_9,veriqbench/dynamic/qft/dqc_qft_9.qasm,9,53,1,7,QDG-no-MD,0.018867924528301886,0.5000000000000006,0.5,0
VeriQBench-dynamic,dqc_qft_9,veriqbench/dynamic/qft/dqc_qft_9.qasm,9,53,1,7,QDG-no-UED,0.03773584905660377,1.0,6.661338147750939e-16,1
VeriQBench-dynamic,dqc_qft_9,veriqbench/dynamic/qft/dqc_qft_9.qasm,9,53,1,7,QDG-no-CD,0.05660377358490566,1.0,6.661338147750939e-16,1
VeriQBench-dynamic,dqc_qft_9,veriqbench/dynamic/qft/dqc_qft_9.qasm,9,53,1,7,Classical PDG,0.018867924528301886,0.5000000000000006,0.5,0
VeriQBench-dynamic,dqc_qft_9,veriqbench/dynamic/qft/dqc_qft_9.qasm,9,53,1,7,Causal-cone,0.018867924528301886,0.5000000000000006,0.5,0
VeriQBench-dynamic,dqc_qft_9,veriqbench/dynamic/qft/dqc_qft_9.qasm,9,53,1,8,QSlice-full,1.0,1.0,0.0,1
VeriQBench-dynamic,dqc_qft_9,veriqbench/dynamic/qft/dqc_qft_9.qasm,9,53,1,8,QDG-no-ED,1.0,1.0,0.0,1
VeriQBench-dynamic,dqc_qft_9,veriqbench/dynamic/qft/dqc_qft_9.qasm,9,53,1,8,QDG-no-MD,0.32075471698113206,1.0,7.771561172376096e-16,1
VeriQBench-dynamic,dqc_qft_9,veriqbench/dynamic/qft/dqc_qft_9.qasm,9,53,1,8,QDG-no-UED,0.4716981132075472,1.0,0.0,1
VeriQBench-dynamic,dqc_qft_9,veriqbench/dynamic/qft/dqc_qft_9.qasm,9,53,1,8,QDG-no-CD,0.16981132075471697,1.0,7.771561172376096e-16,1
VeriQBench-dynamic,dqc_qft_9,veriqbench/dynamic/qft/dqc_qft_9.qasm,9,53,1,8,Classical PDG,0.16981132075471697,1.0,7.771561172376096e-16,1
VeriQBench-dynamic,dqc_qft_9,veriqbench/dynamic/qft/dqc_qft_9.qasm,9,53,1,8,Causal-cone,0.16981132075471697,1.0,7.771561172376096e-16,1
