corpus,circuit,path,n_qubits,n_ops,dynamic,target,method,slice_size_fraction,fidelity,invalid
QASMBench,deutsch_n2,qasmbench/small/deutsch_n2.qasm,2,5,0,0,qpdg,1.0,0.9999999999999991,0
QASMBench,deutsch_n2,qasmbench/small/deutsch_n2.qasm,2,5,0,0,naive,0.4,1.029522000554799e-34,1
QASMBench,deutsch_n2,qasmbench/small/deutsch_n2.qasm,2,5,0,0,causal,1.0,0.9999999999999991,0
QASMBench,deutsch_n2,qasmbench/small/deutsch_n2.qasm,2,5,0,1,qpdg,0.6,0.9999999999999993,0
QASMBench,deutsch_n2,qasmbench/small/deutsch_n2.qasm,2,5,0,1,naive,0.8,0.9999999999999991,0
QASMBench,deutsch_n2,qasmbench/small/deutsch_n2.qasm,2,5,0,1,causal,0.8,0.9999999999999991,0
QASMBench,ipea_n2,qasmbench/small/ipea_n2.qasm,2,40,1,0,qpdg,1.0,0.9999999999999996,0
QASMBench,ipea_n2,qasmbench/small/ipea_n2.qasm,2,40,1,0,naive,1.0,0.9999999999999996,0
QASMBench,ipea_n2,qasmbench/small/ipea_n2.qasm,2,40,1,0,causal,1.0,0.9999999999999996,0
QASMBench,ipea_n2,qasmbench/small/ipea_n2.qasm,2,40,1,1,qpdg,0.8,0.9999999999999997,0
QASMBench,ipea_n2,qasmbench/small/ipea_n2.qasm,2,40,1,1,naive,0.8,0.9999999999999997,0
QASMBench,ipea_n2,qasmbench/small/ipea_n2.qasm,2,40,1,1,causal,0.8,0.9999999999999997,0
QASMBench,iswap_n2,qasmbench/small/iswap_n2.qasm,2,9,0,0,qpdg,0.8888888888888888,0.9999999999999987,0
QASMBench,iswap_n2,qasmbench/small/iswap_n2.qasm,2,9,0,0,naive,0.5555555555555556,0.4999999999999993,1
QASMBench,iswap_n2,qasmbench/small/iswap_n2.qasm,2,9,0,0,causal,1.0,0.9999999999999987,0
QASMBench,iswap_n2,qasmbench/small/iswap_n2.qasm,2,9,0,1,qpdg,0.7777777777777778,0.9999999999999989,0
QASMBench,iswap_n2,qasmbench/small/iswap_n2.qasm,2,9,0,1,naive,0.8888888888888888,0.9999999999999989,0
QASMBench,iswap_n2,qasmbench/small/iswap_n2.qasm,2,9,0,1,causal,0.8888888888888888,0.9999999999999989,0
QASMBench,quantumwalks_n2,qasmbench/small/quantumwalks_n2.qasm,2,11,0,0,qpdg,0.9090909090909091,1.0,0
QASMBench,quantumwalks_n2,qasmbench/small/quantumwalks_n2.qasm,2,11,0,0,naive,0.36363636363636365,0.47499512627993407,1
QASMBench,quantumwalks_n2,qasmbench/small/quantumwalks_n2.qasm,2,11,0,0,causal,0.9090909090909091,1.0,0
QASMBench,quantumwalks_n2,qasmbench/small/quantumwalks_n2.qasm,2,11,0,1,qpdg,0.9090909090909091,1.0,0
QASMBench,quantumwalks_n2,qasmbench/small/quantumwalks_n2.qasm,2,11,0,1,naive,0.9090909090909091,1.0,0
QASMBench,quantumwalks_n2,qasmbench/small/quantumwalks_n2.qasm,2,11,0,1,causal,0.9090909090909091,1.0,0
QASMBench,grover_n2,qasmbench/small/grover_n2.qasm,2,16,0,0,qpdg,0.8125,0.9999999999999971,0
QASMBench,grover_n2,qasmbench/small/grover_n2.qasm,2,16,0,0,naive,0.3125,0.499999999999999,1
QASMBench,grover_n2,qasmbench/small/grover_n2.qasm,2,16,0,0,causal,0.8125,0.9999999999999971,0
QASMBench,grover_n2,qasmbench/small/grover_n2.qasm,2,16,0,1,qpdg,0.875,0.999999999999997,0
QASMBench,grover_n2,qasmbench/small/grover_n2.qasm,2,16,0,1,naive,0.875,0.999999999999997,0
QASMBench,grover_n2,qasmbench/small/grover_n2.qasm,2,16,0,1,causal,0.875,0.999999999999997,0
QASMBench,wstate_n3,qasmbench/small/wstate_n3.qasm,3,6,0,0,qpdg,1.0,0.9999999999999988,0
QASMBench,wstate_n3,qasmbench/small/wstate_n3.qasm,3,6,0,0,naive,0.5,0.8698249381956054,1
QASMBench,wstate_n3,qasmbench/small/wstate_n3.qasm,3,6,0,0,causal,1.0,0.9999999999999988,0
QASMBench,wstate_n3,qasmbench/small/wstate_n3.qasm,3,6,0,1,qpdg,1.0,0.9999999999999988,0
QASMBench,wstate_n3,qasmbench/small/wstate_n3.qasm,3,6,0,1,naive,0.8333333333333334,0.8698259244010311,1
QASMBench,wstate_n3,qasmbench/small/wstate_n3.qasm,3,6,0,1,causal,1.0,0.9999999999999988,0
QASMBench,wstate_n3,qasmbench/small/wstate_n3.qasm,3,6,0,2,qpdg,0.5,0.9999999999999988,0
QASMBench,wstate_n3,qasmbench/small/wstate_n3.qasm,3,6,0,2,naive,0.5,0.9999999999999988,0
QASMBench,wstate_n3,qasmbench/small/wstate_n3.qasm,3,6,0,2,causal,0.5,0.9999999999999988,0
QASMBench,teleportation_n3,qasmbench/small/teleportation_n3.qasm,3,8,0,0,qpdg,0.75,0.9999999999999982,0
QASMBench,teleportation_n3,qasmbench/small/teleportation_n3.qasm,3,8,0,0,naive,0.625,0.7499999999999987,1
QASMBench,teleportation_n3,qasmbench/small/teleportation_n3.qasm,3,8,0,0,causal,1.0,0.999999999999998,0
QASMBench,teleportation_n3,qasmbench/small/teleportation_n3.qasm,3,8,0,1,qpdg,0.375,0.9999999999999989,0
QASMBench,teleportation_n3,qasmbench/small/teleportation_n3.qasm,3,8,0,1,naive,0.875,0.9999999999999982,0
QASMBench,teleportation_n3,qasmbench/small/teleportation_n3.qasm,3,8,0,1,causal,0.875,0.9999999999999982,0
QASMBench,teleportation_n3,qasmbench/small/teleportation_n3.qasm,3,8,0,2,qpdg,0.25,0.9999999999999989,0
QASMBench,teleportation_n3,qasmbench/small/teleportation_n3.qasm,3,8,0,2,naive,0.125,0.49999999999999944,1
QASMBench,teleportation_n3,qasmbench/small/teleportation_n3.qasm,3,8,0,2,causal,0.25,0.9999999999999989,0
QASMBench,qaoa_n3,qasmbench/small/qaoa_n3.qasm,3,15,0,0,qpdg,0.8,0.9999999999999989,0
QASMBench,qaoa_n3,qasmbench/small/qaoa_n3.qasm,3,15,0,0,naive,0.13333333333333333,0.6246337805978424,1
QASMBench,qaoa_n3,qasmbench/small/qaoa_n3.qasm,3,15,0,0,causal,0.8,0.9999999999999989,0
QASMBench,qaoa_n3,qasmbench/small/qaoa_n3.qasm,3,15,0,1,qpdg,0.6,0.9999999999999993,0
QASMBench,qaoa_n3,qasmbench/small/qaoa_n3.qasm,3,15,0,1,naive,0.4,0.6541050843096241,1
QASMBench,qaoa_n3,qasmbench/small/qaoa_n3.qasm,3,15,0,1,causal,0.8666666666666667,0.9999999999999989,0
QASMBench,qaoa_n3,qasmbench/small/qaoa_n3.qasm,3,15,0,2,qpdg,0.7333333333333333,0.9999999999999991,0
QASMBench,qaoa_n3,qasmbench/small/qaoa_n3.qasm,3,15,0,2,naive,0.7333333333333333,0.9999999999999991,0
QASMBench,qaoa_n3,qasmbench/small/qaoa_n3.qasm,3,15,0,2,causal,0.7333333333333333,0.9999999999999991,0
QASMBench,toffoli_n3,qasmbench/small/toffoli_n3.qasm,3,18,0,0,qpdg,0.3333333333333333,0.9999999999999989,0
QASMBench,toffoli_n3,qasmbench/small/toffoli_n3.qasm,3,18,0,0,naive,0.1111111111111111,0.9999999999999989,0
QASMBench,toffoli_n3,qasmbench/small/toffoli_n3.qasm,3,18,0,0,causal,0.8333333333333334,0.9999999999999984,0
QASMBench,toffoli_n3,qasmbench/small/toffoli_n3.qasm,3,18,0,1,qpdg,0.4444444444444444,0.9999999999999987,0
QASMBench,toffoli_n3,qasmbench/small/toffoli_n3.qasm,3,18,0,1,naive,0.3888888888888889,0.9999999999999989,0
QASMBench,toffoli_n3,qasmbench/small/toffoli_n3.qasm,3,18,0,1,causal,0.8333333333333334,0.9999999999999984,0
QASMBench,toffoli_n3,qasmbench/small/toffoli_n3.qasm,3,18,0,2,qpdg,0.6666666666666666,0.9999999999999984,0
QASMBench,toffoli_n3,qasmbench/small/toffoli_n3.qasm,3,18,0,2,naive,0.6666666666666666,0.9999999999999984,0
QASMBench,toffoli_n3,qasmbench/small/toffoli_n3.qasm,3,18,0,2,causal,0.6666666666666666,0.9999999999999984,0
QASMBench,fredkin_n3,qasmbench/small/fredkin_n3.qasm,3,19,0,0,qpdg,0.3157894736842105,0.9999999999999989,0
QASMBench,fredkin_n3,qasmbench/small/fredkin_n3.qasm,3,19,0,0,naive,0.10526315789473684,0.9999999999999989,0
QASMBench,fredkin_n3,qasmbench/small/fredkin_n3.qasm,3,19,0,0,causal,0.7368421052631579,0.9999999999999987,0
QASMBench,fredkin_n3,qasmbench/small/fredkin_n3.qasm,3,19,0,1,qpdg,0.9473684210526315,0.9999999999999983,0
QASMBench,fredkin_n3,qasmbench/small/fredkin_n3.qasm,3,19,0,1,naive,1.0,0.9999999999999982,0
QASMBench,fredkin_n3,qasmbench/small/fredkin_n3.qasm,3,19,0,1,causal,1.0,0.9999999999999982,0
QASMBench,fredkin_n3,qasmbench/small/fredkin_n3.qasm,3,19,0,2,qpdg,0.8421052631578947,0.9999999999999984,0
QASMBench,fredkin_n3,qasmbench/small/fredkin_n3.qasm,3,19,0,2,naive,0.42105263157894735,0.4999999999999992,1
QASMBench,fredkin_n3,qasmbench/small/fredkin_n3.qasm,3,19,0,2,causal,1.0,0.9999999999999982,0
QASMBench,linearsolver_n3,qasmbench/small/linearsolver_n3.qasm,3,19,0,0,qpdg,0.7894736842105263,0.9999999999999967,0
QASMBench,linearsolver_n3,qasmbench/small/linearsolver_n3.qasm,3,19,0,0,naive,0.21052631578947367,0.9182313249575912,1
QASMBench,linearsolver_n3,qasmbench/small/linearsolver_n3.qasm,3,19,0,0,causal,0.8947368421052632,0.9999999999999964,0
QASMBench,linearsolver_n3,qasmbench/small/linearsolver_n3.qasm,3,19,0,1,qpdg,0.6842105263157895,0.9999999999999971,0
QASMBench,linearsolver_n3,qasmbench/small/linearsolver_n3.qasm,3,19,0,1,naive,0.8421052631578947,0.9999999999999968,0
QASMBench,linearsolver_n3,qasmbench/small/linearsolver_n3.qasm,3,19,0,1,causal,0.8421052631578947,0.9999999999999968,0
QASMBench,linearsolver_n3,qasmbench/small/linearsolver_n3.qasm,3,19,0,2,qpdg,0.5789473684210527,0.9999999999999974,0
QASMBench,linearsolver_n3,qasmbench/small/linearsolver_n3.qasm,3,19,0,2,naive,0.3684210526315789,0.849834882351566,1
QASMBench,linearsolver_n3,qasmbench/small/linearsolver_n3.qasm,3,19,0,2,causal,0.7368421052631579,0.9999999999999973,0
QASMBench,basis_change_n3,qasmbench/small/basis_change_n3.qasm,3,33,0,0,qpdg,0.7272727272727273,0.9999999999999992,0
QASMBench,basis_change_n3,qasmbench/small/basis_change_n3.qasm,3,33,0,0,naive,0.15151515151515152,0.9990068806969823,1
QASMBench,basis_change_n3,qasmbench/small/basis_change_n3.qasm,3,33,0,0,causal,0.7575757575757576,0.9999999999999994,0
QASMBench,basis_change_n3,qasmbench/small/basis_change_n3.qasm,3,33,0,1,qpdg,0.8787878787878788,0.9999999999999993,0
QASMBench,basis_change_n3,qasmbench/small/basis_change_n3.qasm,3,33,0,1,naive,0.5757575757575758,0.9917153478096963,1
QASMBench,basis_change_n3,qasmbench/small/basis_change_n3.qasm,3,33,0,1,causal,0.9393939393939394,0.9999999999999994,0
QASMBench,basis_change_n3,qasmbench/small/basis_change_n3.qasm,3,33,0,2,qpdg,0.9090909090909091,0.9999999999999992,0
QASMBench,basis_change_n3,qasmbench/small/basis_change_n3.qasm,3,33,0,2,naive,0.9393939393939394,0.9999999999999994,0
QASMBench,basis_change_n3,qasmbench/small/basis_change_n3.qasm,3,33,0,2,causal,0.9393939393939394,0.9999999999999994,0
QASMBench,cat_state_n4,qasmbench/small/cat_state_n4.qasm,4,4,0,0,qpdg,0.5,0.9999999999999996,0
QASMBench,cat_state_n4,qasmbench/small/cat_state_n4.qasm,4,4,0,0,naive,0.25,0.4999999999999998,1
QASMBench,cat_state_n4,qasmbench/small/cat_state_n4.qasm,4,4,0,0,causal,0.5,0.9999999999999996,0
QASMBench,cat_state_n4,qasmbench/small/cat_state_n4.qasm,4,4,0,1,qpdg,0.75,0.9999999999999996,0
QASMBench,cat_state_n4,qasmbench/small/cat_state_n4.qasm,4,4,0,1,naive,0.5,0.9999999999999996,0
QASMBench,cat_state_n4,qasmbench/small/cat_state_n4.qasm,4,4,0,1,causal,0.75,0.9999999999999996,0
QASMBench,cat_state_n4,qasmbench/small/cat_state_n4.qasm,4,4,0,2,qpdg,1.0,0.9999999999999996,0
QASMBench,cat_state_n4,qasmbench/small/cat_state_n4.qasm,4,4,0,2,naive,0.75,0.9999999999999996,0
QASMBench,cat_state_n4,qasmbench/small/cat_state_n4.qasm,4,4,0,2,causal,1.0,0.9999999999999996,0
QASMBench,cat_state_n4,qasmbench/small/cat_state_n4.qasm,4,4,0,3,qpdg,1.0,0.9999999999999996,0
QASMBench,cat_state_n4,qasmbench/small/cat_state_n4.qasm,4,4,0,3,naive,1.0,0.9999999999999996,0
QASMBench,cat_state_n4,qasmbench/small/cat_state_n4.qasm,4,4,0,3,causal,1.0,0.9999999999999996,0
QASMBench,inverseqft_n4,qasmbench/small/inverseqft_n4.qasm,4,17,1,0,qpdg,0.17647058823529413,0.9999999999999996,0
QASMBench,inverseqft_n4,qasmbench/small/inverseqft_n4.qasm,4,17,1,0,naive,0.17647058823529413,0.9999999999999996,0
QASMBench,inverseqft_n4,qasmbench/small/inverseqft_n4.qasm,4,17,1,0,causal,0.17647058823529413,0.9999999999999996,0
QASMBench,inverseqft_n4,qasmbench/small/inverseqft_n4.qasm,4,17,1,1,qpdg,0.4117647058823529,0.9999999999999996,0
QASMBench,inverseqft_n4,qasmbench/small/inverseqft_n4.qasm,4,17,1,1,naive,0.23529411764705882,0.9999999999999996,0
QASMBench,inverseqft_n4,qasmbench/small/inverseqft_n4.qasm,4,17,1,1,causal,0.4117647058823529,0.9999999999999996,0
QASMBench,inverseqft_n4,qasmbench/small/inverseqft_n4.qasm,4,17,1,2,qpdg,0.7058823529411765,1.0,0
QASMBench,inverseqft_n4,qasmbench/small/inverseqft_n4.qasm,4,17,1,2,naive,0.29411764705882354,0.9999999999999996,0
QASMBench,inverseqft_n4,qasmbench/small/inverseqft_n4.qasm,4,17,1,2,causal,0.7058823529411765,1.0,0
QASMBench,inverseqft_n4,qasmbench/small/inverseqft_n4.qasm,4,17,1,3,qpdg,1.0,1.0,0
QASMBench,inverseqft_n4,qasmbench/small/inverseqft_n4.qasm,4,17,1,3,naive,0.29411764705882354,0.9999999999999996,0
QASMBench,inverseqft_n4,qasmbench/small/inverseqft_n4.qasm,4,17,1,3,causal,1.0,1.0,0
QASMBench,qrng_n4,qasmbench/small/qrng_n4.qasm,4,4,0,0,qpdg,0.25,0.9999999999999991,0
QASMBench,qrng_n4,qasmbench/small/qrng_n4.qasm,4,4,0,0,naive,0.25,0.9999999999999991,0
QASMBench,qrng_n4,qasmbench/small/qrng_n4.qasm,4,4,0,0,causal,0.25,0.9999999999999991,0
QASMBench,qrng_n4,qasmbench/small/qrng_n4.qasm,4,4,0,1,qpdg,0.25,0.9999999999999991,0
QASMBench,qrng_n4,qasmbench/small/qrng_n4.qasm,4,4,0,1,naive,0.25,0.9999999999999991,0
QASMBench,qrng_n4,qasmbench/small/qrng_n4.qasm,4,4,0,1,causal,0.25,0.9999999999999991,0
QASMBench,qrng_n4,qasmbench/small/qrng_n4.qasm,4,4,0,2,qpdg,0.25,0.9999999999999991,0
QASMBench,qrng_n4,qasmbench/small/qrng_n4.qasm,4,4,0,2,naive,0.25,0.9999999999999991,0
QASMBench,qrng_n4,qasmbench/small/qrng_n4.qasm,4,4,0,2,causal,0.25,0.9999999999999991,0
QASMBench,qrng_n4,qasmbench/small/qrng_n4.qasm,4,4,0,3,qpdg,0.25,0.9999999999999991,0
QASMBench,qrng_n4,qasmbench/small/qrng_n4.qasm,4,4,0,3,naive,0.25,0.9999999999999991,0
QASMBench,qrng_n4,qasmbench/small/qrng_n4.qasm,4,4,0,3,causal,0.25,0.9999999999999991,0
QASMBench,qft_n4,qasmbench/small/qft_n4.qasm,4,12,0,0,qpdg,0.5,0.9999999999999991,0
QASMBench,qft_n4,qasmbench/small/qft_n4.qasm,4,12,0,0,naive,0.5,0.9999999999999991,0
QASMBench,qft_n4,qasmbench/small/qft_n4.qasm,4,12,0,0,causal,0.5,0.9999999999999991,0
QASMBench,qft_n4,qasmbench/small/qft_n4.qasm,4,12,0,1,qpdg,0.4166666666666667,0.9999999999999991,0
QASMBench,qft_n4,qasmbench/small/qft_n4.qasm,4,12,0,1,naive,0.3333333333333333,0.9999999999999991,0
QASMBench,qft_n4,qasmbench/small/qft_n4.qasm,4,12,0,1,causal,0.75,0.999999999999999,0
QASMBench,qft_n4,qasmbench/small/qft_n4.qasm,4,12,0,2,qpdg,0.4166666666666667,0.9999999999999991,0
QASMBench,qft_n4,qasmbench/small/qft_n4.qasm,4,12,0,2,naive,0.25,0.9999999999999991,0
QASMBench,qft_n4,qasmbench/small/qft_n4.qasm,4,12,0,2,causal,0.9166666666666666,0.9999999999999989,0
QASMBench,qft_n4,qasmbench/small/qft_n4.qasm,4,12,0,3,qpdg,0.3333333333333333,0.9999999999999991,0
QASMBench,qft_n4,qasmbench/small/qft_n4.qasm,4,12,0,3,naive,0.08333333333333333,0.9999999999999991,0
QASMBench,qft_n4,qasmbench/small/qft_n4.qasm,4,12,0,3,causal,1.0,0.9999999999999987,0
QASMBench,adder_n4,qasmbench/small/adder_n4.qasm,4,23,0,0,qpdg,0.5652173913043478,0.9999999999999987,0
QASMBench,adder_n4,qasmbench/small/adder_n4.qasm,4,23,0,0,naive,0.8260869565217391,0.9999999999999984,0
QASMBench,adder_n4,qasmbench/small/adder_n4.qasm,4,23,0,0,causal,0.9565217391304348,0.9999999999999983,0
QASMBench,adder_n4,qasmbench/small/adder_n4.qasm,4,23,0,1,qpdg,0.391304347826087,0.9999999999999987,0
QASMBench,adder_n4,qasmbench/small/adder_n4.qasm,4,23,0,1,naive,0.6521739130434783,0.9999999999999984,0
QASMBench,adder_n4,qasmbench/small/adder_n4.qasm,4,23,0,1,causal,0.6956521739130435,0.9999999999999984,0
QASMBench,adder_n4,qasmbench/small/adder_n4.qasm,4,23,0,2,qpdg,0.43478260869565216,0.9999999999999991,0
QASMBench,adder_n4,qasmbench/small/adder_n4.qasm,4,23,0,2,naive,0.34782608695652173,0.9999999999999987,0
QASMBench,adder_n4,qasmbench/small/adder_n4.qasm,4,23,0,2,causal,0.6956521739130435,0.9999999999999984,0
QASMBench,adder_n4,qasmbench/small/adder_n4.qasm,4,23,0,3,qpdg,0.782608695652174,0.9999999999999984,0
QASMBench,adder_n4,qasmbench/small/adder_n4.qasm,4,23,0,3,naive,0.7391304347826086,0.49999999999999917,1
QASMBench,adder_n4,qasmbench/small/adder_n4.qasm,4,23,0,3,causal,1.0,0.9999999999999982,0
QASMBench,hs4_n4,qasmbench/small/hs4_n4.qasm,4,28,0,0,qpdg,0.42857142857142855,0.9999999999999956,0
QASMBench,hs4_n4,qasmbench/small/hs4_n4.qasm,4,28,0,0,naive,0.17857142857142858,0.4999999999999982,1
QASMBench,hs4_n4,qasmbench/small/hs4_n4.qasm,4,28,0,0,causal,0.42857142857142855,0.9999999999999956,0
QASMBench,hs4_n4,qasmbench/small/hs4_n4.qasm,4,28,0,1,qpdg,0.42857142857142855,0.9999999999999954,0
QASMBench,hs4_n4,qasmbench/small/hs4_n4.qasm,4,28,0,1,naive,0.4642857142857143,0.9999999999999954,0
QASMBench,hs4_n4,qasmbench/small/hs4_n4.qasm,4,28,0,1,causal,0.4642857142857143,0.9999999999999954,0
QASMBench,hs4_n4,qasmbench/small/hs4_n4.qasm,4,28,0,2,qpdg,0.42857142857142855,0.9999999999999956,0
QASMBench,hs4_n4,qasmbench/small/hs4_n4.qasm,4,28,0,2,naive,0.17857142857142858,0.4999999999999982,1
QASMBench,hs4_n4,qasmbench/small/hs4_n4.qasm,4,28,0,2,causal,0.42857142857142855,0.9999999999999956,0
QASMBench,hs4_n4,qasmbench/small/hs4_n4.qasm,4,28,0,3,qpdg,0.42857142857142855,0.9999999999999954,0
QASMBench,hs4_n4,qasmbench/small/hs4_n4.qasm,4,28,0,3,naive,0.4642857142857143,0.9999999999999954,0
QASMBench,hs4_n4,qasmbench/small/hs4_n4.qasm,4,28,0,3,causal,0.4642857142857143,0.9999999999999954,0
QASMBench,bell_n4,qasmbench/small/bell_n4.qasm,4,33,0,0,qpdg,0.42424242424242425,0.9999999999999982,0
QASMBench,bell_n4,qasmbench/small/bell_n4.qasm,4,33,0,0,naive,0.48484848484848486,0.5000000074505797,1
QASMBench,bell_n4,qasmbench/small/bell_n4.qasm,4,33,0,0,causal,0.5151515151515151,0.9999999999999984,0
QASMBench,bell_n4,qasmbench/small/bell_n4.qasm,4,33,0,1,qpdg,0.36363636363636365,0.9999999999999987,0
QASMBench,bell_n4,qasmbench/small/bell_n4.qasm,4,33,0,1,naive,0.36363636363636365,0.7499999999999987,1
QASMBench,bell_n4,qasmbench/small/bell_n4.qasm,4,33,0,1,causal,0.48484848484848486,0.9999999999999983,0
QASMBench,bell_n4,qasmbench/small/bell_n4.qasm,4,33,0,2,qpdg,0.3939393939393939,0.9999999999999984,0
QASMBench,bell_n4,qasmbench/small/bell_n4.qasm,4,33,0,2,naive,0.48484848484848486,0.9999999999999984,0
QASMBench,bell_n4,qasmbench/small/bell_n4.qasm,4,33,0,2,causal,0.48484848484848486,0.9999999999999984,0
QASMBench,bell_n4,qasmbench/small/bell_n4.qasm,4,33,0,3,qpdg,0.3333333333333333,0.9999999999999987,0
QASMBench,bell_n4,qasmbench/small/bell_n4.qasm,4,33,0,3,naive,0.36363636363636365,0.9999999999999987,0
QASMBench,bell_n4,qasmbench/small/bell_n4.qasm,4,33,0,3,causal,0.45454545454545453,0.9999999999999984,0
QASMBench,variational_n4,qasmbench/small/variational_n4.qasm,4,54,0,0,qpdg,0.35185185185185186,0.9999999999999978,0
QASMBench,variational_n4,qasmbench/small/variational_n4.qasm,4,54,0,0,naive,0.4074074074074074,0.5054052306110246,1
QASMBench,variational_n4,qasmbench/small/variational_n4.qasm,4,54,0,0,causal,0.4444444444444444,0.9999999999999976,0
QASMBench,variational_n4,qasmbench/small/variational_n4.qasm,4,54,0,1,qpdg,0.8518518518518519,0.9999999999999966,0
QASMBench,variational_n4,qasmbench/small/variational_n4.qasm,4,54,0,1,naive,0.8703703703703703,0.9999999967069986,0
QASMBench,variational_n4,qasmbench/small/variational_n4.qasm,4,54,0,1,causal,0.9074074074074074,0.9999999999999966,0
QASMBench,variational_n4,qasmbench/small/variational_n4.qasm,4,54,0,2,qpdg,0.8703703703703703,0.9999999999999966,0
QASMBench,variational_n4,qasmbench/small/variational_n4.qasm,4,54,0,2,naive,0.9074074074074074,0.5066045110228513,1
QASMBench,variational_n4,qasmbench/small/variational_n4.qasm,4,54,0,2,causal,0.9259259259259259,0.9999999999999968,0
QASMBench,variational_n4,qasmbench/small/variational_n4.qasm,4,54,0,3,qpdg,0.35185185185185186,0.9999999999999978,0
QASMBench,variational_n4,qasmbench/small/variational_n4.qasm,4,54,0,3,naive,0.46296296296296297,0.9999999999999971,0
QASMBench,variational_n4,qasmbench/small/variational_n4.qasm,4,54,0,3,causal,0.46296296296296297,0.9999999999999971,0
QASMBench,vqe_n4,qasmbench/small/vqe_n4.qasm,4,89,0,0,qpdg,0.6292134831460674,1.0,0
QASMBench,vqe_n4,qasmbench/small/vqe_n4.qasm,4,89,0,0,naive,0.2247191011235955,0.23256126202854696,1
QASMBench,vqe_n4,qasmbench/small/vqe_n4.qasm,4,89,0,0,causal,0.6292134831460674,1.0,0
QASMBench,vqe_n4,qasmbench/small/vqe_n4.qasm,4,89,0,1,qpdg,0.7640449438202247,1.0,0
QASMBench,vqe_n4,qasmbench/small/vqe_n4.qasm,4,89,0,1,naive,0.42696629213483145,0.4520908319131344,1
QASMBench,vqe_n4,qasmbench/small/vqe_n4.qasm,4,89,0,1,causal,0.7640449438202247,1.0,0
QASMBench,vqe_n4,qasmbench/small/vqe_n4.qasm,4,89,0,2,qpdg,0.8314606741573034,1.0,0
QASMBench,vqe_n4,qasmbench/small/vqe_n4.qasm,4,89,0,2,naive,0.6292134831460674,0.9313527498886103,1
QASMBench,vqe_n4,qasmbench/small/vqe_n4.qasm,4,89,0,2,causal,0.8314606741573034,1.0,0
QASMBench,vqe_n4,qasmbench/small/vqe_n4.qasm,4,89,0,3,qpdg,0.8089887640449438,1.0,0
QASMBench,vqe_n4,qasmbench/small/vqe_n4.qasm,4,89,0,3,naive,0.8314606741573034,1.0,0
QASMBench,vqe_n4,qasmbench/small/vqe_n4.qasm,4,89,0,3,causal,0.8314606741573034,1.0,0
QASMBench,basis_test_n4,qasmbench/small/basis_test_n4.qasm,4,98,0,0,qpdg,0.3673469387755102,0.9999999999999943,0
QASMBench,basis_test_n4,qasmbench/small/basis_test_n4.qasm,4,98,0,0,naive,0.9795918367346939,0.999999999999992,0
QASMBench,basis_test_n4,qasmbench/small/basis_test_n4.qasm,4,98,0,0,causal,0.9795918367346939,0.999999999999992,0
QASMBench,basis_test_n4,qasmbench/small/basis_test_n4.qasm,4,98,0,1,qpdg,0.5714285714285714,0.9999999999999937,0
QASMBench,basis_test_n4,qasmbench/small/basis_test_n4.qasm,4,98,0,1,naive,1.0,0.999999999999992,0
QASMBench,basis_test_n4,qasmbench/small/basis_test_n4.qasm,4,98,0,1,causal,1.0,0.999999999999992,0
QASMBench,basis_test_n4,qasmbench/small/basis_test_n4.qasm,4,98,0,2,qpdg,0.5714285714285714,0.9999999999999936,0
QASMBench,basis_test_n4,qasmbench/small/basis_test_n4.qasm,4,98,0,2,naive,1.0,0.999999999999992,0
QASMBench,basis_test_n4,qasmbench/small/basis_test_n4.qasm,4,98,0,2,causal,1.0,0.999999999999992,0
QASMBench,basis_test_n4,qasmbench/small/basis_test_n4.qasm,4,98,0,3,qpdg,0.24489795918367346,0.9999999999999953,0
QASMBench,basis_test_n4,qasmbench/small/basis_test_n4.qasm,4,98,0,3,naive,0.9795918367346939,0.999999999999992,0
QASMBench,basis_test_n4,qasmbench/small/basis_test_n4.qasm,4,98,0,3,causal,0.9795918367346939,0.999999999999992,0
QASMBench,qec_sm_n5,qasmbench/small/qec_sm_n5.qasm,5,7,1,0,qpdg,0.7142857142857143,1.0,0
QASMBench,qec_sm_n5,qasmbench/small/qec_sm_n5.qasm,5,7,1,0,naive,0.42857142857142855,0.0,1
QASMBench,qec_sm_n5,qasmbench/small/qec_sm_n5.qasm,5,7,1,0,causal,0.7142857142857143,1.0,0
QASMBench,qec_sm_n5,qasmbench/small/qec_sm_n5.qasm,5,7,1,1,qpdg,0.7142857142857143,1.0,0
QASMBench,qec_sm_n5,qasmbench/small/qec_sm_n5.qasm,5,7,1,1,naive,0.42857142857142855,1.0,0
QASMBench,qec_sm_n5,qasmbench/small/qec_sm_n5.qasm,5,7,1,1,causal,0.7142857142857143,1.0,0
QASMBench,qec_sm_n5,qasmbench/small/qec_sm_n5.qasm,5,7,1,2,qpdg,0.7142857142857143,1.0,0
QASMBench,qec_sm_n5,qasmbench/small/qec_sm_n5.qasm,5,7,1,2,naive,0.42857142857142855,1.0,0
QASMBench,qec_sm_n5,qasmbench/small/qec_sm_n5.qasm,5,7,1,2,causal,0.7142857142857143,1.0,0
QASMBench,qec_sm_n5,qasmbench/small/qec_sm_n5.qasm,5,7,1,3,qpdg,0.42857142857142855,1.0,0
QASMBench,qec_sm_n5,qasmbench/small/qec_sm_n5.qasm,5,7,1,3,naive,0.42857142857142855,1.0,0
QASMBench,qec_sm_n5,qasmbench/small/qec_sm_n5.qasm,5,7,1,3,causal,0.42857142857142855,1.0,0
QASMBench,qec_sm_n5,qasmbench/small/qec_sm_n5.qasm,5,7,1,4,qpdg,0.42857142857142855,1.0,0
QASMBench,qec_sm_n5,qasmbench/small/qec_sm_n5.qasm,5,7,1,4,naive,0.42857142857142855,1.0,0
QASMBench,qec_sm_n5,qasmbench/small/qec_sm_n5.qasm,5,7,1,4,causal,0.42857142857142855,1.0,0
QASMBench,pea_n5,qasmbench/small/pea_n5.qasm,5,29,0,0,qpdg,0.4482758620689655,0.999999999999998,0
QASMBench,pea_n5,qasmbench/small/pea_n5.qasm,5,29,0,0,naive,0.6896551724137931,0.9999999999999973,0
QASMBench,pea_n5,qasmbench/small/pea_n5.qasm,5,29,0,0,causal,0.7931034482758621,0.9999999999999973,0
QASMBench,pea_n5,qasmbench/small/pea_n5.qasm,5,29,0,1,qpdg,0.6551724137931034,0.9999999999999978,0
QASMBench,pea_n5,qasmbench/small/pea_n5.qasm,5,29,0,1,naive,0.7586206896551724,0.9999999999999973,0
QASMBench,pea_n5,qasmbench/small/pea_n5.qasm,5,29,0,1,causal,0.896551724137931,0.9999999999999972,0
QASMBench,pea_n5,qasmbench/small/pea_n5.qasm,5,29,0,2,qpdg,0.8275862068965517,0.9999999999999976,0
QASMBench,pea_n5,qasmbench/small/pea_n5.qasm,5,29,0,2,naive,0.8620689655172413,0.9999999999999971,0
QASMBench,pea_n5,qasmbench/small/pea_n5.qasm,5,29,0,2,causal,0.9655172413793104,0.9999999999999972,0
QASMBench,pea_n5,qasmbench/small/pea_n5.qasm,5,29,0,3,qpdg,1.0,0.9999999999999969,0
QASMBench,pea_n5,qasmbench/small/pea_n5.qasm,5,29,0,3,naive,1.0,0.9999999999999969,0
QASMBench,pea_n5,qasmbench/small/pea_n5.qasm,5,29,0,3,causal,1.0,0.9999999999999969,0
QASMBench,pea_n5,qasmbench/small/pea_n5.qasm,5,29,0,4,qpdg,0.5172413793103449,0.9999999999999984,0
QASMBench,pea_n5,qasmbench/small/pea_n5.qasm,5,29,0,4,naive,0.6551724137931034,0.9999999999999974,0
QASMBench,pea_n5,qasmbench/small/pea_n5.qasm,5,29,0,4,causal,0.6551724137931034,0.9999999999999974,0
QASMBench,lpn_n5,qasmbench/small/lpn_n5.qasm,5,11,0,0,qpdg,0.2727272727272727,0.9999999999999981,0
QASMBench,lpn_n5,qasmbench/small/lpn_n5.qasm,5,11,0,0,naive,0.18181818181818182,0.49999999999999906,1
QASMBench,lpn_n5,qasmbench/small/lpn_n5.qasm,5,11,0,0,causal,0.45454545454545453,0.9999999999999981,0
QASMBench,lpn_n5,qasmbench/small/lpn_n5.qasm,5,11,0,1,qpdg,0.18181818181818182,0.9999999999999981,0
QASMBench,lpn_n5,qasmbench/small/lpn_n5.qasm,5,11,0,1,naive,0.18181818181818182,0.9999999999999981,0
QASMBench,lpn_n5,qasmbench/small/lpn_n5.qasm,5,11,0,1,causal,0.18181818181818182,0.9999999999999981,0
QASMBench,lpn_n5,qasmbench/small/lpn_n5.qasm,5,11,0,2,qpdg,0.36363636363636365,0.9999999999999981,0
QASMBench,lpn_n5,qasmbench/small/lpn_n5.qasm,5,11,0,2,naive,0.45454545454545453,0.9999999999999981,0
QASMBench,lpn_n5,qasmbench/small/lpn_n5.qasm,5,11,0,2,causal,0.45454545454545453,0.9999999999999981,0
QASMBench,lpn_n5,qasmbench/small/lpn_n5.qasm,5,11,0,3,qpdg,0.2727272727272727,0.9999999999999981,0
QASMBench,lpn_n5,qasmbench/small/lpn_n5.qasm,5,11,0,3,naive,0.18181818181818182,0.49999999999999906,1
QASMBench,lpn_n5,qasmbench/small/lpn_n5.qasm,5,11,0,3,causal,0.2727272727272727,0.9999999999999981,0
QASMBench,lpn_n5,qasmbench/small/lpn_n5.qasm,5,11,0,4,qpdg,0.18181818181818182,0.9999999999999981,0
QASMBench,lpn_n5,qasmbench/small/lpn_n5.qasm,5,11,0,4,naive,0.18181818181818182,0.9999999999999981,0
QASMBench,lpn_n5,qasmbench/small/lpn_n5.qasm,5,11,0,4,causal,0.18181818181818182,0.9999999999999981,0
QASMBench,shor_n5,qasmbench/small/shor_n5.qasm,5,24,1,0,qpdg,0.8333333333333334,0.9999999999999998,0
QASMBench,shor_n5,qasmbench/small/shor_n5.qasm,5,24,1,0,naive,0.5833333333333334,0.9999999999999998,0
QASMBench,shor_n5,qasmbench/small/shor_n5.qasm,5,24,1,0,causal,0.8333333333333334,0.9999999999999998,0
QASMBench,shor_n5,qasmbench/small/shor_n5.qasm,5,24,1,1,qpdg,0.7916666666666666,0.9999999999999998,0
QASMBench,shor_n5,qasmbench/small/shor_n5.qasm,5,24,1,1,naive,0.6666666666666666,0.9999999999999998,0
QASMBench,shor_n5,qasmbench/small/shor_n5.qasm,5,24,1,1,causal,0.7916666666666666,0.9999999999999998,0
QASMBench,shor_n5,qasmbench/small/shor_n5.qasm,5,24,1,2,qpdg,0.75,0.9999999999999998,0
QASMBench,shor_n5,qasmbench/small/shor_n5.qasm,5,24,1,2,naive,0.7083333333333334,0.9999999999999998,0
QASMBench,shor_n5,qasmbench/small/shor_n5.qasm,5,24,1,2,causal,0.75,0.9999999999999998,0
QASMBench,shor_n5,qasmbench/small/shor_n5.qasm,5,24,1,3,qpdg,0.7083333333333334,0.9999999999999998,0
QASMBench,shor_n5,qasmbench/small/shor_n5.qasm,5,24,1,3,naive,0.7083333333333334,0.9999999999999998,0
QASMBench,shor_n5,qasmbench/small/shor_n5.qasm,5,24,1,3,causal,0.7083333333333334,0.9999999999999998,0
QASMBench,shor_n5,qasmbench/small/shor_n5.qasm,5,24,1,4,qpdg,1.0,0.9999999999999996,0
QASMBench,shor_n5,qasmbench/small/shor_n5.qasm,5,24,1,4,naive,0.5833333333333334,0.49999999999999967,1
QASMBench,shor_n5,qasmbench/small/shor_n5.qasm,5,24,1,4,causal,1.0,0.9999999999999996,0
QASMBench,qec_en_n5,qasmbench/small/qec_en_n5.qasm,5,25,0,0,qpdg,0.56,0.9999999999999956,0
QASMBench,qec_en_n5,qasmbench/small/qec_en_n5.qasm,5,25,0,0,naive,0.08,0.853553390593271,1
QASMBench,qec_en_n5,qasmbench/small/qec_en_n5.qasm,5,25,0,0,causal,0.6,0.9999999999999953,0
QASMBench,qec_en_n5,qasmbench/small/qec_en_n5.qasm,5,25,0,1,qpdg,0.64,0.9999999999999956,0
QASMBench,qec_en_n5,qasmbench/small/qec_en_n5.qasm,5,25,0,1,naive,0.08,0.853553390593271,1
QASMBench,qec_en_n5,qasmbench/small/qec_en_n5.qasm,5,25,0,1,causal,0.96,0.9999999999999942,0
QASMBench,qec_en_n5,qasmbench/small/qec_en_n5.qasm,5,25,0,2,qpdg,0.96,0.9999999999999947,0
QASMBench,qec_en_n5,qasmbench/small/qec_en_n5.qasm,5,25,0,2,naive,1.0,0.9999999999999944,0
QASMBench,qec_en_n5,qasmbench/small/qec_en_n5.qasm,5,25,0,2,causal,1.0,0.9999999999999944,0
QASMBench,qec_en_n5,qasmbench/small/qec_en_n5.qasm,5,25,0,3,qpdg,0.52,0.9999999999999958,0
QASMBench,qec_en_n5,qasmbench/small/qec_en_n5.qasm,5,25,0,3,naive,0.08,0.853553390593271,1
QASMBench,qec_en_n5,qasmbench/small/qec_en_n5.qasm,5,25,0,3,causal,1.0,0.9999999999999942,0
QASMBench,qec_en_n5,qasmbench/small/qec_en_n5.qasm,5,25,0,4,qpdg,0.72,0.9999999999999958,0
QASMBench,qec_en_n5,qasmbench/small/qec_en_n5.qasm,5,25,0,4,naive,0.08,0.9999999999999968,0
QASMBench,qec_en_n5,qasmbench/small/qec_en_n5.qasm,5,25,0,4,causal,0.92,0.9999999999999944,0
QASMBench,error_correctiond3_n5,qasmbench/small/error_correctiond3_n5.qasm,5,114,0,0,qpdg,0.40350877192982454,0.9999999999999863,0
QASMBench,error_correctiond3_n5,qasmbench/small/error_correctiond3_n5.qasm,5,114,0,0,naive,0.043859649122807015,0.4999999999999946,1
QASMBench,error_correctiond3_n5,qasmbench/small/error_correctiond3_n5.qasm,5,114,0,0,causal,0.8245614035087719,0.9999999999999822,0
QASMBench,error_correctiond3_n5,qasmbench/small/error_correctiond3_n5.qasm,5,114,0,1,qpdg,0.3333333333333333,0.9999999999999869,0
QASMBench,error_correctiond3_n5,qasmbench/small/error_correctiond3_n5.qasm,5,114,0,1,naive,0.15789473684210525,0.9999999999999876,0
QASMBench,error_correctiond3_n5,qasmbench/small/error_correctiond3_n5.qasm,5,114,0,1,causal,0.9122807017543859,0.9999999999999811,0
QASMBench,error_correctiond3_n5,qasmbench/small/error_correctiond3_n5.qasm,5,114,0,2,qpdg,0.7894736842105263,0.9999999999999836,0
QASMBench,error_correctiond3_n5,qasmbench/small/error_correctiond3_n5.qasm,5,114,0,2,naive,0.9736842105263158,0.9999999999999807,0
QASMBench,error_correctiond3_n5,qasmbench/small/error_correctiond3_n5.qasm,5,114,0,2,causal,0.9736842105263158,0.9999999999999807,0
QASMBench,error_correctiond3_n5,qasmbench/small/error_correctiond3_n5.qasm,5,114,0,3,qpdg,0.22807017543859648,0.9999999999999878,0
QASMBench,error_correctiond3_n5,qasmbench/small/error_correctiond3_n5.qasm,5,114,0,3,naive,0.06140350877192982,0.49999999999999445,1
QASMBench,error_correctiond3_n5,qasmbench/small/error_correctiond3_n5.qasm,5,114,0,3,causal,0.6491228070175439,0.9999999999999836,0
QASMBench,error_correctiond3_n5,qasmbench/small/error_correctiond3_n5.qasm,5,114,0,4,qpdg,0.631578947368421,0.9999999999999846,0
QASMBench,error_correctiond3_n5,qasmbench/small/error_correctiond3_n5.qasm,5,114,0,4,naive,0.10526315789473684,0.4999999999999941,1
QASMBench,error_correctiond3_n5,qasmbench/small/error_correctiond3_n5.qasm,5,114,0,4,causal,0.9736842105263158,0.9999999999999803,0
QASMBench,simon_n6,qasmbench/small/simon_n6.qasm,6,16,0,0,qpdg,0.4375,0.9999999999999987,0
QASMBench,simon_n6,qasmbench/small/simon_n6.qasm,6,16,0,0,naive,0.25,0.49999999999999933,1
QASMBench,simon_n6,qasmbench/small/simon_n6.qasm,6,16,0,0,causal,0.75,0.9999999999999984,0
QASMBench,simon_n6,qasmbench/small/simon_n6.qasm,6,16,0,1,qpdg,0.4375,0.9999999999999987,0
QASMBench,simon_n6,qasmbench/small/simon_n6.qasm,6,16,0,1,naive,0.25,0.49999999999999933,1
QASMBench,simon_n6,qasmbench/small/simon_n6.qasm,6,16,0,1,causal,0.75,0.9999999999999984,0
QASMBench,simon_n6,qasmbench/small/simon_n6.qasm,6,16,0,2,qpdg,0.25,0.9999999999999987,0
QASMBench,simon_n6,qasmbench/small/simon_n6.qasm,6,16,0,2,naive,0.125,0.49999999999999933,1
QASMBench,simon_n6,qasmbench/small/simon_n6.qasm,6,16,0,2,causal,0.3125,0.9999999999999987,0
QASMBench,simon_n6,qasmbench/small/simon_n6.qasm,6,16,0,3,qpdg,0.5,0.9999999999999989,0
QASMBench,simon_n6,qasmbench/small/simon_n6.qasm,6,16,0,3,naive,0.625,0.9999999999999987,0
QASMBench,simon_n6,qasmbench/small/simon_n6.qasm,6,16,0,3,causal,0.6875,0.9999999999999987,0
QASMBench,simon_n6,qasmbench/small/simon_n6.qasm,6,16,0,4,qpdg,0.125,0.9999999999999989,0
QASMBench,simon_n6,qasmbench/small/simon_n6.qasm,6,16,0,4,naive,0.125,0.9999999999999989,0
QASMBench,simon_n6,qasmbench/small/simon_n6.qasm,6,16,0,4,causal,0.125,0.9999999999999989,0
QASMBench,simon_n6,qasmbench/small/simon_n6.qasm,6,16,0,5,qpdg,0.0,0.9999999999999996,0
QASMBench,simon_n6,qasmbench/small/simon_n6.qasm,6,16,0,5,naive,0.0,0.9999999999999996,0
QASMBench,simon_n6,qasmbench/small/simon_n6.qasm,6,16,0,5,causal,0.0,0.9999999999999996,0
QASMBench,sat_n7,qasmbench/small/sat_n7.qasm,7,40,0,0,qpdg,0.825,0.9999999999999974,0
QASMBench,sat_n7,qasmbench/small/sat_n7.qasm,7,40,0,0,naive,0.8,0.8124999999999979,1
QASMBench,sat_n7,qasmbench/small/sat_n7.qasm,7,40,0,0,causal,0.9,0.9999999999999974,0
QASMBench,sat_n7,qasmbench/small/sat_n7.qasm,7,40,0,1,qpdg,0.825,0.9999999999999978,0
QASMBench,sat_n7,qasmbench/small/sat_n7.qasm,7,40,0,1,naive,0.225,0.7499999999999987,1
QASMBench,sat_n7,qasmbench/small/sat_n7.qasm,7,40,0,1,causal,0.875,0.9999999999999978,0
QASMBench,sat_n7,qasmbench/small/sat_n7.qasm,7,40,0,2,qpdg,0.825,0.9999999999999978,0
QASMBench,sat_n7,qasmbench/small/sat_n7.qasm,7,40,0,2,naive,0.325,0.7499999999999987,1
QASMBench,sat_n7,qasmbench/small/sat_n7.qasm,7,40,0,2,causal,0.875,0.9999999999999978,0
QASMBench,sat_n7,qasmbench/small/sat_n7.qasm,7,40,0,3,qpdg,0.45,0.9999999999999986,0
QASMBench,sat_n7,qasmbench/small/sat_n7.qasm,7,40,0,3,naive,0.375,0.9999999999999981,0
QASMBench,sat_n7,qasmbench/small/sat_n7.qasm,7,40,0,3,causal,0.6,0.9999999999999981,0
QASMBench,sat_n7,qasmbench/small/sat_n7.qasm,7,40,0,4,qpdg,0.35,0.9999999999999986,0
QASMBench,sat_n7,qasmbench/small/sat_n7.qasm,7,40,0,4,naive,0.35,0.9999999999999981,0
QASMBench,sat_n7,qasmbench/small/sat_n7.qasm,7,40,0,4,causal,0.55,0.9999999999999981,0
QASMBench,sat_n7,qasmbench/small/sat_n7.qasm,7,40,0,5,qpdg,0.175,0.9999999999999986,0
QASMBench,sat_n7,qasmbench/small/sat_n7.qasm,7,40,0,5,naive,0.3,0.9999999999999981,0
QASMBench,sat_n7,qasmbench/small/sat_n7.qasm,7,40,0,5,causal,0.45,0.9999999999999981,0
QASMBench,sat_n7,qasmbench/small/sat_n7.qasm,7,40,0,6,qpdg,0.075,0.9999999999999986,0
QASMBench,sat_n7,qasmbench/small/sat_n7.qasm,7,40,0,6,naive,0.275,0.9999999999999981,0
QASMBench,sat_n7,qasmbench/small/sat_n7.qasm,7,40,0,6,causal,0.4,0.9999999999999981,0
QASMBench,bb84_n8,qasmbench/small/bb84_n8.qasm,8,35,1,0,qpdg,0.08571428571428572,0.9999999999999983,0
QASMBench,bb84_n8,qasmbench/small/bb84_n8.qasm,8,35,1,0,naive,0.08571428571428572,0.9999999999999983,0
QASMBench,bb84_n8,qasmbench/small/bb84_n8.qasm,8,35,1,0,causal,0.08571428571428572,0.9999999999999983,0
QASMBench,bb84_n8,qasmbench/small/bb84_n8.qasm,8,35,1,1,qpdg,0.14285714285714285,0.9999999999999979,0
QASMBench,bb84_n8,qasmbench/small/bb84_n8.qasm,8,35,1,1,naive,0.14285714285714285,0.9999999999999979,0
QASMBench,bb84_n8,qasmbench/small/bb84_n8.qasm,8,35,1,1,causal,0.14285714285714285,0.9999999999999979,0
QASMBench,bb84_n8,qasmbench/small/bb84_n8.qasm,8,35,1,2,qpdg,0.17142857142857143,0.9999999999999979,0
QASMBench,bb84_n8,qasmbench/small/bb84_n8.qasm,8,35,1,2,naive,0.17142857142857143,0.9999999999999979,0
QASMBench,bb84_n8,qasmbench/small/bb84_n8.qasm,8,35,1,2,causal,0.17142857142857143,0.9999999999999979,0
QASMBench,bb84_n8,qasmbench/small/bb84_n8.qasm,8,35,1,3,qpdg,0.11428571428571428,0.9999999999999981,0
QASMBench,bb84_n8,qasmbench/small/bb84_n8.qasm,8,35,1,3,naive,0.11428571428571428,0.9999999999999981,0
QASMBench,bb84_n8,qasmbench/small/bb84_n8.qasm,8,35,1,3,causal,0.11428571428571428,0.9999999999999981,0
QASMBench,bb84_n8,qasmbench/small/bb84_n8.qasm,8,35,1,4,qpdg,0.17142857142857143,0.9999999999999979,0
QASMBench,bb84_n8,qasmbench/small/bb84_n8.qasm,8,35,1,4,naive,0.17142857142857143,0.9999999999999979,0
QASMBench,bb84_n8,qasmbench/small/bb84_n8.qasm,8,35,1,4,causal,0.17142857142857143,0.9999999999999979,0
QASMBench,bb84_n8,qasmbench/small/bb84_n8.qasm,8,35,1,5,qpdg,0.11428571428571428,0.9999999999999981,0
QASMBench,bb84_n8,qasmbench/small/bb84_n8.qasm,8,35,1,5,naive,0.11428571428571428,0.9999999999999981,0
QASMBench,bb84_n8,qasmbench/small/bb84_n8.qasm,8,35,1,5,causal,0.11428571428571428,0.9999999999999981,0
QASMBench,bb84_n8,qasmbench/small/bb84_n8.qasm,8,35,1,6,qpdg,0.05714285714285714,0.9999999999999981,0
QASMBench,bb84_n8,qasmbench/small/bb84_n8.qasm,8,35,1,6,naive,0.05714285714285714,0.9999999999999981,0
QASMBench,bb84_n8,qasmbench/small/bb84_n8.qasm,8,35,1,6,causal,0.05714285714285714,0.9999999999999981,0
QASMBench,bb84_n8,qasmbench/small/bb84_n8.qasm,8,35,1,7,qpdg,0.14285714285714285,0.9999999999999979,0
QASMBench,bb84_n8,qasmbench/small/bb84_n8.qasm,8,35,1,7,naive,0.14285714285714285,0.9999999999999979,0
QASMBench,bb84_n8,qasmbench/small/bb84_n8.qasm,8,35,1,7,causal,0.14285714285714285,0.9999999999999979,0
QASMBench,qpe_n9,qasmbench/small/qpe_n9.qasm,9,33,0,0,qpdg,0.6666666666666666,0.9999999999999968,0
QASMBench,qpe_n9,qasmbench/small/qpe_n9.qasm,9,33,0,0,naive,0.6666666666666666,0.9999999999999968,0
QASMBench,qpe_n9,qasmbench/small/qpe_n9.qasm,9,33,0,0,causal,0.8484848484848485,0.9999999999999968,0
QASMBench,qpe_n9,qasmbench/small/qpe_n9.qasm,9,33,0,1,qpdg,0.6363636363636364,0.9999999999999971,0
QASMBench,qpe_n9,qasmbench/small/qpe_n9.qasm,9,33,0,1,naive,0.48484848484848486,0.9454399465632218,1
QASMBench,qpe_n9,qasmbench/small/qpe_n9.qasm,9,33,0,1,causal,0.8484848484848485,0.999999999999997,0
QASMBench,qpe_n9,qasmbench/small/qpe_n9.qasm,9,33,0,2,qpdg,0.5757575757575758,0.9999999999999968,0
QASMBench,qpe_n9,qasmbench/small/qpe_n9.qasm,9,33,0,2,naive,0.3333333333333333,0.8999527348533005,1
QASMBench,qpe_n9,qasmbench/small/qpe_n9.qasm,9,33,0,2,causal,0.8181818181818182,0.9999999999999966,0
QASMBench,qpe_n9,qasmbench/small/qpe_n9.qasm,9,33,0,3,qpdg,0.48484848484848486,0.9999999999999971,0
QASMBench,qpe_n9,qasmbench/small/qpe_n9.qasm,9,33,0,3,naive,0.21212121212121213,0.8704725668124167,1
QASMBench,qpe_n9,qasmbench/small/qpe_n9.qasm,9,33,0,3,causal,0.7575757575757576,0.9999999999999969,0
QASMBench,qpe_n9,qasmbench/small/qpe_n9.qasm,9,33,0,4,qpdg,0.36363636363636365,0.9999999999999971,0
QASMBench,qpe_n9,qasmbench/small/qpe_n9.qasm,9,33,0,4,naive,0.12121212121212122,0.8312009286885194,1
QASMBench,qpe_n9,qasmbench/small/qpe_n9.qasm,9,33,0,4,causal,0.6666666666666666,0.9999999999999969,0
QASMBench,qpe_n9,qasmbench/small/qpe_n9.qasm,9,33,0,5,qpdg,0.5151515151515151,0.9999999999999971,0
QASMBench,qpe_n9,qasmbench/small/qpe_n9.qasm,9,33,0,5,naive,0.06060606060606061,0.4843749999999988,1
QASMBench,qpe_n9,qasmbench/small/qpe_n9.qasm,9,33,0,5,causal,0.5454545454545454,0.9999999999999971,0
QASMBench,qpe_n9,qasmbench/small/qpe_n9.qasm,9,33,0,6,qpdg,0.09090909090909091,0.9999999999999978,0
QASMBench,qpe_n9,qasmbench/small/qpe_n9.qasm,9,33,0,6,naive,0.030303030303030304,0.9999999999999978,0
QASMBench,qpe_n9,qasmbench/small/qpe_n9.qasm,9,33,0,6,causal,0.21212121212121213,0.9999999999999976,0
QASMBench,qpe_n9,qasmbench/small/qpe_n9.qasm,9,33,0,7,qpdg,0.12121212121212122,0.9999999999999978,0
QASMBench,qpe_n9,qasmbench/small/qpe_n9.qasm,9,33,0,7,naive,0.15151515151515152,0.9999999999999976,0
QASMBench,qpe_n9,qasmbench/small/qpe_n9.qasm,9,33,0,7,causal,0.21212121212121213,0.9999999999999976,0
QASMBench,qpe_n9,qasmbench/small/qpe_n9.qasm,9,33,0,8,qpdg,0.06060606060606061,0.9999999999999978,0
QASMBench,qpe_n9,qasmbench/small/qpe_n9.qasm,9,33,0,8,naive,0.18181818181818182,0.9999999999999976,0
QASMBench,qpe_n9,qasmbench/small/qpe_n9.qasm,9,33,0,8,causal,0.18181818181818182,0.9999999999999976,0
QASMBench,adder_n10,qasmbench/small/adder_n10.qasm,10,14,0,0,qpdg,0.14285714285714285,1.0,0
QASMBench,adder_n10,qasmbench/small/adder_n10.qasm,10,14,0,0,naive,0.9285714285714286,1.0,0
QASMBench,adder_n10,qasmbench/small/adder_n10.qasm,10,14,0,0,causal,1.0,1.0,0
QASMBench,adder_n10,qasmbench/small/adder_n10.qasm,10,14,0,1,qpdg,0.35714285714285715,1.0,0
QASMBench,adder_n10,qasmbench/small/adder_n10.qasm,10,14,0,1,naive,0.9285714285714286,1.0,0
QASMBench,adder_n10,qasmbench/small/adder_n10.qasm,10,14,0,1,causal,1.0,1.0,0
QASMBench,adder_n10,qasmbench/small/adder_n10.qasm,10,14,0,2,qpdg,0.2857142857142857,1.0,0
QASMBench,adder_n10,qasmbench/small/adder_n10.qasm,10,14,0,2,naive,0.8571428571428571,1.0,0
QASMBench,adder_n10,qasmbench/small/adder_n10.qasm,10,14,0,2,causal,0.9285714285714286,1.0,0
QASMBench,adder_n10,qasmbench/small/adder_n10.qasm,10,14,0,3,qpdg,0.2857142857142857,1.0,0
QASMBench,adder_n10,qasmbench/small/adder_n10.qasm,10,14,0,3,naive,0.7857142857142857,1.0,0
QASMBench,adder_n10,qasmbench/small/adder_n10.qasm,10,14,0,3,causal,0.8571428571428571,1.0,0
QASMBench,adder_n10,qasmbench/small/adder_n10.qasm,10,14,0,4,qpdg,0.21428571428571427,1.0,0
QASMBench,adder_n10,qasmbench/small/adder_n10.qasm,10,14,0,4,naive,0.7142857142857143,1.0,0
QASMBench,adder_n10,qasmbench/small/adder_n10.qasm,10,14,0,4,causal,0.7857142857142857,1.0,0
QASMBench,adder_n10,qasmbench/small/adder_n10.qasm,10,14,0,5,qpdg,0.2857142857142857,1.0,0
QASMBench,adder_n10,qasmbench/small/adder_n10.qasm,10,14,0,5,naive,0.9285714285714286,1.0,0
QASMBench,adder_n10,qasmbench/small/adder_n10.qasm,10,14,0,5,causal,1.0,1.0,0
QASMBench,adder_n10,qasmbench/small/adder_n10.qasm,10,14,0,6,qpdg,0.2857142857142857,1.0,0
QASMBench,adder_n10,qasmbench/small/adder_n10.qasm,10,14,0,6,naive,0.8571428571428571,1.0,0
QASMBench,adder_n10,qasmbench/small/adder_n10.qasm,10,14,0,6,causal,0.9285714285714286,1.0,0
QASMBench,adder_n10,qasmbench/small/adder_n10.qasm,10,14,0,7,qpdg,0.42857142857142855,1.0,0
QASMBench,adder_n10,qasmbench/small/adder_n10.qasm,10,14,0,7,naive,0.7857142857142857,1.0,0
QASMBench,adder_n10,qasmbench/small/adder_n10.qasm,10,14,0,7,causal,0.8571428571428571,1.0,0
QASMBench,adder_n10,qasmbench/small/adder_n10.qasm,10,14,0,8,qpdg,0.5714285714285714,1.0,0
QASMBench,adder_n10,qasmbench/small/adder_n10.qasm,10,14,0,8,naive,0.7142857142857143,1.0,0
QASMBench,adder_n10,qasmbench/small/adder_n10.qasm,10,14,0,8,causal,0.7857142857142857,1.0,0
QASMBench,adder_n10,qasmbench/small/adder_n10.qasm,10,14,0,9,qpdg,0.5714285714285714,1.0,0
QASMBench,adder_n10,qasmbench/small/adder_n10.qasm,10,14,0,9,naive,0.7142857142857143,1.0,0
QASMBench,adder_n10,qasmbench/small/adder_n10.qasm,10,14,0,9,causal,0.7142857142857143,1.0,0
QASMBench,seca_n11,qasmbench/medium/seca_n11.qasm,11,72,1,0,qpdg,0.2777777777777778,0.9999999999999979,0
QASMBench,seca_n11,qasmbench/medium/seca_n11.qasm,11,72,1,0,naive,0.08333333333333333,0.9999999999999974,0
QASMBench,seca_n11,qasmbench/medium/seca_n11.qasm,11,72,1,0,causal,0.2777777777777778,0.9999999999999979,0
QASMBench,seca_n11,qasmbench/medium/seca_n11.qasm,11,72,1,1,qpdg,0.375,0.9999999999999977,0
QASMBench,seca_n11,qasmbench/medium/seca_n11.qasm,11,72,1,1,naive,0.2222222222222222,0.9999999999999979,0
QASMBench,seca_n11,qasmbench/medium/seca_n11.qasm,11,72,1,1,causal,0.375,0.9999999999999977,0
QASMBench,seca_n11,qasmbench/medium/seca_n11.qasm,11,72,1,2,qpdg,0.375,0.9999999999999977,0
QASMBench,seca_n11,qasmbench/medium/seca_n11.qasm,11,72,1,2,naive,0.2222222222222222,0.9999999999999979,0
QASMBench,seca_n11,qasmbench/medium/seca_n11.qasm,11,72,1,2,causal,0.375,0.9999999999999977,0
QASMBench,seca_n11,qasmbench/medium/seca_n11.qasm,11,72,1,3,qpdg,0.9583333333333334,0.999999999999996,0
QASMBench,seca_n11,qasmbench/medium/seca_n11.qasm,11,72,1,3,naive,0.6388888888888888,0.9999999999999968,0
QASMBench,seca_n11,qasmbench/medium/seca_n11.qasm,11,72,1,3,causal,0.9583333333333334,0.999999999999996,0
QASMBench,seca_n11,qasmbench/medium/seca_n11.qasm,11,72,1,4,qpdg,0.25,0.9999999999999974,0
QASMBench,seca_n11,qasmbench/medium/seca_n11.qasm,11,72,1,4,naive,0.1388888888888889,0.9999999999999974,0
QASMBench,seca_n11,qasmbench/medium/seca_n11.qasm,11,72,1,4,causal,0.25,0.9999999999999974,0
QASMBench,seca_n11,qasmbench/medium/seca_n11.qasm,11,72,1,5,qpdg,0.25,0.9999999999999974,0
QASMBench,seca_n11,qasmbench/medium/seca_n11.qasm,11,72,1,5,naive,0.1388888888888889,0.9999999999999974,0
QASMBench,seca_n11,qasmbench/medium/seca_n11.qasm,11,72,1,5,causal,0.25,0.9999999999999974,0
QASMBench,seca_n11,qasmbench/medium/seca_n11.qasm,11,72,1,6,qpdg,0.9583333333333334,0.999999999999996,0
QASMBench,seca_n11,qasmbench/medium/seca_n11.qasm,11,72,1,6,naive,0.6388888888888888,0.9999999999999968,0
QASMBench,seca_n11,qasmbench/medium/seca_n11.qasm,11,72,1,6,causal,0.9583333333333334,0.999999999999996,0
QASMBench,seca_n11,qasmbench/medium/seca_n11.qasm,11,72,1,7,qpdg,0.2638888888888889,0.9999999999999974,0
QASMBench,seca_n11,qasmbench/medium/seca_n11.qasm,11,72,1,7,naive,0.1388888888888889,0.9999999999999974,0
QASMBench,seca_n11,qasmbench/medium/seca_n11.qasm,11,72,1,7,causal,0.2638888888888889,0.9999999999999974,0
QASMBench,seca_n11,qasmbench/medium/seca_n11.qasm,11,72,1,8,qpdg,0.2638888888888889,0.9999999999999974,0
QASMBench,seca_n11,qasmbench/medium/seca_n11.qasm,11,72,1,8,naive,0.1388888888888889,0.9999999999999974,0
QASMBench,seca_n11,qasmbench/medium/seca_n11.qasm,11,72,1,8,causal,0.2638888888888889,0.9999999999999974,0
QASMBench,seca_n11,qasmbench/medium/seca_n11.qasm,11,72,1,9,qpdg,0.2361111111111111,0.9999999999999979,0
QASMBench,seca_n11,qasmbench/medium/seca_n11.qasm,11,72,1,9,naive,0.09722222222222222,0.9999999999999974,0
QASMBench,seca_n11,qasmbench/medium/seca_n11.qasm,11,72,1,9,causal,0.2361111111111111,0.9999999999999979,0
QASMBench,seca_n11,qasmbench/medium/seca_n11.qasm,11,72,1,10,qpdg,1.0,0.9999999999999958,0
QASMBench,seca_n11,qasmbench/medium/seca_n11.qasm,11,72,1,10,naive,1.0,0.9999999999999958,0
QASMBench,seca_n11,qasmbench/medium/seca_n11.qasm,11,72,1,10,causal,1.0,0.9999999999999958,0
QASMBench,sat_n11,qasmbench/medium/sat_n11.qasm,11,91,0,0,qpdg,0.8791208791208791,0.9999999999999956,0
QASMBench,sat_n11,qasmbench/medium/sat_n11.qasm,11,91,0,0,naive,0.8461538461538461,0.6484374999999971,1
QASMBench,sat_n11,qasmbench/medium/sat_n11.qasm,11,91,0,0,causal,0.8901098901098901,0.9999999999999956,0
QASMBench,sat_n11,qasmbench/medium/sat_n11.qasm,11,91,0,1,qpdg,0.8901098901098901,0.999999999999996,0
QASMBench,sat_n11,qasmbench/medium/sat_n11.qasm,11,91,0,1,naive,0.0989010989010989,0.8749999999999973,1
QASMBench,sat_n11,qasmbench/medium/sat_n11.qasm,11,91,0,1,causal,0.9010989010989011,0.999999999999996,0
QASMBench,sat_n11,qasmbench/medium/sat_n11.qasm,11,91,0,2,qpdg,0.8901098901098901,0.9999999999999957,0
QASMBench,sat_n11,qasmbench/medium/sat_n11.qasm,11,91,0,2,naive,0.14285714285714285,0.7499999999999977,1
QASMBench,sat_n11,qasmbench/medium/sat_n11.qasm,11,91,0,2,causal,0.9010989010989011,0.9999999999999957,0
QASMBench,sat_n11,qasmbench/medium/sat_n11.qasm,11,91,0,3,qpdg,0.8791208791208791,0.999999999999996,0
QASMBench,sat_n11,qasmbench/medium/sat_n11.qasm,11,91,0,3,naive,0.0989010989010989,0.6249999999999981,1
QASMBench,sat_n11,qasmbench/medium/sat_n11.qasm,11,91,0,3,causal,0.8901098901098901,0.999999999999996,0
QASMBench,sat_n11,qasmbench/medium/sat_n11.qasm,11,91,0,4,qpdg,0.8791208791208791,0.9999999999999959,0
QASMBench,sat_n11,qasmbench/medium/sat_n11.qasm,11,91,0,4,naive,0.0989010989010989,0.8749999999999973,1
QASMBench,sat_n11,qasmbench/medium/sat_n11.qasm,11,91,0,4,causal,0.8791208791208791,0.9999999999999959,0
QASMBench,sat_n11,qasmbench/medium/sat_n11.qasm,11,91,0,5,qpdg,0.5714285714285714,0.9999999999999976,0
QASMBench,sat_n11,qasmbench/medium/sat_n11.qasm,11,91,0,5,naive,0.6153846153846154,0.999999999999997,0
QASMBench,sat_n11,qasmbench/medium/sat_n11.qasm,11,91,0,5,causal,0.6813186813186813,0.999999999999997,0
QASMBench,sat_n11,qasmbench/medium/sat_n11.qasm,11,91,0,6,qpdg,0.3956043956043956,0.9999999999999976,0
QASMBench,sat_n11,qasmbench/medium/sat_n11.qasm,11,91,0,6,naive,0.5384615384615384,0.999999999999997,0
QASMBench,sat_n11,qasmbench/medium/sat_n11.qasm,11,91,0,6,causal,0.5934065934065934,0.999999999999997,0
QASMBench,sat_n11,qasmbench/medium/sat_n11.qasm,11,91,0,7,qpdg,0.24175824175824176,0.9999999999999976,0
QASMBench,sat_n11,qasmbench/medium/sat_n11.qasm,11,91,0,7,naive,0.4725274725274725,0.999999999999997,0
QASMBench,sat_n11,qasmbench/medium/sat_n11.qasm,11,91,0,7,causal,0.5164835164835165,0.999999999999997,0
QASMBench,sat_n11,qasmbench/medium/sat_n11.qasm,11,91,0,8,qpdg,0.10989010989010989,0.9999999999999976,0
QASMBench,sat_n11,qasmbench/medium/sat_n11.qasm,11,91,0,8,naive,0.14285714285714285,0.9999999999999971,0
QASMBench,sat_n11,qasmbench/medium/sat_n11.qasm,11,91,0,8,causal,0.42857142857142855,0.9999999999999971,0
QASMBench,sat_n11,qasmbench/medium/sat_n11.qasm,11,91,0,9,qpdg,0.43956043956043955,0.9999999999999976,0
QASMBench,sat_n11,qasmbench/medium/sat_n11.qasm,11,91,0,9,naive,0.5054945054945055,0.9999999999999969,0
QASMBench,sat_n11,qasmbench/medium/sat_n11.qasm,11,91,0,9,causal,0.8791208791208791,0.9999999999999961,0
QASMBench,sat_n11,qasmbench/medium/sat_n11.qasm,11,91,0,10,qpdg,0.26373626373626374,0.9999999999999976,0
QASMBench,sat_n11,qasmbench/medium/sat_n11.qasm,11,91,0,10,naive,0.7142857142857143,0.9999999999999963,0
QASMBench,sat_n11,qasmbench/medium/sat_n11.qasm,11,91,0,10,causal,0.8681318681318682,0.9999999999999961,0
QASMBench,cc_n12,qasmbench/medium/cc_n12.qasm,12,48,1,0,qpdg,0.5208333333333334,0.9999999999999964,0
QASMBench,cc_n12,qasmbench/medium/cc_n12.qasm,12,48,1,0,naive,0.0625,0.49999999999999806,1
QASMBench,cc_n12,qasmbench/medium/cc_n12.qasm,12,48,1,0,causal,0.5208333333333334,0.9999999999999964,0
QASMBench,cc_n12,qasmbench/medium/cc_n12.qasm,12,48,1,1,qpdg,0.5208333333333334,0.9999999999999964,0
QASMBench,cc_n12,qasmbench/medium/cc_n12.qasm,12,48,1,1,naive,0.0625,0.49999999999999806,1
QASMBench,cc_n12,qasmbench/medium/cc_n12.qasm,12,48,1,1,causal,0.5208333333333334,0.9999999999999964,0
QASMBench,cc_n12,qasmbench/medium/cc_n12.qasm,12,48,1,2,qpdg,0.5208333333333334,0.9999999999999964,0
QASMBench,cc_n12,qasmbench/medium/cc_n12.qasm,12,48,1,2,naive,0.0625,0.49999999999999806,1
QASMBench,cc_n12,qasmbench/medium/cc_n12.qasm,12,48,1,2,causal,0.5208333333333334,0.9999999999999964,0
QASMBench,cc_n12,qasmbench/medium/cc_n12.qasm,12,48,1,3,qpdg,0.5208333333333334,0.9999999999999964,0
QASMBench,cc_n12,qasmbench/medium/cc_n12.qasm,12,48,1,3,naive,0.0625,0.49999999999999806,1
QASMBench,cc_n12,qasmbench/medium/cc_n12.qasm,12,48,1,3,causal,0.5208333333333334,0.9999999999999964,0
QASMBench,cc_n12,qasmbench/medium/cc_n12.qasm,12,48,1,4,qpdg,0.5208333333333334,0.9999999999999964,0
QASMBench,cc_n12,qasmbench/medium/cc_n12.qasm,12,48,1,4,naive,0.0625,0.49999999999999806,1
QASMBench,cc_n12,qasmbench/medium/cc_n12.qasm,12,48,1,4,causal,0.5208333333333334,0.9999999999999964,0
QASMBench,cc_n12,qasmbench/medium/cc_n12.qasm,12,48,1,5,qpdg,0.5208333333333334,0.9999999999999964,0
QASMBench,cc_n12,qasmbench/medium/cc_n12.qasm,12,48,1,5,naive,0.0625,0.49999999999999806,1
QASMBench,cc_n12,qasmbench/medium/cc_n12.qasm,12,48,1,5,causal,0.5208333333333334,0.9999999999999964,0
QASMBench,cc_n12,qasmbench/medium/cc_n12.qasm,12,48,1,6,qpdg,0.5833333333333334,0.9999999999999963,0
QASMBench,cc_n12,qasmbench/medium/cc_n12.qasm,12,48,1,6,naive,0.5833333333333334,0.9999999999999963,0
QASMBench,cc_n12,qasmbench/medium/cc_n12.qasm,12,48,1,6,causal,0.5833333333333334,0.9999999999999963,0
QASMBench,cc_n12,qasmbench/medium/cc_n12.qasm,12,48,1,7,qpdg,0.5208333333333334,0.9999999999999964,0
QASMBench,cc_n12,qasmbench/medium/cc_n12.qasm,12,48,1,7,naive,0.0625,0.49999999999999806,1
QASMBench,cc_n12,qasmbench/medium/cc_n12.qasm,12,48,1,7,causal,0.5208333333333334,0.9999999999999964,0
QASMBench,cc_n12,qasmbench/medium/cc_n12.qasm,12,48,1,8,qpdg,0.5208333333333334,0.9999999999999964,0
QASMBench,cc_n12,qasmbench/medium/cc_n12.qasm,12,48,1,8,naive,0.0625,0.49999999999999806,1
QASMBench,cc_n12,qasmbench/medium/cc_n12.qasm,12,48,1,8,causal,0.5208333333333334,0.9999999999999964,0
QASMBench,cc_n12,qasmbench/medium/cc_n12.qasm,12,48,1,9,qpdg,0.5208333333333334,0.9999999999999964,0
QASMBench,cc_n12,qasmbench/medium/cc_n12.qasm,12,48,1,9,naive,0.0625,0.49999999999999806,1
QASMBench,cc_n12,qasmbench/medium/cc_n12.qasm,12,48,1,9,causal,0.5208333333333334,0.9999999999999964,0
QASMBench,cc_n12,qasmbench/medium/cc_n12.qasm,12,48,1,10,qpdg,0.5208333333333334,0.9999999999999964,0
QASMBench,cc_n12,qasmbench/medium/cc_n12.qasm,12,48,1,10,naive,0.0625,0.49999999999999806,1
QASMBench,cc_n12,qasmbench/medium/cc_n12.qasm,12,48,1,10,causal,0.5208333333333334,0.9999999999999964,0
QASMBench,cc_n12,qasmbench/medium/cc_n12.qasm,12,48,1,11,qpdg,0.5625,0.9999999999999964,0
QASMBench,cc_n12,qasmbench/medium/cc_n12.qasm,12,48,1,11,naive,0.5625,0.9999999999999964,0
QASMBench,cc_n12,qasmbench/medium/cc_n12.qasm,12,48,1,11,causal,0.5625,0.9999999999999964,0
QASMBench,multiply_n13,qasmbench/medium/multiply_n13.qasm,13,14,0,0,qpdg,0.2857142857142857,1.0,0
QASMBench,multiply_n13,qasmbench/medium/multiply_n13.qasm,13,14,0,0,naive,0.07142857142857142,1.0,0
QASMBench,multiply_n13,qasmbench/medium/multiply_n13.qasm,13,14,0,0,causal,0.42857142857142855,1.0,0
QASMBench,multiply_n13,qasmbench/medium/multiply_n13.qasm,13,14,0,1,qpdg,0.2857142857142857,1.0,0
QASMBench,multiply_n13,qasmbench/medium/multiply_n13.qasm,13,14,0,1,naive,0.07142857142857142,1.0,0
QASMBench,multiply_n13,qasmbench/medium/multiply_n13.qasm,13,14,0,1,causal,0.7142857142857143,1.0,0
QASMBench,multiply_n13,qasmbench/medium/multiply_n13.qasm,13,14,0,2,qpdg,0.21428571428571427,1.0,0
QASMBench,multiply_n13,qasmbench/medium/multiply_n13.qasm,13,14,0,2,naive,0.07142857142857142,1.0,0
QASMBench,multiply_n13,qasmbench/medium/multiply_n13.qasm,13,14,0,2,causal,0.35714285714285715,1.0,0
QASMBench,multiply_n13,qasmbench/medium/multiply_n13.qasm,13,14,0,3,qpdg,0.14285714285714285,1.0,0
QASMBench,multiply_n13,qasmbench/medium/multiply_n13.qasm,13,14,0,3,naive,0.0,1.0,0
QASMBench,multiply_n13,qasmbench/medium/multiply_n13.qasm,13,14,0,3,causal,0.5,1.0,0
QASMBench,multiply_n13,qasmbench/medium/multiply_n13.qasm,13,14,0,4,qpdg,0.21428571428571427,1.0,0
QASMBench,multiply_n13,qasmbench/medium/multiply_n13.qasm,13,14,0,4,naive,0.07142857142857142,1.0,0
QASMBench,multiply_n13,qasmbench/medium/multiply_n13.qasm,13,14,0,4,causal,0.7142857142857143,1.0,0
QASMBench,multiply_n13,qasmbench/medium/multiply_n13.qasm,13,14,0,5,qpdg,0.21428571428571427,1.0,0
QASMBench,multiply_n13,qasmbench/medium/multiply_n13.qasm,13,14,0,5,naive,0.21428571428571427,1.0,0
QASMBench,multiply_n13,qasmbench/medium/multiply_n13.qasm,13,14,0,5,causal,0.21428571428571427,1.0,0
QASMBench,multiply_n13,qasmbench/medium/multiply_n13.qasm,13,14,0,6,qpdg,0.2857142857142857,1.0,0
QASMBench,multiply_n13,qasmbench/medium/multiply_n13.qasm,13,14,0,6,naive,0.21428571428571427,1.0,0
QASMBench,multiply_n13,qasmbench/medium/multiply_n13.qasm,13,14,0,6,causal,0.42857142857142855,1.0,0
QASMBench,multiply_n13,qasmbench/medium/multiply_n13.qasm,13,14,0,7,qpdg,0.14285714285714285,1.0,0
QASMBench,multiply_n13,qasmbench/medium/multiply_n13.qasm,13,14,0,7,naive,0.14285714285714285,1.0,0
QASMBench,multiply_n13,qasmbench/medium/multiply_n13.qasm,13,14,0,7,causal,0.5714285714285714,1.0,0
QASMBench,multiply_n13,qasmbench/medium/multiply_n13.qasm,13,14,0,8,qpdg,0.14285714285714285,1.0,0
QASMBench,multiply_n13,qasmbench/medium/multiply_n13.qasm,13,14,0,8,naive,0.14285714285714285,1.0,0
QASMBench,multiply_n13,qasmbench/medium/multiply_n13.qasm,13,14,0,8,causal,0.5714285714285714,1.0,0
QASMBench,multiply_n13,qasmbench/medium/multiply_n13.qasm,13,14,0,9,qpdg,0.2857142857142857,1.0,0
QASMBench,multiply_n13,qasmbench/medium/multiply_n13.qasm,13,14,0,9,naive,0.21428571428571427,1.0,0
QASMBench,multiply_n13,qasmbench/medium/multiply_n13.qasm,13,14,0,9,causal,0.7857142857142857,1.0,0
QASMBench,multiply_n13,qasmbench/medium/multiply_n13.qasm,13,14,0,10,qpdg,0.21428571428571427,1.0,0
QASMBench,multiply_n13,qasmbench/medium/multiply_n13.qasm,13,14,0,10,naive,0.21428571428571427,1.0,0
QASMBench,multiply_n13,qasmbench/medium/multiply_n13.qasm,13,14,0,10,causal,0.7142857142857143,1.0,0
QASMBench,multiply_n13,qasmbench/medium/multiply_n13.qasm,13,14,0,11,qpdg,0.35714285714285715,1.0,0
QASMBench,multiply_n13,qasmbench/medium/multiply_n13.qasm,13,14,0,11,naive,0.5,1.0,0
QASMBench,multiply_n13,qasmbench/medium/multiply_n13.qasm,13,14,0,11,causal,0.5714285714285714,1.0,0
QASMBench,multiply_n13,qasmbench/medium/multiply_n13.qasm,13,14,0,12,qpdg,0.35714285714285715,1.0,0
QASMBench,multiply_n13,qasmbench/medium/multiply_n13.qasm,13,14,0,12,naive,0.5,1.0,0
QASMBench,multiply_n13,qasmbench/medium/multiply_n13.qasm,13,14,0,12,causal,0.7857142857142857,1.0,0
QASMBench,bv_n14,qasmbench/medium/bv_n14.qasm,14,41,0,0,qpdg,0.12195121951219512,0.9999999999999953,0
QASMBench,bv_n14,qasmbench/medium/bv_n14.qasm,14,41,0,0,naive,0.04878048780487805,2.8197097509372717e-34,1
QASMBench,bv_n14,qasmbench/medium/bv_n14.qasm,14,41,0,0,causal,0.12195121951219512,0.9999999999999953,0
QASMBench,bv_n14,qasmbench/medium/bv_n14.qasm,14,41,0,1,qpdg,0.12195121951219512,0.9999999999999953,0
QASMBench,bv_n14,qasmbench/medium/bv_n14.qasm,14,41,0,1,naive,0.04878048780487805,2.6933122231427195e-35,1
QASMBench,bv_n14,qasmbench/medium/bv_n14.qasm,14,41,0,1,causal,0.17073170731707318,0.9999999999999951,0
QASMBench,bv_n14,qasmbench/medium/bv_n14.qasm,14,41,0,2,qpdg,0.12195121951219512,0.9999999999999953,0
QASMBench,bv_n14,qasmbench/medium/bv_n14.qasm,14,41,0,2,naive,0.04878048780487805,1.5828830741157804e-33,1
QASMBench,bv_n14,qasmbench/medium/bv_n14.qasm,14,41,0,2,causal,0.21951219512195122,0.999999999999995,0
QASMBench,bv_n14,qasmbench/medium/bv_n14.qasm,14,41,0,3,qpdg,0.12195121951219512,0.9999999999999953,0
QASMBench,bv_n14,qasmbench/medium/bv_n14.qasm,14,41,0,3,naive,0.04878048780487805,7.468177482067012e-34,1
QASMBench,bv_n14,qasmbench/medium/bv_n14.qasm,14,41,0,3,causal,0.2682926829268293,0.9999999999999949,0
QASMBench,bv_n14,qasmbench/medium/bv_n14.qasm,14,41,0,4,qpdg,0.12195121951219512,0.9999999999999953,0
QASMBench,bv_n14,qasmbench/medium/bv_n14.qasm,14,41,0,4,naive,0.04878048780487805,5.282067805095128e-35,1
QASMBench,bv_n14,qasmbench/medium/bv_n14.qasm,14,41,0,4,causal,0.3170731707317073,0.9999999999999943,0
QASMBench,bv_n14,qasmbench/medium/bv_n14.qasm,14,41,0,5,qpdg,0.12195121951219512,0.9999999999999953,0
QASMBench,bv_n14,qasmbench/medium/bv_n14.qasm,14,41,0,5,naive,0.04878048780487805,1.8787844381568282e-35,1
QASMBench,bv_n14,qasmbench/medium/bv_n14.qasm,14,41,0,5,causal,0.36585365853658536,0.999999999999995,0
QASMBench,bv_n14,qasmbench/medium/bv_n14.qasm,14,41,0,6,qpdg,0.12195121951219512,0.9999999999999953,0
QASMBench,bv_n14,qasmbench/medium/bv_n14.qasm,14,41,0,6,naive,0.04878048780487805,9.157435708208545e-34,1
QASMBench,bv_n14,qasmbench/medium/bv_n14.qasm,14,41,0,6,causal,0.4146341463414634,0.9999999999999953,0
QASMBench,bv_n14,qasmbench/medium/bv_n14.qasm,14,41,0,7,qpdg,0.12195121951219512,0.9999999999999953,0
QASMBench,bv_n14,qasmbench/medium/bv_n14.qasm,14,41,0,7,naive,0.04878048780487805,1.3580827460116615e-33,1
QASMBench,bv_n14,qasmbench/medium/bv_n14.qasm,14,41,0,7,causal,0.4634146341463415,0.9999999999999956,0
QASMBench,bv_n14,qasmbench/medium/bv_n14.qasm,14,41,0,8,qpdg,0.12195121951219512,0.9999999999999953,0
QASMBench,bv_n14,qasmbench/medium/bv_n14.qasm,14,41,0,8,naive,0.04878048780487805,5.0914504108423036e-36,1
QASMBench,bv_n14,qasmbench/medium/bv_n14.qasm,14,41,0,8,causal,0.5121951219512195,0.9999999999999956,0
QASMBench,bv_n14,qasmbench/medium/bv_n14.qasm,14,41,0,9,qpdg,0.12195121951219512,0.9999999999999953,0
QASMBench,bv_n14,qasmbench/medium/bv_n14.qasm,14,41,0,9,naive,0.04878048780487805,1.920636359343773e-34,1
QASMBench,bv_n14,qasmbench/medium/bv_n14.qasm,14,41,0,9,causal,0.5609756097560976,0.9999999999999952,0
QASMBench,bv_n14,qasmbench/medium/bv_n14.qasm,14,41,0,10,qpdg,0.12195121951219512,0.9999999999999953,0
QASMBench,bv_n14,qasmbench/medium/bv_n14.qasm,14,41,0,10,naive,0.04878048780487805,4.300251369285957e-34,1
QASMBench,bv_n14,qasmbench/medium/bv_n14.qasm,14,41,0,10,causal,0.6097560975609756,0.9999999999999954,0
QASMBench,bv_n14,qasmbench/medium/bv_n14.qasm,14,41,0,11,qpdg,0.12195121951219512,0.9999999999999953,0
QASMBench,bv_n14,qasmbench/medium/bv_n14.qasm,14,41,0,11,naive,0.04878048780487805,2.1507688132192905e-33,1
QASMBench,bv_n14,qasmbench/medium/bv_n14.qasm,14,41,0,11,causal,0.6585365853658537,0.9999999999999957,0
QASMBench,bv_n14,qasmbench/medium/bv_n14.qasm,14,41,0,12,qpdg,0.12195121951219512,0.9999999999999953,0
QASMBench,bv_n14,qasmbench/medium/bv_n14.qasm,14,41,0,12,naive,0.04878048780487805,1.3878329217340122e-34,1
QASMBench,bv_n14,qasmbench/medium/bv_n14.qasm,14,41,0,12,causal,0.7073170731707317,0.9999999999999957,0
QASMBench,bv_n14,qasmbench/medium/bv_n14.qasm,14,41,0,13,qpdg,0.36585365853658536,0.9999999999999956,0
QASMBench,bv_n14,qasmbench/medium/bv_n14.qasm,14,41,0,13,naive,0.6829268292682927,0.9999999999999957,0
QASMBench,bv_n14,qasmbench/medium/bv_n14.qasm,14,41,0,13,causal,0.6829268292682927,0.9999999999999957,0
MQT Bench,ghz_n3,mqtbench/ghz_n3.qasm,3,3,0,0,qpdg,1.0,0.9999999999999996,0
MQT Bench,ghz_n3,mqtbench/ghz_n3.qasm,3,3,0,0,naive,1.0,0.9999999999999996,0
MQT Bench,ghz_n3,mqtbench/ghz_n3.qasm,3,3,0,0,causal,1.0,0.9999999999999996,0
MQT Bench,ghz_n3,mqtbench/ghz_n3.qasm,3,3,0,1,qpdg,1.0,0.9999999999999996,0
MQT Bench,ghz_n3,mqtbench/ghz_n3.qasm,3,3,0,1,naive,0.6666666666666666,0.9999999999999996,0
MQT Bench,ghz_n3,mqtbench/ghz_n3.qasm,3,3,0,1,causal,1.0,0.9999999999999996,0
MQT Bench,ghz_n3,mqtbench/ghz_n3.qasm,3,3,0,2,qpdg,0.6666666666666666,0.9999999999999996,0
MQT Bench,ghz_n3,mqtbench/ghz_n3.qasm,3,3,0,2,naive,0.3333333333333333,0.4999999999999998,1
MQT Bench,ghz_n3,mqtbench/ghz_n3.qasm,3,3,0,2,causal,0.6666666666666666,0.9999999999999996,0
MQT Bench,grover_n3,mqtbench/grover_n3.qasm,3,4,0,0,qpdg,1.0,0.9999999999999973,0
MQT Bench,grover_n3,mqtbench/grover_n3.qasm,3,4,0,0,naive,1.0,0.9999999999999973,0
MQT Bench,grover_n3,mqtbench/grover_n3.qasm,3,4,0,0,causal,1.0,0.9999999999999973,0
MQT Bench,grover_n3,mqtbench/grover_n3.qasm,3,4,0,1,qpdg,1.0,0.9999999999999973,0
MQT Bench,grover_n3,mqtbench/grover_n3.qasm,3,4,0,1,naive,1.0,0.9999999999999973,0
MQT Bench,grover_n3,mqtbench/grover_n3.qasm,3,4,0,1,causal,1.0,0.9999999999999973,0
MQT Bench,grover_n3,mqtbench/grover_n3.qasm,3,4,0,2,qpdg,0.5,0.9999999999999978,0
MQT Bench,grover_n3,mqtbench/grover_n3.qasm,3,4,0,2,naive,1.0,0.9999999999999973,0
MQT Bench,grover_n3,mqtbench/grover_n3.qasm,3,4,0,2,causal,1.0,0.9999999999999973,0
MQT Bench,qftentangled_n3,mqtbench/qftentangled_n3.qasm,3,4,0,0,qpdg,1.0,0.9999999999999987,0
MQT Bench,qftentangled_n3,mqtbench/qftentangled_n3.qasm,3,4,0,0,naive,1.0,0.9999999999999987,0
MQT Bench,qftentangled_n3,mqtbench/qftentangled_n3.qasm,3,4,0,0,causal,1.0,0.9999999999999987,0
MQT Bench,qftentangled_n3,mqtbench/qftentangled_n3.qasm,3,4,0,1,qpdg,1.0,0.9999999999999987,0
MQT Bench,qftentangled_n3,mqtbench/qftentangled_n3.qasm,3,4,0,1,naive,1.0,0.9999999999999987,0
MQT Bench,qftentangled_n3,mqtbench/qftentangled_n3.qasm,3,4,0,1,causal,1.0,0.9999999999999987,0
MQT Bench,qftentangled_n3,mqtbench/qftentangled_n3.qasm,3,4,0,2,qpdg,1.0,0.9999999999999987,0
MQT Bench,qftentangled_n3,mqtbench/qftentangled_n3.qasm,3,4,0,2,naive,1.0,0.9999999999999987,0
MQT Bench,qftentangled_n3,mqtbench/qftentangled_n3.qasm,3,4,0,2,causal,1.0,0.9999999999999987,0
MQT Bench,bv_n3,mqtbench/bv_n3.qasm,3,6,0,0,qpdg,0.3333333333333333,0.9999999999999993,0
MQT Bench,bv_n3,mqtbench/bv_n3.qasm,3,6,0,0,naive,0.5,0.9999999999999991,0
MQT Bench,bv_n3,mqtbench/bv_n3.qasm,3,6,0,0,causal,0.5,0.9999999999999991,0
MQT Bench,bv_n3,mqtbench/bv_n3.qasm,3,6,0,1,qpdg,0.3333333333333333,0.9999999999999989,0
MQT Bench,bv_n3,mqtbench/bv_n3.qasm,3,6,0,1,naive,0.3333333333333333,0.9999999999999989,0
MQT Bench,bv_n3,mqtbench/bv_n3.qasm,3,6,0,1,causal,0.3333333333333333,0.9999999999999989,0
MQT Bench,bv_n3,mqtbench/bv_n3.qasm,3,6,0,2,qpdg,0.6666666666666666,0.9999999999999989,0
MQT Bench,bv_n3,mqtbench/bv_n3.qasm,3,6,0,2,naive,0.3333333333333333,4.730109381834785e-34,1
MQT Bench,bv_n3,mqtbench/bv_n3.qasm,3,6,0,2,causal,0.6666666666666666,0.9999999999999989,0
MQT Bench,dj_n3,mqtbench/dj_n3.qasm,3,7,0,0,qpdg,0.7142857142857143,0.9999999999999988,0
MQT Bench,dj_n3,mqtbench/dj_n3.qasm,3,7,0,0,naive,0.8571428571428571,0.9999999999999987,0
MQT Bench,dj_n3,mqtbench/dj_n3.qasm,3,7,0,0,causal,0.8571428571428571,0.9999999999999987,0
MQT Bench,dj_n3,mqtbench/dj_n3.qasm,3,7,0,1,qpdg,0.7142857142857143,0.9999999999999988,0
MQT Bench,dj_n3,mqtbench/dj_n3.qasm,3,7,0,1,naive,0.8571428571428571,0.9999999999999987,0
MQT Bench,dj_n3,mqtbench/dj_n3.qasm,3,7,0,1,causal,0.8571428571428571,0.9999999999999987,0
MQT Bench,dj_n3,mqtbench/dj_n3.qasm,3,7,0,2,qpdg,0.42857142857142855,0.999999999999999,0
MQT Bench,dj_n3,mqtbench/dj_n3.qasm,3,7,0,2,naive,0.7142857142857143,0.9999999999999988,0
MQT Bench,dj_n3,mqtbench/dj_n3.qasm,3,7,0,2,causal,0.7142857142857143,0.9999999999999988,0
MQT Bench,graphstate_n3,mqtbench/graphstate_n3.qasm,3,6,0,0,qpdg,0.6666666666666666,0.9999999999999991,0
MQT Bench,graphstate_n3,mqtbench/graphstate_n3.qasm,3,6,0,0,naive,0.16666666666666666,0.49999999999999967,1
MQT Bench,graphstate_n3,mqtbench/graphstate_n3.qasm,3,6,0,0,causal,0.8333333333333334,0.9999999999999991,0
MQT Bench,graphstate_n3,mqtbench/graphstate_n3.qasm,3,6,0,1,qpdg,0.8333333333333334,0.9999999999999991,0
MQT Bench,graphstate_n3,mqtbench/graphstate_n3.qasm,3,6,0,1,naive,0.5,0.9999999999999991,0
MQT Bench,graphstate_n3,mqtbench/graphstate_n3.qasm,3,6,0,1,causal,1.0,0.9999999999999991,0
MQT Bench,graphstate_n3,mqtbench/graphstate_n3.qasm,3,6,0,2,qpdg,0.6666666666666666,0.9999999999999991,0
MQT Bench,graphstate_n3,mqtbench/graphstate_n3.qasm,3,6,0,2,naive,1.0,0.9999999999999991,0
MQT Bench,graphstate_n3,mqtbench/graphstate_n3.qasm,3,6,0,2,causal,1.0,0.9999999999999991,0
MQT Bench,wstate_n3,mqtbench/wstate_n3.qasm,3,9,0,0,qpdg,1.0,1.0,0
MQT Bench,wstate_n3,mqtbench/wstate_n3.qasm,3,9,0,0,naive,0.7777777777777778,0.86982523608291,1
MQT Bench,wstate_n3,mqtbench/wstate_n3.qasm,3,9,0,0,causal,1.0,1.0,0
MQT Bench,wstate_n3,mqtbench/wstate_n3.qasm,3,9,0,1,qpdg,1.0,1.0,0
MQT Bench,wstate_n3,mqtbench/wstate_n3.qasm,3,9,0,1,naive,0.8888888888888888,0.86982523608291,1
MQT Bench,wstate_n3,mqtbench/wstate_n3.qasm,3,9,0,1,causal,1.0,1.0,0
MQT Bench,wstate_n3,mqtbench/wstate_n3.qasm,3,9,0,2,qpdg,0.5555555555555556,1.0,0
MQT Bench,wstate_n3,mqtbench/wstate_n3.qasm,3,9,0,2,naive,0.5555555555555556,1.0,0
MQT Bench,wstate_n3,mqtbench/wstate_n3.qasm,3,9,0,2,causal,0.7777777777777778,0.9999999999999998,0
MQT Bench,ghz_n4,mqtbench/ghz_n4.qasm,4,4,0,0,qpdg,1.0,0.9999999999999996,0
MQT Bench,ghz_n4,mqtbench/ghz_n4.qasm,4,4,0,0,naive,1.0,0.9999999999999996,0
MQT Bench,ghz_n4,mqtbench/ghz_n4.qasm,4,4,0,0,causal,1.0,0.9999999999999996,0
MQT Bench,ghz_n4,mqtbench/ghz_n4.qasm,4,4,0,1,qpdg,1.0,0.9999999999999996,0
MQT Bench,ghz_n4,mqtbench/ghz_n4.qasm,4,4,0,1,naive,0.75,0.9999999999999996,0
MQT Bench,ghz_n4,mqtbench/ghz_n4.qasm,4,4,0,1,causal,1.0,0.9999999999999996,0
MQT Bench,ghz_n4,mqtbench/ghz_n4.qasm,4,4,0,2,qpdg,0.75,0.9999999999999996,0
MQT Bench,ghz_n4,mqtbench/ghz_n4.qasm,4,4,0,2,naive,0.5,0.9999999999999996,0
MQT Bench,ghz_n4,mqtbench/ghz_n4.qasm,4,4,0,2,causal,0.75,0.9999999999999996,0
MQT Bench,ghz_n4,mqtbench/ghz_n4.qasm,4,4,0,3,qpdg,0.5,0.9999999999999996,0
MQT Bench,ghz_n4,mqtbench/ghz_n4.qasm,4,4,0,3,naive,0.25,0.4999999999999998,1
MQT Bench,ghz_n4,mqtbench/ghz_n4.qasm,4,4,0,3,causal,0.5,0.9999999999999996,0
MQT Bench,grover_n4,mqtbench/grover_n4.qasm,4,6,0,0,qpdg,1.0,0.9999999999999849,0
MQT Bench,grover_n4,mqtbench/grover_n4.qasm,4,6,0,0,naive,1.0,0.9999999999999849,0
MQT Bench,grover_n4,mqtbench/grover_n4.qasm,4,6,0,0,causal,1.0,0.9999999999999849,0
MQT Bench,grover_n4,mqtbench/grover_n4.qasm,4,6,0,1,qpdg,1.0,0.9999999999999849,0
MQT Bench,grover_n4,mqtbench/grover_n4.qasm,4,6,0,1,naive,1.0,0.9999999999999849,0
MQT Bench,grover_n4,mqtbench/grover_n4.qasm,4,6,0,1,causal,1.0,0.9999999999999849,0
MQT Bench,grover_n4,mqtbench/grover_n4.qasm,4,6,0,2,qpdg,1.0,0.9999999999999849,0
MQT Bench,grover_n4,mqtbench/grover_n4.qasm,4,6,0,2,naive,1.0,0.9999999999999849,0
MQT Bench,grover_n4,mqtbench/grover_n4.qasm,4,6,0,2,causal,1.0,0.9999999999999849,0
MQT Bench,grover_n4,mqtbench/grover_n4.qasm,4,6,0,3,qpdg,0.5,0.9999999999999862,0
MQT Bench,grover_n4,mqtbench/grover_n4.qasm,4,6,0,3,naive,1.0,0.9999999999999849,0
MQT Bench,grover_n4,mqtbench/grover_n4.qasm,4,6,0,3,causal,1.0,0.9999999999999849,0
MQT Bench,qftentangled_n4,mqtbench/qftentangled_n4.qasm,4,5,0,0,qpdg,1.0,0.9999999999999982,0
MQT Bench,qftentangled_n4,mqtbench/qftentangled_n4.qasm,4,5,0,0,naive,1.0,0.9999999999999982,0
MQT Bench,qftentangled_n4,mqtbench/qftentangled_n4.qasm,4,5,0,0,causal,1.0,0.9999999999999982,0
MQT Bench,qftentangled_n4,mqtbench/qftentangled_n4.qasm,4,5,0,1,qpdg,1.0,0.9999999999999982,0
MQT Bench,qftentangled_n4,mqtbench/qftentangled_n4.qasm,4,5,0,1,naive,1.0,0.9999999999999982,0
MQT Bench,qftentangled_n4,mqtbench/qftentangled_n4.qasm,4,5,0,1,causal,1.0,0.9999999999999982,0
MQT Bench,qftentangled_n4,mqtbench/qftentangled_n4.qasm,4,5,0,2,qpdg,1.0,0.9999999999999982,0
MQT Bench,qftentangled_n4,mqtbench/qftentangled_n4.qasm,4,5,0,2,naive,1.0,0.9999999999999982,0
MQT Bench,qftentangled_n4,mqtbench/qftentangled_n4.qasm,4,5,0,2,causal,1.0,0.9999999999999982,0
MQT Bench,qftentangled_n4,mqtbench/qftentangled_n4.qasm,4,5,0,3,qpdg,1.0,0.9999999999999983,0
MQT Bench,qftentangled_n4,mqtbench/qftentangled_n4.qasm,4,5,0,3,naive,1.0,0.9999999999999983,0
MQT Bench,qftentangled_n4,mqtbench/qftentangled_n4.qasm,4,5,0,3,causal,1.0,0.9999999999999983,0
MQT Bench,bv_n4,mqtbench/bv_n4.qasm,4,8,0,0,qpdg,0.25,0.9999999999999991,0
MQT Bench,bv_n4,mqtbench/bv_n4.qasm,4,8,0,0,naive,0.375,0.9999999999999989,0
MQT Bench,bv_n4,mqtbench/bv_n4.qasm,4,8,0,0,causal,0.375,0.9999999999999989,0
MQT Bench,bv_n4,mqtbench/bv_n4.qasm,4,8,0,1,qpdg,0.25,0.9999999999999987,0
MQT Bench,bv_n4,mqtbench/bv_n4.qasm,4,8,0,1,naive,0.25,0.9999999999999987,0
MQT Bench,bv_n4,mqtbench/bv_n4.qasm,4,8,0,1,causal,0.25,0.9999999999999987,0
MQT Bench,bv_n4,mqtbench/bv_n4.qasm,4,8,0,2,qpdg,0.5,0.9999999999999987,0
MQT Bench,bv_n4,mqtbench/bv_n4.qasm,4,8,0,2,naive,0.25,1.6504374776789652e-34,1
MQT Bench,bv_n4,mqtbench/bv_n4.qasm,4,8,0,2,causal,0.5,0.9999999999999987,0
MQT Bench,bv_n4,mqtbench/bv_n4.qasm,4,8,0,3,qpdg,0.25,0.9999999999999987,0
MQT Bench,bv_n4,mqtbench/bv_n4.qasm,4,8,0,3,naive,0.25,0.9999999999999987,0
MQT Bench,bv_n4,mqtbench/bv_n4.qasm,4,8,0,3,causal,0.25,0.9999999999999987,0
MQT Bench,dj_n4,mqtbench/dj_n4.qasm,4,9,0,0,qpdg,0.5555555555555556,0.9999999999999984,0
MQT Bench,dj_n4,mqtbench/dj_n4.qasm,4,9,0,0,naive,0.7777777777777778,0.9999999999999981,0
MQT Bench,dj_n4,mqtbench/dj_n4.qasm,4,9,0,0,causal,0.7777777777777778,0.9999999999999981,0
MQT Bench,dj_n4,mqtbench/dj_n4.qasm,4,9,0,1,qpdg,0.5555555555555556,0.9999999999999984,0
MQT Bench,dj_n4,mqtbench/dj_n4.qasm,4,9,0,1,naive,0.7777777777777778,0.9999999999999981,0
MQT Bench,dj_n4,mqtbench/dj_n4.qasm,4,9,0,1,causal,0.7777777777777778,0.9999999999999981,0
MQT Bench,dj_n4,mqtbench/dj_n4.qasm,4,9,0,2,qpdg,0.5555555555555556,0.9999999999999984,0
MQT Bench,dj_n4,mqtbench/dj_n4.qasm,4,9,0,2,naive,0.7777777777777778,0.9999999999999981,0
MQT Bench,dj_n4,mqtbench/dj_n4.qasm,4,9,0,2,causal,0.7777777777777778,0.9999999999999981,0
MQT Bench,dj_n4,mqtbench/dj_n4.qasm,4,9,0,3,qpdg,0.3333333333333333,0.9999999999999987,0
MQT Bench,dj_n4,mqtbench/dj_n4.qasm,4,9,0,3,naive,0.6666666666666666,0.9999999999999982,0
MQT Bench,dj_n4,mqtbench/dj_n4.qasm,4,9,0,3,causal,0.6666666666666666,0.9999999999999982,0
MQT Bench,graphstate_n4,mqtbench/graphstate_n4.qasm,4,8,0,0,qpdg,0.5,0.9999999999999989,0
MQT Bench,graphstate_n4,mqtbench/graphstate_n4.qasm,4,8,0,0,naive,0.125,0.49999999999999956,1
MQT Bench,graphstate_n4,mqtbench/graphstate_n4.qasm,4,8,0,0,causal,0.625,0.9999999999999989,0
MQT Bench,graphstate_n4,mqtbench/graphstate_n4.qasm,4,8,0,1,qpdg,0.5,0.9999999999999989,0
MQT Bench,graphstate_n4,mqtbench/graphstate_n4.qasm,4,8,0,1,naive,0.375,0.9999999999999989,0
MQT Bench,graphstate_n4,mqtbench/graphstate_n4.qasm,4,8,0,1,causal,0.625,0.9999999999999989,0
MQT Bench,graphstate_n4,mqtbench/graphstate_n4.qasm,4,8,0,2,qpdg,0.5,0.9999999999999989,0
MQT Bench,graphstate_n4,mqtbench/graphstate_n4.qasm,4,8,0,2,naive,0.625,0.9999999999999989,0
MQT Bench,graphstate_n4,mqtbench/graphstate_n4.qasm,4,8,0,2,causal,1.0,0.9999999999999987,0
MQT Bench,graphstate_n4,mqtbench/graphstate_n4.qasm,4,8,0,3,qpdg,0.5,0.9999999999999989,0
MQT Bench,graphstate_n4,mqtbench/graphstate_n4.qasm,4,8,0,3,naive,1.0,0.9999999999999987,0
MQT Bench,graphstate_n4,mqtbench/graphstate_n4.qasm,4,8,0,3,causal,1.0,0.9999999999999987,0
MQT Bench,wstate_n4,mqtbench/wstate_n4.qasm,4,13,0,0,qpdg,1.0,1.0,0
MQT Bench,wstate_n4,mqtbench/wstate_n4.qasm,4,13,0,0,naive,0.7692307692307693,0.9311862178478973,1
MQT Bench,wstate_n4,mqtbench/wstate_n4.qasm,4,13,0,0,causal,1.0,1.0,0
MQT Bench,wstate_n4,mqtbench/wstate_n4.qasm,4,13,0,1,qpdg,1.0,1.0,0
MQT Bench,wstate_n4,mqtbench/wstate_n4.qasm,4,13,0,1,naive,0.8461538461538461,0.9311862178478973,1
MQT Bench,wstate_n4,mqtbench/wstate_n4.qasm,4,13,0,1,causal,1.0,1.0,0
MQT Bench,wstate_n4,mqtbench/wstate_n4.qasm,4,13,0,2,qpdg,0.7692307692307693,1.0,0
MQT Bench,wstate_n4,mqtbench/wstate_n4.qasm,4,13,0,2,naive,0.6153846153846154,0.9311862178478972,1
MQT Bench,wstate_n4,mqtbench/wstate_n4.qasm,4,13,0,2,causal,0.8461538461538461,1.0,0
MQT Bench,wstate_n4,mqtbench/wstate_n4.qasm,4,13,0,3,qpdg,0.38461538461538464,0.9999999999999999,0
MQT Bench,wstate_n4,mqtbench/wstate_n4.qasm,4,13,0,3,naive,0.38461538461538464,0.9999999999999999,0
MQT Bench,wstate_n4,mqtbench/wstate_n4.qasm,4,13,0,3,causal,0.5384615384615384,0.9999999999999999,0
MQT Bench,ghz_n5,mqtbench/ghz_n5.qasm,5,5,0,0,qpdg,1.0,0.9999999999999996,0
MQT Bench,ghz_n5,mqtbench/ghz_n5.qasm,5,5,0,0,naive,1.0,0.9999999999999996,0
MQT Bench,ghz_n5,mqtbench/ghz_n5.qasm,5,5,0,0,causal,1.0,0.9999999999999996,0
MQT Bench,ghz_n5,mqtbench/ghz_n5.qasm,5,5,0,1,qpdg,1.0,0.9999999999999996,0
MQT Bench,ghz_n5,mqtbench/ghz_n5.qasm,5,5,0,1,naive,0.8,0.9999999999999996,0
MQT Bench,ghz_n5,mqtbench/ghz_n5.qasm,5,5,0,1,causal,1.0,0.9999999999999996,0
MQT Bench,ghz_n5,mqtbench/ghz_n5.qasm,5,5,0,2,qpdg,0.8,0.9999999999999996,0
MQT Bench,ghz_n5,mqtbench/ghz_n5.qasm,5,5,0,2,naive,0.6,0.9999999999999996,0
MQT Bench,ghz_n5,mqtbench/ghz_n5.qasm,5,5,0,2,causal,0.8,0.9999999999999996,0
MQT Bench,ghz_n5,mqtbench/ghz_n5.qasm,5,5,0,3,qpdg,0.6,0.9999999999999996,0
MQT Bench,ghz_n5,mqtbench/ghz_n5.qasm,5,5,0,3,naive,0.4,0.9999999999999996,0
MQT Bench,ghz_n5,mqtbench/ghz_n5.qasm,5,5,0,3,causal,0.6,0.9999999999999996,0
MQT Bench,ghz_n5,mqtbench/ghz_n5.qasm,5,5,0,4,qpdg,0.4,0.9999999999999996,0
MQT Bench,ghz_n5,mqtbench/ghz_n5.qasm,5,5,0,4,naive,0.2,0.4999999999999998,1
MQT Bench,ghz_n5,mqtbench/ghz_n5.qasm,5,5,0,4,causal,0.4,0.9999999999999996,0
MQT Bench,grover_n5,mqtbench/grover_n5.qasm,5,8,0,0,qpdg,1.0,0.9999999999999509,0
MQT Bench,grover_n5,mqtbench/grover_n5.qasm,5,8,0,0,naive,1.0,0.9999999999999509,0
MQT Bench,grover_n5,mqtbench/grover_n5.qasm,5,8,0,0,causal,1.0,0.9999999999999509,0
MQT Bench,grover_n5,mqtbench/grover_n5.qasm,5,8,0,1,qpdg,1.0,0.9999999999999509,0
MQT Bench,grover_n5,mqtbench/grover_n5.qasm,5,8,0,1,naive,1.0,0.9999999999999509,0
MQT Bench,grover_n5,mqtbench/grover_n5.qasm,5,8,0,1,causal,1.0,0.9999999999999509,0
MQT Bench,grover_n5,mqtbench/grover_n5.qasm,5,8,0,2,qpdg,1.0,0.9999999999999509,0
MQT Bench,grover_n5,mqtbench/grover_n5.qasm,5,8,0,2,naive,1.0,0.9999999999999509,0
MQT Bench,grover_n5,mqtbench/grover_n5.qasm,5,8,0,2,causal,1.0,0.9999999999999509,0
MQT Bench,grover_n5,mqtbench/grover_n5.qasm,5,8,0,3,qpdg,1.0,0.9999999999999508,0
MQT Bench,grover_n5,mqtbench/grover_n5.qasm,5,8,0,3,naive,1.0,0.9999999999999508,0
MQT Bench,grover_n5,mqtbench/grover_n5.qasm,5,8,0,3,causal,1.0,0.9999999999999508,0
MQT Bench,grover_n5,mqtbench/grover_n5.qasm,5,8,0,4,qpdg,0.5,0.9999999999999553,0
MQT Bench,grover_n5,mqtbench/grover_n5.qasm,5,8,0,4,naive,1.0,0.9999999999999509,0
MQT Bench,grover_n5,mqtbench/grover_n5.qasm,5,8,0,4,causal,1.0,0.9999999999999509,0
MQT Bench,qftentangled_n5,mqtbench/qftentangled_n5.qasm,5,6,0,0,qpdg,1.0,0.9999999999999979,0
MQT Bench,qftentangled_n5,mqtbench/qftentangled_n5.qasm,5,6,0,0,naive,1.0,0.9999999999999979,0
MQT Bench,qftentangled_n5,mqtbench/qftentangled_n5.qasm,5,6,0,0,causal,1.0,0.9999999999999979,0
MQT Bench,qftentangled_n5,mqtbench/qftentangled_n5.qasm,5,6,0,1,qpdg,1.0,0.9999999999999979,0
MQT Bench,qftentangled_n5,mqtbench/qftentangled_n5.qasm,5,6,0,1,naive,1.0,0.9999999999999979,0
MQT Bench,qftentangled_n5,mqtbench/qftentangled_n5.qasm,5,6,0,1,causal,1.0,0.9999999999999979,0
MQT Bench,qftentangled_n5,mqtbench/qftentangled_n5.qasm,5,6,0,2,qpdg,1.0,0.9999999999999979,0
MQT Bench,qftentangled_n5,mqtbench/qftentangled_n5.qasm,5,6,0,2,naive,1.0,0.9999999999999979,0
MQT Bench,qftentangled_n5,mqtbench/qftentangled_n5.qasm,5,6,0,2,causal,1.0,0.9999999999999979,0
MQT Bench,qftentangled_n5,mqtbench/qftentangled_n5.qasm,5,6,0,3,qpdg,1.0,0.9999999999999978,0
MQT Bench,qftentangled_n5,mqtbench/qftentangled_n5.qasm,5,6,0,3,naive,1.0,0.9999999999999978,0
MQT Bench,qftentangled_n5,mqtbench/qftentangled_n5.qasm,5,6,0,3,causal,1.0,0.9999999999999978,0
MQT Bench,qftentangled_n5,mqtbench/qftentangled_n5.qasm,5,6,0,4,qpdg,1.0,0.9999999999999978,0
MQT Bench,qftentangled_n5,mqtbench/qftentangled_n5.qasm,5,6,0,4,naive,1.0,0.9999999999999978,0
MQT Bench,qftentangled_n5,mqtbench/qftentangled_n5.qasm,5,6,0,4,causal,1.0,0.9999999999999978,0
MQT Bench,dj_n5,mqtbench/dj_n5.qasm,5,11,0,0,qpdg,0.45454545454545453,0.9999999999999981,0
MQT Bench,dj_n5,mqtbench/dj_n5.qasm,5,11,0,0,naive,0.7272727272727273,0.9999999999999981,0
MQT Bench,dj_n5,mqtbench/dj_n5.qasm,5,11,0,0,causal,0.7272727272727273,0.9999999999999981,0
MQT Bench,dj_n5,mqtbench/dj_n5.qasm,5,11,0,1,qpdg,0.45454545454545453,0.9999999999999981,0
MQT Bench,dj_n5,mqtbench/dj_n5.qasm,5,11,0,1,naive,0.7272727272727273,0.9999999999999981,0
MQT Bench,dj_n5,mqtbench/dj_n5.qasm,5,11,0,1,causal,0.7272727272727273,0.9999999999999981,0
MQT Bench,dj_n5,mqtbench/dj_n5.qasm,5,11,0,2,qpdg,0.45454545454545453,0.9999999999999981,0
MQT Bench,dj_n5,mqtbench/dj_n5.qasm,5,11,0,2,naive,0.7272727272727273,0.9999999999999981,0
MQT Bench,dj_n5,mqtbench/dj_n5.qasm,5,11,0,2,causal,0.7272727272727273,0.9999999999999981,0
MQT Bench,dj_n5,mqtbench/dj_n5.qasm,5,11,0,3,qpdg,0.45454545454545453,0.9999999999999981,0
MQT Bench,dj_n5,mqtbench/dj_n5.qasm,5,11,0,3,naive,0.7272727272727273,0.9999999999999981,0
MQT Bench,dj_n5,mqtbench/dj_n5.qasm,5,11,0,3,causal,0.7272727272727273,0.9999999999999981,0
MQT Bench,dj_n5,mqtbench/dj_n5.qasm,5,11,0,4,qpdg,0.2727272727272727,0.9999999999999983,0
MQT Bench,dj_n5,mqtbench/dj_n5.qasm,5,11,0,4,naive,0.6363636363636364,0.9999999999999981,0
MQT Bench,dj_n5,mqtbench/dj_n5.qasm,5,11,0,4,causal,0.6363636363636364,0.9999999999999981,0
MQT Bench,graphstate_n5,mqtbench/graphstate_n5.qasm,5,10,0,0,qpdg,0.4,0.9999999999999991,0
MQT Bench,graphstate_n5,mqtbench/graphstate_n5.qasm,5,10,0,0,naive,0.1,0.49999999999999967,1
MQT Bench,graphstate_n5,mqtbench/graphstate_n5.qasm,5,10,0,0,causal,0.5,0.9999999999999991,0
MQT Bench,graphstate_n5,mqtbench/graphstate_n5.qasm,5,10,0,1,qpdg,0.4,0.9999999999999991,0
MQT Bench,graphstate_n5,mqtbench/graphstate_n5.qasm,5,10,0,1,naive,0.1,0.49999999999999967,1
MQT Bench,graphstate_n5,mqtbench/graphstate_n5.qasm,5,10,0,1,causal,0.9,0.9999999999999991,0
MQT Bench,graphstate_n5,mqtbench/graphstate_n5.qasm,5,10,0,2,qpdg,0.5,0.9999999999999991,0
MQT Bench,graphstate_n5,mqtbench/graphstate_n5.qasm,5,10,0,2,naive,0.3,0.9999999999999991,0
MQT Bench,graphstate_n5,mqtbench/graphstate_n5.qasm,5,10,0,2,causal,1.0,0.9999999999999991,0
MQT Bench,graphstate_n5,mqtbench/graphstate_n5.qasm,5,10,0,3,qpdg,0.4,0.9999999999999991,0
MQT Bench,graphstate_n5,mqtbench/graphstate_n5.qasm,5,10,0,3,naive,0.5,0.9999999999999991,0
MQT Bench,graphstate_n5,mqtbench/graphstate_n5.qasm,5,10,0,3,causal,0.7,0.9999999999999989,0
MQT Bench,graphstate_n5,mqtbench/graphstate_n5.qasm,5,10,0,4,qpdg,0.4,0.9999999999999991,0
MQT Bench,graphstate_n5,mqtbench/graphstate_n5.qasm,5,10,0,4,naive,0.7,0.9999999999999989,0
MQT Bench,graphstate_n5,mqtbench/graphstate_n5.qasm,5,10,0,4,causal,1.0,0.9999999999999991,0
MQT Bench,bv_n5,mqtbench/bv_n5.qasm,5,11,0,0,qpdg,0.2727272727272727,0.9999999999999987,0
MQT Bench,bv_n5,mqtbench/bv_n5.qasm,5,11,0,0,naive,0.45454545454545453,0.9999999999999982,0
MQT Bench,bv_n5,mqtbench/bv_n5.qasm,5,11,0,0,causal,0.45454545454545453,0.9999999999999982,0
MQT Bench,bv_n5,mqtbench/bv_n5.qasm,5,11,0,1,qpdg,0.18181818181818182,0.9999999999999982,0
MQT Bench,bv_n5,mqtbench/bv_n5.qasm,5,11,0,1,naive,0.18181818181818182,0.9999999999999982,0
MQT Bench,bv_n5,mqtbench/bv_n5.qasm,5,11,0,1,causal,0.18181818181818182,0.9999999999999982,0
MQT Bench,bv_n5,mqtbench/bv_n5.qasm,5,11,0,2,qpdg,0.36363636363636365,0.9999999999999982,0
MQT Bench,bv_n5,mqtbench/bv_n5.qasm,5,11,0,2,naive,0.18181818181818182,1.549171207829233e-36,1
MQT Bench,bv_n5,mqtbench/bv_n5.qasm,5,11,0,2,causal,0.36363636363636365,0.9999999999999982,0
MQT Bench,bv_n5,mqtbench/bv_n5.qasm,5,11,0,3,qpdg,0.18181818181818182,0.9999999999999982,0
MQT Bench,bv_n5,mqtbench/bv_n5.qasm,5,11,0,3,naive,0.18181818181818182,0.9999999999999982,0
MQT Bench,bv_n5,mqtbench/bv_n5.qasm,5,11,0,3,causal,0.18181818181818182,0.9999999999999982,0
MQT Bench,bv_n5,mqtbench/bv_n5.qasm,5,11,0,4,qpdg,0.36363636363636365,0.9999999999999982,0
MQT Bench,bv_n5,mqtbench/bv_n5.qasm,5,11,0,4,naive,0.18181818181818182,9.780019340325862e-34,1
MQT Bench,bv_n5,mqtbench/bv_n5.qasm,5,11,0,4,causal,0.5454545454545454,0.9999999999999982,0
MQT Bench,wstate_n5,mqtbench/wstate_n5.qasm,5,17,0,0,qpdg,1.0,1.0,0
MQT Bench,wstate_n5,mqtbench/wstate_n5.qasm,5,17,0,0,naive,0.7647058823529411,0.9571281292110209,1
MQT Bench,wstate_n5,mqtbench/wstate_n5.qasm,5,17,0,0,causal,1.0,1.0,0
MQT Bench,wstate_n5,mqtbench/wstate_n5.qasm,5,17,0,1,qpdg,1.0,1.0,0
MQT Bench,wstate_n5,mqtbench/wstate_n5.qasm,5,17,0,1,naive,0.8235294117647058,0.9571281292110208,1
MQT Bench,wstate_n5,mqtbench/wstate_n5.qasm,5,17,0,1,causal,1.0,1.0,0
MQT Bench,wstate_n5,mqtbench/wstate_n5.qasm,5,17,0,2,qpdg,0.8235294117647058,1.0,0
MQT Bench,wstate_n5,mqtbench/wstate_n5.qasm,5,17,0,2,naive,0.6470588235294118,0.9571281292110208,1
MQT Bench,wstate_n5,mqtbench/wstate_n5.qasm,5,17,0,2,causal,0.8823529411764706,1.0,0
MQT Bench,wstate_n5,mqtbench/wstate_n5.qasm,5,17,0,3,qpdg,0.5882352941176471,1.0,0
MQT Bench,wstate_n5,mqtbench/wstate_n5.qasm,5,17,0,3,naive,0.47058823529411764,0.9571281292110208,1
MQT Bench,wstate_n5,mqtbench/wstate_n5.qasm,5,17,0,3,causal,0.6470588235294118,1.0,0
MQT Bench,wstate_n5,mqtbench/wstate_n5.qasm,5,17,0,4,qpdg,0.29411764705882354,1.0,0
MQT Bench,wstate_n5,mqtbench/wstate_n5.qasm,5,17,0,4,naive,0.29411764705882354,1.0,0
MQT Bench,wstate_n5,mqtbench/wstate_n5.qasm,5,17,0,4,causal,0.4117647058823529,1.0,0
MQT Bench,ghz_n8,mqtbench/ghz_n8.qasm,8,8,0,0,qpdg,1.0,0.9999999999999996,0
MQT Bench,ghz_n8,mqtbench/ghz_n8.qasm,8,8,0,0,naive,1.0,0.9999999999999996,0
MQT Bench,ghz_n8,mqtbench/ghz_n8.qasm,8,8,0,0,causal,1.0,0.9999999999999996,0
MQT Bench,ghz_n8,mqtbench/ghz_n8.qasm,8,8,0,1,qpdg,1.0,0.9999999999999996,0
MQT Bench,ghz_n8,mqtbench/ghz_n8.qasm,8,8,0,1,naive,0.875,0.9999999999999996,0
MQT Bench,ghz_n8,mqtbench/ghz_n8.qasm,8,8,0,1,causal,1.0,0.9999999999999996,0
MQT Bench,ghz_n8,mqtbench/ghz_n8.qasm,8,8,0,2,qpdg,0.875,0.9999999999999996,0
MQT Bench,ghz_n8,mqtbench/ghz_n8.qasm,8,8,0,2,naive,0.75,0.9999999999999996,0
MQT Bench,ghz_n8,mqtbench/ghz_n8.qasm,8,8,0,2,causal,0.875,0.9999999999999996,0
MQT Bench,ghz_n8,mqtbench/ghz_n8.qasm,8,8,0,3,qpdg,0.75,0.9999999999999996,0
MQT Bench,ghz_n8,mqtbench/ghz_n8.qasm,8,8,0,3,naive,0.625,0.9999999999999996,0
MQT Bench,ghz_n8,mqtbench/ghz_n8.qasm,8,8,0,3,causal,0.75,0.9999999999999996,0
MQT Bench,ghz_n8,mqtbench/ghz_n8.qasm,8,8,0,4,qpdg,0.625,0.9999999999999996,0
MQT Bench,ghz_n8,mqtbench/ghz_n8.qasm,8,8,0,4,naive,0.5,0.9999999999999996,0
MQT Bench,ghz_n8,mqtbench/ghz_n8.qasm,8,8,0,4,causal,0.625,0.9999999999999996,0
MQT Bench,ghz_n8,mqtbench/ghz_n8.qasm,8,8,0,5,qpdg,0.5,0.9999999999999996,0
MQT Bench,ghz_n8,mqtbench/ghz_n8.qasm,8,8,0,5,naive,0.375,0.9999999999999996,0
MQT Bench,ghz_n8,mqtbench/ghz_n8.qasm,8,8,0,5,causal,0.5,0.9999999999999996,0
MQT Bench,ghz_n8,mqtbench/ghz_n8.qasm,8,8,0,6,qpdg,0.375,0.9999999999999996,0
MQT Bench,ghz_n8,mqtbench/ghz_n8.qasm,8,8,0,6,naive,0.25,0.9999999999999996,0
MQT Bench,ghz_n8,mqtbench/ghz_n8.qasm,8,8,0,6,causal,0.375,0.9999999999999996,0
MQT Bench,ghz_n8,mqtbench/ghz_n8.qasm,8,8,0,7,qpdg,0.25,0.9999999999999996,0
MQT Bench,ghz_n8,mqtbench/ghz_n8.qasm,8,8,0,7,naive,0.125,0.4999999999999998,1
MQT Bench,ghz_n8,mqtbench/ghz_n8.qasm,8,8,0,7,causal,0.25,0.9999999999999996,0
MQT Bench,grover_n8,mqtbench/grover_n8.qasm,8,16,0,0,qpdg,1.0,0.9999999999994567,0
MQT Bench,grover_n8,mqtbench/grover_n8.qasm,8,16,0,0,naive,1.0,0.9999999999994567,0
MQT Bench,grover_n8,mqtbench/grover_n8.qasm,8,16,0,0,causal,1.0,0.9999999999994567,0
MQT Bench,grover_n8,mqtbench/grover_n8.qasm,8,16,0,1,qpdg,1.0,0.9999999999994567,0
MQT Bench,grover_n8,mqtbench/grover_n8.qasm,8,16,0,1,naive,1.0,0.9999999999994567,0
MQT Bench,grover_n8,mqtbench/grover_n8.qasm,8,16,0,1,causal,1.0,0.9999999999994567,0
MQT Bench,grover_n8,mqtbench/grover_n8.qasm,8,16,0,2,qpdg,1.0,0.9999999999994567,0
MQT Bench,grover_n8,mqtbench/grover_n8.qasm,8,16,0,2,naive,1.0,0.9999999999994567,0
MQT Bench,grover_n8,mqtbench/grover_n8.qasm,8,16,0,2,causal,1.0,0.9999999999994567,0
MQT Bench,grover_n8,mqtbench/grover_n8.qasm,8,16,0,3,qpdg,1.0,0.9999999999994567,0
MQT Bench,grover_n8,mqtbench/grover_n8.qasm,8,16,0,3,naive,1.0,0.9999999999994567,0
MQT Bench,grover_n8,mqtbench/grover_n8.qasm,8,16,0,3,causal,1.0,0.9999999999994567,0
MQT Bench,grover_n8,mqtbench/grover_n8.qasm,8,16,0,4,qpdg,1.0,0.9999999999994567,0
MQT Bench,grover_n8,mqtbench/grover_n8.qasm,8,16,0,4,naive,1.0,0.9999999999994567,0
MQT Bench,grover_n8,mqtbench/grover_n8.qasm,8,16,0,4,causal,1.0,0.9999999999994567,0
MQT Bench,grover_n8,mqtbench/grover_n8.qasm,8,16,0,5,qpdg,1.0,0.9999999999994565,0
MQT Bench,grover_n8,mqtbench/grover_n8.qasm,8,16,0,5,naive,1.0,0.9999999999994565,0
MQT Bench,grover_n8,mqtbench/grover_n8.qasm,8,16,0,5,causal,1.0,0.9999999999994565,0
MQT Bench,grover_n8,mqtbench/grover_n8.qasm,8,16,0,6,qpdg,1.0,0.9999999999994565,0
MQT Bench,grover_n8,mqtbench/grover_n8.qasm,8,16,0,6,naive,1.0,0.9999999999994565,0
MQT Bench,grover_n8,mqtbench/grover_n8.qasm,8,16,0,6,causal,1.0,0.9999999999994565,0
MQT Bench,grover_n8,mqtbench/grover_n8.qasm,8,16,0,7,qpdg,0.5625,0.9999999999994998,0
MQT Bench,grover_n8,mqtbench/grover_n8.qasm,8,16,0,7,naive,1.0,0.9999999999994567,0
MQT Bench,grover_n8,mqtbench/grover_n8.qasm,8,16,0,7,causal,1.0,0.9999999999994567,0
MQT Bench,qftentangled_n8,mqtbench/qftentangled_n8.qasm,8,9,0,0,qpdg,1.0,0.999999999999997,0
MQT Bench,qftentangled_n8,mqtbench/qftentangled_n8.qasm,8,9,0,0,naive,1.0,0.999999999999997,0
MQT Bench,qftentangled_n8,mqtbench/qftentangled_n8.qasm,8,9,0,0,causal,1.0,0.999999999999997,0
MQT Bench,qftentangled_n8,mqtbench/qftentangled_n8.qasm,8,9,0,1,qpdg,1.0,0.9999999999999971,0
MQT Bench,qftentangled_n8,mqtbench/qftentangled_n8.qasm,8,9,0,1,naive,1.0,0.9999999999999971,0
MQT Bench,qftentangled_n8,mqtbench/qftentangled_n8.qasm,8,9,0,1,causal,1.0,0.9999999999999971,0
MQT Bench,qftentangled_n8,mqtbench/qftentangled_n8.qasm,8,9,0,2,qpdg,1.0,0.999999999999997,0
MQT Bench,qftentangled_n8,mqtbench/qftentangled_n8.qasm,8,9,0,2,naive,1.0,0.999999999999997,0
MQT Bench,qftentangled_n8,mqtbench/qftentangled_n8.qasm,8,9,0,2,causal,1.0,0.999999999999997,0
MQT Bench,qftentangled_n8,mqtbench/qftentangled_n8.qasm,8,9,0,3,qpdg,1.0,0.999999999999997,0
MQT Bench,qftentangled_n8,mqtbench/qftentangled_n8.qasm,8,9,0,3,naive,1.0,0.999999999999997,0
MQT Bench,qftentangled_n8,mqtbench/qftentangled_n8.qasm,8,9,0,3,causal,1.0,0.999999999999997,0
MQT Bench,qftentangled_n8,mqtbench/qftentangled_n8.qasm,8,9,0,4,qpdg,1.0,0.9999999999999972,0
MQT Bench,qftentangled_n8,mqtbench/qftentangled_n8.qasm,8,9,0,4,naive,1.0,0.9999999999999972,0
MQT Bench,qftentangled_n8,mqtbench/qftentangled_n8.qasm,8,9,0,4,causal,1.0,0.9999999999999972,0
MQT Bench,qftentangled_n8,mqtbench/qftentangled_n8.qasm,8,9,0,5,qpdg,1.0,0.9999999999999971,0
MQT Bench,qftentangled_n8,mqtbench/qftentangled_n8.qasm,8,9,0,5,naive,1.0,0.9999999999999971,0
MQT Bench,qftentangled_n8,mqtbench/qftentangled_n8.qasm,8,9,0,5,causal,1.0,0.9999999999999971,0
MQT Bench,qftentangled_n8,mqtbench/qftentangled_n8.qasm,8,9,0,6,qpdg,1.0,0.9999999999999973,0
MQT Bench,qftentangled_n8,mqtbench/qftentangled_n8.qasm,8,9,0,6,naive,1.0,0.9999999999999973,0
MQT Bench,qftentangled_n8,mqtbench/qftentangled_n8.qasm,8,9,0,6,causal,1.0,0.9999999999999973,0
MQT Bench,qftentangled_n8,mqtbench/qftentangled_n8.qasm,8,9,0,7,qpdg,1.0,0.9999999999999969,0
MQT Bench,qftentangled_n8,mqtbench/qftentangled_n8.qasm,8,9,0,7,naive,1.0,0.9999999999999969,0
MQT Bench,qftentangled_n8,mqtbench/qftentangled_n8.qasm,8,9,0,7,causal,1.0,0.9999999999999969,0
MQT Bench,dj_n8,mqtbench/dj_n8.qasm,8,17,0,0,qpdg,0.29411764705882354,0.9999999999999972,0
MQT Bench,dj_n8,mqtbench/dj_n8.qasm,8,17,0,0,naive,0.6470588235294118,0.9999999999999974,0
MQT Bench,dj_n8,mqtbench/dj_n8.qasm,8,17,0,0,causal,0.6470588235294118,0.9999999999999974,0
MQT Bench,dj_n8,mqtbench/dj_n8.qasm,8,17,0,1,qpdg,0.29411764705882354,0.9999999999999972,0
MQT Bench,dj_n8,mqtbench/dj_n8.qasm,8,17,0,1,naive,0.6470588235294118,0.9999999999999974,0
MQT Bench,dj_n8,mqtbench/dj_n8.qasm,8,17,0,1,causal,0.6470588235294118,0.9999999999999974,0
MQT Bench,dj_n8,mqtbench/dj_n8.qasm,8,17,0,2,qpdg,0.29411764705882354,0.9999999999999972,0
MQT Bench,dj_n8,mqtbench/dj_n8.qasm,8,17,0,2,naive,0.6470588235294118,0.9999999999999974,0
MQT Bench,dj_n8,mqtbench/dj_n8.qasm,8,17,0,2,causal,0.6470588235294118,0.9999999999999974,0
MQT Bench,dj_n8,mqtbench/dj_n8.qasm,8,17,0,3,qpdg,0.29411764705882354,0.9999999999999972,0
MQT Bench,dj_n8,mqtbench/dj_n8.qasm,8,17,0,3,naive,0.6470588235294118,0.9999999999999974,0
MQT Bench,dj_n8,mqtbench/dj_n8.qasm,8,17,0,3,causal,0.6470588235294118,0.9999999999999974,0
MQT Bench,dj_n8,mqtbench/dj_n8.qasm,8,17,0,4,qpdg,0.29411764705882354,0.9999999999999972,0
MQT Bench,dj_n8,mqtbench/dj_n8.qasm,8,17,0,4,naive,0.6470588235294118,0.9999999999999974,0
MQT Bench,dj_n8,mqtbench/dj_n8.qasm,8,17,0,4,causal,0.6470588235294118,0.9999999999999974,0
MQT Bench,dj_n8,mqtbench/dj_n8.qasm,8,17,0,5,qpdg,0.29411764705882354,0.9999999999999972,0
MQT Bench,dj_n8,mqtbench/dj_n8.qasm,8,17,0,5,naive,0.6470588235294118,0.9999999999999974,0
MQT Bench,dj_n8,mqtbench/dj_n8.qasm,8,17,0,5,causal,0.6470588235294118,0.9999999999999974,0
MQT Bench,dj_n8,mqtbench/dj_n8.qasm,8,17,0,6,qpdg,0.29411764705882354,0.9999999999999972,0
MQT Bench,dj_n8,mqtbench/dj_n8.qasm,8,17,0,6,naive,0.6470588235294118,0.9999999999999974,0
MQT Bench,dj_n8,mqtbench/dj_n8.qasm,8,17,0,6,causal,0.6470588235294118,0.9999999999999974,0
MQT Bench,dj_n8,mqtbench/dj_n8.qasm,8,17,0,7,qpdg,0.17647058823529413,0.9999999999999974,0
MQT Bench,dj_n8,mqtbench/dj_n8.qasm,8,17,0,7,naive,0.5882352941176471,0.9999999999999974,0
MQT Bench,dj_n8,mqtbench/dj_n8.qasm,8,17,0,7,causal,0.5882352941176471,0.9999999999999974,0
MQT Bench,graphstate_n8,mqtbench/graphstate_n8.qasm,8,16,0,0,qpdg,0.25,0.9999999999999993,0
MQT Bench,graphstate_n8,mqtbench/graphstate_n8.qasm,8,16,0,0,naive,0.0625,0.4999999999999998,1
MQT Bench,graphstate_n8,mqtbench/graphstate_n8.qasm,8,16,0,0,causal,0.3125,0.9999999999999993,0
MQT Bench,graphstate_n8,mqtbench/graphstate_n8.qasm,8,16,0,1,qpdg,0.25,0.9999999999999993,0
MQT Bench,graphstate_n8,mqtbench/graphstate_n8.qasm,8,16,0,1,naive,0.0625,0.4999999999999998,1
MQT Bench,graphstate_n8,mqtbench/graphstate_n8.qasm,8,16,0,1,causal,0.3125,0.9999999999999993,0
MQT Bench,graphstate_n8,mqtbench/graphstate_n8.qasm,8,16,0,2,qpdg,0.25,0.9999999999999993,0
MQT Bench,graphstate_n8,mqtbench/graphstate_n8.qasm,8,16,0,2,naive,0.1875,0.9999999999999993,0
MQT Bench,graphstate_n8,mqtbench/graphstate_n8.qasm,8,16,0,2,causal,0.4375,0.9999999999999991,0
MQT Bench,graphstate_n8,mqtbench/graphstate_n8.qasm,8,16,0,3,qpdg,0.25,0.9999999999999993,0
MQT Bench,graphstate_n8,mqtbench/graphstate_n8.qasm,8,16,0,3,naive,0.0625,0.4999999999999998,1
MQT Bench,graphstate_n8,mqtbench/graphstate_n8.qasm,8,16,0,3,causal,0.5625,0.9999999999999993,0
MQT Bench,graphstate_n8,mqtbench/graphstate_n8.qasm,8,16,0,4,qpdg,0.25,0.9999999999999993,0
MQT Bench,graphstate_n8,mqtbench/graphstate_n8.qasm,8,16,0,4,naive,0.4375,0.9999999999999991,0
MQT Bench,graphstate_n8,mqtbench/graphstate_n8.qasm,8,16,0,4,causal,0.4375,0.9999999999999991,0
MQT Bench,graphstate_n8,mqtbench/graphstate_n8.qasm,8,16,0,5,qpdg,0.25,0.9999999999999993,0
MQT Bench,graphstate_n8,mqtbench/graphstate_n8.qasm,8,16,0,5,naive,0.1875,0.9999999999999993,0
MQT Bench,graphstate_n8,mqtbench/graphstate_n8.qasm,8,16,0,5,causal,0.5625,0.9999999999999993,0
MQT Bench,graphstate_n8,mqtbench/graphstate_n8.qasm,8,16,0,6,qpdg,0.25,0.9999999999999993,0
MQT Bench,graphstate_n8,mqtbench/graphstate_n8.qasm,8,16,0,6,naive,0.3125,0.9999999999999993,0
MQT Bench,graphstate_n8,mqtbench/graphstate_n8.qasm,8,16,0,6,causal,0.5625,0.9999999999999993,0
MQT Bench,graphstate_n8,mqtbench/graphstate_n8.qasm,8,16,0,7,qpdg,0.25,0.9999999999999993,0
MQT Bench,graphstate_n8,mqtbench/graphstate_n8.qasm,8,16,0,7,naive,0.4375,0.9999999999999991,0
MQT Bench,graphstate_n8,mqtbench/graphstate_n8.qasm,8,16,0,7,causal,0.5625,0.9999999999999993,0
MQT Bench,bv_n8,mqtbench/bv_n8.qasm,8,18,0,0,qpdg,0.2222222222222222,0.9999999999999978,0
MQT Bench,bv_n8,mqtbench/bv_n8.qasm,8,18,0,0,naive,0.3888888888888889,0.9999999999999971,0
MQT Bench,bv_n8,mqtbench/bv_n8.qasm,8,18,0,0,causal,0.3888888888888889,0.9999999999999971,0
MQT Bench,bv_n8,mqtbench/bv_n8.qasm,8,18,0,1,qpdg,0.1111111111111111,0.9999999999999973,0
MQT Bench,bv_n8,mqtbench/bv_n8.qasm,8,18,0,1,naive,0.1111111111111111,0.9999999999999973,0
MQT Bench,bv_n8,mqtbench/bv_n8.qasm,8,18,0,1,causal,0.1111111111111111,0.9999999999999973,0
MQT Bench,bv_n8,mqtbench/bv_n8.qasm,8,18,0,2,qpdg,0.2222222222222222,0.9999999999999973,0
MQT Bench,bv_n8,mqtbench/bv_n8.qasm,8,18,0,2,naive,0.1111111111111111,1.1040518171935751e-35,1
MQT Bench,bv_n8,mqtbench/bv_n8.qasm,8,18,0,2,causal,0.2222222222222222,0.9999999999999973,0
MQT Bench,bv_n8,mqtbench/bv_n8.qasm,8,18,0,3,qpdg,0.1111111111111111,0.9999999999999973,0
MQT Bench,bv_n8,mqtbench/bv_n8.qasm,8,18,0,3,naive,0.1111111111111111,0.9999999999999973,0
MQT Bench,bv_n8,mqtbench/bv_n8.qasm,8,18,0,3,causal,0.1111111111111111,0.9999999999999973,0
MQT Bench,bv_n8,mqtbench/bv_n8.qasm,8,18,0,4,qpdg,0.2222222222222222,0.9999999999999973,0
MQT Bench,bv_n8,mqtbench/bv_n8.qasm,8,18,0,4,naive,0.1111111111111111,6.925423415391712e-34,1
MQT Bench,bv_n8,mqtbench/bv_n8.qasm,8,18,0,4,causal,0.3333333333333333,0.9999999999999973,0
MQT Bench,bv_n8,mqtbench/bv_n8.qasm,8,18,0,5,qpdg,0.1111111111111111,0.9999999999999973,0
MQT Bench,bv_n8,mqtbench/bv_n8.qasm,8,18,0,5,naive,0.1111111111111111,0.9999999999999973,0
MQT Bench,bv_n8,mqtbench/bv_n8.qasm,8,18,0,5,causal,0.1111111111111111,0.9999999999999973,0
MQT Bench,bv_n8,mqtbench/bv_n8.qasm,8,18,0,6,qpdg,0.2222222222222222,0.9999999999999973,0
MQT Bench,bv_n8,mqtbench/bv_n8.qasm,8,18,0,6,naive,0.1111111111111111,3.845835797864254e-35,1
MQT Bench,bv_n8,mqtbench/bv_n8.qasm,8,18,0,6,causal,0.4444444444444444,0.9999999999999972,0
MQT Bench,bv_n8,mqtbench/bv_n8.qasm,8,18,0,7,qpdg,0.1111111111111111,0.9999999999999973,0
MQT Bench,bv_n8,mqtbench/bv_n8.qasm,8,18,0,7,naive,0.1111111111111111,0.9999999999999973,0
MQT Bench,bv_n8,mqtbench/bv_n8.qasm,8,18,0,7,causal,0.1111111111111111,0.9999999999999973,0
MQT Bench,wstate_n8,mqtbench/wstate_n8.qasm,8,29,0,0,qpdg,1.0,0.9999999999999998,0
MQT Bench,wstate_n8,mqtbench/wstate_n8.qasm,8,29,0,0,naive,0.7586206896551724,0.9837731468252454,1
MQT Bench,wstate_n8,mqtbench/wstate_n8.qasm,8,29,0,0,causal,1.0,0.9999999999999998,0
MQT Bench,wstate_n8,mqtbench/wstate_n8.qasm,8,29,0,1,qpdg,1.0,0.9999999999999998,0
MQT Bench,wstate_n8,mqtbench/wstate_n8.qasm,8,29,0,1,naive,0.7931034482758621,0.9837731468252453,1
MQT Bench,wstate_n8,mqtbench/wstate_n8.qasm,8,29,0,1,causal,1.0,0.9999999999999998,0
MQT Bench,wstate_n8,mqtbench/wstate_n8.qasm,8,29,0,2,qpdg,0.896551724137931,1.0,0
MQT Bench,wstate_n8,mqtbench/wstate_n8.qasm,8,29,0,2,naive,0.6896551724137931,0.9837731468252457,1
MQT Bench,wstate_n8,mqtbench/wstate_n8.qasm,8,29,0,2,causal,0.9310344827586207,0.9999999999999998,0
MQT Bench,wstate_n8,mqtbench/wstate_n8.qasm,8,29,0,3,qpdg,0.7586206896551724,1.0,0
MQT Bench,wstate_n8,mqtbench/wstate_n8.qasm,8,29,0,3,naive,0.5862068965517241,0.9837731468252455,1
MQT Bench,wstate_n8,mqtbench/wstate_n8.qasm,8,29,0,3,causal,0.7931034482758621,0.9999999999999998,0
MQT Bench,wstate_n8,mqtbench/wstate_n8.qasm,8,29,0,4,qpdg,0.6206896551724138,1.0,0
MQT Bench,wstate_n8,mqtbench/wstate_n8.qasm,8,29,0,4,naive,0.4827586206896552,0.9837731468252456,1
MQT Bench,wstate_n8,mqtbench/wstate_n8.qasm,8,29,0,4,causal,0.6551724137931034,0.9999999999999998,0
MQT Bench,wstate_n8,mqtbench/wstate_n8.qasm,8,29,0,5,qpdg,0.4827586206896552,0.9999999999999998,0
MQT Bench,wstate_n8,mqtbench/wstate_n8.qasm,8,29,0,5,naive,0.3793103448275862,0.9837731468252455,1
MQT Bench,wstate_n8,mqtbench/wstate_n8.qasm,8,29,0,5,causal,0.5172413793103449,0.9999999999999998,0
MQT Bench,wstate_n8,mqtbench/wstate_n8.qasm,8,29,0,6,qpdg,0.3448275862068966,0.9999999999999999,0
MQT Bench,wstate_n8,mqtbench/wstate_n8.qasm,8,29,0,6,naive,0.27586206896551724,0.9837731468252455,1
MQT Bench,wstate_n8,mqtbench/wstate_n8.qasm,8,29,0,6,causal,0.3793103448275862,0.9999999999999999,0
MQT Bench,wstate_n8,mqtbench/wstate_n8.qasm,8,29,0,7,qpdg,0.1724137931034483,0.9999999999999998,0
MQT Bench,wstate_n8,mqtbench/wstate_n8.qasm,8,29,0,7,naive,0.1724137931034483,0.9999999999999998,0
MQT Bench,wstate_n8,mqtbench/wstate_n8.qasm,8,29,0,7,causal,0.2413793103448276,0.9999999999999998,0
MQT Bench,ghz_n10,mqtbench/ghz_n10.qasm,10,10,0,0,qpdg,1.0,0.9999999999999996,0
MQT Bench,ghz_n10,mqtbench/ghz_n10.qasm,10,10,0,0,naive,1.0,0.9999999999999996,0
MQT Bench,ghz_n10,mqtbench/ghz_n10.qasm,10,10,0,0,causal,1.0,0.9999999999999996,0
MQT Bench,ghz_n10,mqtbench/ghz_n10.qasm,10,10,0,1,qpdg,1.0,0.9999999999999996,0
MQT Bench,ghz_n10,mqtbench/ghz_n10.qasm,10,10,0,1,naive,0.9,0.9999999999999996,0
MQT Bench,ghz_n10,mqtbench/ghz_n10.qasm,10,10,0,1,causal,1.0,0.9999999999999996,0
MQT Bench,ghz_n10,mqtbench/ghz_n10.qasm,10,10,0,2,qpdg,0.9,0.9999999999999996,0
MQT Bench,ghz_n10,mqtbench/ghz_n10.qasm,10,10,0,2,naive,0.8,0.9999999999999996,0
MQT Bench,ghz_n10,mqtbench/ghz_n10.qasm,10,10,0,2,causal,0.9,0.9999999999999996,0
MQT Bench,ghz_n10,mqtbench/ghz_n10.qasm,10,10,0,3,qpdg,0.8,0.9999999999999996,0
MQT Bench,ghz_n10,mqtbench/ghz_n10.qasm,10,10,0,3,naive,0.7,0.9999999999999996,0
MQT Bench,ghz_n10,mqtbench/ghz_n10.qasm,10,10,0,3,causal,0.8,0.9999999999999996,0
MQT Bench,ghz_n10,mqtbench/ghz_n10.qasm,10,10,0,4,qpdg,0.7,0.9999999999999996,0
MQT Bench,ghz_n10,mqtbench/ghz_n10.qasm,10,10,0,4,naive,0.6,0.9999999999999996,0
MQT Bench,ghz_n10,mqtbench/ghz_n10.qasm,10,10,0,4,causal,0.7,0.9999999999999996,0
MQT Bench,ghz_n10,mqtbench/ghz_n10.qasm,10,10,0,5,qpdg,0.6,0.9999999999999996,0
MQT Bench,ghz_n10,mqtbench/ghz_n10.qasm,10,10,0,5,naive,0.5,0.9999999999999996,0
MQT Bench,ghz_n10,mqtbench/ghz_n10.qasm,10,10,0,5,causal,0.6,0.9999999999999996,0
MQT Bench,ghz_n10,mqtbench/ghz_n10.qasm,10,10,0,6,qpdg,0.5,0.9999999999999996,0
MQT Bench,ghz_n10,mqtbench/ghz_n10.qasm,10,10,0,6,naive,0.4,0.9999999999999996,0
MQT Bench,ghz_n10,mqtbench/ghz_n10.qasm,10,10,0,6,causal,0.5,0.9999999999999996,0
MQT Bench,ghz_n10,mqtbench/ghz_n10.qasm,10,10,0,7,qpdg,0.4,0.9999999999999996,0
MQT Bench,ghz_n10,mqtbench/ghz_n10.qasm,10,10,0,7,naive,0.3,0.9999999999999996,0
MQT Bench,ghz_n10,mqtbench/ghz_n10.qasm,10,10,0,7,causal,0.4,0.9999999999999996,0
MQT Bench,ghz_n10,mqtbench/ghz_n10.qasm,10,10,0,8,qpdg,0.3,0.9999999999999996,0
MQT Bench,ghz_n10,mqtbench/ghz_n10.qasm,10,10,0,8,naive,0.2,0.9999999999999996,0
MQT Bench,ghz_n10,mqtbench/ghz_n10.qasm,10,10,0,8,causal,0.3,0.9999999999999996,0
MQT Bench,ghz_n10,mqtbench/ghz_n10.qasm,10,10,0,9,qpdg,0.2,0.9999999999999996,0
MQT Bench,ghz_n10,mqtbench/ghz_n10.qasm,10,10,0,9,naive,0.1,0.4999999999999998,1
MQT Bench,ghz_n10,mqtbench/ghz_n10.qasm,10,10,0,9,causal,0.2,0.9999999999999996,0
MQT Bench,qftentangled_n10,mqtbench/qftentangled_n10.qasm,10,70,0,0,qpdg,0.9428571428571428,0.9999999999999966,0
MQT Bench,qftentangled_n10,mqtbench/qftentangled_n10.qasm,10,70,0,0,naive,0.9428571428571428,0.9999999999999966,0
MQT Bench,qftentangled_n10,mqtbench/qftentangled_n10.qasm,10,70,0,0,causal,0.9428571428571428,0.9999999999999966,0
MQT Bench,qftentangled_n10,mqtbench/qftentangled_n10.qasm,10,70,0,1,qpdg,0.9285714285714286,0.9999999999999974,0
MQT Bench,qftentangled_n10,mqtbench/qftentangled_n10.qasm,10,70,0,1,naive,0.7857142857142857,0.9999811761685028,1
MQT Bench,qftentangled_n10,mqtbench/qftentangled_n10.qasm,10,70,0,1,causal,0.9285714285714286,0.9999999999999974,0
MQT Bench,qftentangled_n10,mqtbench/qftentangled_n10.qasm,10,70,0,2,qpdg,0.9,0.9999999999999972,0
MQT Bench,qftentangled_n10,mqtbench/qftentangled_n10.qasm,10,70,0,2,naive,0.6428571428571429,0.9993228181779338,1
MQT Bench,qftentangled_n10,mqtbench/qftentangled_n10.qasm,10,70,0,2,causal,0.9,0.9999999999999972,0
MQT Bench,qftentangled_n10,mqtbench/qftentangled_n10.qasm,10,70,0,3,qpdg,0.8571428571428571,0.9999999999999973,0
MQT Bench,qftentangled_n10,mqtbench/qftentangled_n10.qasm,10,70,0,3,naive,0.5142857142857142,0.9854212598250349,1
MQT Bench,qftentangled_n10,mqtbench/qftentangled_n10.qasm,10,70,0,3,causal,0.8571428571428571,0.9999999999999973,0
MQT Bench,qftentangled_n10,mqtbench/qftentangled_n10.qasm,10,70,0,4,qpdg,0.8,0.999999999999997,0
MQT Bench,qftentangled_n10,mqtbench/qftentangled_n10.qasm,10,70,0,4,naive,0.4,0.778998276002204,1
MQT Bench,qftentangled_n10,mqtbench/qftentangled_n10.qasm,10,70,0,4,causal,0.8,0.999999999999997,0
MQT Bench,qftentangled_n10,mqtbench/qftentangled_n10.qasm,10,70,0,5,qpdg,0.8,0.999999999999997,0
MQT Bench,qftentangled_n10,mqtbench/qftentangled_n10.qasm,10,70,0,5,naive,0.4,0.5067593271932386,1
MQT Bench,qftentangled_n10,mqtbench/qftentangled_n10.qasm,10,70,0,5,causal,0.8,0.999999999999997,0
MQT Bench,qftentangled_n10,mqtbench/qftentangled_n10.qasm,10,70,0,6,qpdg,0.8571428571428571,0.9999999999999973,0
MQT Bench,qftentangled_n10,mqtbench/qftentangled_n10.qasm,10,70,0,6,naive,0.5142857142857142,0.5143257895889357,1
MQT Bench,qftentangled_n10,mqtbench/qftentangled_n10.qasm,10,70,0,6,causal,0.8571428571428571,0.9999999999999973,0
MQT Bench,qftentangled_n10,mqtbench/qftentangled_n10.qasm,10,70,0,7,qpdg,0.9,0.9999999999999969,0
MQT Bench,qftentangled_n10,mqtbench/qftentangled_n10.qasm,10,70,0,7,naive,0.6428571428571429,0.5350220778374936,1
MQT Bench,qftentangled_n10,mqtbench/qftentangled_n10.qasm,10,70,0,7,causal,0.9,0.9999999999999969,0
MQT Bench,qftentangled_n10,mqtbench/qftentangled_n10.qasm,10,70,0,8,qpdg,0.9285714285714286,0.9999999999999973,0
MQT Bench,qftentangled_n10,mqtbench/qftentangled_n10.qasm,10,70,0,8,naive,0.7857142857142857,0.6134984294705741,1
MQT Bench,qftentangled_n10,mqtbench/qftentangled_n10.qasm,10,70,0,8,causal,0.9285714285714286,0.9999999999999973,0
MQT Bench,qftentangled_n10,mqtbench/qftentangled_n10.qasm,10,70,0,9,qpdg,0.9428571428571428,0.9999999999999963,0
MQT Bench,qftentangled_n10,mqtbench/qftentangled_n10.qasm,10,70,0,9,naive,0.9428571428571428,0.9999999999999963,0
MQT Bench,qftentangled_n10,mqtbench/qftentangled_n10.qasm,10,70,0,9,causal,0.9428571428571428,0.9999999999999963,0
MQT Bench,dj_n10,mqtbench/dj_n10.qasm,10,41,0,0,qpdg,0.17073170731707318,0.9999999999999966,0
MQT Bench,dj_n10,mqtbench/dj_n10.qasm,10,41,0,0,naive,0.0975609756097561,6.925423415391707e-34,1
MQT Bench,dj_n10,mqtbench/dj_n10.qasm,10,41,0,0,causal,0.17073170731707318,0.9999999999999966,0
MQT Bench,dj_n10,mqtbench/dj_n10.qasm,10,41,0,1,qpdg,0.17073170731707318,0.9999999999999966,0
MQT Bench,dj_n10,mqtbench/dj_n10.qasm,10,41,0,1,naive,0.0975609756097561,1.6644139992843604e-33,1
MQT Bench,dj_n10,mqtbench/dj_n10.qasm,10,41,0,1,causal,0.24390243902439024,0.9999999999999963,0
MQT Bench,dj_n10,mqtbench/dj_n10.qasm,10,41,0,2,qpdg,0.12195121951219512,0.9999999999999966,0
MQT Bench,dj_n10,mqtbench/dj_n10.qasm,10,41,0,2,naive,0.04878048780487805,3.8458357978642623e-35,1
MQT Bench,dj_n10,mqtbench/dj_n10.qasm,10,41,0,2,causal,0.2682926829268293,0.9999999999999962,0
MQT Bench,dj_n10,mqtbench/dj_n10.qasm,10,41,0,3,qpdg,0.12195121951219512,0.9999999999999966,0
MQT Bench,dj_n10,mqtbench/dj_n10.qasm,10,41,0,3,naive,0.04878048780487805,3.169738198044095e-34,1
MQT Bench,dj_n10,mqtbench/dj_n10.qasm,10,41,0,3,causal,0.3170731707317073,0.9999999999999961,0
MQT Bench,dj_n10,mqtbench/dj_n10.qasm,10,41,0,4,qpdg,0.17073170731707318,0.9999999999999966,0
MQT Bench,dj_n10,mqtbench/dj_n10.qasm,10,41,0,4,naive,0.0975609756097561,2.819709750937275e-34,1
MQT Bench,dj_n10,mqtbench/dj_n10.qasm,10,41,0,4,causal,0.4146341463414634,0.9999999999999956,0
MQT Bench,dj_n10,mqtbench/dj_n10.qasm,10,41,0,5,qpdg,0.17073170731707318,0.9999999999999966,0
MQT Bench,dj_n10,mqtbench/dj_n10.qasm,10,41,0,5,naive,0.0975609756097561,2.6933122231427217e-35,1
MQT Bench,dj_n10,mqtbench/dj_n10.qasm,10,41,0,5,causal,0.4878048780487805,0.9999999999999962,0
MQT Bench,dj_n10,mqtbench/dj_n10.qasm,10,41,0,6,qpdg,0.17073170731707318,0.9999999999999966,0
MQT Bench,dj_n10,mqtbench/dj_n10.qasm,10,41,0,6,naive,0.0975609756097561,1.582883074115782e-33,1
MQT Bench,dj_n10,mqtbench/dj_n10.qasm,10,41,0,6,causal,0.5609756097560976,0.9999999999999966,0
MQT Bench,dj_n10,mqtbench/dj_n10.qasm,10,41,0,7,qpdg,0.12195121951219512,0.9999999999999966,0
MQT Bench,dj_n10,mqtbench/dj_n10.qasm,10,41,0,7,naive,0.04878048780487805,7.46817748206702e-34,1
MQT Bench,dj_n10,mqtbench/dj_n10.qasm,10,41,0,7,causal,0.5853658536585366,0.9999999999999967,0
MQT Bench,dj_n10,mqtbench/dj_n10.qasm,10,41,0,8,qpdg,0.17073170731707318,0.9999999999999966,0
MQT Bench,dj_n10,mqtbench/dj_n10.qasm,10,41,0,8,naive,0.0975609756097561,5.282067805095117e-35,1
MQT Bench,dj_n10,mqtbench/dj_n10.qasm,10,41,0,8,causal,0.6829268292682927,0.9999999999999968,0
MQT Bench,dj_n10,mqtbench/dj_n10.qasm,10,41,0,9,qpdg,0.2682926829268293,0.9999999999999968,0
MQT Bench,dj_n10,mqtbench/dj_n10.qasm,10,41,0,9,naive,0.6341463414634146,0.9999999999999968,0
MQT Bench,dj_n10,mqtbench/dj_n10.qasm,10,41,0,9,causal,0.6341463414634146,0.9999999999999968,0
MQT Bench,graphstate_n10,mqtbench/graphstate_n10.qasm,10,20,0,0,qpdg,0.2,0.9999999999999993,0
MQT Bench,graphstate_n10,mqtbench/graphstate_n10.qasm,10,20,0,0,naive,0.05,0.4999999999999998,1
MQT Bench,graphstate_n10,mqtbench/graphstate_n10.qasm,10,20,0,0,causal,0.25,0.9999999999999993,0
MQT Bench,graphstate_n10,mqtbench/graphstate_n10.qasm,10,20,0,1,qpdg,0.2,0.9999999999999993,0
MQT Bench,graphstate_n10,mqtbench/graphstate_n10.qasm,10,20,0,1,naive,0.05,0.4999999999999998,1
MQT Bench,graphstate_n10,mqtbench/graphstate_n10.qasm,10,20,0,1,causal,0.35,0.9999999999999991,0
MQT Bench,graphstate_n10,mqtbench/graphstate_n10.qasm,10,20,0,2,qpdg,0.2,0.9999999999999993,0
MQT Bench,graphstate_n10,mqtbench/graphstate_n10.qasm,10,20,0,2,naive,0.05,0.4999999999999998,1
MQT Bench,graphstate_n10,mqtbench/graphstate_n10.qasm,10,20,0,2,causal,0.55,0.9999999999999996,0
MQT Bench,graphstate_n10,mqtbench/graphstate_n10.qasm,10,20,0,3,qpdg,0.2,0.9999999999999993,0
MQT Bench,graphstate_n10,mqtbench/graphstate_n10.qasm,10,20,0,3,naive,0.05,0.4999999999999998,1
MQT Bench,graphstate_n10,mqtbench/graphstate_n10.qasm,10,20,0,3,causal,0.45,0.999999999999999,0
MQT Bench,graphstate_n10,mqtbench/graphstate_n10.qasm,10,20,0,4,qpdg,0.2,0.9999999999999993,0
MQT Bench,graphstate_n10,mqtbench/graphstate_n10.qasm,10,20,0,4,naive,0.25,0.9999999999999993,0
MQT Bench,graphstate_n10,mqtbench/graphstate_n10.qasm,10,20,0,4,causal,0.25,0.9999999999999993,0
MQT Bench,graphstate_n10,mqtbench/graphstate_n10.qasm,10,20,0,5,qpdg,0.2,0.9999999999999993,0
MQT Bench,graphstate_n10,mqtbench/graphstate_n10.qasm,10,20,0,5,naive,0.15,0.9999999999999993,0
MQT Bench,graphstate_n10,mqtbench/graphstate_n10.qasm,10,20,0,5,causal,0.25,0.9999999999999993,0
MQT Bench,graphstate_n10,mqtbench/graphstate_n10.qasm,10,20,0,6,qpdg,0.2,0.9999999999999993,0
MQT Bench,graphstate_n10,mqtbench/graphstate_n10.qasm,10,20,0,6,naive,0.25,0.9999999999999993,0
MQT Bench,graphstate_n10,mqtbench/graphstate_n10.qasm,10,20,0,6,causal,0.35,0.9999999999999991,0
MQT Bench,graphstate_n10,mqtbench/graphstate_n10.qasm,10,20,0,7,qpdg,0.2,0.9999999999999993,0
MQT Bench,graphstate_n10,mqtbench/graphstate_n10.qasm,10,20,0,7,naive,0.25,0.9999999999999993,0
MQT Bench,graphstate_n10,mqtbench/graphstate_n10.qasm,10,20,0,7,causal,0.75,0.9999999999999991,0
MQT Bench,graphstate_n10,mqtbench/graphstate_n10.qasm,10,20,0,8,qpdg,0.2,0.9999999999999993,0
MQT Bench,graphstate_n10,mqtbench/graphstate_n10.qasm,10,20,0,8,naive,0.25,0.9999999999999993,0
MQT Bench,graphstate_n10,mqtbench/graphstate_n10.qasm,10,20,0,8,causal,0.55,0.9999999999999996,0
MQT Bench,graphstate_n10,mqtbench/graphstate_n10.qasm,10,20,0,9,qpdg,0.2,0.9999999999999993,0
MQT Bench,graphstate_n10,mqtbench/graphstate_n10.qasm,10,20,0,9,naive,0.45,0.9999999999999993,0
MQT Bench,graphstate_n10,mqtbench/graphstate_n10.qasm,10,20,0,9,causal,0.75,0.9999999999999993,0
MQT Bench,bv_n10,mqtbench/bv_n10.qasm,10,23,0,0,qpdg,0.21739130434782608,0.9999999999999971,0
MQT Bench,bv_n10,mqtbench/bv_n10.qasm,10,23,0,0,naive,0.391304347826087,0.9999999999999968,0
MQT Bench,bv_n10,mqtbench/bv_n10.qasm,10,23,0,0,causal,0.391304347826087,0.9999999999999968,0
MQT Bench,bv_n10,mqtbench/bv_n10.qasm,10,23,0,1,qpdg,0.08695652173913043,0.9999999999999967,0
MQT Bench,bv_n10,mqtbench/bv_n10.qasm,10,23,0,1,naive,0.08695652173913043,0.9999999999999967,0
MQT Bench,bv_n10,mqtbench/bv_n10.qasm,10,23,0,1,causal,0.08695652173913043,0.9999999999999967,0
MQT Bench,bv_n10,mqtbench/bv_n10.qasm,10,23,0,2,qpdg,0.17391304347826086,0.9999999999999967,0
MQT Bench,bv_n10,mqtbench/bv_n10.qasm,10,23,0,2,naive,0.08695652173913043,6.925423415391707e-34,1
MQT Bench,bv_n10,mqtbench/bv_n10.qasm,10,23,0,2,causal,0.17391304347826086,0.9999999999999967,0
MQT Bench,bv_n10,mqtbench/bv_n10.qasm,10,23,0,3,qpdg,0.08695652173913043,0.9999999999999967,0
MQT Bench,bv_n10,mqtbench/bv_n10.qasm,10,23,0,3,naive,0.08695652173913043,0.9999999999999967,0
MQT Bench,bv_n10,mqtbench/bv_n10.qasm,10,23,0,3,causal,0.08695652173913043,0.9999999999999967,0
MQT Bench,bv_n10,mqtbench/bv_n10.qasm,10,23,0,4,qpdg,0.17391304347826086,0.9999999999999967,0
MQT Bench,bv_n10,mqtbench/bv_n10.qasm,10,23,0,4,naive,0.08695652173913043,3.845835797864291e-35,1
MQT Bench,bv_n10,mqtbench/bv_n10.qasm,10,23,0,4,causal,0.2608695652173913,0.9999999999999967,0
MQT Bench,bv_n10,mqtbench/bv_n10.qasm,10,23,0,5,qpdg,0.08695652173913043,0.9999999999999967,0
MQT Bench,bv_n10,mqtbench/bv_n10.qasm,10,23,0,5,naive,0.08695652173913043,0.9999999999999967,0
MQT Bench,bv_n10,mqtbench/bv_n10.qasm,10,23,0,5,causal,0.08695652173913043,0.9999999999999967,0
MQT Bench,bv_n10,mqtbench/bv_n10.qasm,10,23,0,6,qpdg,0.17391304347826086,0.9999999999999967,0
MQT Bench,bv_n10,mqtbench/bv_n10.qasm,10,23,0,6,naive,0.08695652173913043,2.8197097509372747e-34,1
MQT Bench,bv_n10,mqtbench/bv_n10.qasm,10,23,0,6,causal,0.34782608695652173,0.9999999999999966,0
MQT Bench,bv_n10,mqtbench/bv_n10.qasm,10,23,0,7,qpdg,0.08695652173913043,0.9999999999999967,0
MQT Bench,bv_n10,mqtbench/bv_n10.qasm,10,23,0,7,naive,0.08695652173913043,0.9999999999999967,0
MQT Bench,bv_n10,mqtbench/bv_n10.qasm,10,23,0,7,causal,0.08695652173913043,0.9999999999999967,0
MQT Bench,bv_n10,mqtbench/bv_n10.qasm,10,23,0,8,qpdg,0.17391304347826086,0.9999999999999967,0
MQT Bench,bv_n10,mqtbench/bv_n10.qasm,10,23,0,8,naive,0.08695652173913043,1.5828830741157824e-33,1
MQT Bench,bv_n10,mqtbench/bv_n10.qasm,10,23,0,8,causal,0.43478260869565216,0.9999999999999963,0
MQT Bench,bv_n10,mqtbench/bv_n10.qasm,10,23,0,9,qpdg,0.08695652173913043,0.9999999999999967,0
MQT Bench,bv_n10,mqtbench/bv_n10.qasm,10,23,0,9,naive,0.08695652173913043,0.9999999999999967,0
MQT Bench,bv_n10,mqtbench/bv_n10.qasm,10,23,0,9,causal,0.08695652173913043,0.9999999999999967,0
MQT Bench,wstate_n10,mqtbench/wstate_n10.qasm,10,37,0,0,qpdg,1.0,1.0,0
MQT Bench,wstate_n10,mqtbench/wstate_n10.qasm,10,37,0,0,naive,0.7567567567567568,0.9897056274847715,1
MQT Bench,wstate_n10,mqtbench/wstate_n10.qasm,10,37,0,0,causal,1.0,1.0,0
MQT Bench,wstate_n10,mqtbench/wstate_n10.qasm,10,37,0,1,qpdg,1.0,1.0,0
MQT Bench,wstate_n10,mqtbench/wstate_n10.qasm,10,37,0,1,naive,0.7837837837837838,0.9897056274847715,1
MQT Bench,wstate_n10,mqtbench/wstate_n10.qasm,10,37,0,1,causal,1.0,1.0,0
MQT Bench,wstate_n10,mqtbench/wstate_n10.qasm,10,37,0,2,qpdg,0.918918918918919,1.0,0
MQT Bench,wstate_n10,mqtbench/wstate_n10.qasm,10,37,0,2,naive,0.7027027027027027,0.9897056274847715,1
MQT Bench,wstate_n10,mqtbench/wstate_n10.qasm,10,37,0,2,causal,0.9459459459459459,1.0,0
MQT Bench,wstate_n10,mqtbench/wstate_n10.qasm,10,37,0,3,qpdg,0.8108108108108109,1.0,0
MQT Bench,wstate_n10,mqtbench/wstate_n10.qasm,10,37,0,3,naive,0.6216216216216216,0.9897056274847715,1
MQT Bench,wstate_n10,mqtbench/wstate_n10.qasm,10,37,0,3,causal,0.8378378378378378,1.0,0
MQT Bench,wstate_n10,mqtbench/wstate_n10.qasm,10,37,0,4,qpdg,0.7027027027027027,1.0,0
MQT Bench,wstate_n10,mqtbench/wstate_n10.qasm,10,37,0,4,naive,0.5405405405405406,0.9897056274847715,1
MQT Bench,wstate_n10,mqtbench/wstate_n10.qasm,10,37,0,4,causal,0.7297297297297297,1.0,0
MQT Bench,wstate_n10,mqtbench/wstate_n10.qasm,10,37,0,5,qpdg,0.5945945945945946,1.0,0
MQT Bench,wstate_n10,mqtbench/wstate_n10.qasm,10,37,0,5,naive,0.4594594594594595,0.9897056274847716,1
MQT Bench,wstate_n10,mqtbench/wstate_n10.qasm,10,37,0,5,causal,0.6216216216216216,1.0,0
MQT Bench,wstate_n10,mqtbench/wstate_n10.qasm,10,37,0,6,qpdg,0.4864864864864865,1.0,0
MQT Bench,wstate_n10,mqtbench/wstate_n10.qasm,10,37,0,6,naive,0.3783783783783784,0.9897056274847718,1
MQT Bench,wstate_n10,mqtbench/wstate_n10.qasm,10,37,0,6,causal,0.5135135135135135,1.0,0
MQT Bench,wstate_n10,mqtbench/wstate_n10.qasm,10,37,0,7,qpdg,0.3783783783783784,1.0,0
MQT Bench,wstate_n10,mqtbench/wstate_n10.qasm,10,37,0,7,naive,0.2972972972972973,0.9897056274847718,1
MQT Bench,wstate_n10,mqtbench/wstate_n10.qasm,10,37,0,7,causal,0.40540540540540543,1.0,0
MQT Bench,wstate_n10,mqtbench/wstate_n10.qasm,10,37,0,8,qpdg,0.2702702702702703,1.0,0
MQT Bench,wstate_n10,mqtbench/wstate_n10.qasm,10,37,0,8,naive,0.21621621621621623,0.9897056274847718,1
MQT Bench,wstate_n10,mqtbench/wstate_n10.qasm,10,37,0,8,causal,0.2972972972972973,1.0,0
MQT Bench,wstate_n10,mqtbench/wstate_n10.qasm,10,37,0,9,qpdg,0.13513513513513514,1.0,0
MQT Bench,wstate_n10,mqtbench/wstate_n10.qasm,10,37,0,9,naive,0.13513513513513514,1.0,0
MQT Bench,wstate_n10,mqtbench/wstate_n10.qasm,10,37,0,9,causal,0.1891891891891892,1.0,0
MQT Bench,ghz_n14,mqtbench/ghz_n14.qasm,14,14,0,0,qpdg,1.0,0.9999999999999996,0
MQT Bench,ghz_n14,mqtbench/ghz_n14.qasm,14,14,0,0,naive,1.0,0.9999999999999996,0
MQT Bench,ghz_n14,mqtbench/ghz_n14.qasm,14,14,0,0,causal,1.0,0.9999999999999996,0
MQT Bench,ghz_n14,mqtbench/ghz_n14.qasm,14,14,0,1,qpdg,1.0,0.9999999999999996,0
MQT Bench,ghz_n14,mqtbench/ghz_n14.qasm,14,14,0,1,naive,0.9285714285714286,0.9999999999999996,0
MQT Bench,ghz_n14,mqtbench/ghz_n14.qasm,14,14,0,1,causal,1.0,0.9999999999999996,0
MQT Bench,ghz_n14,mqtbench/ghz_n14.qasm,14,14,0,2,qpdg,0.9285714285714286,0.9999999999999996,0
MQT Bench,ghz_n14,mqtbench/ghz_n14.qasm,14,14,0,2,naive,0.8571428571428571,0.9999999999999996,0
MQT Bench,ghz_n14,mqtbench/ghz_n14.qasm,14,14,0,2,causal,0.9285714285714286,0.9999999999999996,0
MQT Bench,ghz_n14,mqtbench/ghz_n14.qasm,14,14,0,3,qpdg,0.8571428571428571,0.9999999999999996,0
MQT Bench,ghz_n14,mqtbench/ghz_n14.qasm,14,14,0,3,naive,0.7857142857142857,0.9999999999999996,0
MQT Bench,ghz_n14,mqtbench/ghz_n14.qasm,14,14,0,3,causal,0.8571428571428571,0.9999999999999996,0
MQT Bench,ghz_n14,mqtbench/ghz_n14.qasm,14,14,0,4,qpdg,0.7857142857142857,0.9999999999999996,0
MQT Bench,ghz_n14,mqtbench/ghz_n14.qasm,14,14,0,4,naive,0.7142857142857143,0.9999999999999996,0
MQT Bench,ghz_n14,mqtbench/ghz_n14.qasm,14,14,0,4,causal,0.7857142857142857,0.9999999999999996,0
MQT Bench,ghz_n14,mqtbench/ghz_n14.qasm,14,14,0,5,qpdg,0.7142857142857143,0.9999999999999996,0
MQT Bench,ghz_n14,mqtbench/ghz_n14.qasm,14,14,0,5,naive,0.6428571428571429,0.9999999999999996,0
MQT Bench,ghz_n14,mqtbench/ghz_n14.qasm,14,14,0,5,causal,0.7142857142857143,0.9999999999999996,0
MQT Bench,ghz_n14,mqtbench/ghz_n14.qasm,14,14,0,6,qpdg,0.6428571428571429,0.9999999999999996,0
MQT Bench,ghz_n14,mqtbench/ghz_n14.qasm,14,14,0,6,naive,0.5714285714285714,0.9999999999999996,0
MQT Bench,ghz_n14,mqtbench/ghz_n14.qasm,14,14,0,6,causal,0.6428571428571429,0.9999999999999996,0
MQT Bench,ghz_n14,mqtbench/ghz_n14.qasm,14,14,0,7,qpdg,0.5714285714285714,0.9999999999999996,0
MQT Bench,ghz_n14,mqtbench/ghz_n14.qasm,14,14,0,7,naive,0.5,0.9999999999999996,0
MQT Bench,ghz_n14,mqtbench/ghz_n14.qasm,14,14,0,7,causal,0.5714285714285714,0.9999999999999996,0
MQT Bench,ghz_n14,mqtbench/ghz_n14.qasm,14,14,0,8,qpdg,0.5,0.9999999999999996,0
MQT Bench,ghz_n14,mqtbench/ghz_n14.qasm,14,14,0,8,naive,0.42857142857142855,0.9999999999999996,0
MQT Bench,ghz_n14,mqtbench/ghz_n14.qasm,14,14,0,8,causal,0.5,0.9999999999999996,0
MQT Bench,ghz_n14,mqtbench/ghz_n14.qasm,14,14,0,9,qpdg,0.42857142857142855,0.9999999999999996,0
MQT Bench,ghz_n14,mqtbench/ghz_n14.qasm,14,14,0,9,naive,0.35714285714285715,0.9999999999999996,0
MQT Bench,ghz_n14,mqtbench/ghz_n14.qasm,14,14,0,9,causal,0.42857142857142855,0.9999999999999996,0
MQT Bench,ghz_n14,mqtbench/ghz_n14.qasm,14,14,0,10,qpdg,0.35714285714285715,0.9999999999999996,0
MQT Bench,ghz_n14,mqtbench/ghz_n14.qasm,14,14,0,10,naive,0.2857142857142857,0.9999999999999996,0
MQT Bench,ghz_n14,mqtbench/ghz_n14.qasm,14,14,0,10,causal,0.35714285714285715,0.9999999999999996,0
MQT Bench,ghz_n14,mqtbench/ghz_n14.qasm,14,14,0,11,qpdg,0.2857142857142857,0.9999999999999996,0
MQT Bench,ghz_n14,mqtbench/ghz_n14.qasm,14,14,0,11,naive,0.21428571428571427,0.9999999999999996,0
MQT Bench,ghz_n14,mqtbench/ghz_n14.qasm,14,14,0,11,causal,0.2857142857142857,0.9999999999999996,0
MQT Bench,ghz_n14,mqtbench/ghz_n14.qasm,14,14,0,12,qpdg,0.21428571428571427,0.9999999999999996,0
MQT Bench,ghz_n14,mqtbench/ghz_n14.qasm,14,14,0,12,naive,0.14285714285714285,0.9999999999999996,0
MQT Bench,ghz_n14,mqtbench/ghz_n14.qasm,14,14,0,12,causal,0.21428571428571427,0.9999999999999996,0
MQT Bench,ghz_n14,mqtbench/ghz_n14.qasm,14,14,0,13,qpdg,0.14285714285714285,0.9999999999999996,0
MQT Bench,ghz_n14,mqtbench/ghz_n14.qasm,14,14,0,13,naive,0.07142857142857142,0.4999999999999998,1
MQT Bench,ghz_n14,mqtbench/ghz_n14.qasm,14,14,0,13,causal,0.14285714285714285,0.9999999999999996,0
MQT Bench,qftentangled_n14,mqtbench/qftentangled_n14.qasm,14,126,0,0,qpdg,0.9523809523809523,0.999999999999995,0
MQT Bench,qftentangled_n14,mqtbench/qftentangled_n14.qasm,14,126,0,0,naive,0.9523809523809523,0.999999999999995,0
MQT Bench,qftentangled_n14,mqtbench/qftentangled_n14.qasm,14,126,0,0,causal,0.9523809523809523,0.999999999999995,0
MQT Bench,qftentangled_n14,mqtbench/qftentangled_n14.qasm,14,126,0,1,qpdg,0.9444444444444444,0.9999999999999966,0
MQT Bench,qftentangled_n14,mqtbench/qftentangled_n14.qasm,14,126,0,1,naive,0.8333333333333334,0.9999999264657266,0
MQT Bench,qftentangled_n14,mqtbench/qftentangled_n14.qasm,14,126,0,1,causal,0.9444444444444444,0.9999999999999966,0
MQT Bench,qftentangled_n14,mqtbench/qftentangled_n14.qasm,14,126,0,2,qpdg,0.9285714285714286,0.9999999999999963,0
MQT Bench,qftentangled_n14,mqtbench/qftentangled_n14.qasm,14,126,0,2,naive,0.7222222222222222,0.9999973527735915,1
MQT Bench,qftentangled_n14,mqtbench/qftentangled_n14.qasm,14,126,0,2,causal,0.9285714285714286,0.9999999999999963,0
MQT Bench,qftentangled_n14,mqtbench/qftentangled_n14.qasm,14,126,0,3,qpdg,0.9047619047619048,0.9999999999999959,0
MQT Bench,qftentangled_n14,mqtbench/qftentangled_n14.qasm,14,126,0,3,naive,0.6190476190476191,0.9999423518804131,1
MQT Bench,qftentangled_n14,mqtbench/qftentangled_n14.qasm,14,126,0,3,causal,0.9047619047619048,0.9999999999999959,0
MQT Bench,qftentangled_n14,mqtbench/qftentangled_n14.qasm,14,126,0,4,qpdg,0.873015873015873,0.9999999999999964,0
MQT Bench,qftentangled_n14,mqtbench/qftentangled_n14.qasm,14,126,0,4,naive,0.5238095238095238,0.9989419333044504,1
MQT Bench,qftentangled_n14,mqtbench/qftentangled_n14.qasm,14,126,0,4,causal,0.873015873015873,0.9999999999999964,0
MQT Bench,qftentangled_n14,mqtbench/qftentangled_n14.qasm,14,126,0,5,qpdg,0.8333333333333334,0.9999999999999967,0
MQT Bench,qftentangled_n14,mqtbench/qftentangled_n14.qasm,14,126,0,5,naive,0.4365079365079365,0.9821373152089845,1
MQT Bench,qftentangled_n14,mqtbench/qftentangled_n14.qasm,14,126,0,5,causal,0.8333333333333334,0.9999999999999967,0
MQT Bench,qftentangled_n14,mqtbench/qftentangled_n14.qasm,14,126,0,6,qpdg,0.7857142857142857,0.9999999999999964,0
MQT Bench,qftentangled_n14,mqtbench/qftentangled_n14.qasm,14,126,0,6,naive,0.35714285714285715,0.7573686498710936,1
MQT Bench,qftentangled_n14,mqtbench/qftentangled_n14.qasm,14,126,0,6,causal,0.7857142857142857,0.9999999999999964,0
MQT Bench,qftentangled_n14,mqtbench/qftentangled_n14.qasm,14,126,0,7,qpdg,0.7857142857142857,0.9999999999999963,0
MQT Bench,qftentangled_n14,mqtbench/qftentangled_n14.qasm,14,126,0,7,naive,0.35714285714285715,0.501653693085031,1
MQT Bench,qftentangled_n14,mqtbench/qftentangled_n14.qasm,14,126,0,7,causal,0.7857142857142857,0.9999999999999963,0
MQT Bench,qftentangled_n14,mqtbench/qftentangled_n14.qasm,14,126,0,8,qpdg,0.8333333333333334,0.9999999999999964,0
MQT Bench,qftentangled_n14,mqtbench/qftentangled_n14.qasm,14,126,0,8,naive,0.4365079365079365,0.5033201541020587,1
MQT Bench,qftentangled_n14,mqtbench/qftentangled_n14.qasm,14,126,0,8,causal,0.8333333333333334,0.9999999999999964,0
MQT Bench,qftentangled_n14,mqtbench/qftentangled_n14.qasm,14,126,0,9,qpdg,0.873015873015873,0.9999999999999964,0
MQT Bench,qftentangled_n14,mqtbench/qftentangled_n14.qasm,14,126,0,9,naive,0.5238095238095238,0.5067447913393542,1
MQT Bench,qftentangled_n14,mqtbench/qftentangled_n14.qasm,14,126,0,9,causal,0.873015873015873,0.9999999999999964,0
MQT Bench,qftentangled_n14,mqtbench/qftentangled_n14.qasm,14,126,0,10,qpdg,0.9047619047619048,0.999999999999996,0
MQT Bench,qftentangled_n14,mqtbench/qftentangled_n14.qasm,14,126,0,10,naive,0.6190476190476191,0.5143187346221907,1
MQT Bench,qftentangled_n14,mqtbench/qftentangled_n14.qasm,14,126,0,10,causal,0.9047619047619048,0.999999999999996,0
MQT Bench,qftentangled_n14,mqtbench/qftentangled_n14.qasm,14,126,0,11,qpdg,0.9285714285714286,0.9999999999999963,0
MQT Bench,qftentangled_n14,mqtbench/qftentangled_n14.qasm,14,126,0,11,naive,0.7222222222222222,0.5350189646378799,1
MQT Bench,qftentangled_n14,mqtbench/qftentangled_n14.qasm,14,126,0,11,causal,0.9285714285714286,0.9999999999999963,0
MQT Bench,qftentangled_n14,mqtbench/qftentangled_n14.qasm,14,126,0,12,qpdg,0.9444444444444444,0.9999999999999964,0
MQT Bench,qftentangled_n14,mqtbench/qftentangled_n14.qasm,14,126,0,12,naive,0.8333333333333334,0.6134976012752865,1
MQT Bench,qftentangled_n14,mqtbench/qftentangled_n14.qasm,14,126,0,12,causal,0.9444444444444444,0.9999999999999964,0
MQT Bench,qftentangled_n14,mqtbench/qftentangled_n14.qasm,14,126,0,13,qpdg,0.9523809523809523,0.9999999999999949,0
MQT Bench,qftentangled_n14,mqtbench/qftentangled_n14.qasm,14,126,0,13,naive,0.9523809523809523,0.9999999999999949,0
MQT Bench,qftentangled_n14,mqtbench/qftentangled_n14.qasm,14,126,0,13,causal,0.9523809523809523,0.9999999999999949,0
MQT Bench,dj_n14,mqtbench/dj_n14.qasm,14,55,0,0,qpdg,0.12727272727272726,0.9999999999999953,0
MQT Bench,dj_n14,mqtbench/dj_n14.qasm,14,55,0,0,naive,0.07272727272727272,2.8197097509372717e-34,1
MQT Bench,dj_n14,mqtbench/dj_n14.qasm,14,55,0,0,causal,0.12727272727272726,0.9999999999999953,0
MQT Bench,dj_n14,mqtbench/dj_n14.qasm,14,55,0,1,qpdg,0.12727272727272726,0.9999999999999953,0
MQT Bench,dj_n14,mqtbench/dj_n14.qasm,14,55,0,1,naive,0.07272727272727272,2.6933122231427195e-35,1
MQT Bench,dj_n14,mqtbench/dj_n14.qasm,14,55,0,1,causal,0.18181818181818182,0.9999999999999951,0
MQT Bench,dj_n14,mqtbench/dj_n14.qasm,14,55,0,2,qpdg,0.09090909090909091,0.9999999999999953,0
MQT Bench,dj_n14,mqtbench/dj_n14.qasm,14,55,0,2,naive,0.03636363636363636,1.5828830741157804e-33,1
MQT Bench,dj_n14,mqtbench/dj_n14.qasm,14,55,0,2,causal,0.2,0.999999999999995,0
MQT Bench,dj_n14,mqtbench/dj_n14.qasm,14,55,0,3,qpdg,0.09090909090909091,0.9999999999999953,0
MQT Bench,dj_n14,mqtbench/dj_n14.qasm,14,55,0,3,naive,0.03636363636363636,7.468177482067012e-34,1
MQT Bench,dj_n14,mqtbench/dj_n14.qasm,14,55,0,3,causal,0.23636363636363636,0.9999999999999949,0
MQT Bench,dj_n14,mqtbench/dj_n14.qasm,14,55,0,4,qpdg,0.12727272727272726,0.9999999999999953,0
MQT Bench,dj_n14,mqtbench/dj_n14.qasm,14,55,0,4,naive,0.07272727272727272,5.282067805095128e-35,1
MQT Bench,dj_n14,mqtbench/dj_n14.qasm,14,55,0,4,causal,0.3090909090909091,0.9999999999999943,0
MQT Bench,dj_n14,mqtbench/dj_n14.qasm,14,55,0,5,qpdg,0.12727272727272726,0.9999999999999953,0
MQT Bench,dj_n14,mqtbench/dj_n14.qasm,14,55,0,5,naive,0.07272727272727272,1.8787844381568282e-35,1
MQT Bench,dj_n14,mqtbench/dj_n14.qasm,14,55,0,5,causal,0.36363636363636365,0.999999999999995,0
MQT Bench,dj_n14,mqtbench/dj_n14.qasm,14,55,0,6,qpdg,0.12727272727272726,0.9999999999999953,0
MQT Bench,dj_n14,mqtbench/dj_n14.qasm,14,55,0,6,naive,0.07272727272727272,9.157435708208545e-34,1
MQT Bench,dj_n14,mqtbench/dj_n14.qasm,14,55,0,6,causal,0.41818181818181815,0.9999999999999953,0
MQT Bench,dj_n14,mqtbench/dj_n14.qasm,14,55,0,7,qpdg,0.09090909090909091,0.9999999999999953,0
MQT Bench,dj_n14,mqtbench/dj_n14.qasm,14,55,0,7,naive,0.03636363636363636,1.3580827460116615e-33,1
MQT Bench,dj_n14,mqtbench/dj_n14.qasm,14,55,0,7,causal,0.43636363636363634,0.9999999999999956,0
MQT Bench,dj_n14,mqtbench/dj_n14.qasm,14,55,0,8,qpdg,0.12727272727272726,0.9999999999999953,0
MQT Bench,dj_n14,mqtbench/dj_n14.qasm,14,55,0,8,naive,0.07272727272727272,5.0914504108423036e-36,1
MQT Bench,dj_n14,mqtbench/dj_n14.qasm,14,55,0,8,causal,0.509090909090909,0.9999999999999956,0
MQT Bench,dj_n14,mqtbench/dj_n14.qasm,14,55,0,9,qpdg,0.12727272727272726,0.9999999999999953,0
MQT Bench,dj_n14,mqtbench/dj_n14.qasm,14,55,0,9,naive,0.07272727272727272,1.920636359343773e-34,1
MQT Bench,dj_n14,mqtbench/dj_n14.qasm,14,55,0,9,causal,0.5636363636363636,0.9999999999999952,0
MQT Bench,dj_n14,mqtbench/dj_n14.qasm,14,55,0,10,qpdg,0.09090909090909091,0.9999999999999953,0
MQT Bench,dj_n14,mqtbench/dj_n14.qasm,14,55,0,10,naive,0.03636363636363636,4.300251369285957e-34,1
MQT Bench,dj_n14,mqtbench/dj_n14.qasm,14,55,0,10,causal,0.5818181818181818,0.9999999999999954,0
MQT Bench,dj_n14,mqtbench/dj_n14.qasm,14,55,0,11,qpdg,0.09090909090909091,0.9999999999999953,0
MQT Bench,dj_n14,mqtbench/dj_n14.qasm,14,55,0,11,naive,0.03636363636363636,2.1507688132192905e-33,1
MQT Bench,dj_n14,mqtbench/dj_n14.qasm,14,55,0,11,causal,0.6181818181818182,0.9999999999999957,0
MQT Bench,dj_n14,mqtbench/dj_n14.qasm,14,55,0,12,qpdg,0.09090909090909091,0.9999999999999953,0
MQT Bench,dj_n14,mqtbench/dj_n14.qasm,14,55,0,12,naive,0.03636363636363636,1.3878329217340122e-34,1
MQT Bench,dj_n14,mqtbench/dj_n14.qasm,14,55,0,12,causal,0.6545454545454545,0.9999999999999957,0
MQT Bench,dj_n14,mqtbench/dj_n14.qasm,14,55,0,13,qpdg,0.2727272727272727,0.9999999999999956,0
MQT Bench,dj_n14,mqtbench/dj_n14.qasm,14,55,0,13,naive,0.6363636363636364,0.9999999999999957,0
MQT Bench,dj_n14,mqtbench/dj_n14.qasm,14,55,0,13,causal,0.6363636363636364,0.9999999999999957,0
MQT Bench,graphstate_n14,mqtbench/graphstate_n14.qasm,14,28,0,0,qpdg,0.14285714285714285,0.9999999999999994,0
MQT Bench,graphstate_n14,mqtbench/graphstate_n14.qasm,14,28,0,0,naive,0.03571428571428571,0.49999999999999983,1
MQT Bench,graphstate_n14,mqtbench/graphstate_n14.qasm,14,28,0,0,causal,0.17857142857142858,0.9999999999999994,0
MQT Bench,graphstate_n14,mqtbench/graphstate_n14.qasm,14,28,0,1,qpdg,0.14285714285714285,0.9999999999999994,0
MQT Bench,graphstate_n14,mqtbench/graphstate_n14.qasm,14,28,0,1,naive,0.03571428571428571,0.49999999999999983,1
MQT Bench,graphstate_n14,mqtbench/graphstate_n14.qasm,14,28,0,1,causal,0.17857142857142858,0.9999999999999994,0
MQT Bench,graphstate_n14,mqtbench/graphstate_n14.qasm,14,28,0,2,qpdg,0.14285714285714285,0.9999999999999994,0
MQT Bench,graphstate_n14,mqtbench/graphstate_n14.qasm,14,28,0,2,naive,0.10714285714285714,0.9999999999999994,0
MQT Bench,graphstate_n14,mqtbench/graphstate_n14.qasm,14,28,0,2,causal,0.17857142857142858,0.9999999999999994,0
MQT Bench,graphstate_n14,mqtbench/graphstate_n14.qasm,14,28,0,3,qpdg,0.14285714285714285,0.9999999999999994,0
MQT Bench,graphstate_n14,mqtbench/graphstate_n14.qasm,14,28,0,3,naive,0.03571428571428571,0.49999999999999983,1
MQT Bench,graphstate_n14,mqtbench/graphstate_n14.qasm,14,28,0,3,causal,0.32142857142857145,0.9999999999999991,0
MQT Bench,graphstate_n14,mqtbench/graphstate_n14.qasm,14,28,0,4,qpdg,0.14285714285714285,0.9999999999999994,0
MQT Bench,graphstate_n14,mqtbench/graphstate_n14.qasm,14,28,0,4,naive,0.10714285714285714,0.9999999999999994,0
MQT Bench,graphstate_n14,mqtbench/graphstate_n14.qasm,14,28,0,4,causal,0.32142857142857145,0.9999999999999991,0
MQT Bench,graphstate_n14,mqtbench/graphstate_n14.qasm,14,28,0,5,qpdg,0.14285714285714285,0.9999999999999994,0
MQT Bench,graphstate_n14,mqtbench/graphstate_n14.qasm,14,28,0,5,naive,0.03571428571428571,0.49999999999999983,1
MQT Bench,graphstate_n14,mqtbench/graphstate_n14.qasm,14,28,0,5,causal,0.17857142857142858,0.9999999999999994,0
MQT Bench,graphstate_n14,mqtbench/graphstate_n14.qasm,14,28,0,6,qpdg,0.14285714285714285,0.9999999999999994,0
MQT Bench,graphstate_n14,mqtbench/graphstate_n14.qasm,14,28,0,6,naive,0.03571428571428571,0.49999999999999983,1
MQT Bench,graphstate_n14,mqtbench/graphstate_n14.qasm,14,28,0,6,causal,0.25,0.9999999999999992,0
MQT Bench,graphstate_n14,mqtbench/graphstate_n14.qasm,14,28,0,7,qpdg,0.17857142857142858,0.9999999999999994,0
MQT Bench,graphstate_n14,mqtbench/graphstate_n14.qasm,14,28,0,7,naive,0.10714285714285714,0.9999999999999994,0
MQT Bench,graphstate_n14,mqtbench/graphstate_n14.qasm,14,28,0,7,causal,0.21428571428571427,0.9999999999999994,0
MQT Bench,graphstate_n14,mqtbench/graphstate_n14.qasm,14,28,0,8,qpdg,0.14285714285714285,0.9999999999999994,0
MQT Bench,graphstate_n14,mqtbench/graphstate_n14.qasm,14,28,0,8,naive,0.10714285714285714,0.9999999999999994,0
MQT Bench,graphstate_n14,mqtbench/graphstate_n14.qasm,14,28,0,8,causal,0.32142857142857145,0.9999999999999991,0
MQT Bench,graphstate_n14,mqtbench/graphstate_n14.qasm,14,28,0,9,qpdg,0.14285714285714285,0.9999999999999994,0
MQT Bench,graphstate_n14,mqtbench/graphstate_n14.qasm,14,28,0,9,naive,0.25,0.9999999999999992,0
MQT Bench,graphstate_n14,mqtbench/graphstate_n14.qasm,14,28,0,9,causal,0.32142857142857145,0.9999999999999994,0
MQT Bench,graphstate_n14,mqtbench/graphstate_n14.qasm,14,28,0,10,qpdg,0.14285714285714285,0.9999999999999994,0
MQT Bench,graphstate_n14,mqtbench/graphstate_n14.qasm,14,28,0,10,naive,0.17857142857142858,0.9999999999999994,0
MQT Bench,graphstate_n14,mqtbench/graphstate_n14.qasm,14,28,0,10,causal,0.25,0.9999999999999993,0
MQT Bench,graphstate_n14,mqtbench/graphstate_n14.qasm,14,28,0,11,qpdg,0.14285714285714285,0.9999999999999994,0
MQT Bench,graphstate_n14,mqtbench/graphstate_n14.qasm,14,28,0,11,naive,0.21428571428571427,0.9999999999999994,0
MQT Bench,graphstate_n14,mqtbench/graphstate_n14.qasm,14,28,0,11,causal,0.21428571428571427,0.9999999999999994,0
MQT Bench,graphstate_n14,mqtbench/graphstate_n14.qasm,14,28,0,12,qpdg,0.14285714285714285,0.9999999999999994,0
MQT Bench,graphstate_n14,mqtbench/graphstate_n14.qasm,14,28,0,12,naive,0.17857142857142858,0.9999999999999994,0
MQT Bench,graphstate_n14,mqtbench/graphstate_n14.qasm,14,28,0,12,causal,0.32142857142857145,0.9999999999999991,0
MQT Bench,graphstate_n14,mqtbench/graphstate_n14.qasm,14,28,0,13,qpdg,0.14285714285714285,0.9999999999999994,0
MQT Bench,graphstate_n14,mqtbench/graphstate_n14.qasm,14,28,0,13,naive,0.32142857142857145,0.9999999999999991,0
MQT Bench,graphstate_n14,mqtbench/graphstate_n14.qasm,14,28,0,13,causal,0.32142857142857145,0.9999999999999991,0
MQT Bench,bv_n14,mqtbench/bv_n14.qasm,14,33,0,0,qpdg,0.21212121212121213,0.9999999999999958,0
MQT Bench,bv_n14,mqtbench/bv_n14.qasm,14,33,0,0,naive,0.3939393939393939,0.999999999999995,0
MQT Bench,bv_n14,mqtbench/bv_n14.qasm,14,33,0,0,causal,0.3939393939393939,0.999999999999995,0
MQT Bench,bv_n14,mqtbench/bv_n14.qasm,14,33,0,1,qpdg,0.06060606060606061,0.9999999999999953,0
MQT Bench,bv_n14,mqtbench/bv_n14.qasm,14,33,0,1,naive,0.06060606060606061,0.9999999999999953,0
MQT Bench,bv_n14,mqtbench/bv_n14.qasm,14,33,0,1,causal,0.06060606060606061,0.9999999999999953,0
MQT Bench,bv_n14,mqtbench/bv_n14.qasm,14,33,0,2,qpdg,0.12121212121212122,0.9999999999999953,0
MQT Bench,bv_n14,mqtbench/bv_n14.qasm,14,33,0,2,naive,0.06060606060606061,2.8197097509372717e-34,1
MQT Bench,bv_n14,mqtbench/bv_n14.qasm,14,33,0,2,causal,0.12121212121212122,0.9999999999999953,0
MQT Bench,bv_n14,mqtbench/bv_n14.qasm,14,33,0,3,qpdg,0.06060606060606061,0.9999999999999953,0
MQT Bench,bv_n14,mqtbench/bv_n14.qasm,14,33,0,3,naive,0.06060606060606061,0.9999999999999953,0
MQT Bench,bv_n14,mqtbench/bv_n14.qasm,14,33,0,3,causal,0.06060606060606061,0.9999999999999953,0
MQT Bench,bv_n14,mqtbench/bv_n14.qasm,14,33,0,4,qpdg,0.12121212121212122,0.9999999999999953,0
MQT Bench,bv_n14,mqtbench/bv_n14.qasm,14,33,0,4,naive,0.06060606060606061,1.5828830741157804e-33,1
MQT Bench,bv_n14,mqtbench/bv_n14.qasm,14,33,0,4,causal,0.18181818181818182,0.9999999999999953,0
MQT Bench,bv_n14,mqtbench/bv_n14.qasm,14,33,0,5,qpdg,0.06060606060606061,0.9999999999999953,0
MQT Bench,bv_n14,mqtbench/bv_n14.qasm,14,33,0,5,naive,0.06060606060606061,0.9999999999999953,0
MQT Bench,bv_n14,mqtbench/bv_n14.qasm,14,33,0,5,causal,0.06060606060606061,0.9999999999999953,0
MQT Bench,bv_n14,mqtbench/bv_n14.qasm,14,33,0,6,qpdg,0.12121212121212122,0.9999999999999953,0
MQT Bench,bv_n14,mqtbench/bv_n14.qasm,14,33,0,6,naive,0.06060606060606061,5.282067805095113e-35,1
MQT Bench,bv_n14,mqtbench/bv_n14.qasm,14,33,0,6,causal,0.24242424242424243,0.9999999999999952,0
MQT Bench,bv_n14,mqtbench/bv_n14.qasm,14,33,0,7,qpdg,0.06060606060606061,0.9999999999999953,0
MQT Bench,bv_n14,mqtbench/bv_n14.qasm,14,33,0,7,naive,0.06060606060606061,0.9999999999999953,0
MQT Bench,bv_n14,mqtbench/bv_n14.qasm,14,33,0,7,causal,0.06060606060606061,0.9999999999999953,0
MQT Bench,bv_n14,mqtbench/bv_n14.qasm,14,33,0,8,qpdg,0.12121212121212122,0.9999999999999953,0
MQT Bench,bv_n14,mqtbench/bv_n14.qasm,14,33,0,8,naive,0.06060606060606061,9.157435708208547e-34,1
MQT Bench,bv_n14,mqtbench/bv_n14.qasm,14,33,0,8,causal,0.30303030303030304,0.999999999999995,0
MQT Bench,bv_n14,mqtbench/bv_n14.qasm,14,33,0,9,qpdg,0.06060606060606061,0.9999999999999953,0
MQT Bench,bv_n14,mqtbench/bv_n14.qasm,14,33,0,9,naive,0.06060606060606061,0.9999999999999953,0
MQT Bench,bv_n14,mqtbench/bv_n14.qasm,14,33,0,9,causal,0.06060606060606061,0.9999999999999953,0
MQT Bench,bv_n14,mqtbench/bv_n14.qasm,14,33,0,10,qpdg,0.12121212121212122,0.9999999999999953,0
MQT Bench,bv_n14,mqtbench/bv_n14.qasm,14,33,0,10,naive,0.06060606060606061,5.0914504108423036e-36,1
MQT Bench,bv_n14,mqtbench/bv_n14.qasm,14,33,0,10,causal,0.36363636363636365,0.9999999999999949,0
MQT Bench,bv_n14,mqtbench/bv_n14.qasm,14,33,0,11,qpdg,0.06060606060606061,0.9999999999999953,0
MQT Bench,bv_n14,mqtbench/bv_n14.qasm,14,33,0,11,naive,0.06060606060606061,0.9999999999999953,0
MQT Bench,bv_n14,mqtbench/bv_n14.qasm,14,33,0,11,causal,0.06060606060606061,0.9999999999999953,0
MQT Bench,bv_n14,mqtbench/bv_n14.qasm,14,33,0,12,qpdg,0.12121212121212122,0.9999999999999953,0
MQT Bench,bv_n14,mqtbench/bv_n14.qasm,14,33,0,12,naive,0.06060606060606061,4.300251369285957e-34,1
MQT Bench,bv_n14,mqtbench/bv_n14.qasm,14,33,0,12,causal,0.42424242424242425,0.9999999999999947,0
MQT Bench,bv_n14,mqtbench/bv_n14.qasm,14,33,0,13,qpdg,0.06060606060606061,0.9999999999999953,0
MQT Bench,bv_n14,mqtbench/bv_n14.qasm,14,33,0,13,naive,0.06060606060606061,0.9999999999999953,0
MQT Bench,bv_n14,mqtbench/bv_n14.qasm,14,33,0,13,causal,0.06060606060606061,0.9999999999999953,0
MQT Bench,wstate_n14,mqtbench/wstate_n14.qasm,14,53,0,0,qpdg,1.0,1.0,0
MQT Bench,wstate_n14,mqtbench/wstate_n14.qasm,14,53,0,0,naive,0.7547169811320755,0.9947958775183356,1
MQT Bench,wstate_n14,mqtbench/wstate_n14.qasm,14,53,0,0,causal,1.0,1.0,0
MQT Bench,wstate_n14,mqtbench/wstate_n14.qasm,14,53,0,1,qpdg,1.0,1.0,0
MQT Bench,wstate_n14,mqtbench/wstate_n14.qasm,14,53,0,1,naive,0.7735849056603774,0.9947958775183356,1
MQT Bench,wstate_n14,mqtbench/wstate_n14.qasm,14,53,0,1,causal,1.0,1.0,0
MQT Bench,wstate_n14,mqtbench/wstate_n14.qasm,14,53,0,2,qpdg,0.9433962264150944,1.0,0
MQT Bench,wstate_n14,mqtbench/wstate_n14.qasm,14,53,0,2,naive,0.7169811320754716,0.9947958775183356,1
MQT Bench,wstate_n14,mqtbench/wstate_n14.qasm,14,53,0,2,causal,0.9622641509433962,1.0,0
MQT Bench,wstate_n14,mqtbench/wstate_n14.qasm,14,53,0,3,qpdg,0.8679245283018868,1.0,0
MQT Bench,wstate_n14,mqtbench/wstate_n14.qasm,14,53,0,3,naive,0.660377358490566,0.9947958775183356,1
MQT Bench,wstate_n14,mqtbench/wstate_n14.qasm,14,53,0,3,causal,0.8867924528301887,1.0,0
MQT Bench,wstate_n14,mqtbench/wstate_n14.qasm,14,53,0,4,qpdg,0.7924528301886793,1.0,0
MQT Bench,wstate_n14,mqtbench/wstate_n14.qasm,14,53,0,4,naive,0.6037735849056604,0.9947958775183355,1
MQT Bench,wstate_n14,mqtbench/wstate_n14.qasm,14,53,0,4,causal,0.8113207547169812,1.0,0
MQT Bench,wstate_n14,mqtbench/wstate_n14.qasm,14,53,0,5,qpdg,0.7169811320754716,1.0,0
MQT Bench,wstate_n14,mqtbench/wstate_n14.qasm,14,53,0,5,naive,0.5471698113207547,0.9947958775183354,1
MQT Bench,wstate_n14,mqtbench/wstate_n14.qasm,14,53,0,5,causal,0.7358490566037735,1.0,0
MQT Bench,wstate_n14,mqtbench/wstate_n14.qasm,14,53,0,6,qpdg,0.6415094339622641,1.0,0
MQT Bench,wstate_n14,mqtbench/wstate_n14.qasm,14,53,0,6,naive,0.49056603773584906,0.9947958775183354,1
MQT Bench,wstate_n14,mqtbench/wstate_n14.qasm,14,53,0,6,causal,0.660377358490566,1.0,0
MQT Bench,wstate_n14,mqtbench/wstate_n14.qasm,14,53,0,7,qpdg,0.5660377358490566,1.0,0
MQT Bench,wstate_n14,mqtbench/wstate_n14.qasm,14,53,0,7,naive,0.4339622641509434,0.9947958775183353,1
MQT Bench,wstate_n14,mqtbench/wstate_n14.qasm,14,53,0,7,causal,0.5849056603773585,1.0,0
MQT Bench,wstate_n14,mqtbench/wstate_n14.qasm,14,53,0,8,qpdg,0.49056603773584906,1.0,0
MQT Bench,wstate_n14,mqtbench/wstate_n14.qasm,14,53,0,8,naive,0.37735849056603776,0.9947958775183354,1
MQT Bench,wstate_n14,mqtbench/wstate_n14.qasm,14,53,0,8,causal,0.5094339622641509,1.0,0
MQT Bench,wstate_n14,mqtbench/wstate_n14.qasm,14,53,0,9,qpdg,0.41509433962264153,1.0,0
MQT Bench,wstate_n14,mqtbench/wstate_n14.qasm,14,53,0,9,naive,0.32075471698113206,0.9947958775183351,1
MQT Bench,wstate_n14,mqtbench/wstate_n14.qasm,14,53,0,9,causal,0.4339622641509434,1.0,0
MQT Bench,wstate_n14,mqtbench/wstate_n14.qasm,14,53,0,10,qpdg,0.33962264150943394,1.0,0
MQT Bench,wstate_n14,mqtbench/wstate_n14.qasm,14,53,0,10,naive,0.2641509433962264,0.9947958775183352,1
MQT Bench,wstate_n14,mqtbench/wstate_n14.qasm,14,53,0,10,causal,0.3584905660377358,1.0,0
MQT Bench,wstate_n14,mqtbench/wstate_n14.qasm,14,53,0,11,qpdg,0.2641509433962264,1.0,0
MQT Bench,wstate_n14,mqtbench/wstate_n14.qasm,14,53,0,11,naive,0.20754716981132076,0.9947958775183353,1
MQT Bench,wstate_n14,mqtbench/wstate_n14.qasm,14,53,0,11,causal,0.2830188679245283,1.0,0
MQT Bench,wstate_n14,mqtbench/wstate_n14.qasm,14,53,0,12,qpdg,0.18867924528301888,1.0,0
MQT Bench,wstate_n14,mqtbench/wstate_n14.qasm,14,53,0,12,naive,0.1509433962264151,0.9947958775183353,1
MQT Bench,wstate_n14,mqtbench/wstate_n14.qasm,14,53,0,12,causal,0.20754716981132076,1.0,0
MQT Bench,wstate_n14,mqtbench/wstate_n14.qasm,14,53,0,13,qpdg,0.09433962264150944,1.0,0
MQT Bench,wstate_n14,mqtbench/wstate_n14.qasm,14,53,0,13,naive,0.09433962264150944,1.0,0
MQT Bench,wstate_n14,mqtbench/wstate_n14.qasm,14,53,0,13,causal,0.1320754716981132,1.0,0
VeriQBench,rand_cliff_1_AG,veriqbench/combinational/rand_cliff/rand_cliff_1_AG.qasm,1,3,0,0,qpdg,1.0,0.9999999999999996,0
VeriQBench,rand_cliff_1_AG,veriqbench/combinational/rand_cliff/rand_cliff_1_AG.qasm,1,3,0,0,naive,1.0,0.9999999999999996,0
VeriQBench,rand_cliff_1_AG,veriqbench/combinational/rand_cliff/rand_cliff_1_AG.qasm,1,3,0,0,causal,1.0,0.9999999999999996,0
VeriQBench,rand_cliff_1_GD,veriqbench/combinational/rand_cliff/rand_cliff_1_GD.qasm,1,3,0,0,qpdg,1.0,0.9999999999999996,0
VeriQBench,rand_cliff_1_GD,veriqbench/combinational/rand_cliff/rand_cliff_1_GD.qasm,1,3,0,0,naive,1.0,0.9999999999999996,0
VeriQBench,rand_cliff_1_GD,veriqbench/combinational/rand_cliff/rand_cliff_1_GD.qasm,1,3,0,0,causal,1.0,0.9999999999999996,0
VeriQBench,dqc_qft_2,veriqbench/dynamic/qft/dqc_qft_2.qasm,2,4,1,0,qpdg,0.5,0.9999999999999996,0
VeriQBench,dqc_qft_2,veriqbench/dynamic/qft/dqc_qft_2.qasm,2,4,1,0,naive,0.5,0.9999999999999996,0
VeriQBench,dqc_qft_2,veriqbench/dynamic/qft/dqc_qft_2.qasm,2,4,1,0,causal,0.5,0.9999999999999996,0
VeriQBench,dqc_qft_2,veriqbench/dynamic/qft/dqc_qft_2.qasm,2,4,1,1,qpdg,1.0,0.9999999999999996,0
VeriQBench,dqc_qft_2,veriqbench/dynamic/qft/dqc_qft_2.qasm,2,4,1,1,naive,0.5,0.9999999999999996,0
VeriQBench,dqc_qft_2,veriqbench/dynamic/qft/dqc_qft_2.qasm,2,4,1,1,causal,1.0,0.9999999999999996,0
VeriQBench,qft_2,veriqbench/combinational/qft/qft_2.qasm,2,3,0,0,qpdg,0.6666666666666666,0.9999999999999993,0
VeriQBench,qft_2,veriqbench/combinational/qft/qft_2.qasm,2,3,0,0,naive,0.3333333333333333,0.9999999999999993,0
VeriQBench,qft_2,veriqbench/combinational/qft/qft_2.qasm,2,3,0,0,causal,0.6666666666666666,0.9999999999999993,0
VeriQBench,qft_2,veriqbench/combinational/qft/qft_2.qasm,2,3,0,1,qpdg,0.6666666666666666,0.9999999999999993,0
VeriQBench,qft_2,veriqbench/combinational/qft/qft_2.qasm,2,3,0,1,naive,1.0,0.9999999999999991,0
VeriQBench,qft_2,veriqbench/combinational/qft/qft_2.qasm,2,3,0,1,causal,1.0,0.9999999999999991,0
VeriQBench,dqc_state_injection_S,veriqbench/dynamic/dqc_state_injection_S.qasm,2,5,1,0,qpdg,1.0,1.0,0
VeriQBench,dqc_state_injection_S,veriqbench/dynamic/dqc_state_injection_S.qasm,2,5,1,0,naive,0.6,0.9999999999999996,0
VeriQBench,dqc_state_injection_S,veriqbench/dynamic/dqc_state_injection_S.qasm,2,5,1,0,causal,1.0,1.0,0
VeriQBench,dqc_state_injection_S,veriqbench/dynamic/dqc_state_injection_S.qasm,2,5,1,1,qpdg,0.8,0.9999999999999996,0
VeriQBench,dqc_state_injection_S,veriqbench/dynamic/dqc_state_injection_S.qasm,2,5,1,1,naive,0.8,0.9999999999999996,0
VeriQBench,dqc_state_injection_S,veriqbench/dynamic/dqc_state_injection_S.qasm,2,5,1,1,causal,0.8,0.9999999999999996,0
VeriQBench,dqc_state_injection_T,veriqbench/dynamic/dqc_state_injection_T.qasm,2,5,1,0,qpdg,1.0,1.0,0
VeriQBench,dqc_state_injection_T,veriqbench/dynamic/dqc_state_injection_T.qasm,2,5,1,0,naive,0.6,0.9999999999999996,0
VeriQBench,dqc_state_injection_T,veriqbench/dynamic/dqc_state_injection_T.qasm,2,5,1,0,causal,1.0,1.0,0
VeriQBench,dqc_state_injection_T,veriqbench/dynamic/dqc_state_injection_T.qasm,2,5,1,1,qpdg,0.8,0.9999999999999996,0
VeriQBench,dqc_state_injection_T,veriqbench/dynamic/dqc_state_injection_T.qasm,2,5,1,1,naive,0.8,0.9999999999999996,0
VeriQBench,dqc_state_injection_T,veriqbench/dynamic/dqc_state_injection_T.qasm,2,5,1,1,causal,0.8,0.9999999999999996,0
VeriQBench,bv_2,veriqbench/combinational/bv/bv_2.qasm,2,6,0,0,qpdg,0.8333333333333334,0.9999999999999989,0
VeriQBench,bv_2,veriqbench/combinational/bv/bv_2.qasm,2,6,0,0,naive,0.3333333333333333,1.0295220005548008e-34,1
VeriQBench,bv_2,veriqbench/combinational/bv/bv_2.qasm,2,6,0,0,causal,0.8333333333333334,0.9999999999999989,0
VeriQBench,bv_2,veriqbench/combinational/bv/bv_2.qasm,2,6,0,1,qpdg,0.6666666666666666,0.9999999999999989,0
VeriQBench,bv_2,veriqbench/combinational/bv/bv_2.qasm,2,6,0,1,naive,0.8333333333333334,0.9999999999999989,0
VeriQBench,bv_2,veriqbench/combinational/bv/bv_2.qasm,2,6,0,1,causal,0.8333333333333334,0.9999999999999989,0
VeriQBench,rand_cliff_2_GD,veriqbench/combinational/rand_cliff/rand_cliff_2_GD.qasm,2,9,0,0,qpdg,0.7777777777777778,0.9999999999999991,0
VeriQBench,rand_cliff_2_GD,veriqbench/combinational/rand_cliff/rand_cliff_2_GD.qasm,2,9,0,0,naive,0.7777777777777778,0.9999999999999991,0
VeriQBench,rand_cliff_2_GD,veriqbench/combinational/rand_cliff/rand_cliff_2_GD.qasm,2,9,0,0,causal,0.8888888888888888,0.9999999999999991,0
VeriQBench,rand_cliff_2_GD,veriqbench/combinational/rand_cliff/rand_cliff_2_GD.qasm,2,9,0,1,qpdg,0.6666666666666666,0.9999999999999993,0
VeriQBench,rand_cliff_2_GD,veriqbench/combinational/rand_cliff/rand_cliff_2_GD.qasm,2,9,0,1,naive,0.8888888888888888,0.9999999999999991,0
VeriQBench,rand_cliff_2_GD,veriqbench/combinational/rand_cliff/rand_cliff_2_GD.qasm,2,9,0,1,causal,0.8888888888888888,0.9999999999999991,0
VeriQBench,rand_cliff_2_AG,veriqbench/combinational/rand_cliff/rand_cliff_2_AG.qasm,2,11,0,0,qpdg,0.8181818181818182,0.9999999999999989,0
VeriQBench,rand_cliff_2_AG,veriqbench/combinational/rand_cliff/rand_cliff_2_AG.qasm,2,11,0,0,naive,1.0,0.9999999999999987,0
VeriQBench,rand_cliff_2_AG,veriqbench/combinational/rand_cliff/rand_cliff_2_AG.qasm,2,11,0,0,causal,1.0,0.9999999999999987,0
VeriQBench,rand_cliff_2_AG,veriqbench/combinational/rand_cliff/rand_cliff_2_AG.qasm,2,11,0,1,qpdg,0.6363636363636364,0.9999999999999989,0
VeriQBench,rand_cliff_2_AG,veriqbench/combinational/rand_cliff/rand_cliff_2_AG.qasm,2,11,0,1,naive,1.0,0.9999999999999987,0
VeriQBench,rand_cliff_2_AG,veriqbench/combinational/rand_cliff/rand_cliff_2_AG.qasm,2,11,0,1,causal,1.0,0.9999999999999987,0
VeriQBench,quantum_volume_n2_d5_i0,veriqbench/combinational/qv/quantum_volume_n2_d5_i0.qasm,2,50,0,0,qpdg,0.98,1.0,0
VeriQBench,quantum_volume_n2_d5_i0,veriqbench/combinational/qv/quantum_volume_n2_d5_i0.qasm,2,50,0,0,naive,0.96,0.9837483383698727,1
VeriQBench,quantum_volume_n2_d5_i0,veriqbench/combinational/qv/quantum_volume_n2_d5_i0.qasm,2,50,0,0,causal,0.98,1.0,0
VeriQBench,quantum_volume_n2_d5_i0,veriqbench/combinational/qv/quantum_volume_n2_d5_i0.qasm,2,50,0,1,qpdg,0.98,1.0,0
VeriQBench,quantum_volume_n2_d5_i0,veriqbench/combinational/qv/quantum_volume_n2_d5_i0.qasm,2,50,0,1,naive,0.98,1.0,0
VeriQBench,quantum_volume_n2_d5_i0,veriqbench/combinational/qv/quantum_volume_n2_d5_i0.qasm,2,50,0,1,causal,0.98,1.0,0
VeriQBench,dqc_qft_3,veriqbench/dynamic/qft/dqc_qft_3.qasm,3,8,1,0,qpdg,0.25,0.9999999999999996,0
VeriQBench,dqc_qft_3,veriqbench/dynamic/qft/dqc_qft_3.qasm,3,8,1,0,naive,0.25,0.9999999999999996,0
VeriQBench,dqc_qft_3,veriqbench/dynamic/qft/dqc_qft_3.qasm,3,8,1,0,causal,0.25,0.9999999999999996,0
VeriQBench,dqc_qft_3,veriqbench/dynamic/qft/dqc_qft_3.qasm,3,8,1,1,qpdg,0.625,0.9999999999999996,0
VeriQBench,dqc_qft_3,veriqbench/dynamic/qft/dqc_qft_3.qasm,3,8,1,1,naive,0.375,0.9999999999999996,0
VeriQBench,dqc_qft_3,veriqbench/dynamic/qft/dqc_qft_3.qasm,3,8,1,1,causal,0.625,0.9999999999999996,0
VeriQBench,dqc_qft_3,veriqbench/dynamic/qft/dqc_qft_3.qasm,3,8,1,2,qpdg,1.0,0.9999999999999996,0
VeriQBench,dqc_qft_3,veriqbench/dynamic/qft/dqc_qft_3.qasm,3,8,1,2,naive,0.375,0.9999999999999996,0
VeriQBench,dqc_qft_3,veriqbench/dynamic/qft/dqc_qft_3.qasm,3,8,1,2,causal,1.0,0.9999999999999996,0
VeriQBench,qft_3,veriqbench/combinational/qft/qft_3.qasm,3,6,0,0,qpdg,0.5,0.9999999999999993,0
VeriQBench,qft_3,veriqbench/combinational/qft/qft_3.qasm,3,6,0,0,naive,0.16666666666666666,0.9999999999999993,0
VeriQBench,qft_3,veriqbench/combinational/qft/qft_3.qasm,3,6,0,0,causal,0.5,0.9999999999999993,0
VeriQBench,qft_3,veriqbench/combinational/qft/qft_3.qasm,3,6,0,1,qpdg,0.5,0.9999999999999993,0
VeriQBench,qft_3,veriqbench/combinational/qft/qft_3.qasm,3,6,0,1,naive,0.5,0.9999999999999991,0
VeriQBench,qft_3,veriqbench/combinational/qft/qft_3.qasm,3,6,0,1,causal,0.8333333333333334,0.9999999999999991,0
VeriQBench,qft_3,veriqbench/combinational/qft/qft_3.qasm,3,6,0,2,qpdg,0.5,0.9999999999999993,0
VeriQBench,qft_3,veriqbench/combinational/qft/qft_3.qasm,3,6,0,2,naive,1.0,0.9999999999999991,0
VeriQBench,qft_3,veriqbench/combinational/qft/qft_3.qasm,3,6,0,2,causal,1.0,0.9999999999999991,0
VeriQBench,dqc_pe_2,veriqbench/dynamic/pe/dqc_pe_2.qasm,3,8,1,0,qpdg,0.75,0.9999999999999991,0
VeriQBench,dqc_pe_2,veriqbench/dynamic/pe/dqc_pe_2.qasm,3,8,1,0,naive,0.375,0.9999999999999991,0
VeriQBench,dqc_pe_2,veriqbench/dynamic/pe/dqc_pe_2.qasm,3,8,1,0,causal,0.75,0.9999999999999991,0
VeriQBench,dqc_pe_2,veriqbench/dynamic/pe/dqc_pe_2.qasm,3,8,1,1,qpdg,1.0,0.9999999999999991,0
VeriQBench,dqc_pe_2,veriqbench/dynamic/pe/dqc_pe_2.qasm,3,8,1,1,naive,0.375,0.9999999999999991,0
VeriQBench,dqc_pe_2,veriqbench/dynamic/pe/dqc_pe_2.qasm,3,8,1,1,causal,1.0,0.9999999999999991,0
VeriQBench,dqc_pe_2,veriqbench/dynamic/pe/dqc_pe_2.qasm,3,8,1,2,qpdg,0.5,0.9999999999999991,0
VeriQBench,dqc_pe_2,veriqbench/dynamic/pe/dqc_pe_2.qasm,3,8,1,2,naive,0.5,0.9999999999999991,0
VeriQBench,dqc_pe_2,veriqbench/dynamic/pe/dqc_pe_2.qasm,3,8,1,2,causal,0.5,0.9999999999999991,0
VeriQBench,dqc_teleportation,veriqbench/dynamic/dqc_teleportation.qasm,3,8,1,0,qpdg,0.625,0.9999999999999996,0
VeriQBench,dqc_teleportation,veriqbench/dynamic/dqc_teleportation.qasm,3,8,1,0,naive,0.25,0.9999999999999998,0
VeriQBench,dqc_teleportation,veriqbench/dynamic/dqc_teleportation.qasm,3,8,1,0,causal,0.625,0.9999999999999996,0
VeriQBench,dqc_teleportation,veriqbench/dynamic/dqc_teleportation.qasm,3,8,1,1,qpdg,0.5,0.9999999999999998,0
VeriQBench,dqc_teleportation,veriqbench/dynamic/dqc_teleportation.qasm,3,8,1,1,naive,0.5,0.9999999999999998,0
VeriQBench,dqc_teleportation,veriqbench/dynamic/dqc_teleportation.qasm,3,8,1,1,causal,0.5,0.9999999999999998,0
VeriQBench,dqc_teleportation,veriqbench/dynamic/dqc_teleportation.qasm,3,8,1,2,qpdg,1.0,1.0,0
VeriQBench,dqc_teleportation,veriqbench/dynamic/dqc_teleportation.qasm,3,8,1,2,naive,0.375,0.4999999999999999,1
VeriQBench,dqc_teleportation,veriqbench/dynamic/dqc_teleportation.qasm,3,8,1,2,causal,1.0,1.0,0
VeriQBench,nth_prime3_inc,veriqbench/combinational/rev_circuit/nth_prime3_inc.qasm,3,4,0,0,qpdg,0.75,1.0,0
VeriQBench,nth_prime3_inc,veriqbench/combinational/rev_circuit/nth_prime3_inc.qasm,3,4,0,0,naive,0.75,1.0,0
VeriQBench,nth_prime3_inc,veriqbench/combinational/rev_circuit/nth_prime3_inc.qasm,3,4,0,0,causal,1.0,1.0,0
VeriQBench,nth_prime3_inc,veriqbench/combinational/rev_circuit/nth_prime3_inc.qasm,3,4,0,1,qpdg,0.75,1.0,0
VeriQBench,nth_prime3_inc,veriqbench/combinational/rev_circuit/nth_prime3_inc.qasm,3,4,0,1,naive,0.5,1.0,0
VeriQBench,nth_prime3_inc,veriqbench/combinational/rev_circuit/nth_prime3_inc.qasm,3,4,0,1,causal,1.0,1.0,0
VeriQBench,nth_prime3_inc,veriqbench/combinational/rev_circuit/nth_prime3_inc.qasm,3,4,0,2,qpdg,0.75,1.0,0
VeriQBench,nth_prime3_inc,veriqbench/combinational/rev_circuit/nth_prime3_inc.qasm,3,4,0,2,naive,0.75,1.0,0
VeriQBench,nth_prime3_inc,veriqbench/combinational/rev_circuit/nth_prime3_inc.qasm,3,4,0,2,causal,0.75,1.0,0
VeriQBench,pe_2,veriqbench/combinational/pe/pe_2.qasm,3,7,0,0,qpdg,0.5714285714285714,0.9999999999999989,0
VeriQBench,pe_2,veriqbench/combinational/pe/pe_2.qasm,3,7,0,0,naive,0.2857142857142857,0.9999999999999989,0
VeriQBench,pe_2,veriqbench/combinational/pe/pe_2.qasm,3,7,0,0,causal,0.8571428571428571,0.9999999999999989,0
VeriQBench,pe_2,veriqbench/combinational/pe/pe_2.qasm,3,7,0,1,qpdg,0.8571428571428571,0.9999999999999987,0
VeriQBench,pe_2,veriqbench/combinational/pe/pe_2.qasm,3,7,0,1,naive,0.7142857142857143,0.9999999999999987,0
VeriQBench,pe_2,veriqbench/combinational/pe/pe_2.qasm,3,7,0,1,causal,1.0,0.9999999999999987,0
VeriQBench,pe_2,veriqbench/combinational/pe/pe_2.qasm,3,7,0,2,qpdg,0.2857142857142857,0.9999999999999993,0
VeriQBench,pe_2,veriqbench/combinational/pe/pe_2.qasm,3,7,0,2,naive,0.5714285714285714,0.9999999999999989,0
VeriQBench,pe_2,veriqbench/combinational/pe/pe_2.qasm,3,7,0,2,causal,0.5714285714285714,0.9999999999999989,0
VeriQBench,ham3tc,veriqbench/combinational/rev_circuit/ham3tc.qasm,3,5,0,0,qpdg,0.4,1.0,0
VeriQBench,ham3tc,veriqbench/combinational/rev_circuit/ham3tc.qasm,3,5,0,0,naive,0.2,1.0,0
VeriQBench,ham3tc,veriqbench/combinational/rev_circuit/ham3tc.qasm,3,5,0,0,causal,0.8,1.0,0
VeriQBench,ham3tc,veriqbench/combinational/rev_circuit/ham3tc.qasm,3,5,0,1,qpdg,0.8,1.0,0
VeriQBench,ham3tc,veriqbench/combinational/rev_circuit/ham3tc.qasm,3,5,0,1,naive,1.0,1.0,0
VeriQBench,ham3tc,veriqbench/combinational/rev_circuit/ham3tc.qasm,3,5,0,1,causal,1.0,1.0,0
VeriQBench,ham3tc,veriqbench/combinational/rev_circuit/ham3tc.qasm,3,5,0,2,qpdg,1.0,1.0,0
VeriQBench,ham3tc,veriqbench/combinational/rev_circuit/ham3tc.qasm,3,5,0,2,naive,0.8,1.0,0
VeriQBench,ham3tc,veriqbench/combinational/rev_circuit/ham3tc.qasm,3,5,0,2,causal,1.0,1.0,0
VeriQBench,3_17tc,veriqbench/combinational/rev_circuit/3_17tc.qasm,3,6,0,0,qpdg,0.8333333333333334,1.0,0
VeriQBench,3_17tc,veriqbench/combinational/rev_circuit/3_17tc.qasm,3,6,0,0,naive,0.6666666666666666,1.0,0
VeriQBench,3_17tc,veriqbench/combinational/rev_circuit/3_17tc.qasm,3,6,0,0,causal,0.8333333333333334,1.0,0
VeriQBench,3_17tc,veriqbench/combinational/rev_circuit/3_17tc.qasm,3,6,0,1,qpdg,0.8333333333333334,1.0,0
VeriQBench,3_17tc,veriqbench/combinational/rev_circuit/3_17tc.qasm,3,6,0,1,naive,0.5,1.0,0
VeriQBench,3_17tc,veriqbench/combinational/rev_circuit/3_17tc.qasm,3,6,0,1,causal,1.0,1.0,0
VeriQBench,3_17tc,veriqbench/combinational/rev_circuit/3_17tc.qasm,3,6,0,2,qpdg,1.0,1.0,0
VeriQBench,3_17tc,veriqbench/combinational/rev_circuit/3_17tc.qasm,3,6,0,2,naive,1.0,1.0,0
VeriQBench,3_17tc,veriqbench/combinational/rev_circuit/3_17tc.qasm,3,6,0,2,causal,1.0,1.0,0
VeriQBench,ham3_fc,veriqbench/combinational/rev_circuit/ham3_fc.qasm,3,6,0,0,qpdg,0.5,1.0,0
VeriQBench,ham3_fc,veriqbench/combinational/rev_circuit/ham3_fc.qasm,3,6,0,0,naive,0.16666666666666666,1.0,0
VeriQBench,ham3_fc,veriqbench/combinational/rev_circuit/ham3_fc.qasm,3,6,0,0,causal,1.0,1.0,0
VeriQBench,ham3_fc,veriqbench/combinational/rev_circuit/ham3_fc.qasm,3,6,0,1,qpdg,1.0,1.0,0
VeriQBench,ham3_fc,veriqbench/combinational/rev_circuit/ham3_fc.qasm,3,6,0,1,naive,0.8333333333333334,1.0,0
VeriQBench,ham3_fc,veriqbench/combinational/rev_circuit/ham3_fc.qasm,3,6,0,1,causal,1.0,1.0,0
VeriQBench,ham3_fc,veriqbench/combinational/rev_circuit/ham3_fc.qasm,3,6,0,2,qpdg,0.6666666666666666,1.0,0
VeriQBench,ham3_fc,veriqbench/combinational/rev_circuit/ham3_fc.qasm,3,6,0,2,naive,0.8333333333333334,1.0,0
VeriQBench,ham3_fc,veriqbench/combinational/rev_circuit/ham3_fc.qasm,3,6,0,2,causal,0.8333333333333334,1.0,0
VeriQBench,bv_3,veriqbench/combinational/bv/bv_3.qasm,3,9,0,0,qpdg,0.5555555555555556,0.9999999999999987,0
VeriQBench,bv_3,veriqbench/combinational/bv/bv_3.qasm,3,9,0,0,naive,0.2222222222222222,4.730109381834784e-34,1
VeriQBench,bv_3,veriqbench/combinational/bv/bv_3.qasm,3,9,0,0,causal,0.5555555555555556,0.9999999999999987,0
VeriQBench,bv_3,veriqbench/combinational/bv/bv_3.qasm,3,9,0,1,qpdg,0.5555555555555556,0.9999999999999987,0
VeriQBench,bv_3,veriqbench/combinational/bv/bv_3.qasm,3,9,0,1,naive,0.2222222222222222,1.6504374776789652e-34,1
VeriQBench,bv_3,veriqbench/combinational/bv/bv_3.qasm,3,9,0,1,causal,0.7777777777777778,0.9999999999999986,0
VeriQBench,bv_3,veriqbench/combinational/bv/bv_3.qasm,3,9,0,2,qpdg,0.5555555555555556,0.9999999999999987,0
VeriQBench,bv_3,veriqbench/combinational/bv/bv_3.qasm,3,9,0,2,naive,0.7777777777777778,0.9999999999999986,0
VeriQBench,bv_3,veriqbench/combinational/bv/bv_3.qasm,3,9,0,2,causal,0.7777777777777778,0.9999999999999986,0
VeriQBench,rand_cliff_3_GD,veriqbench/combinational/rand_cliff/rand_cliff_3_GD.qasm,3,11,0,0,qpdg,0.6363636363636364,0.9999999999999991,0
VeriQBench,rand_cliff_3_GD,veriqbench/combinational/rand_cliff/rand_cliff_3_GD.qasm,3,11,0,0,naive,0.5454545454545454,0.49999999999999956,1
VeriQBench,rand_cliff_3_GD,veriqbench/combinational/rand_cliff/rand_cliff_3_GD.qasm,3,11,0,0,causal,0.6363636363636364,0.9999999999999991,0
VeriQBench,rand_cliff_3_GD,veriqbench/combinational/rand_cliff/rand_cliff_3_GD.qasm,3,11,0,1,qpdg,0.5454545454545454,0.9999999999999993,0
VeriQBench,rand_cliff_3_GD,veriqbench/combinational/rand_cliff/rand_cliff_3_GD.qasm,3,11,0,1,naive,0.6363636363636364,0.9999999999999991,0
VeriQBench,rand_cliff_3_GD,veriqbench/combinational/rand_cliff/rand_cliff_3_GD.qasm,3,11,0,1,causal,0.8181818181818182,0.9999999999999991,0
VeriQBench,rand_cliff_3_GD,veriqbench/combinational/rand_cliff/rand_cliff_3_GD.qasm,3,11,0,2,qpdg,0.36363636363636365,0.9999999999999991,0
VeriQBench,rand_cliff_3_GD,veriqbench/combinational/rand_cliff/rand_cliff_3_GD.qasm,3,11,0,2,naive,0.5454545454545454,0.9999999999999991,0
VeriQBench,rand_cliff_3_GD,veriqbench/combinational/rand_cliff/rand_cliff_3_GD.qasm,3,11,0,2,causal,0.5454545454545454,0.9999999999999991,0
VeriQBench,grover_3,veriqbench/combinational/grover/grover_3.qasm,3,16,0,0,qpdg,0.5,0.9999999999999977,0
VeriQBench,grover_3,veriqbench/combinational/grover/grover_3.qasm,3,16,0,0,naive,0.3125,0.9999999999999979,0
VeriQBench,grover_3,veriqbench/combinational/grover/grover_3.qasm,3,16,0,0,causal,0.75,0.999999999999997,0
VeriQBench,grover_3,veriqbench/combinational/grover/grover_3.qasm,3,16,0,1,qpdg,0.625,0.9999999999999976,0
VeriQBench,grover_3,veriqbench/combinational/grover/grover_3.qasm,3,16,0,1,naive,0.6875,0.9999999999999973,0
VeriQBench,grover_3,veriqbench/combinational/grover/grover_3.qasm,3,16,0,1,causal,0.8125,0.9999999999999971,0
VeriQBench,grover_3,veriqbench/combinational/grover/grover_3.qasm,3,16,0,2,qpdg,0.1875,0.9999999999999979,0
VeriQBench,grover_3,veriqbench/combinational/grover/grover_3.qasm,3,16,0,2,naive,0.3125,0.9999999999999978,0
VeriQBench,grover_3,veriqbench/combinational/grover/grover_3.qasm,3,16,0,2,causal,0.3125,0.9999999999999978,0
VeriQBench,rand_cliff_3_AG,veriqbench/combinational/rand_cliff/rand_cliff_3_AG.qasm,3,17,0,0,qpdg,0.5294117647058824,0.9999999999999984,0
VeriQBench,rand_cliff_3_AG,veriqbench/combinational/rand_cliff/rand_cliff_3_AG.qasm,3,17,0,0,naive,0.9411764705882353,0.9999999999999978,0
VeriQBench,rand_cliff_3_AG,veriqbench/combinational/rand_cliff/rand_cliff_3_AG.qasm,3,17,0,0,causal,1.0,0.9999999999999978,0
VeriQBench,rand_cliff_3_AG,veriqbench/combinational/rand_cliff/rand_cliff_3_AG.qasm,3,17,0,1,qpdg,0.47058823529411764,0.9999999999999983,0
VeriQBench,rand_cliff_3_AG,veriqbench/combinational/rand_cliff/rand_cliff_3_AG.qasm,3,17,0,1,naive,0.5294117647058824,0.499999999999999,1
VeriQBench,rand_cliff_3_AG,veriqbench/combinational/rand_cliff/rand_cliff_3_AG.qasm,3,17,0,1,causal,0.9411764705882353,0.9999999999999976,0
VeriQBench,rand_cliff_3_AG,veriqbench/combinational/rand_cliff/rand_cliff_3_AG.qasm,3,17,0,2,qpdg,0.7058823529411765,0.9999999999999983,0
VeriQBench,rand_cliff_3_AG,veriqbench/combinational/rand_cliff/rand_cliff_3_AG.qasm,3,17,0,2,naive,1.0,0.9999999999999978,0
VeriQBench,rand_cliff_3_AG,veriqbench/combinational/rand_cliff/rand_cliff_3_AG.qasm,3,17,0,2,causal,1.0,0.9999999999999978,0
VeriQBench,quantum_volume_n3_d5_i0,veriqbench/combinational/qv/quantum_volume_n3_d5_i0.qasm,3,50,0,0,qpdg,0.96,0.9999999999999998,0
VeriQBench,quantum_volume_n3_d5_i0,veriqbench/combinational/qv/quantum_volume_n3_d5_i0.qasm,3,50,0,0,naive,0.94,0.8794022603736809,1
VeriQBench,quantum_volume_n3_d5_i0,veriqbench/combinational/qv/quantum_volume_n3_d5_i0.qasm,3,50,0,0,causal,0.96,0.9999999999999998,0
VeriQBench,quantum_volume_n3_d5_i0,veriqbench/combinational/qv/quantum_volume_n3_d5_i0.qasm,3,50,0,1,qpdg,0.36,0.9999999999999996,0
VeriQBench,quantum_volume_n3_d5_i0,veriqbench/combinational/qv/quantum_volume_n3_d5_i0.qasm,3,50,0,1,naive,0.34,0.8572198192988961,1
VeriQBench,quantum_volume_n3_d5_i0,veriqbench/combinational/qv/quantum_volume_n3_d5_i0.qasm,3,50,0,1,causal,0.36,0.9999999999999996,0
VeriQBench,quantum_volume_n3_d5_i0,veriqbench/combinational/qv/quantum_volume_n3_d5_i0.qasm,3,50,0,2,qpdg,0.96,0.9999999999999998,0
VeriQBench,quantum_volume_n3_d5_i0,veriqbench/combinational/qv/quantum_volume_n3_d5_i0.qasm,3,50,0,2,naive,0.96,0.9999999999999998,0
VeriQBench,quantum_volume_n3_d5_i0,veriqbench/combinational/qv/quantum_volume_n3_d5_i0.qasm,3,50,0,2,causal,0.96,0.9999999999999998,0
VeriQBench,adder_n4,veriqbench/combinational/adder/adder_n4.qasm,4,4,0,0,qpdg,0.5,1.0,0
VeriQBench,adder_n4,veriqbench/combinational/adder/adder_n4.qasm,4,4,0,0,naive,0.0,1.0,0
VeriQBench,adder_n4,veriqbench/combinational/adder/adder_n4.qasm,4,4,0,0,causal,1.0,1.0,0
VeriQBench,adder_n4,veriqbench/combinational/adder/adder_n4.qasm,4,4,0,1,qpdg,0.5,1.0,0
VeriQBench,adder_n4,veriqbench/combinational/adder/adder_n4.qasm,4,4,0,1,naive,0.0,1.0,0
VeriQBench,adder_n4,veriqbench/combinational/adder/adder_n4.qasm,4,4,0,1,causal,0.5,1.0,0
VeriQBench,adder_n4,veriqbench/combinational/adder/adder_n4.qasm,4,4,0,2,qpdg,1.0,1.0,0
VeriQBench,adder_n4,veriqbench/combinational/adder/adder_n4.qasm,4,4,0,2,naive,0.5,1.0,0
VeriQBench,adder_n4,veriqbench/combinational/adder/adder_n4.qasm,4,4,0,2,causal,1.0,1.0,0
VeriQBench,adder_n4,veriqbench/combinational/adder/adder_n4.qasm,4,4,0,3,qpdg,0.5,1.0,0
VeriQBench,adder_n4,veriqbench/combinational/adder/adder_n4.qasm,4,4,0,3,naive,0.75,1.0,0
VeriQBench,adder_n4,veriqbench/combinational/adder/adder_n4.qasm,4,4,0,3,causal,0.75,1.0,0
VeriQBench,dqc_qft_4,veriqbench/dynamic/qft/dqc_qft_4.qasm,4,13,1,0,qpdg,0.15384615384615385,0.9999999999999996,0
VeriQBench,dqc_qft_4,veriqbench/dynamic/qft/dqc_qft_4.qasm,4,13,1,0,naive,0.15384615384615385,0.9999999999999996,0
VeriQBench,dqc_qft_4,veriqbench/dynamic/qft/dqc_qft_4.qasm,4,13,1,0,causal,0.15384615384615385,0.9999999999999996,0
VeriQBench,dqc_qft_4,veriqbench/dynamic/qft/dqc_qft_4.qasm,4,13,1,1,qpdg,0.38461538461538464,0.9999999999999996,0
VeriQBench,dqc_qft_4,veriqbench/dynamic/qft/dqc_qft_4.qasm,4,13,1,1,naive,0.23076923076923078,0.9999999999999996,0
VeriQBench,dqc_qft_4,veriqbench/dynamic/qft/dqc_qft_4.qasm,4,13,1,1,causal,0.38461538461538464,0.9999999999999996,0
VeriQBench,dqc_qft_4,veriqbench/dynamic/qft/dqc_qft_4.qasm,4,13,1,2,qpdg,0.6923076923076923,0.9999999999999996,0
VeriQBench,dqc_qft_4,veriqbench/dynamic/qft/dqc_qft_4.qasm,4,13,1,2,naive,0.3076923076923077,0.9999999999999996,0
VeriQBench,dqc_qft_4,veriqbench/dynamic/qft/dqc_qft_4.qasm,4,13,1,2,causal,0.6923076923076923,0.9999999999999996,0
VeriQBench,dqc_qft_4,veriqbench/dynamic/qft/dqc_qft_4.qasm,4,13,1,3,qpdg,1.0,0.9999999999999996,0
VeriQBench,dqc_qft_4,veriqbench/dynamic/qft/dqc_qft_4.qasm,4,13,1,3,naive,0.3076923076923077,0.9999999999999996,0
VeriQBench,dqc_qft_4,veriqbench/dynamic/qft/dqc_qft_4.qasm,4,13,1,3,causal,1.0,0.9999999999999996,0
VeriQBench,qft_4,veriqbench/combinational/qft/qft_4.qasm,4,10,0,0,qpdg,0.4,0.9999999999999991,0
VeriQBench,qft_4,veriqbench/combinational/qft/qft_4.qasm,4,10,0,0,naive,0.1,0.9999999999999991,0
VeriQBench,qft_4,veriqbench/combinational/qft/qft_4.qasm,4,10,0,0,causal,0.4,0.9999999999999991,0
VeriQBench,qft_4,veriqbench/combinational/qft/qft_4.qasm,4,10,0,1,qpdg,0.4,0.9999999999999991,0
VeriQBench,qft_4,veriqbench/combinational/qft/qft_4.qasm,4,10,0,1,naive,0.3,0.9999999999999989,0
VeriQBench,qft_4,veriqbench/combinational/qft/qft_4.qasm,4,10,0,1,causal,0.7,0.9999999999999989,0
VeriQBench,qft_4,veriqbench/combinational/qft/qft_4.qasm,4,10,0,2,qpdg,0.4,0.9999999999999991,0
VeriQBench,qft_4,veriqbench/combinational/qft/qft_4.qasm,4,10,0,2,naive,0.6,0.9999999999999989,0
VeriQBench,qft_4,veriqbench/combinational/qft/qft_4.qasm,4,10,0,2,causal,0.9,0.9999999999999989,0
VeriQBench,qft_4,veriqbench/combinational/qft/qft_4.qasm,4,10,0,3,qpdg,0.4,0.9999999999999991,0
VeriQBench,qft_4,veriqbench/combinational/qft/qft_4.qasm,4,10,0,3,naive,1.0,0.9999999999999987,0
VeriQBench,qft_4,veriqbench/combinational/qft/qft_4.qasm,4,10,0,3,causal,1.0,0.9999999999999987,0
VeriQBench,rd32,veriqbench/combinational/rev_circuit/rd32.qasm,4,4,0,0,qpdg,0.5,1.0,0
VeriQBench,rd32,veriqbench/combinational/rev_circuit/rd32.qasm,4,4,0,0,naive,0.0,1.0,0
VeriQBench,rd32,veriqbench/combinational/rev_circuit/rd32.qasm,4,4,0,0,causal,0.5,1.0,0
VeriQBench,rd32,veriqbench/combinational/rev_circuit/rd32.qasm,4,4,0,1,qpdg,1.0,1.0,0
VeriQBench,rd32,veriqbench/combinational/rev_circuit/rd32.qasm,4,4,0,1,naive,0.25,1.0,0
VeriQBench,rd32,veriqbench/combinational/rev_circuit/rd32.qasm,4,4,0,1,causal,1.0,1.0,0
VeriQBench,rd32,veriqbench/combinational/rev_circuit/rd32.qasm,4,4,0,2,qpdg,0.5,1.0,0
VeriQBench,rd32,veriqbench/combinational/rev_circuit/rd32.qasm,4,4,0,2,naive,0.5,1.0,0
VeriQBench,rd32,veriqbench/combinational/rev_circuit/rd32.qasm,4,4,0,2,causal,1.0,1.0,0
VeriQBench,rd32,veriqbench/combinational/rev_circuit/rd32.qasm,4,4,0,3,qpdg,0.5,1.0,0
VeriQBench,rd32,veriqbench/combinational/rev_circuit/rd32.qasm,4,4,0,3,naive,0.75,1.0,0
VeriQBench,rd32,veriqbench/combinational/rev_circuit/rd32.qasm,4,4,0,3,causal,0.75,1.0,0
VeriQBench,dqc_pe_3,veriqbench/dynamic/pe/dqc_pe_3.qasm,4,14,1,0,qpdg,0.5714285714285714,0.9999999999999994,0
VeriQBench,dqc_pe_3,veriqbench/dynamic/pe/dqc_pe_3.qasm,4,14,1,0,naive,0.21428571428571427,0.9999999999999996,0
VeriQBench,dqc_pe_3,veriqbench/dynamic/pe/dqc_pe_3.qasm,4,14,1,0,causal,0.5714285714285714,0.9999999999999994,0
VeriQBench,dqc_pe_3,veriqbench/dynamic/pe/dqc_pe_3.qasm,4,14,1,1,qpdg,0.7857142857142857,0.9999999999999998,0
VeriQBench,dqc_pe_3,veriqbench/dynamic/pe/dqc_pe_3.qasm,4,14,1,1,naive,0.2857142857142857,0.9999999999999996,0
VeriQBench,dqc_pe_3,veriqbench/dynamic/pe/dqc_pe_3.qasm,4,14,1,1,causal,0.7857142857142857,0.9999999999999998,0
VeriQBench,dqc_pe_3,veriqbench/dynamic/pe/dqc_pe_3.qasm,4,14,1,2,qpdg,1.0,1.0,0
VeriQBench,dqc_pe_3,veriqbench/dynamic/pe/dqc_pe_3.qasm,4,14,1,2,naive,0.2857142857142857,0.9999999999999996,0
VeriQBench,dqc_pe_3,veriqbench/dynamic/pe/dqc_pe_3.qasm,4,14,1,2,causal,1.0,1.0,0
VeriQBench,dqc_pe_3,veriqbench/dynamic/pe/dqc_pe_3.qasm,4,14,1,3,qpdg,0.42857142857142855,0.9999999999999993,0
VeriQBench,dqc_pe_3,veriqbench/dynamic/pe/dqc_pe_3.qasm,4,14,1,3,naive,0.42857142857142855,0.9999999999999993,0
VeriQBench,dqc_pe_3,veriqbench/dynamic/pe/dqc_pe_3.qasm,4,14,1,3,causal,0.42857142857142855,0.9999999999999993,0
VeriQBench,pe_3,veriqbench/combinational/pe/pe_3.qasm,4,12,0,0,qpdg,0.4166666666666667,0.9999999999999987,0
VeriQBench,pe_3,veriqbench/combinational/pe/pe_3.qasm,4,12,0,0,naive,0.16666666666666666,0.9999999999999987,0
VeriQBench,pe_3,veriqbench/combinational/pe/pe_3.qasm,4,12,0,0,causal,0.75,0.9999999999999986,0
VeriQBench,pe_3,veriqbench/combinational/pe/pe_3.qasm,4,12,0,1,qpdg,0.5833333333333334,0.9999999999999984,0
VeriQBench,pe_3,veriqbench/combinational/pe/pe_3.qasm,4,12,0,1,naive,0.4166666666666667,0.9999999999999984,0
VeriQBench,pe_3,veriqbench/combinational/pe/pe_3.qasm,4,12,0,1,causal,0.9166666666666666,0.9999999999999983,0
VeriQBench,pe_3,veriqbench/combinational/pe/pe_3.qasm,4,12,0,2,qpdg,0.75,0.9999999999999982,0
VeriQBench,pe_3,veriqbench/combinational/pe/pe_3.qasm,4,12,0,2,naive,0.75,0.9999999999999982,0
VeriQBench,pe_3,veriqbench/combinational/pe/pe_3.qasm,4,12,0,2,causal,1.0,0.9999999999999982,0
VeriQBench,pe_3,veriqbench/combinational/pe/pe_3.qasm,4,12,0,3,qpdg,0.25,0.9999999999999991,0
VeriQBench,pe_3,veriqbench/combinational/pe/pe_3.qasm,4,12,0,3,naive,0.5,0.9999999999999984,0
VeriQBench,pe_3,veriqbench/combinational/pe/pe_3.qasm,4,12,0,3,causal,0.5,0.9999999999999984,0
VeriQBench,mspk_nth_primes4_11,veriqbench/combinational/rev_circuit/mspk_nth_primes4_11.qasm,4,11,0,0,qpdg,0.6363636363636364,0.9999999999999982,0
VeriQBench,mspk_nth_primes4_11,veriqbench/combinational/rev_circuit/mspk_nth_primes4_11.qasm,4,11,0,0,naive,1.0,0.9999999999999982,0
VeriQBench,mspk_nth_primes4_11,veriqbench/combinational/rev_circuit/mspk_nth_primes4_11.qasm,4,11,0,0,causal,1.0,0.9999999999999982,0
VeriQBench,mspk_nth_primes4_11,veriqbench/combinational/rev_circuit/mspk_nth_primes4_11.qasm,4,11,0,1,qpdg,1.0,0.9999999999999982,0
VeriQBench,mspk_nth_primes4_11,veriqbench/combinational/rev_circuit/mspk_nth_primes4_11.qasm,4,11,0,1,naive,1.0,0.9999999999999982,0
VeriQBench,mspk_nth_primes4_11,veriqbench/combinational/rev_circuit/mspk_nth_primes4_11.qasm,4,11,0,1,causal,1.0,0.9999999999999982,0
VeriQBench,mspk_nth_primes4_11,veriqbench/combinational/rev_circuit/mspk_nth_primes4_11.qasm,4,11,0,2,qpdg,0.6363636363636364,0.9999999999999982,0
VeriQBench,mspk_nth_primes4_11,veriqbench/combinational/rev_circuit/mspk_nth_primes4_11.qasm,4,11,0,2,naive,1.0,0.9999999999999982,0
VeriQBench,mspk_nth_primes4_11,veriqbench/combinational/rev_circuit/mspk_nth_primes4_11.qasm,4,11,0,2,causal,1.0,0.9999999999999982,0
VeriQBench,mspk_nth_primes4_11,veriqbench/combinational/rev_circuit/mspk_nth_primes4_11.qasm,4,11,0,3,qpdg,0.5454545454545454,0.9999999999999982,0
VeriQBench,mspk_nth_primes4_11,veriqbench/combinational/rev_circuit/mspk_nth_primes4_11.qasm,4,11,0,3,naive,1.0,0.9999999999999982,0
VeriQBench,mspk_nth_primes4_11,veriqbench/combinational/rev_circuit/mspk_nth_primes4_11.qasm,4,11,0,3,causal,1.0,0.9999999999999982,0
VeriQBench,nth_prime4_inc_d2,veriqbench/combinational/rev_circuit/nth_prime4_inc_d2.qasm,4,11,0,0,qpdg,0.6363636363636364,0.9999999999999982,0
VeriQBench,nth_prime4_inc_d2,veriqbench/combinational/rev_circuit/nth_prime4_inc_d2.qasm,4,11,0,0,naive,1.0,0.9999999999999982,0
VeriQBench,nth_prime4_inc_d2,veriqbench/combinational/rev_circuit/nth_prime4_inc_d2.qasm,4,11,0,0,causal,1.0,0.9999999999999982,0
VeriQBench,nth_prime4_inc_d2,veriqbench/combinational/rev_circuit/nth_prime4_inc_d2.qasm,4,11,0,1,qpdg,1.0,0.9999999999999982,0
VeriQBench,nth_prime4_inc_d2,veriqbench/combinational/rev_circuit/nth_prime4_inc_d2.qasm,4,11,0,1,naive,1.0,0.9999999999999982,0
VeriQBench,nth_prime4_inc_d2,veriqbench/combinational/rev_circuit/nth_prime4_inc_d2.qasm,4,11,0,1,causal,1.0,0.9999999999999982,0
VeriQBench,nth_prime4_inc_d2,veriqbench/combinational/rev_circuit/nth_prime4_inc_d2.qasm,4,11,0,2,qpdg,0.6363636363636364,0.9999999999999982,0
VeriQBench,nth_prime4_inc_d2,veriqbench/combinational/rev_circuit/nth_prime4_inc_d2.qasm,4,11,0,2,naive,1.0,0.9999999999999982,0
VeriQBench,nth_prime4_inc_d2,veriqbench/combinational/rev_circuit/nth_prime4_inc_d2.qasm,4,11,0,2,causal,1.0,0.9999999999999982,0
VeriQBench,nth_prime4_inc_d2,veriqbench/combinational/rev_circuit/nth_prime4_inc_d2.qasm,4,11,0,3,qpdg,0.5454545454545454,0.9999999999999982,0
VeriQBench,nth_prime4_inc_d2,veriqbench/combinational/rev_circuit/nth_prime4_inc_d2.qasm,4,11,0,3,naive,1.0,0.9999999999999982,0
VeriQBench,nth_prime4_inc_d2,veriqbench/combinational/rev_circuit/nth_prime4_inc_d2.qasm,4,11,0,3,causal,1.0,0.9999999999999982,0
VeriQBench,nth_prime4_inc_d1,veriqbench/combinational/rev_circuit/nth_prime4_inc_d1.qasm,4,12,0,0,qpdg,0.6666666666666666,0.9999999999999982,0
VeriQBench,nth_prime4_inc_d1,veriqbench/combinational/rev_circuit/nth_prime4_inc_d1.qasm,4,12,0,0,naive,0.9166666666666666,0.9999999999999982,0
VeriQBench,nth_prime4_inc_d1,veriqbench/combinational/rev_circuit/nth_prime4_inc_d1.qasm,4,12,0,0,causal,1.0,0.9999999999999982,0
VeriQBench,nth_prime4_inc_d1,veriqbench/combinational/rev_circuit/nth_prime4_inc_d1.qasm,4,12,0,1,qpdg,1.0,0.9999999999999982,0
VeriQBench,nth_prime4_inc_d1,veriqbench/combinational/rev_circuit/nth_prime4_inc_d1.qasm,4,12,0,1,naive,0.8333333333333334,0.9999999999999982,0
VeriQBench,nth_prime4_inc_d1,veriqbench/combinational/rev_circuit/nth_prime4_inc_d1.qasm,4,12,0,1,causal,1.0,0.9999999999999982,0
VeriQBench,nth_prime4_inc_d1,veriqbench/combinational/rev_circuit/nth_prime4_inc_d1.qasm,4,12,0,2,qpdg,0.5833333333333334,0.9999999999999982,0
VeriQBench,nth_prime4_inc_d1,veriqbench/combinational/rev_circuit/nth_prime4_inc_d1.qasm,4,12,0,2,naive,0.6666666666666666,0.9999999999999982,0
VeriQBench,nth_prime4_inc_d1,veriqbench/combinational/rev_circuit/nth_prime4_inc_d1.qasm,4,12,0,2,causal,0.6666666666666666,0.9999999999999982,0
VeriQBench,nth_prime4_inc_d1,veriqbench/combinational/rev_circuit/nth_prime4_inc_d1.qasm,4,12,0,3,qpdg,0.5833333333333334,0.9999999999999982,0
VeriQBench,nth_prime4_inc_d1,veriqbench/combinational/rev_circuit/nth_prime4_inc_d1.qasm,4,12,0,3,naive,0.5,0.9999999999999982,0
VeriQBench,nth_prime4_inc_d1,veriqbench/combinational/rev_circuit/nth_prime4_inc_d1.qasm,4,12,0,3,causal,0.9166666666666666,0.9999999999999982,0
VeriQBench,hwb4-11-21,veriqbench/combinational/rev_circuit/hwb4-11-21.qasm,4,11,0,0,qpdg,0.5454545454545454,1.0,0
VeriQBench,hwb4-11-21,veriqbench/combinational/rev_circuit/hwb4-11-21.qasm,4,11,0,0,naive,0.5454545454545454,1.0,0
VeriQBench,hwb4-11-21,veriqbench/combinational/rev_circuit/hwb4-11-21.qasm,4,11,0,0,causal,0.9090909090909091,1.0,0
VeriQBench,hwb4-11-21,veriqbench/combinational/rev_circuit/hwb4-11-21.qasm,4,11,0,1,qpdg,0.5454545454545454,1.0,0
VeriQBench,hwb4-11-21,veriqbench/combinational/rev_circuit/hwb4-11-21.qasm,4,11,0,1,naive,0.8181818181818182,1.0,0
VeriQBench,hwb4-11-21,veriqbench/combinational/rev_circuit/hwb4-11-21.qasm,4,11,0,1,causal,0.9090909090909091,1.0,0
VeriQBench,hwb4-11-21,veriqbench/combinational/rev_circuit/hwb4-11-21.qasm,4,11,0,2,qpdg,0.6363636363636364,1.0,0
VeriQBench,hwb4-11-21,veriqbench/combinational/rev_circuit/hwb4-11-21.qasm,4,11,0,2,naive,0.7272727272727273,1.0,0
VeriQBench,hwb4-11-21,veriqbench/combinational/rev_circuit/hwb4-11-21.qasm,4,11,0,2,causal,0.9090909090909091,1.0,0
VeriQBench,hwb4-11-21,veriqbench/combinational/rev_circuit/hwb4-11-21.qasm,4,11,0,3,qpdg,0.5454545454545454,1.0,0
VeriQBench,hwb4-11-21,veriqbench/combinational/rev_circuit/hwb4-11-21.qasm,4,11,0,3,naive,0.9090909090909091,1.0,0
VeriQBench,hwb4-11-21,veriqbench/combinational/rev_circuit/hwb4-11-21.qasm,4,11,0,3,causal,0.9090909090909091,1.0,0
VeriQBench,bv_4,veriqbench/combinational/bv/bv_4.qasm,4,12,0,0,qpdg,0.4166666666666667,0.9999999999999982,0
VeriQBench,bv_4,veriqbench/combinational/bv/bv_4.qasm,4,12,0,0,naive,0.16666666666666666,1.6504374776789628e-34,1
VeriQBench,bv_4,veriqbench/combinational/bv/bv_4.qasm,4,12,0,0,causal,0.4166666666666667,0.9999999999999982,0
VeriQBench,bv_4,veriqbench/combinational/bv/bv_4.qasm,4,12,0,1,qpdg,0.4166666666666667,0.9999999999999982,0
VeriQBench,bv_4,veriqbench/combinational/bv/bv_4.qasm,4,12,0,1,naive,0.16666666666666666,1.549171207829233e-36,1
VeriQBench,bv_4,veriqbench/combinational/bv/bv_4.qasm,4,12,0,1,causal,0.5833333333333334,0.9999999999999981,0
VeriQBench,bv_4,veriqbench/combinational/bv/bv_4.qasm,4,12,0,2,qpdg,0.4166666666666667,0.9999999999999982,0
VeriQBench,bv_4,veriqbench/combinational/bv/bv_4.qasm,4,12,0,2,naive,0.16666666666666666,1.2845347773872827e-33,1
VeriQBench,bv_4,veriqbench/combinational/bv/bv_4.qasm,4,12,0,2,causal,0.75,0.9999999999999979,0
VeriQBench,bv_4,veriqbench/combinational/bv/bv_4.qasm,4,12,0,3,qpdg,0.5,0.9999999999999982,0
VeriQBench,bv_4,veriqbench/combinational/bv/bv_4.qasm,4,12,0,3,naive,0.75,0.9999999999999979,0
VeriQBench,bv_4,veriqbench/combinational/bv/bv_4.qasm,4,12,0,3,causal,0.75,0.9999999999999979,0
VeriQBench,mspk_4_49_12,veriqbench/combinational/rev_circuit/mspk_4_49_12.qasm,4,12,0,0,qpdg,0.75,1.0,0
VeriQBench,mspk_4_49_12,veriqbench/combinational/rev_circuit/mspk_4_49_12.qasm,4,12,0,0,naive,0.75,1.0,0
VeriQBench,mspk_4_49_12,veriqbench/combinational/rev_circuit/mspk_4_49_12.qasm,4,12,0,0,causal,0.8333333333333334,1.0,0
VeriQBench,mspk_4_49_12,veriqbench/combinational/rev_circuit/mspk_4_49_12.qasm,4,12,0,1,qpdg,0.5833333333333334,1.0,0
VeriQBench,mspk_4_49_12,veriqbench/combinational/rev_circuit/mspk_4_49_12.qasm,4,12,0,1,naive,0.8333333333333334,1.0,0
VeriQBench,mspk_4_49_12,veriqbench/combinational/rev_circuit/mspk_4_49_12.qasm,4,12,0,1,causal,0.8333333333333334,1.0,0
VeriQBench,mspk_4_49_12,veriqbench/combinational/rev_circuit/mspk_4_49_12.qasm,4,12,0,2,qpdg,0.6666666666666666,1.0,0
VeriQBench,mspk_4_49_12,veriqbench/combinational/rev_circuit/mspk_4_49_12.qasm,4,12,0,2,naive,0.8333333333333334,1.0,0
VeriQBench,mspk_4_49_12,veriqbench/combinational/rev_circuit/mspk_4_49_12.qasm,4,12,0,2,causal,0.9166666666666666,1.0,0
VeriQBench,mspk_4_49_12,veriqbench/combinational/rev_circuit/mspk_4_49_12.qasm,4,12,0,3,qpdg,0.75,1.0,0
VeriQBench,mspk_4_49_12,veriqbench/combinational/rev_circuit/mspk_4_49_12.qasm,4,12,0,3,naive,0.75,1.0,0
VeriQBench,mspk_4_49_12,veriqbench/combinational/rev_circuit/mspk_4_49_12.qasm,4,12,0,3,causal,0.9166666666666666,1.0,0
VeriQBench,mspk_hwb4_12,veriqbench/combinational/rev_circuit/mspk_hwb4_12.qasm,4,12,0,0,qpdg,0.6666666666666666,1.0,0
VeriQBench,mspk_hwb4_12,veriqbench/combinational/rev_circuit/mspk_hwb4_12.qasm,4,12,0,0,naive,0.75,1.0,0
VeriQBench,mspk_hwb4_12,veriqbench/combinational/rev_circuit/mspk_hwb4_12.qasm,4,12,0,0,causal,0.9166666666666666,1.0,0
VeriQBench,mspk_hwb4_12,veriqbench/combinational/rev_circuit/mspk_hwb4_12.qasm,4,12,0,1,qpdg,0.5833333333333334,1.0,0
VeriQBench,mspk_hwb4_12,veriqbench/combinational/rev_circuit/mspk_hwb4_12.qasm,4,12,0,1,naive,0.9166666666666666,1.0,0
VeriQBench,mspk_hwb4_12,veriqbench/combinational/rev_circuit/mspk_hwb4_12.qasm,4,12,0,1,causal,0.9166666666666666,1.0,0
VeriQBench,mspk_hwb4_12,veriqbench/combinational/rev_circuit/mspk_hwb4_12.qasm,4,12,0,2,qpdg,0.5833333333333334,1.0,0
VeriQBench,mspk_hwb4_12,veriqbench/combinational/rev_circuit/mspk_hwb4_12.qasm,4,12,0,2,naive,0.8333333333333334,1.0,0
VeriQBench,mspk_hwb4_12,veriqbench/combinational/rev_circuit/mspk_hwb4_12.qasm,4,12,0,2,causal,0.9166666666666666,1.0,0
VeriQBench,mspk_hwb4_12,veriqbench/combinational/rev_circuit/mspk_hwb4_12.qasm,4,12,0,3,qpdg,0.4166666666666667,1.0,0
VeriQBench,mspk_hwb4_12,veriqbench/combinational/rev_circuit/mspk_hwb4_12.qasm,4,12,0,3,naive,0.8333333333333334,1.0,0
VeriQBench,mspk_hwb4_12,veriqbench/combinational/rev_circuit/mspk_hwb4_12.qasm,4,12,0,3,causal,0.9166666666666666,1.0,0
VeriQBench,mspk_nth_primes4_12,veriqbench/combinational/rev_circuit/mspk_nth_primes4_12.qasm,4,12,0,0,qpdg,0.5833333333333334,1.0,0
VeriQBench,mspk_nth_primes4_12,veriqbench/combinational/rev_circuit/mspk_nth_primes4_12.qasm,4,12,0,0,naive,0.75,1.0,0
VeriQBench,mspk_nth_primes4_12,veriqbench/combinational/rev_circuit/mspk_nth_primes4_12.qasm,4,12,0,0,causal,0.9166666666666666,1.0,0
VeriQBench,mspk_nth_primes4_12,veriqbench/combinational/rev_circuit/mspk_nth_primes4_12.qasm,4,12,0,1,qpdg,0.8333333333333334,1.0,0
VeriQBench,mspk_nth_primes4_12,veriqbench/combinational/rev_circuit/mspk_nth_primes4_12.qasm,4,12,0,1,naive,0.8333333333333334,1.0,0
VeriQBench,mspk_nth_primes4_12,veriqbench/combinational/rev_circuit/mspk_nth_primes4_12.qasm,4,12,0,1,causal,1.0,1.0,0
VeriQBench,mspk_nth_primes4_12,veriqbench/combinational/rev_circuit/mspk_nth_primes4_12.qasm,4,12,0,2,qpdg,0.5833333333333334,1.0,0
VeriQBench,mspk_nth_primes4_12,veriqbench/combinational/rev_circuit/mspk_nth_primes4_12.qasm,4,12,0,2,naive,0.75,1.0,0
VeriQBench,mspk_nth_primes4_12,veriqbench/combinational/rev_circuit/mspk_nth_primes4_12.qasm,4,12,0,2,causal,1.0,1.0,0
VeriQBench,mspk_nth_primes4_12,veriqbench/combinational/rev_circuit/mspk_nth_primes4_12.qasm,4,12,0,3,qpdg,0.5,1.0,0
VeriQBench,mspk_nth_primes4_12,veriqbench/combinational/rev_circuit/mspk_nth_primes4_12.qasm,4,12,0,3,naive,0.8333333333333334,1.0,0
VeriQBench,mspk_nth_primes4_12,veriqbench/combinational/rev_circuit/mspk_nth_primes4_12.qasm,4,12,0,3,causal,0.9166666666666666,1.0,0
VeriQBench,4b15g_2,veriqbench/combinational/rev_circuit/4b15g_2.qasm,4,15,0,0,qpdg,0.6,0.999999999999998,0
VeriQBench,4b15g_2,veriqbench/combinational/rev_circuit/4b15g_2.qasm,4,15,0,0,naive,0.8666666666666667,0.9999999999999978,0
VeriQBench,4b15g_2,veriqbench/combinational/rev_circuit/4b15g_2.qasm,4,15,0,0,causal,1.0,0.9999999999999978,0
VeriQBench,4b15g_2,veriqbench/combinational/rev_circuit/4b15g_2.qasm,4,15,0,1,qpdg,0.6666666666666666,0.9999999999999976,0
VeriQBench,4b15g_2,veriqbench/combinational/rev_circuit/4b15g_2.qasm,4,15,0,1,naive,0.8666666666666667,0.9999999999999978,0
VeriQBench,4b15g_2,veriqbench/combinational/rev_circuit/4b15g_2.qasm,4,15,0,1,causal,0.9333333333333333,0.9999999999999978,0
VeriQBench,4b15g_2,veriqbench/combinational/rev_circuit/4b15g_2.qasm,4,15,0,2,qpdg,0.6666666666666666,0.9999999999999978,0
VeriQBench,4b15g_2,veriqbench/combinational/rev_circuit/4b15g_2.qasm,4,15,0,2,naive,1.0,0.9999999999999978,0
VeriQBench,4b15g_2,veriqbench/combinational/rev_circuit/4b15g_2.qasm,4,15,0,2,causal,1.0,0.9999999999999978,0
VeriQBench,4b15g_2,veriqbench/combinational/rev_circuit/4b15g_2.qasm,4,15,0,3,qpdg,0.7333333333333333,0.9999999999999976,0
VeriQBench,4b15g_2,veriqbench/combinational/rev_circuit/4b15g_2.qasm,4,15,0,3,naive,0.8666666666666667,0.9999999999999978,0
VeriQBench,4b15g_2,veriqbench/combinational/rev_circuit/4b15g_2.qasm,4,15,0,3,causal,1.0,0.9999999999999978,0
VeriQBench,4b15g_3,veriqbench/combinational/rev_circuit/4b15g_3.qasm,4,15,0,0,qpdg,0.6666666666666666,0.9999999999999978,0
VeriQBench,4b15g_3,veriqbench/combinational/rev_circuit/4b15g_3.qasm,4,15,0,0,naive,0.8666666666666667,0.9999999999999973,0
VeriQBench,4b15g_3,veriqbench/combinational/rev_circuit/4b15g_3.qasm,4,15,0,0,causal,1.0,0.9999999999999973,0
VeriQBench,4b15g_3,veriqbench/combinational/rev_circuit/4b15g_3.qasm,4,15,0,1,qpdg,0.6666666666666666,0.9999999999999973,0
VeriQBench,4b15g_3,veriqbench/combinational/rev_circuit/4b15g_3.qasm,4,15,0,1,naive,0.6666666666666666,0.9999999999999973,0
VeriQBench,4b15g_3,veriqbench/combinational/rev_circuit/4b15g_3.qasm,4,15,0,1,causal,1.0,0.9999999999999973,0
VeriQBench,4b15g_3,veriqbench/combinational/rev_circuit/4b15g_3.qasm,4,15,0,2,qpdg,0.8,0.9999999999999973,0
VeriQBench,4b15g_3,veriqbench/combinational/rev_circuit/4b15g_3.qasm,4,15,0,2,naive,1.0,0.9999999999999973,0
VeriQBench,4b15g_3,veriqbench/combinational/rev_circuit/4b15g_3.qasm,4,15,0,2,causal,1.0,0.9999999999999973,0
VeriQBench,4b15g_3,veriqbench/combinational/rev_circuit/4b15g_3.qasm,4,15,0,3,qpdg,0.5333333333333333,0.9999999999999978,0
VeriQBench,4b15g_3,veriqbench/combinational/rev_circuit/4b15g_3.qasm,4,15,0,3,naive,0.7333333333333333,0.9999999999999973,0
VeriQBench,4b15g_3,veriqbench/combinational/rev_circuit/4b15g_3.qasm,4,15,0,3,causal,0.8666666666666667,0.9999999999999973,0
VeriQBench,mspk_4_49_13,veriqbench/combinational/rev_circuit/mspk_4_49_13.qasm,4,13,0,0,qpdg,0.7692307692307693,1.0,0
VeriQBench,mspk_4_49_13,veriqbench/combinational/rev_circuit/mspk_4_49_13.qasm,4,13,0,0,naive,0.7692307692307693,1.0,0
VeriQBench,mspk_4_49_13,veriqbench/combinational/rev_circuit/mspk_4_49_13.qasm,4,13,0,0,causal,0.8461538461538461,1.0,0
VeriQBench,mspk_4_49_13,veriqbench/combinational/rev_circuit/mspk_4_49_13.qasm,4,13,0,1,qpdg,0.6923076923076923,1.0,0
VeriQBench,mspk_4_49_13,veriqbench/combinational/rev_circuit/mspk_4_49_13.qasm,4,13,0,1,naive,0.8461538461538461,1.0,0
VeriQBench,mspk_4_49_13,veriqbench/combinational/rev_circuit/mspk_4_49_13.qasm,4,13,0,1,causal,0.9230769230769231,1.0,0
VeriQBench,mspk_4_49_13,veriqbench/combinational/rev_circuit/mspk_4_49_13.qasm,4,13,0,2,qpdg,0.6923076923076923,1.0,0
VeriQBench,mspk_4_49_13,veriqbench/combinational/rev_circuit/mspk_4_49_13.qasm,4,13,0,2,naive,1.0,1.0,0
VeriQBench,mspk_4_49_13,veriqbench/combinational/rev_circuit/mspk_4_49_13.qasm,4,13,0,2,causal,1.0,1.0,0
VeriQBench,mspk_4_49_13,veriqbench/combinational/rev_circuit/mspk_4_49_13.qasm,4,13,0,3,qpdg,0.7692307692307693,1.0,0
VeriQBench,mspk_4_49_13,veriqbench/combinational/rev_circuit/mspk_4_49_13.qasm,4,13,0,3,naive,0.9230769230769231,1.0,0
VeriQBench,mspk_4_49_13,veriqbench/combinational/rev_circuit/mspk_4_49_13.qasm,4,13,0,3,causal,1.0,1.0,0
VeriQBench,mspk_hwb4_13,veriqbench/combinational/rev_circuit/mspk_hwb4_13.qasm,4,13,0,0,qpdg,0.6153846153846154,1.0,0
VeriQBench,mspk_hwb4_13,veriqbench/combinational/rev_circuit/mspk_hwb4_13.qasm,4,13,0,0,naive,0.6923076923076923,1.0,0
VeriQBench,mspk_hwb4_13,veriqbench/combinational/rev_circuit/mspk_hwb4_13.qasm,4,13,0,0,causal,0.9230769230769231,1.0,0
VeriQBench,mspk_hwb4_13,veriqbench/combinational/rev_circuit/mspk_hwb4_13.qasm,4,13,0,1,qpdg,0.6153846153846154,1.0,0
VeriQBench,mspk_hwb4_13,veriqbench/combinational/rev_circuit/mspk_hwb4_13.qasm,4,13,0,1,naive,0.8461538461538461,1.0,0
VeriQBench,mspk_hwb4_13,veriqbench/combinational/rev_circuit/mspk_hwb4_13.qasm,4,13,0,1,causal,1.0,1.0,0
VeriQBench,mspk_hwb4_13,veriqbench/combinational/rev_circuit/mspk_hwb4_13.qasm,4,13,0,2,qpdg,0.38461538461538464,1.0,0
VeriQBench,mspk_hwb4_13,veriqbench/combinational/rev_circuit/mspk_hwb4_13.qasm,4,13,0,2,naive,0.6153846153846154,1.0,0
VeriQBench,mspk_hwb4_13,veriqbench/combinational/rev_circuit/mspk_hwb4_13.qasm,4,13,0,2,causal,0.7692307692307693,1.0,0
VeriQBench,mspk_hwb4_13,veriqbench/combinational/rev_circuit/mspk_hwb4_13.qasm,4,13,0,3,qpdg,0.6153846153846154,1.0,0
VeriQBench,mspk_hwb4_13,veriqbench/combinational/rev_circuit/mspk_hwb4_13.qasm,4,13,0,3,naive,0.9230769230769231,1.0,0
VeriQBench,mspk_hwb4_13,veriqbench/combinational/rev_circuit/mspk_hwb4_13.qasm,4,13,0,3,causal,1.0,1.0,0
VeriQBench,mspk_nth_primes4_13,veriqbench/combinational/rev_circuit/mspk_nth_primes4_13.qasm,4,13,0,0,qpdg,0.6153846153846154,1.0,0
VeriQBench,mspk_nth_primes4_13,veriqbench/combinational/rev_circuit/mspk_nth_primes4_13.qasm,4,13,0,0,naive,0.8461538461538461,1.0,0
VeriQBench,mspk_nth_primes4_13,veriqbench/combinational/rev_circuit/mspk_nth_primes4_13.qasm,4,13,0,0,causal,0.9230769230769231,1.0,0
VeriQBench,mspk_nth_primes4_13,veriqbench/combinational/rev_circuit/mspk_nth_primes4_13.qasm,4,13,0,1,qpdg,0.6153846153846154,1.0,0
VeriQBench,mspk_nth_primes4_13,veriqbench/combinational/rev_circuit/mspk_nth_primes4_13.qasm,4,13,0,1,naive,0.6153846153846154,1.0,0
VeriQBench,mspk_nth_primes4_13,veriqbench/combinational/rev_circuit/mspk_nth_primes4_13.qasm,4,13,0,1,causal,1.0,1.0,0
VeriQBench,mspk_nth_primes4_13,veriqbench/combinational/rev_circuit/mspk_nth_primes4_13.qasm,4,13,0,2,qpdg,0.6153846153846154,1.0,0
VeriQBench,mspk_nth_primes4_13,veriqbench/combinational/rev_circuit/mspk_nth_primes4_13.qasm,4,13,0,2,naive,0.6923076923076923,1.0,0
VeriQBench,mspk_nth_primes4_13,veriqbench/combinational/rev_circuit/mspk_nth_primes4_13.qasm,4,13,0,2,causal,1.0,1.0,0
VeriQBench,mspk_nth_primes4_13,veriqbench/combinational/rev_circuit/mspk_nth_primes4_13.qasm,4,13,0,3,qpdg,0.6153846153846154,1.0,0
VeriQBench,mspk_nth_primes4_13,veriqbench/combinational/rev_circuit/mspk_nth_primes4_13.qasm,4,13,0,3,naive,0.9230769230769231,1.0,0
VeriQBench,mspk_nth_primes4_13,veriqbench/combinational/rev_circuit/mspk_nth_primes4_13.qasm,4,13,0,3,causal,0.9230769230769231,1.0,0
VeriQBench,nth_prime4_inc_15_51,veriqbench/combinational/rev_circuit/nth_prime4_inc_15_51.qasm,4,15,0,0,qpdg,0.7333333333333333,0.9999999999999982,0
VeriQBench,nth_prime4_inc_15_51,veriqbench/combinational/rev_circuit/nth_prime4_inc_15_51.qasm,4,15,0,0,naive,0.8666666666666667,0.9999999999999982,0
VeriQBench,nth_prime4_inc_15_51,veriqbench/combinational/rev_circuit/nth_prime4_inc_15_51.qasm,4,15,0,0,causal,0.9333333333333333,0.9999999999999982,0
VeriQBench,nth_prime4_inc_15_51,veriqbench/combinational/rev_circuit/nth_prime4_inc_15_51.qasm,4,15,0,1,qpdg,0.6,0.9999999999999982,0
VeriQBench,nth_prime4_inc_15_51,veriqbench/combinational/rev_circuit/nth_prime4_inc_15_51.qasm,4,15,0,1,naive,0.8666666666666667,0.9999999999999982,0
VeriQBench,nth_prime4_inc_15_51,veriqbench/combinational/rev_circuit/nth_prime4_inc_15_51.qasm,4,15,0,1,causal,0.9333333333333333,0.9999999999999982,0
VeriQBench,nth_prime4_inc_15_51,veriqbench/combinational/rev_circuit/nth_prime4_inc_15_51.qasm,4,15,0,2,qpdg,0.6,0.9999999999999982,0
VeriQBench,nth_prime4_inc_15_51,veriqbench/combinational/rev_circuit/nth_prime4_inc_15_51.qasm,4,15,0,2,naive,0.6666666666666666,0.9999999999999982,0
VeriQBench,nth_prime4_inc_15_51,veriqbench/combinational/rev_circuit/nth_prime4_inc_15_51.qasm,4,15,0,2,causal,0.9333333333333333,0.9999999999999982,0
VeriQBench,nth_prime4_inc_15_51,veriqbench/combinational/rev_circuit/nth_prime4_inc_15_51.qasm,4,15,0,3,qpdg,0.5333333333333333,0.9999999999999982,0
VeriQBench,nth_prime4_inc_15_51,veriqbench/combinational/rev_circuit/nth_prime4_inc_15_51.qasm,4,15,0,3,naive,0.6666666666666666,0.9999999999999982,0
VeriQBench,nth_prime4_inc_15_51,veriqbench/combinational/rev_circuit/nth_prime4_inc_15_51.qasm,4,15,0,3,causal,0.9333333333333333,0.9999999999999982,0
VeriQBench,4_49tc1,veriqbench/combinational/rev_circuit/4_49tc1.qasm,4,16,0,0,qpdg,0.8125,0.9999999999999982,0
VeriQBench,4_49tc1,veriqbench/combinational/rev_circuit/4_49tc1.qasm,4,16,0,0,naive,0.9375,0.9999999999999982,0
VeriQBench,4_49tc1,veriqbench/combinational/rev_circuit/4_49tc1.qasm,4,16,0,0,causal,0.9375,0.9999999999999982,0
VeriQBench,4_49tc1,veriqbench/combinational/rev_circuit/4_49tc1.qasm,4,16,0,1,qpdg,0.5,0.9999999999999982,0
VeriQBench,4_49tc1,veriqbench/combinational/rev_circuit/4_49tc1.qasm,4,16,0,1,naive,0.875,0.9999999999999982,0
VeriQBench,4_49tc1,veriqbench/combinational/rev_circuit/4_49tc1.qasm,4,16,0,1,causal,0.9375,0.9999999999999982,0
VeriQBench,4_49tc1,veriqbench/combinational/rev_circuit/4_49tc1.qasm,4,16,0,2,qpdg,0.625,0.9999999999999982,0
VeriQBench,4_49tc1,veriqbench/combinational/rev_circuit/4_49tc1.qasm,4,16,0,2,naive,0.875,0.9999999999999982,0
VeriQBench,4_49tc1,veriqbench/combinational/rev_circuit/4_49tc1.qasm,4,16,0,2,causal,0.9375,0.9999999999999982,0
VeriQBench,4_49tc1,veriqbench/combinational/rev_circuit/4_49tc1.qasm,4,16,0,3,qpdg,0.8125,0.9999999999999982,0
VeriQBench,4_49tc1,veriqbench/combinational/rev_circuit/4_49tc1.qasm,4,16,0,3,naive,0.8125,0.9999999999999982,0
VeriQBench,4_49tc1,veriqbench/combinational/rev_circuit/4_49tc1.qasm,4,16,0,3,causal,0.9375,0.9999999999999982,0
VeriQBench,4b15g_1,veriqbench/combinational/rev_circuit/4b15g_1.qasm,4,15,0,0,qpdg,0.6666666666666666,0.9999999999999991,0
VeriQBench,4b15g_1,veriqbench/combinational/rev_circuit/4b15g_1.qasm,4,15,0,0,naive,0.8666666666666667,0.9999999999999991,0
VeriQBench,4b15g_1,veriqbench/combinational/rev_circuit/4b15g_1.qasm,4,15,0,0,causal,0.9333333333333333,0.9999999999999991,0
VeriQBench,4b15g_1,veriqbench/combinational/rev_circuit/4b15g_1.qasm,4,15,0,1,qpdg,0.6,0.9999999999999991,0
VeriQBench,4b15g_1,veriqbench/combinational/rev_circuit/4b15g_1.qasm,4,15,0,1,naive,0.9333333333333333,0.9999999999999991,0
VeriQBench,4b15g_1,veriqbench/combinational/rev_circuit/4b15g_1.qasm,4,15,0,1,causal,0.9333333333333333,0.9999999999999991,0
VeriQBench,4b15g_1,veriqbench/combinational/rev_circuit/4b15g_1.qasm,4,15,0,2,qpdg,0.7333333333333333,0.9999999999999991,0
VeriQBench,4b15g_1,veriqbench/combinational/rev_circuit/4b15g_1.qasm,4,15,0,2,naive,0.8666666666666667,0.9999999999999991,0
VeriQBench,4b15g_1,veriqbench/combinational/rev_circuit/4b15g_1.qasm,4,15,0,2,causal,1.0,0.9999999999999991,0
VeriQBench,4b15g_1,veriqbench/combinational/rev_circuit/4b15g_1.qasm,4,15,0,3,qpdg,0.4666666666666667,0.9999999999999991,0
VeriQBench,4b15g_1,veriqbench/combinational/rev_circuit/4b15g_1.qasm,4,15,0,3,naive,0.6,0.9999999999999991,0
VeriQBench,4b15g_1,veriqbench/combinational/rev_circuit/4b15g_1.qasm,4,15,0,3,causal,0.8,0.9999999999999991,0
VeriQBench,4b15g_4,veriqbench/combinational/rev_circuit/4b15g_4.qasm,4,15,0,0,qpdg,0.5333333333333333,0.9999999999999991,0
VeriQBench,4b15g_4,veriqbench/combinational/rev_circuit/4b15g_4.qasm,4,15,0,0,naive,0.4666666666666667,0.9999999999999991,0
VeriQBench,4b15g_4,veriqbench/combinational/rev_circuit/4b15g_4.qasm,4,15,0,0,causal,1.0,0.9999999999999991,0
VeriQBench,4b15g_4,veriqbench/combinational/rev_circuit/4b15g_4.qasm,4,15,0,1,qpdg,0.6666666666666666,0.9999999999999991,0
VeriQBench,4b15g_4,veriqbench/combinational/rev_circuit/4b15g_4.qasm,4,15,0,1,naive,0.7333333333333333,0.9999999999999991,0
VeriQBench,4b15g_4,veriqbench/combinational/rev_circuit/4b15g_4.qasm,4,15,0,1,causal,0.8,0.9999999999999991,0
VeriQBench,4b15g_4,veriqbench/combinational/rev_circuit/4b15g_4.qasm,4,15,0,2,qpdg,0.7333333333333333,0.9999999999999991,0
VeriQBench,4b15g_4,veriqbench/combinational/rev_circuit/4b15g_4.qasm,4,15,0,2,naive,1.0,0.9999999999999991,0
VeriQBench,4b15g_4,veriqbench/combinational/rev_circuit/4b15g_4.qasm,4,15,0,2,causal,1.0,0.9999999999999991,0
VeriQBench,4b15g_4,veriqbench/combinational/rev_circuit/4b15g_4.qasm,4,15,0,3,qpdg,0.6,0.9999999999999991,0
VeriQBench,4b15g_4,veriqbench/combinational/rev_circuit/4b15g_4.qasm,4,15,0,3,naive,0.8,0.9999999999999991,0
VeriQBench,4b15g_4,veriqbench/combinational/rev_circuit/4b15g_4.qasm,4,15,0,3,causal,0.8666666666666667,0.9999999999999991,0
VeriQBench,mspk_4_49_14,veriqbench/combinational/rev_circuit/mspk_4_49_14.qasm,4,14,0,0,qpdg,0.6428571428571429,1.0,0
VeriQBench,mspk_4_49_14,veriqbench/combinational/rev_circuit/mspk_4_49_14.qasm,4,14,0,0,naive,0.7857142857142857,1.0,0
VeriQBench,mspk_4_49_14,veriqbench/combinational/rev_circuit/mspk_4_49_14.qasm,4,14,0,0,causal,0.8571428571428571,1.0,0
VeriQBench,mspk_4_49_14,veriqbench/combinational/rev_circuit/mspk_4_49_14.qasm,4,14,0,1,qpdg,0.7142857142857143,1.0,0
VeriQBench,mspk_4_49_14,veriqbench/combinational/rev_circuit/mspk_4_49_14.qasm,4,14,0,1,naive,0.8571428571428571,1.0,0
VeriQBench,mspk_4_49_14,veriqbench/combinational/rev_circuit/mspk_4_49_14.qasm,4,14,0,1,causal,1.0,1.0,0
VeriQBench,mspk_4_49_14,veriqbench/combinational/rev_circuit/mspk_4_49_14.qasm,4,14,0,2,qpdg,0.5714285714285714,1.0,0
VeriQBench,mspk_4_49_14,veriqbench/combinational/rev_circuit/mspk_4_49_14.qasm,4,14,0,2,naive,0.9285714285714286,1.0,0
VeriQBench,mspk_4_49_14,veriqbench/combinational/rev_circuit/mspk_4_49_14.qasm,4,14,0,2,causal,1.0,1.0,0
VeriQBench,mspk_4_49_14,veriqbench/combinational/rev_circuit/mspk_4_49_14.qasm,4,14,0,3,qpdg,0.6428571428571429,1.0,0
VeriQBench,mspk_4_49_14,veriqbench/combinational/rev_circuit/mspk_4_49_14.qasm,4,14,0,3,naive,0.7857142857142857,1.0,0
VeriQBench,mspk_4_49_14,veriqbench/combinational/rev_circuit/mspk_4_49_14.qasm,4,14,0,3,causal,0.9285714285714286,1.0,0
VeriQBench,mspk_4b15g_1,veriqbench/combinational/rev_circuit/mspk_4b15g_1.qasm,4,15,0,0,qpdg,0.6666666666666666,0.9999999999999987,0
VeriQBench,mspk_4b15g_1,veriqbench/combinational/rev_circuit/mspk_4b15g_1.qasm,4,15,0,0,naive,1.0,0.9999999999999987,0
VeriQBench,mspk_4b15g_1,veriqbench/combinational/rev_circuit/mspk_4b15g_1.qasm,4,15,0,0,causal,1.0,0.9999999999999987,0
VeriQBench,mspk_4b15g_1,veriqbench/combinational/rev_circuit/mspk_4b15g_1.qasm,4,15,0,1,qpdg,0.6,0.9999999999999989,0
VeriQBench,mspk_4b15g_1,veriqbench/combinational/rev_circuit/mspk_4b15g_1.qasm,4,15,0,1,naive,1.0,0.9999999999999987,0
VeriQBench,mspk_4b15g_1,veriqbench/combinational/rev_circuit/mspk_4b15g_1.qasm,4,15,0,1,causal,1.0,0.9999999999999987,0
VeriQBench,mspk_4b15g_1,veriqbench/combinational/rev_circuit/mspk_4b15g_1.qasm,4,15,0,2,qpdg,0.6,0.9999999999999989,0
VeriQBench,mspk_4b15g_1,veriqbench/combinational/rev_circuit/mspk_4b15g_1.qasm,4,15,0,2,naive,1.0,0.9999999999999987,0
VeriQBench,mspk_4b15g_1,veriqbench/combinational/rev_circuit/mspk_4b15g_1.qasm,4,15,0,2,causal,1.0,0.9999999999999987,0
VeriQBench,mspk_4b15g_1,veriqbench/combinational/rev_circuit/mspk_4b15g_1.qasm,4,15,0,3,qpdg,0.4666666666666667,0.9999999999999989,0
VeriQBench,mspk_4b15g_1,veriqbench/combinational/rev_circuit/mspk_4b15g_1.qasm,4,15,0,3,naive,1.0,0.9999999999999987,0
VeriQBench,mspk_4b15g_1,veriqbench/combinational/rev_circuit/mspk_4b15g_1.qasm,4,15,0,3,causal,1.0,0.9999999999999987,0
VeriQBench,mspk_4b15g_4,veriqbench/combinational/rev_circuit/mspk_4b15g_4.qasm,4,15,0,0,qpdg,0.4666666666666667,0.9999999999999987,0
VeriQBench,mspk_4b15g_4,veriqbench/combinational/rev_circuit/mspk_4b15g_4.qasm,4,15,0,0,naive,0.6,0.9999999999999987,0
VeriQBench,mspk_4b15g_4,veriqbench/combinational/rev_circuit/mspk_4b15g_4.qasm,4,15,0,0,causal,0.8,0.9999999999999987,0
VeriQBench,mspk_4b15g_4,veriqbench/combinational/rev_circuit/mspk_4b15g_4.qasm,4,15,0,1,qpdg,0.6666666666666666,0.9999999999999987,0
VeriQBench,mspk_4b15g_4,veriqbench/combinational/rev_circuit/mspk_4b15g_4.qasm,4,15,0,1,naive,0.9333333333333333,0.9999999999999987,0
VeriQBench,mspk_4b15g_4,veriqbench/combinational/rev_circuit/mspk_4b15g_4.qasm,4,15,0,1,causal,0.9333333333333333,0.9999999999999987,0
VeriQBench,mspk_4b15g_4,veriqbench/combinational/rev_circuit/mspk_4b15g_4.qasm,4,15,0,2,qpdg,0.5333333333333333,0.9999999999999989,0
VeriQBench,mspk_4b15g_4,veriqbench/combinational/rev_circuit/mspk_4b15g_4.qasm,4,15,0,2,naive,0.9333333333333333,0.9999999999999987,0
VeriQBench,mspk_4b15g_4,veriqbench/combinational/rev_circuit/mspk_4b15g_4.qasm,4,15,0,2,causal,1.0,0.9999999999999987,0
VeriQBench,mspk_4b15g_4,veriqbench/combinational/rev_circuit/mspk_4b15g_4.qasm,4,15,0,3,qpdg,0.6666666666666666,0.9999999999999989,0
VeriQBench,mspk_4b15g_4,veriqbench/combinational/rev_circuit/mspk_4b15g_4.qasm,4,15,0,3,naive,0.8666666666666667,0.9999999999999987,0
VeriQBench,mspk_4b15g_4,veriqbench/combinational/rev_circuit/mspk_4b15g_4.qasm,4,15,0,3,causal,1.0,0.9999999999999987,0
VeriQBench,mspk_nth_primes4_14,veriqbench/combinational/rev_circuit/mspk_nth_primes4_14.qasm,4,14,0,0,qpdg,0.6428571428571429,1.0,0
VeriQBench,mspk_nth_primes4_14,veriqbench/combinational/rev_circuit/mspk_nth_primes4_14.qasm,4,14,0,0,naive,0.8571428571428571,1.0,0
VeriQBench,mspk_nth_primes4_14,veriqbench/combinational/rev_circuit/mspk_nth_primes4_14.qasm,4,14,0,0,causal,0.9285714285714286,1.0,0
VeriQBench,mspk_nth_primes4_14,veriqbench/combinational/rev_circuit/mspk_nth_primes4_14.qasm,4,14,0,1,qpdg,0.5714285714285714,1.0,0
VeriQBench,mspk_nth_primes4_14,veriqbench/combinational/rev_circuit/mspk_nth_primes4_14.qasm,4,14,0,1,naive,0.6428571428571429,1.0,0
VeriQBench,mspk_nth_primes4_14,veriqbench/combinational/rev_circuit/mspk_nth_primes4_14.qasm,4,14,0,1,causal,1.0,1.0,0
VeriQBench,mspk_nth_primes4_14,veriqbench/combinational/rev_circuit/mspk_nth_primes4_14.qasm,4,14,0,2,qpdg,0.5714285714285714,1.0,0
VeriQBench,mspk_nth_primes4_14,veriqbench/combinational/rev_circuit/mspk_nth_primes4_14.qasm,4,14,0,2,naive,0.7142857142857143,1.0,0
VeriQBench,mspk_nth_primes4_14,veriqbench/combinational/rev_circuit/mspk_nth_primes4_14.qasm,4,14,0,2,causal,1.0,1.0,0
VeriQBench,mspk_nth_primes4_14,veriqbench/combinational/rev_circuit/mspk_nth_primes4_14.qasm,4,14,0,3,qpdg,0.5714285714285714,1.0,0
VeriQBench,mspk_nth_primes4_14,veriqbench/combinational/rev_circuit/mspk_nth_primes4_14.qasm,4,14,0,3,naive,0.9285714285714286,1.0,0
VeriQBench,mspk_nth_primes4_14,veriqbench/combinational/rev_circuit/mspk_nth_primes4_14.qasm,4,14,0,3,causal,0.9285714285714286,1.0,0
VeriQBench,4b15g_5,veriqbench/combinational/rev_circuit/4b15g_5.qasm,4,15,0,0,qpdg,0.6,1.0,0
VeriQBench,4b15g_5,veriqbench/combinational/rev_circuit/4b15g_5.qasm,4,15,0,0,naive,0.6666666666666666,1.0,0
VeriQBench,4b15g_5,veriqbench/combinational/rev_circuit/4b15g_5.qasm,4,15,0,0,causal,1.0,1.0,0
VeriQBench,4b15g_5,veriqbench/combinational/rev_circuit/4b15g_5.qasm,4,15,0,1,qpdg,0.7333333333333333,1.0,0
VeriQBench,4b15g_5,veriqbench/combinational/rev_circuit/4b15g_5.qasm,4,15,0,1,naive,0.8,1.0,0
VeriQBench,4b15g_5,veriqbench/combinational/rev_circuit/4b15g_5.qasm,4,15,0,1,causal,1.0,1.0,0
VeriQBench,4b15g_5,veriqbench/combinational/rev_circuit/4b15g_5.qasm,4,15,0,2,qpdg,0.8,1.0,0
VeriQBench,4b15g_5,veriqbench/combinational/rev_circuit/4b15g_5.qasm,4,15,0,2,naive,1.0,1.0,0
VeriQBench,4b15g_5,veriqbench/combinational/rev_circuit/4b15g_5.qasm,4,15,0,2,causal,1.0,1.0,0
VeriQBench,4b15g_5,veriqbench/combinational/rev_circuit/4b15g_5.qasm,4,15,0,3,qpdg,0.6666666666666666,1.0,0
VeriQBench,4b15g_5,veriqbench/combinational/rev_circuit/4b15g_5.qasm,4,15,0,3,naive,0.7333333333333333,1.0,0
VeriQBench,4b15g_5,veriqbench/combinational/rev_circuit/4b15g_5.qasm,4,15,0,3,causal,0.9333333333333333,1.0,0
VeriQBench,hwb4tc,veriqbench/combinational/rev_circuit/hwb4tc.qasm,4,17,0,0,qpdg,0.7058823529411765,0.9999999999999982,0
VeriQBench,hwb4tc,veriqbench/combinational/rev_circuit/hwb4tc.qasm,4,17,0,0,naive,1.0,0.9999999999999982,0
VeriQBench,hwb4tc,veriqbench/combinational/rev_circuit/hwb4tc.qasm,4,17,0,0,causal,1.0,0.9999999999999982,0
VeriQBench,hwb4tc,veriqbench/combinational/rev_circuit/hwb4tc.qasm,4,17,0,1,qpdg,0.5294117647058824,0.9999999999999982,0
VeriQBench,hwb4tc,veriqbench/combinational/rev_circuit/hwb4tc.qasm,4,17,0,1,naive,0.9411764705882353,0.9999999999999982,0
VeriQBench,hwb4tc,veriqbench/combinational/rev_circuit/hwb4tc.qasm,4,17,0,1,causal,1.0,0.9999999999999982,0
VeriQBench,hwb4tc,veriqbench/combinational/rev_circuit/hwb4tc.qasm,4,17,0,2,qpdg,0.5882352941176471,0.9999999999999982,0
VeriQBench,hwb4tc,veriqbench/combinational/rev_circuit/hwb4tc.qasm,4,17,0,2,naive,0.5882352941176471,0.9999999999999982,0
VeriQBench,hwb4tc,veriqbench/combinational/rev_circuit/hwb4tc.qasm,4,17,0,2,causal,0.8235294117647058,0.9999999999999982,0
VeriQBench,hwb4tc,veriqbench/combinational/rev_circuit/hwb4tc.qasm,4,17,0,3,qpdg,0.7647058823529411,0.9999999999999982,0
VeriQBench,hwb4tc,veriqbench/combinational/rev_circuit/hwb4tc.qasm,4,17,0,3,naive,0.7058823529411765,0.9999999999999982,0
VeriQBench,hwb4tc,veriqbench/combinational/rev_circuit/hwb4tc.qasm,4,17,0,3,causal,0.7647058823529411,0.9999999999999982,0
VeriQBench,mspk_4b15g_2,veriqbench/combinational/rev_circuit/mspk_4b15g_2.qasm,4,15,0,0,qpdg,0.6,1.0,0
VeriQBench,mspk_4b15g_2,veriqbench/combinational/rev_circuit/mspk_4b15g_2.qasm,4,15,0,0,naive,0.7333333333333333,1.0,0
VeriQBench,mspk_4b15g_2,veriqbench/combinational/rev_circuit/mspk_4b15g_2.qasm,4,15,0,0,causal,1.0,1.0,0
VeriQBench,mspk_4b15g_2,veriqbench/combinational/rev_circuit/mspk_4b15g_2.qasm,4,15,0,1,qpdg,0.7333333333333333,1.0,0
VeriQBench,mspk_4b15g_2,veriqbench/combinational/rev_circuit/mspk_4b15g_2.qasm,4,15,0,1,naive,0.9333333333333333,1.0,0
VeriQBench,mspk_4b15g_2,veriqbench/combinational/rev_circuit/mspk_4b15g_2.qasm,4,15,0,1,causal,1.0,1.0,0
VeriQBench,mspk_4b15g_2,veriqbench/combinational/rev_circuit/mspk_4b15g_2.qasm,4,15,0,2,qpdg,0.6666666666666666,1.0,0
VeriQBench,mspk_4b15g_2,veriqbench/combinational/rev_circuit/mspk_4b15g_2.qasm,4,15,0,2,naive,0.7333333333333333,1.0,0
VeriQBench,mspk_4b15g_2,veriqbench/combinational/rev_circuit/mspk_4b15g_2.qasm,4,15,0,2,causal,1.0,1.0,0
VeriQBench,mspk_4b15g_2,veriqbench/combinational/rev_circuit/mspk_4b15g_2.qasm,4,15,0,3,qpdg,0.6666666666666666,1.0,0
VeriQBench,mspk_4b15g_2,veriqbench/combinational/rev_circuit/mspk_4b15g_2.qasm,4,15,0,3,naive,0.8,1.0,0
VeriQBench,mspk_4b15g_2,veriqbench/combinational/rev_circuit/mspk_4b15g_2.qasm,4,15,0,3,causal,0.9333333333333333,1.0,0
VeriQBench,mspk_4b15g_3,veriqbench/combinational/rev_circuit/mspk_4b15g_3.qasm,4,15,0,0,qpdg,0.5333333333333333,1.0,0
VeriQBench,mspk_4b15g_3,veriqbench/combinational/rev_circuit/mspk_4b15g_3.qasm,4,15,0,0,naive,0.6,1.0,0
VeriQBench,mspk_4b15g_3,veriqbench/combinational/rev_circuit/mspk_4b15g_3.qasm,4,15,0,0,causal,0.7333333333333333,1.0,0
VeriQBench,mspk_4b15g_3,veriqbench/combinational/rev_circuit/mspk_4b15g_3.qasm,4,15,0,1,qpdg,0.7333333333333333,1.0,0
VeriQBench,mspk_4b15g_3,veriqbench/combinational/rev_circuit/mspk_4b15g_3.qasm,4,15,0,1,naive,0.8,1.0,0
VeriQBench,mspk_4b15g_3,veriqbench/combinational/rev_circuit/mspk_4b15g_3.qasm,4,15,0,1,causal,0.9333333333333333,1.0,0
VeriQBench,mspk_4b15g_3,veriqbench/combinational/rev_circuit/mspk_4b15g_3.qasm,4,15,0,2,qpdg,0.6,1.0,0
VeriQBench,mspk_4b15g_3,veriqbench/combinational/rev_circuit/mspk_4b15g_3.qasm,4,15,0,2,naive,0.8666666666666667,1.0,0
VeriQBench,mspk_4b15g_3,veriqbench/combinational/rev_circuit/mspk_4b15g_3.qasm,4,15,0,2,causal,0.9333333333333333,1.0,0
VeriQBench,mspk_4b15g_3,veriqbench/combinational/rev_circuit/mspk_4b15g_3.qasm,4,15,0,3,qpdg,0.7333333333333333,1.0,0
VeriQBench,mspk_4b15g_3,veriqbench/combinational/rev_circuit/mspk_4b15g_3.qasm,4,15,0,3,naive,0.9333333333333333,1.0,0
VeriQBench,mspk_4b15g_3,veriqbench/combinational/rev_circuit/mspk_4b15g_3.qasm,4,15,0,3,causal,0.9333333333333333,1.0,0
VeriQBench,mspk_4b15g_5,veriqbench/combinational/rev_circuit/mspk_4b15g_5.qasm,4,15,0,0,qpdg,0.6666666666666666,1.0,0
VeriQBench,mspk_4b15g_5,veriqbench/combinational/rev_circuit/mspk_4b15g_5.qasm,4,15,0,0,naive,0.6,1.0,0
VeriQBench,mspk_4b15g_5,veriqbench/combinational/rev_circuit/mspk_4b15g_5.qasm,4,15,0,0,causal,0.8666666666666667,1.0,0
VeriQBench,mspk_4b15g_5,veriqbench/combinational/rev_circuit/mspk_4b15g_5.qasm,4,15,0,1,qpdg,0.6666666666666666,1.0,0
VeriQBench,mspk_4b15g_5,veriqbench/combinational/rev_circuit/mspk_4b15g_5.qasm,4,15,0,1,naive,0.9333333333333333,1.0,0
VeriQBench,mspk_4b15g_5,veriqbench/combinational/rev_circuit/mspk_4b15g_5.qasm,4,15,0,1,causal,1.0,1.0,0
VeriQBench,mspk_4b15g_5,veriqbench/combinational/rev_circuit/mspk_4b15g_5.qasm,4,15,0,2,qpdg,0.7333333333333333,1.0,0
VeriQBench,mspk_4b15g_5,veriqbench/combinational/rev_circuit/mspk_4b15g_5.qasm,4,15,0,2,naive,0.8,1.0,0
VeriQBench,mspk_4b15g_5,veriqbench/combinational/rev_circuit/mspk_4b15g_5.qasm,4,15,0,2,causal,1.0,1.0,0
VeriQBench,mspk_4b15g_5,veriqbench/combinational/rev_circuit/mspk_4b15g_5.qasm,4,15,0,3,qpdg,0.5333333333333333,1.0,0
VeriQBench,mspk_4b15g_5,veriqbench/combinational/rev_circuit/mspk_4b15g_5.qasm,4,15,0,3,naive,0.9333333333333333,1.0,0
VeriQBench,mspk_4b15g_5,veriqbench/combinational/rev_circuit/mspk_4b15g_5.qasm,4,15,0,3,causal,0.9333333333333333,1.0,0
VeriQBench,4_49_fc,veriqbench/combinational/rev_circuit/4_49_fc.qasm,4,23,0,0,qpdg,0.6521739130434783,0.9999999999999947,0
VeriQBench,4_49_fc,veriqbench/combinational/rev_circuit/4_49_fc.qasm,4,23,0,0,naive,0.8260869565217391,0.9999999999999947,0
VeriQBench,4_49_fc,veriqbench/combinational/rev_circuit/4_49_fc.qasm,4,23,0,0,causal,0.8695652173913043,0.9999999999999947,0
VeriQBench,4_49_fc,veriqbench/combinational/rev_circuit/4_49_fc.qasm,4,23,0,1,qpdg,0.7391304347826086,0.9999999999999947,0
VeriQBench,4_49_fc,veriqbench/combinational/rev_circuit/4_49_fc.qasm,4,23,0,1,naive,0.8260869565217391,0.9999999999999947,0
VeriQBench,4_49_fc,veriqbench/combinational/rev_circuit/4_49_fc.qasm,4,23,0,1,causal,0.9565217391304348,0.9999999999999947,0
VeriQBench,4_49_fc,veriqbench/combinational/rev_circuit/4_49_fc.qasm,4,23,0,2,qpdg,0.6956521739130435,0.9999999999999947,0
VeriQBench,4_49_fc,veriqbench/combinational/rev_circuit/4_49_fc.qasm,4,23,0,2,naive,0.782608695652174,0.9999999999999947,0
VeriQBench,4_49_fc,veriqbench/combinational/rev_circuit/4_49_fc.qasm,4,23,0,2,causal,0.8695652173913043,0.9999999999999947,0
VeriQBench,4_49_fc,veriqbench/combinational/rev_circuit/4_49_fc.qasm,4,23,0,3,qpdg,0.9130434782608695,0.9999999999999947,0
VeriQBench,4_49_fc,veriqbench/combinational/rev_circuit/4_49_fc.qasm,4,23,0,3,naive,0.8695652173913043,0.9999999999999947,0
VeriQBench,4_49_fc,veriqbench/combinational/rev_circuit/4_49_fc.qasm,4,23,0,3,causal,0.9565217391304348,0.9999999999999947,0
VeriQBench,eff_1_4,veriqbench/variational/EfficientSU2/eff_1_4.qasm,4,19,0,0,qpdg,0.2631578947368421,1.0,0
VeriQBench,eff_1_4,veriqbench/variational/EfficientSU2/eff_1_4.qasm,4,19,0,0,naive,0.21052631578947367,0.9999999993783637,0
VeriQBench,eff_1_4,veriqbench/variational/EfficientSU2/eff_1_4.qasm,4,19,0,0,causal,0.3684210526315789,1.0,0
VeriQBench,eff_1_4,veriqbench/variational/EfficientSU2/eff_1_4.qasm,4,19,0,1,qpdg,0.3684210526315789,0.9999999998382961,0
VeriQBench,eff_1_4,veriqbench/variational/EfficientSU2/eff_1_4.qasm,4,19,0,1,naive,0.3684210526315789,0.9999999999647227,0
VeriQBench,eff_1_4,veriqbench/variational/EfficientSU2/eff_1_4.qasm,4,19,0,1,causal,0.5263157894736842,1.0,0
VeriQBench,eff_1_4,veriqbench/variational/EfficientSU2/eff_1_4.qasm,4,19,0,2,qpdg,0.5263157894736842,0.9999999998522289,0
VeriQBench,eff_1_4,veriqbench/variational/EfficientSU2/eff_1_4.qasm,4,19,0,2,naive,0.5263157894736842,0.9999999999893208,0
VeriQBench,eff_1_4,veriqbench/variational/EfficientSU2/eff_1_4.qasm,4,19,0,2,causal,0.6842105263157895,1.0,0
VeriQBench,eff_1_4,veriqbench/variational/EfficientSU2/eff_1_4.qasm,4,19,0,3,qpdg,0.631578947368421,0.9999999998522291,0
VeriQBench,eff_1_4,veriqbench/variational/EfficientSU2/eff_1_4.qasm,4,19,0,3,naive,0.6842105263157895,1.0,0
VeriQBench,eff_1_4,veriqbench/variational/EfficientSU2/eff_1_4.qasm,4,19,0,3,causal,0.6842105263157895,1.0,0
VeriQBench,eff_2_4,veriqbench/variational/EfficientSU2/eff_2_4.qasm,4,19,0,0,qpdg,0.2631578947368421,1.0,0
VeriQBench,eff_2_4,veriqbench/variational/EfficientSU2/eff_2_4.qasm,4,19,0,0,naive,0.21052631578947367,0.9999999996996811,0
VeriQBench,eff_2_4,veriqbench/variational/EfficientSU2/eff_2_4.qasm,4,19,0,0,causal,0.3684210526315789,1.0,0
VeriQBench,eff_2_4,veriqbench/variational/EfficientSU2/eff_2_4.qasm,4,19,0,1,qpdg,0.42105263157894735,1.0,0
VeriQBench,eff_2_4,veriqbench/variational/EfficientSU2/eff_2_4.qasm,4,19,0,1,naive,0.3684210526315789,0.9999999995923117,0
VeriQBench,eff_2_4,veriqbench/variational/EfficientSU2/eff_2_4.qasm,4,19,0,1,causal,0.5263157894736842,1.0,0
VeriQBench,eff_2_4,veriqbench/variational/EfficientSU2/eff_2_4.qasm,4,19,0,2,qpdg,0.42105263157894735,0.9999999999893211,0
VeriQBench,eff_2_4,veriqbench/variational/EfficientSU2/eff_2_4.qasm,4,19,0,2,naive,0.5263157894736842,0.9999999998550116,0
VeriQBench,eff_2_4,veriqbench/variational/EfficientSU2/eff_2_4.qasm,4,19,0,2,causal,0.6842105263157895,0.9999999999999998,0
VeriQBench,eff_2_4,veriqbench/variational/EfficientSU2/eff_2_4.qasm,4,19,0,3,qpdg,0.3157894736842105,0.9999999993943813,0
VeriQBench,eff_2_4,veriqbench/variational/EfficientSU2/eff_2_4.qasm,4,19,0,3,naive,0.6842105263157895,1.0,0
VeriQBench,eff_2_4,veriqbench/variational/EfficientSU2/eff_2_4.qasm,4,19,0,3,causal,0.6842105263157895,1.0,0
VeriQBench,eff_3_4,veriqbench/variational/EfficientSU2/eff_3_4.qasm,4,19,0,0,qpdg,0.2631578947368421,1.0,0
VeriQBench,eff_3_4,veriqbench/variational/EfficientSU2/eff_3_4.qasm,4,19,0,0,naive,0.21052631578947367,0.9999999995395639,0
VeriQBench,eff_3_4,veriqbench/variational/EfficientSU2/eff_3_4.qasm,4,19,0,0,causal,0.3684210526315789,1.0,0
VeriQBench,eff_3_4,veriqbench/variational/EfficientSU2/eff_3_4.qasm,4,19,0,1,qpdg,0.3684210526315789,0.9999999999098597,0
VeriQBench,eff_3_4,veriqbench/variational/EfficientSU2/eff_3_4.qasm,4,19,0,1,naive,0.3684210526315789,0.9999999999426958,0
VeriQBench,eff_3_4,veriqbench/variational/EfficientSU2/eff_3_4.qasm,4,19,0,1,causal,0.5263157894736842,1.0,0
VeriQBench,eff_3_4,veriqbench/variational/EfficientSU2/eff_3_4.qasm,4,19,0,2,qpdg,0.47368421052631576,0.999999999833013,0
VeriQBench,eff_3_4,veriqbench/variational/EfficientSU2/eff_3_4.qasm,4,19,0,2,naive,0.5263157894736842,0.999999999978913,0
VeriQBench,eff_3_4,veriqbench/variational/EfficientSU2/eff_3_4.qasm,4,19,0,2,causal,0.6842105263157895,0.9999999999999999,0
VeriQBench,eff_3_4,veriqbench/variational/EfficientSU2/eff_3_4.qasm,4,19,0,3,qpdg,0.3157894736842105,0.9999999996946388,0
VeriQBench,eff_3_4,veriqbench/variational/EfficientSU2/eff_3_4.qasm,4,19,0,3,naive,0.6842105263157895,1.0,0
VeriQBench,eff_3_4,veriqbench/variational/EfficientSU2/eff_3_4.qasm,4,19,0,3,causal,0.6842105263157895,1.0,0
VeriQBench,eff_4_4,veriqbench/variational/EfficientSU2/eff_4_4.qasm,4,19,0,0,qpdg,0.2631578947368421,0.9999999999999998,0
VeriQBench,eff_4_4,veriqbench/variational/EfficientSU2/eff_4_4.qasm,4,19,0,0,naive,0.21052631578947367,0.9999999968376433,0
VeriQBench,eff_4_4,veriqbench/variational/EfficientSU2/eff_4_4.qasm,4,19,0,0,causal,0.3684210526315789,0.9999999999999997,0
VeriQBench,eff_4_4,veriqbench/variational/EfficientSU2/eff_4_4.qasm,4,19,0,1,qpdg,0.42105263157894735,0.9999999999999997,0
VeriQBench,eff_4_4,veriqbench/variational/EfficientSU2/eff_4_4.qasm,4,19,0,1,naive,0.3684210526315789,0.9999999999509105,0
VeriQBench,eff_4_4,veriqbench/variational/EfficientSU2/eff_4_4.qasm,4,19,0,1,causal,0.5263157894736842,0.9999999999999997,0
VeriQBench,eff_4_4,veriqbench/variational/EfficientSU2/eff_4_4.qasm,4,19,0,2,qpdg,0.5789473684210527,0.9999999999999996,0
VeriQBench,eff_4_4,veriqbench/variational/EfficientSU2/eff_4_4.qasm,4,19,0,2,naive,0.5263157894736842,0.9999999998914246,0
VeriQBench,eff_4_4,veriqbench/variational/EfficientSU2/eff_4_4.qasm,4,19,0,2,causal,0.6842105263157895,0.9999999999999997,0
VeriQBench,eff_4_4,veriqbench/variational/EfficientSU2/eff_4_4.qasm,4,19,0,3,qpdg,0.631578947368421,0.9999999999983028,0
VeriQBench,eff_4_4,veriqbench/variational/EfficientSU2/eff_4_4.qasm,4,19,0,3,naive,0.6842105263157895,0.9999999999999994,0
VeriQBench,eff_4_4,veriqbench/variational/EfficientSU2/eff_4_4.qasm,4,19,0,3,causal,0.6842105263157895,0.9999999999999994,0
VeriQBench,eff_5_4,veriqbench/variational/EfficientSU2/eff_5_4.qasm,4,19,0,0,qpdg,0.2631578947368421,1.0,0
VeriQBench,eff_5_4,veriqbench/variational/EfficientSU2/eff_5_4.qasm,4,19,0,0,naive,0.21052631578947367,0.999999998148576,0
VeriQBench,eff_5_4,veriqbench/variational/EfficientSU2/eff_5_4.qasm,4,19,0,0,causal,0.3684210526315789,1.0,0
VeriQBench,eff_5_4,veriqbench/variational/EfficientSU2/eff_5_4.qasm,4,19,0,1,qpdg,0.42105263157894735,1.0,0
VeriQBench,eff_5_4,veriqbench/variational/EfficientSU2/eff_5_4.qasm,4,19,0,1,naive,0.3684210526315789,0.9999999998409236,0
VeriQBench,eff_5_4,veriqbench/variational/EfficientSU2/eff_5_4.qasm,4,19,0,1,causal,0.5263157894736842,1.0,0
VeriQBench,eff_5_4,veriqbench/variational/EfficientSU2/eff_5_4.qasm,4,19,0,2,qpdg,0.42105263157894735,0.9999999997314825,0
VeriQBench,eff_5_4,veriqbench/variational/EfficientSU2/eff_5_4.qasm,4,19,0,2,naive,0.5263157894736842,0.9999999997381879,0
VeriQBench,eff_5_4,veriqbench/variational/EfficientSU2/eff_5_4.qasm,4,19,0,2,causal,0.6842105263157895,1.0,0
VeriQBench,eff_5_4,veriqbench/variational/EfficientSU2/eff_5_4.qasm,4,19,0,3,qpdg,0.631578947368421,0.9999999999870947,0
VeriQBench,eff_5_4,veriqbench/variational/EfficientSU2/eff_5_4.qasm,4,19,0,3,naive,0.6842105263157895,1.0,0
VeriQBench,eff_5_4,veriqbench/variational/EfficientSU2/eff_5_4.qasm,4,19,0,3,causal,0.6842105263157895,1.0,0
VeriQBench,rand_cliff_4_GD,veriqbench/combinational/rand_cliff/rand_cliff_4_GD.qasm,4,23,0,0,qpdg,0.6086956521739131,0.9999999999999987,0
VeriQBench,rand_cliff_4_GD,veriqbench/combinational/rand_cliff/rand_cliff_4_GD.qasm,4,23,0,0,naive,0.8695652173913043,0.9999999999999982,0
VeriQBench,rand_cliff_4_GD,veriqbench/combinational/rand_cliff/rand_cliff_4_GD.qasm,4,23,0,0,causal,0.8695652173913043,0.9999999999999982,0
VeriQBench,rand_cliff_4_GD,veriqbench/combinational/rand_cliff/rand_cliff_4_GD.qasm,4,23,0,1,qpdg,0.2608695652173913,0.9999999999999989,0
VeriQBench,rand_cliff_4_GD,veriqbench/combinational/rand_cliff/rand_cliff_4_GD.qasm,4,23,0,1,naive,0.391304347826087,0.49999999999999933,1
VeriQBench,rand_cliff_4_GD,veriqbench/combinational/rand_cliff/rand_cliff_4_GD.qasm,4,23,0,1,causal,0.4782608695652174,0.9999999999999987,0
VeriQBench,rand_cliff_4_GD,veriqbench/combinational/rand_cliff/rand_cliff_4_GD.qasm,4,23,0,2,qpdg,0.391304347826087,0.9999999999999987,0
VeriQBench,rand_cliff_4_GD,veriqbench/combinational/rand_cliff/rand_cliff_4_GD.qasm,4,23,0,2,naive,0.5217391304347826,0.9999999999999986,0
VeriQBench,rand_cliff_4_GD,veriqbench/combinational/rand_cliff/rand_cliff_4_GD.qasm,4,23,0,2,causal,0.5652173913043478,0.9999999999999986,0
VeriQBench,rand_cliff_4_GD,veriqbench/combinational/rand_cliff/rand_cliff_4_GD.qasm,4,23,0,3,qpdg,0.5652173913043478,0.9999999999999987,0
VeriQBench,rand_cliff_4_GD,veriqbench/combinational/rand_cliff/rand_cliff_4_GD.qasm,4,23,0,3,naive,0.8260869565217391,0.9999999999999982,0
VeriQBench,rand_cliff_4_GD,veriqbench/combinational/rand_cliff/rand_cliff_4_GD.qasm,4,23,0,3,causal,0.8695652173913043,0.9999999999999982,0
VeriQBench,rand_cliff_4_AG,veriqbench/combinational/rand_cliff/rand_cliff_4_AG.qasm,4,25,0,0,qpdg,0.4,0.9999999999999982,0
VeriQBench,rand_cliff_4_AG,veriqbench/combinational/rand_cliff/rand_cliff_4_AG.qasm,4,25,0,0,naive,1.0,0.9999999999999973,0
VeriQBench,rand_cliff_4_AG,veriqbench/combinational/rand_cliff/rand_cliff_4_AG.qasm,4,25,0,0,causal,1.0,0.9999999999999973,0
VeriQBench,rand_cliff_4_AG,veriqbench/combinational/rand_cliff/rand_cliff_4_AG.qasm,4,25,0,1,qpdg,0.52,0.9999999999999981,0
VeriQBench,rand_cliff_4_AG,veriqbench/combinational/rand_cliff/rand_cliff_4_AG.qasm,4,25,0,1,naive,0.76,0.9999999999999976,0
VeriQBench,rand_cliff_4_AG,veriqbench/combinational/rand_cliff/rand_cliff_4_AG.qasm,4,25,0,1,causal,1.0,0.9999999999999973,0
VeriQBench,rand_cliff_4_AG,veriqbench/combinational/rand_cliff/rand_cliff_4_AG.qasm,4,25,0,2,qpdg,0.44,0.9999999999999982,0
VeriQBench,rand_cliff_4_AG,veriqbench/combinational/rand_cliff/rand_cliff_4_AG.qasm,4,25,0,2,naive,0.76,0.4999999999999988,1
VeriQBench,rand_cliff_4_AG,veriqbench/combinational/rand_cliff/rand_cliff_4_AG.qasm,4,25,0,2,causal,0.92,0.9999999999999973,0
VeriQBench,rand_cliff_4_AG,veriqbench/combinational/rand_cliff/rand_cliff_4_AG.qasm,4,25,0,3,qpdg,0.56,0.9999999999999981,0
VeriQBench,rand_cliff_4_AG,veriqbench/combinational/rand_cliff/rand_cliff_4_AG.qasm,4,25,0,3,naive,0.44,0.999999999999998,0
VeriQBench,rand_cliff_4_AG,veriqbench/combinational/rand_cliff/rand_cliff_4_AG.qasm,4,25,0,3,causal,0.88,0.9999999999999973,0
VeriQBench,qcnn_4,veriqbench/variational/QCNN/qcnn_4.qasm,4,66,0,0,qpdg,0.45454545454545453,1.0,0
VeriQBench,qcnn_4,veriqbench/variational/QCNN/qcnn_4.qasm,4,66,0,0,naive,0.4696969696969697,0.983885359654542,1
VeriQBench,qcnn_4,veriqbench/variational/QCNN/qcnn_4.qasm,4,66,0,0,causal,0.5303030303030303,1.0,0
VeriQBench,qcnn_4,veriqbench/variational/QCNN/qcnn_4.qasm,4,66,0,1,qpdg,0.48484848484848486,1.0,0
VeriQBench,qcnn_4,veriqbench/variational/QCNN/qcnn_4.qasm,4,66,0,1,naive,0.5303030303030303,1.0,0
VeriQBench,qcnn_4,veriqbench/variational/QCNN/qcnn_4.qasm,4,66,0,1,causal,0.5606060606060606,1.0,0
VeriQBench,qcnn_4,veriqbench/variational/QCNN/qcnn_4.qasm,4,66,0,2,qpdg,0.9090909090909091,1.0,0
VeriQBench,qcnn_4,veriqbench/variational/QCNN/qcnn_4.qasm,4,66,0,2,naive,0.9545454545454546,0.8044417108281126,1
VeriQBench,qcnn_4,veriqbench/variational/QCNN/qcnn_4.qasm,4,66,0,2,causal,0.9848484848484849,1.0,0
VeriQBench,qcnn_4,veriqbench/variational/QCNN/qcnn_4.qasm,4,66,0,3,qpdg,0.9242424242424242,1.0,0
VeriQBench,qcnn_4,veriqbench/variational/QCNN/qcnn_4.qasm,4,66,0,3,naive,1.0,1.0,0
VeriQBench,qcnn_4,veriqbench/variational/QCNN/qcnn_4.qasm,4,66,0,3,causal,1.0,1.0,0
VeriQBench,quantum_volume_n4_d5_i0,veriqbench/combinational/qv/quantum_volume_n4_d5_i0.qasm,4,100,0,0,qpdg,0.87,1.0,0
VeriQBench,quantum_volume_n4_d5_i0,veriqbench/combinational/qv/quantum_volume_n4_d5_i0.qasm,4,100,0,0,naive,0.87,1.0,0
VeriQBench,quantum_volume_n4_d5_i0,veriqbench/combinational/qv/quantum_volume_n4_d5_i0.qasm,4,100,0,0,causal,0.87,1.0,0
VeriQBench,quantum_volume_n4_d5_i0,veriqbench/combinational/qv/quantum_volume_n4_d5_i0.qasm,4,100,0,1,qpdg,0.87,1.0,0
VeriQBench,quantum_volume_n4_d5_i0,veriqbench/combinational/qv/quantum_volume_n4_d5_i0.qasm,4,100,0,1,naive,0.86,0.9907425071887561,1
VeriQBench,quantum_volume_n4_d5_i0,veriqbench/combinational/qv/quantum_volume_n4_d5_i0.qasm,4,100,0,1,causal,0.87,1.0,0
VeriQBench,quantum_volume_n4_d5_i0,veriqbench/combinational/qv/quantum_volume_n4_d5_i0.qasm,4,100,0,2,qpdg,0.87,1.0,0
VeriQBench,quantum_volume_n4_d5_i0,veriqbench/combinational/qv/quantum_volume_n4_d5_i0.qasm,4,100,0,2,naive,0.84,0.9786624002095137,1
VeriQBench,quantum_volume_n4_d5_i0,veriqbench/combinational/qv/quantum_volume_n4_d5_i0.qasm,4,100,0,2,causal,0.87,1.0,0
VeriQBench,quantum_volume_n4_d5_i0,veriqbench/combinational/qv/quantum_volume_n4_d5_i0.qasm,4,100,0,3,qpdg,0.87,1.0,0
VeriQBench,quantum_volume_n4_d5_i0,veriqbench/combinational/qv/quantum_volume_n4_d5_i0.qasm,4,100,0,3,naive,0.85,0.9023735404930351,1
VeriQBench,quantum_volume_n4_d5_i0,veriqbench/combinational/qv/quantum_volume_n4_d5_i0.qasm,4,100,0,3,causal,0.87,1.0,0
VeriQBench,5QBT_4CYC_4GN_1.0P2_0,veriqbench/combinational/qubit_mapping/Ourense/5QBT_4CYC_4GN_1.0P2_0.qasm,5,4,0,0,qpdg,0.25,1.0,0
VeriQBench,5QBT_4CYC_4GN_1.0P2_0,veriqbench/combinational/qubit_mapping/Ourense/5QBT_4CYC_4GN_1.0P2_0.qasm,5,4,0,0,naive,1.0,1.0,0
VeriQBench,5QBT_4CYC_4GN_1.0P2_0,veriqbench/combinational/qubit_mapping/Ourense/5QBT_4CYC_4GN_1.0P2_0.qasm,5,4,0,0,causal,1.0,1.0,0
VeriQBench,5QBT_4CYC_4GN_1.0P2_0,veriqbench/combinational/qubit_mapping/Ourense/5QBT_4CYC_4GN_1.0P2_0.qasm,5,4,0,1,qpdg,0.75,1.0,0
VeriQBench,5QBT_4CYC_4GN_1.0P2_0,veriqbench/combinational/qubit_mapping/Ourense/5QBT_4CYC_4GN_1.0P2_0.qasm,5,4,0,1,naive,0.5,1.0,0
VeriQBench,5QBT_4CYC_4GN_1.0P2_0,veriqbench/combinational/qubit_mapping/Ourense/5QBT_4CYC_4GN_1.0P2_0.qasm,5,4,0,1,causal,0.75,1.0,0
VeriQBench,5QBT_4CYC_4GN_1.0P2_0,veriqbench/combinational/qubit_mapping/Ourense/5QBT_4CYC_4GN_1.0P2_0.qasm,5,4,0,2,qpdg,0.0,1.0,0
VeriQBench,5QBT_4CYC_4GN_1.0P2_0,veriqbench/combinational/qubit_mapping/Ourense/5QBT_4CYC_4GN_1.0P2_0.qasm,5,4,0,2,naive,0.0,1.0,0
VeriQBench,5QBT_4CYC_4GN_1.0P2_0,veriqbench/combinational/qubit_mapping/Ourense/5QBT_4CYC_4GN_1.0P2_0.qasm,5,4,0,2,causal,0.0,1.0,0
VeriQBench,5QBT_4CYC_4GN_1.0P2_0,veriqbench/combinational/qubit_mapping/Ourense/5QBT_4CYC_4GN_1.0P2_0.qasm,5,4,0,3,qpdg,0.5,1.0,0
VeriQBench,5QBT_4CYC_4GN_1.0P2_0,veriqbench/combinational/qubit_mapping/Ourense/5QBT_4CYC_4GN_1.0P2_0.qasm,5,4,0,3,naive,0.75,1.0,0
VeriQBench,5QBT_4CYC_4GN_1.0P2_0,veriqbench/combinational/qubit_mapping/Ourense/5QBT_4CYC_4GN_1.0P2_0.qasm,5,4,0,3,causal,1.0,1.0,0
VeriQBench,5QBT_4CYC_4GN_1.0P2_0,veriqbench/combinational/qubit_mapping/Ourense/5QBT_4CYC_4GN_1.0P2_0.qasm,5,4,0,4,qpdg,0.5,1.0,0
VeriQBench,5QBT_4CYC_4GN_1.0P2_0,veriqbench/combinational/qubit_mapping/Ourense/5QBT_4CYC_4GN_1.0P2_0.qasm,5,4,0,4,naive,0.0,1.0,0
VeriQBench,5QBT_4CYC_4GN_1.0P2_0,veriqbench/combinational/qubit_mapping/Ourense/5QBT_4CYC_4GN_1.0P2_0.qasm,5,4,0,4,causal,0.5,1.0,0
VeriQBench,mod_4mod5-n5-gc4-qc13,veriqbench/combinational/rev_circuit/mod_4mod5-n5-gc4-qc13.qasm,5,4,0,0,qpdg,0.5,1.0,0
VeriQBench,mod_4mod5-n5-gc4-qc13,veriqbench/combinational/rev_circuit/mod_4mod5-n5-gc4-qc13.qasm,5,4,0,0,naive,0.0,1.0,0
VeriQBench,mod_4mod5-n5-gc4-qc13,veriqbench/combinational/rev_circuit/mod_4mod5-n5-gc4-qc13.qasm,5,4,0,0,causal,1.0,1.0,0
VeriQBench,mod_4mod5-n5-gc4-qc13,veriqbench/combinational/rev_circuit/mod_4mod5-n5-gc4-qc13.qasm,5,4,0,1,qpdg,0.25,1.0,0
VeriQBench,mod_4mod5-n5-gc4-qc13,veriqbench/combinational/rev_circuit/mod_4mod5-n5-gc4-qc13.qasm,5,4,0,1,naive,0.0,1.0,0
VeriQBench,mod_4mod5-n5-gc4-qc13,veriqbench/combinational/rev_circuit/mod_4mod5-n5-gc4-qc13.qasm,5,4,0,1,causal,0.75,1.0,0
VeriQBench,mod_4mod5-n5-gc4-qc13,veriqbench/combinational/rev_circuit/mod_4mod5-n5-gc4-qc13.qasm,5,4,0,2,qpdg,1.0,1.0,0
VeriQBench,mod_4mod5-n5-gc4-qc13,veriqbench/combinational/rev_circuit/mod_4mod5-n5-gc4-qc13.qasm,5,4,0,2,naive,0.5,1.0,0
VeriQBench,mod_4mod5-n5-gc4-qc13,veriqbench/combinational/rev_circuit/mod_4mod5-n5-gc4-qc13.qasm,5,4,0,2,causal,1.0,1.0,0
VeriQBench,mod_4mod5-n5-gc4-qc13,veriqbench/combinational/rev_circuit/mod_4mod5-n5-gc4-qc13.qasm,5,4,0,3,qpdg,0.25,1.0,0
VeriQBench,mod_4mod5-n5-gc4-qc13,veriqbench/combinational/rev_circuit/mod_4mod5-n5-gc4-qc13.qasm,5,4,0,3,naive,0.0,1.0,0
VeriQBench,mod_4mod5-n5-gc4-qc13,veriqbench/combinational/rev_circuit/mod_4mod5-n5-gc4-qc13.qasm,5,4,0,3,causal,0.5,1.0,0
VeriQBench,mod_4mod5-n5-gc4-qc13,veriqbench/combinational/rev_circuit/mod_4mod5-n5-gc4-qc13.qasm,5,4,0,4,qpdg,0.5,1.0,0
VeriQBench,mod_4mod5-n5-gc4-qc13,veriqbench/combinational/rev_circuit/mod_4mod5-n5-gc4-qc13.qasm,5,4,0,4,naive,0.75,1.0,0
VeriQBench,mod_4mod5-n5-gc4-qc13,veriqbench/combinational/rev_circuit/mod_4mod5-n5-gc4-qc13.qasm,5,4,0,4,causal,0.75,1.0,0
VeriQBench,dqc_qft_5,veriqbench/dynamic/qft/dqc_qft_5.qasm,5,19,1,0,qpdg,0.10526315789473684,0.9999999999999997,0
VeriQBench,dqc_qft_5,veriqbench/dynamic/qft/dqc_qft_5.qasm,5,19,1,0,naive,0.10526315789473684,0.9999999999999997,0
VeriQBench,dqc_qft_5,veriqbench/dynamic/qft/dqc_qft_5.qasm,5,19,1,0,causal,0.10526315789473684,0.9999999999999997,0
VeriQBench,dqc_qft_5,veriqbench/dynamic/qft/dqc_qft_5.qasm,5,19,1,1,qpdg,0.2631578947368421,0.9999999999999997,0
VeriQBench,dqc_qft_5,veriqbench/dynamic/qft/dqc_qft_5.qasm,5,19,1,1,naive,0.15789473684210525,0.9999999999999997,0
VeriQBench,dqc_qft_5,veriqbench/dynamic/qft/dqc_qft_5.qasm,5,19,1,1,causal,0.2631578947368421,0.9999999999999997,0
VeriQBench,dqc_qft_5,veriqbench/dynamic/qft/dqc_qft_5.qasm,5,19,1,2,qpdg,0.47368421052631576,0.9999999999999997,0
VeriQBench,dqc_qft_5,veriqbench/dynamic/qft/dqc_qft_5.qasm,5,19,1,2,naive,0.21052631578947367,0.9999999999999997,0
VeriQBench,dqc_qft_5,veriqbench/dynamic/qft/dqc_qft_5.qasm,5,19,1,2,causal,0.47368421052631576,0.9999999999999997,0
VeriQBench,dqc_qft_5,veriqbench/dynamic/qft/dqc_qft_5.qasm,5,19,1,3,qpdg,0.7368421052631579,0.9999999999999997,0
VeriQBench,dqc_qft_5,veriqbench/dynamic/qft/dqc_qft_5.qasm,5,19,1,3,naive,0.2631578947368421,0.9999999999999997,0
VeriQBench,dqc_qft_5,veriqbench/dynamic/qft/dqc_qft_5.qasm,5,19,1,3,causal,0.7368421052631579,0.9999999999999997,0
VeriQBench,dqc_qft_5,veriqbench/dynamic/qft/dqc_qft_5.qasm,5,19,1,4,qpdg,1.0,0.9999999999999991,0
VeriQBench,dqc_qft_5,veriqbench/dynamic/qft/dqc_qft_5.qasm,5,19,1,4,naive,0.2631578947368421,0.9999999999999993,0
VeriQBench,dqc_qft_5,veriqbench/dynamic/qft/dqc_qft_5.qasm,5,19,1,4,causal,1.0,0.9999999999999991,0
VeriQBench,mod5d4,veriqbench/combinational/rev_circuit/mod5d4.qasm,5,5,0,0,qpdg,0.2,1.0,0
VeriQBench,mod5d4,veriqbench/combinational/rev_circuit/mod5d4.qasm,5,5,0,0,naive,0.0,1.0,0
VeriQBench,mod5d4,veriqbench/combinational/rev_circuit/mod5d4.qasm,5,5,0,0,causal,0.2,1.0,0
VeriQBench,mod5d4,veriqbench/combinational/rev_circuit/mod5d4.qasm,5,5,0,1,qpdg,0.2,1.0,0
VeriQBench,mod5d4,veriqbench/combinational/rev_circuit/mod5d4.qasm,5,5,0,1,naive,0.0,1.0,0
VeriQBench,mod5d4,veriqbench/combinational/rev_circuit/mod5d4.qasm,5,5,0,1,causal,0.2,1.0,0
VeriQBench,mod5d4,veriqbench/combinational/rev_circuit/mod5d4.qasm,5,5,0,2,qpdg,0.6,1.0,0
VeriQBench,mod5d4,veriqbench/combinational/rev_circuit/mod5d4.qasm,5,5,0,2,naive,0.2,1.0,0
VeriQBench,mod5d4,veriqbench/combinational/rev_circuit/mod5d4.qasm,5,5,0,2,causal,0.8,1.0,0
VeriQBench,mod5d4,veriqbench/combinational/rev_circuit/mod5d4.qasm,5,5,0,3,qpdg,0.8,1.0,0
VeriQBench,mod5d4,veriqbench/combinational/rev_circuit/mod5d4.qasm,5,5,0,3,naive,0.6,1.0,0
VeriQBench,mod5d4,veriqbench/combinational/rev_circuit/mod5d4.qasm,5,5,0,3,causal,1.0,1.0,0
VeriQBench,mod5d4,veriqbench/combinational/rev_circuit/mod5d4.qasm,5,5,0,4,qpdg,0.4,1.0,0
VeriQBench,mod5d4,veriqbench/combinational/rev_circuit/mod5d4.qasm,5,5,0,4,naive,1.0,1.0,0
VeriQBench,mod5d4,veriqbench/combinational/rev_circuit/mod5d4.qasm,5,5,0,4,causal,1.0,1.0,0
VeriQBench,qft_5,veriqbench/combinational/qft/qft_5.qasm,5,15,0,0,qpdg,0.3333333333333333,0.9999999999999993,0
VeriQBench,qft_5,veriqbench/combinational/qft/qft_5.qasm,5,15,0,0,naive,0.06666666666666667,0.9999999999999993,0
VeriQBench,qft_5,veriqbench/combinational/qft/qft_5.qasm,5,15,0,0,causal,0.3333333333333333,0.9999999999999993,0
VeriQBench,qft_5,veriqbench/combinational/qft/qft_5.qasm,5,15,0,1,qpdg,0.3333333333333333,0.9999999999999993,0
VeriQBench,qft_5,veriqbench/combinational/qft/qft_5.qasm,5,15,0,1,naive,0.2,0.9999999999999991,0
VeriQBench,qft_5,veriqbench/combinational/qft/qft_5.qasm,5,15,0,1,causal,0.6,0.9999999999999991,0
VeriQBench,qft_5,veriqbench/combinational/qft/qft_5.qasm,5,15,0,2,qpdg,0.3333333333333333,0.9999999999999993,0
VeriQBench,qft_5,veriqbench/combinational/qft/qft_5.qasm,5,15,0,2,naive,0.4,0.9999999999999991,0
VeriQBench,qft_5,veriqbench/combinational/qft/qft_5.qasm,5,15,0,2,causal,0.8,0.9999999999999991,0
VeriQBench,qft_5,veriqbench/combinational/qft/qft_5.qasm,5,15,0,3,qpdg,0.3333333333333333,0.9999999999999993,0
VeriQBench,qft_5,veriqbench/combinational/qft/qft_5.qasm,5,15,0,3,naive,0.6666666666666666,0.9999999999999989,0
VeriQBench,qft_5,veriqbench/combinational/qft/qft_5.qasm,5,15,0,3,causal,0.9333333333333333,0.9999999999999989,0
VeriQBench,qft_5,veriqbench/combinational/qft/qft_5.qasm,5,15,0,4,qpdg,0.3333333333333333,0.9999999999999993,0
VeriQBench,qft_5,veriqbench/combinational/qft/qft_5.qasm,5,15,0,4,naive,1.0,0.9999999999999991,0
VeriQBench,qft_5,veriqbench/combinational/qft/qft_5.qasm,5,15,0,4,causal,1.0,0.9999999999999991,0
VeriQBench,5QBT_8CYC_8GN_1.0P2_0,veriqbench/combinational/qubit_mapping/Ourense/5QBT_8CYC_8GN_1.0P2_0.qasm,5,8,0,0,qpdg,0.125,1.0,0
VeriQBench,5QBT_8CYC_8GN_1.0P2_0,veriqbench/combinational/qubit_mapping/Ourense/5QBT_8CYC_8GN_1.0P2_0.qasm,5,8,0,0,naive,0.875,1.0,0
VeriQBench,5QBT_8CYC_8GN_1.0P2_0,veriqbench/combinational/qubit_mapping/Ourense/5QBT_8CYC_8GN_1.0P2_0.qasm,5,8,0,0,causal,1.0,1.0,0
VeriQBench,5QBT_8CYC_8GN_1.0P2_0,veriqbench/combinational/qubit_mapping/Ourense/5QBT_8CYC_8GN_1.0P2_0.qasm,5,8,0,1,qpdg,1.0,1.0,0
VeriQBench,5QBT_8CYC_8GN_1.0P2_0,veriqbench/combinational/qubit_mapping/Ourense/5QBT_8CYC_8GN_1.0P2_0.qasm,5,8,0,1,naive,0.75,1.0,0
VeriQBench,5QBT_8CYC_8GN_1.0P2_0,veriqbench/combinational/qubit_mapping/Ourense/5QBT_8CYC_8GN_1.0P2_0.qasm,5,8,0,1,causal,1.0,1.0,0
VeriQBench,5QBT_8CYC_8GN_1.0P2_0,veriqbench/combinational/qubit_mapping/Ourense/5QBT_8CYC_8GN_1.0P2_0.qasm,5,8,0,2,qpdg,0.0,1.0,0
VeriQBench,5QBT_8CYC_8GN_1.0P2_0,veriqbench/combinational/qubit_mapping/Ourense/5QBT_8CYC_8GN_1.0P2_0.qasm,5,8,0,2,naive,0.0,1.0,0
VeriQBench,5QBT_8CYC_8GN_1.0P2_0,veriqbench/combinational/qubit_mapping/Ourense/5QBT_8CYC_8GN_1.0P2_0.qasm,5,8,0,2,causal,0.0,1.0,0
VeriQBench,5QBT_8CYC_8GN_1.0P2_0,veriqbench/combinational/qubit_mapping/Ourense/5QBT_8CYC_8GN_1.0P2_0.qasm,5,8,0,3,qpdg,0.875,1.0,0
VeriQBench,5QBT_8CYC_8GN_1.0P2_0,veriqbench/combinational/qubit_mapping/Ourense/5QBT_8CYC_8GN_1.0P2_0.qasm,5,8,0,3,naive,0.875,1.0,0
VeriQBench,5QBT_8CYC_8GN_1.0P2_0,veriqbench/combinational/qubit_mapping/Ourense/5QBT_8CYC_8GN_1.0P2_0.qasm,5,8,0,3,causal,0.875,1.0,0
VeriQBench,5QBT_8CYC_8GN_1.0P2_0,veriqbench/combinational/qubit_mapping/Ourense/5QBT_8CYC_8GN_1.0P2_0.qasm,5,8,0,4,qpdg,0.0,1.0,0
VeriQBench,5QBT_8CYC_8GN_1.0P2_0,veriqbench/combinational/qubit_mapping/Ourense/5QBT_8CYC_8GN_1.0P2_0.qasm,5,8,0,4,naive,0.0,1.0,0
VeriQBench,5QBT_8CYC_8GN_1.0P2_0,veriqbench/combinational/qubit_mapping/Ourense/5QBT_8CYC_8GN_1.0P2_0.qasm,5,8,0,4,causal,0.0,1.0,0
VeriQBench,dqc_pe_4,veriqbench/dynamic/pe/dqc_pe_4.qasm,5,21,1,0,qpdg,0.47619047619047616,0.9999999999999992,0
VeriQBench,dqc_pe_4,veriqbench/dynamic/pe/dqc_pe_4.qasm,5,21,1,0,naive,0.14285714285714285,0.9999999999999996,0
VeriQBench,dqc_pe_4,veriqbench/dynamic/pe/dqc_pe_4.qasm,5,21,1,0,causal,0.47619047619047616,0.9999999999999992,0
VeriQBench,dqc_pe_4,veriqbench/dynamic/pe/dqc_pe_4.qasm,5,21,1,1,qpdg,0.6190476190476191,1.0,0
VeriQBench,dqc_pe_4,veriqbench/dynamic/pe/dqc_pe_4.qasm,5,21,1,1,naive,0.19047619047619047,0.9999999999999996,0
VeriQBench,dqc_pe_4,veriqbench/dynamic/pe/dqc_pe_4.qasm,5,21,1,1,causal,0.6190476190476191,1.0,0
VeriQBench,dqc_pe_4,veriqbench/dynamic/pe/dqc_pe_4.qasm,5,21,1,2,qpdg,0.8095238095238095,0.9999999999999999,0
VeriQBench,dqc_pe_4,veriqbench/dynamic/pe/dqc_pe_4.qasm,5,21,1,2,naive,0.23809523809523808,0.9999999999999996,0
VeriQBench,dqc_pe_4,veriqbench/dynamic/pe/dqc_pe_4.qasm,5,21,1,2,causal,0.8095238095238095,0.9999999999999999,0
VeriQBench,dqc_pe_4,veriqbench/dynamic/pe/dqc_pe_4.qasm,5,21,1,3,qpdg,1.0,1.0,0
VeriQBench,dqc_pe_4,veriqbench/dynamic/pe/dqc_pe_4.qasm,5,21,1,3,naive,0.23809523809523808,0.9999999999999996,0
VeriQBench,dqc_pe_4,veriqbench/dynamic/pe/dqc_pe_4.qasm,5,21,1,3,causal,1.0,1.0,0
VeriQBench,dqc_pe_4,veriqbench/dynamic/pe/dqc_pe_4.qasm,5,21,1,4,qpdg,0.38095238095238093,0.9999999999999997,0
VeriQBench,dqc_pe_4,veriqbench/dynamic/pe/dqc_pe_4.qasm,5,21,1,4,naive,0.38095238095238093,0.9999999999999997,0
VeriQBench,dqc_pe_4,veriqbench/dynamic/pe/dqc_pe_4.qasm,5,21,1,4,causal,0.38095238095238093,0.9999999999999997,0
VeriQBench,mod5d1,veriqbench/combinational/rev_circuit/mod5d1.qasm,5,8,0,0,qpdg,0.375,1.0,0
VeriQBench,mod5d1,veriqbench/combinational/rev_circuit/mod5d1.qasm,5,8,0,0,naive,0.0,1.0,0
VeriQBench,mod5d1,veriqbench/combinational/rev_circuit/mod5d1.qasm,5,8,0,0,causal,1.0,1.0,0
VeriQBench,mod5d1,veriqbench/combinational/rev_circuit/mod5d1.qasm,5,8,0,1,qpdg,0.375,1.0,0
VeriQBench,mod5d1,veriqbench/combinational/rev_circuit/mod5d1.qasm,5,8,0,1,naive,0.0,1.0,0
VeriQBench,mod5d1,veriqbench/combinational/rev_circuit/mod5d1.qasm,5,8,0,1,causal,0.875,1.0,0
VeriQBench,mod5d1,veriqbench/combinational/rev_circuit/mod5d1.qasm,5,8,0,2,qpdg,0.375,1.0,0
VeriQBench,mod5d1,veriqbench/combinational/rev_circuit/mod5d1.qasm,5,8,0,2,naive,0.0,1.0,0
VeriQBench,mod5d1,veriqbench/combinational/rev_circuit/mod5d1.qasm,5,8,0,2,causal,0.625,1.0,0
VeriQBench,mod5d1,veriqbench/combinational/rev_circuit/mod5d1.qasm,5,8,0,3,qpdg,0.375,1.0,0
VeriQBench,mod5d1,veriqbench/combinational/rev_circuit/mod5d1.qasm,5,8,0,3,naive,0.0,1.0,0
VeriQBench,mod5d1,veriqbench/combinational/rev_circuit/mod5d1.qasm,5,8,0,3,causal,0.375,1.0,0
VeriQBench,mod5d1,veriqbench/combinational/rev_circuit/mod5d1.qasm,5,8,0,4,qpdg,1.0,1.0,0
VeriQBench,mod5d1,veriqbench/combinational/rev_circuit/mod5d1.qasm,5,8,0,4,naive,1.0,1.0,0
VeriQBench,mod5d1,veriqbench/combinational/rev_circuit/mod5d1.qasm,5,8,0,4,causal,1.0,1.0,0
VeriQBench,pe_4,veriqbench/combinational/pe/pe_4.qasm,5,18,0,0,qpdg,0.3333333333333333,0.9999999999999982,0
VeriQBench,pe_4,veriqbench/combinational/pe/pe_4.qasm,5,18,0,0,naive,0.1111111111111111,0.9999999999999982,0
VeriQBench,pe_4,veriqbench/combinational/pe/pe_4.qasm,5,18,0,0,causal,0.6666666666666666,0.9999999999999979,0
VeriQBench,pe_4,veriqbench/combinational/pe/pe_4.qasm,5,18,0,1,qpdg,0.4444444444444444,0.999999999999998,0
VeriQBench,pe_4,veriqbench/combinational/pe/pe_4.qasm,5,18,0,1,naive,0.2777777777777778,0.999999999999998,0
VeriQBench,pe_4,veriqbench/combinational/pe/pe_4.qasm,5,18,0,1,causal,0.8333333333333334,0.9999999999999978,0
VeriQBench,pe_4,veriqbench/combinational/pe/pe_4.qasm,5,18,0,2,qpdg,0.5555555555555556,0.9999999999999978,0
VeriQBench,pe_4,veriqbench/combinational/pe/pe_4.qasm,5,18,0,2,naive,0.5,0.9999999999999978,0
VeriQBench,pe_4,veriqbench/combinational/pe/pe_4.qasm,5,18,0,2,causal,0.9444444444444444,0.9999999999999976,0
VeriQBench,pe_4,veriqbench/combinational/pe/pe_4.qasm,5,18,0,3,qpdg,0.6666666666666666,0.9999999999999973,0
VeriQBench,pe_4,veriqbench/combinational/pe/pe_4.qasm,5,18,0,3,naive,0.7777777777777778,0.9999999999999973,0
VeriQBench,pe_4,veriqbench/combinational/pe/pe_4.qasm,5,18,0,3,causal,1.0,0.9999999999999973,0
VeriQBench,pe_4,veriqbench/combinational/pe/pe_4.qasm,5,18,0,4,qpdg,0.2222222222222222,0.9999999999999987,0
VeriQBench,pe_4,veriqbench/combinational/pe/pe_4.qasm,5,18,0,4,naive,0.4444444444444444,0.9999999999999983,0
VeriQBench,pe_4,veriqbench/combinational/pe/pe_4.qasm,5,18,0,4,causal,0.4444444444444444,0.9999999999999983,0
VeriQBench,mod5d2,veriqbench/combinational/rev_circuit/mod5d2.qasm,5,9,0,0,qpdg,0.4444444444444444,1.0,0
VeriQBench,mod5d2,veriqbench/combinational/rev_circuit/mod5d2.qasm,5,9,0,0,naive,0.1111111111111111,1.0,0
VeriQBench,mod5d2,veriqbench/combinational/rev_circuit/mod5d2.qasm,5,9,0,0,causal,1.0,1.0,0
VeriQBench,mod5d2,veriqbench/combinational/rev_circuit/mod5d2.qasm,5,9,0,1,qpdg,0.6666666666666666,1.0,0
VeriQBench,mod5d2,veriqbench/combinational/rev_circuit/mod5d2.qasm,5,9,0,1,naive,0.3333333333333333,1.0,0
VeriQBench,mod5d2,veriqbench/combinational/rev_circuit/mod5d2.qasm,5,9,0,1,causal,1.0,1.0,0
VeriQBench,mod5d2,veriqbench/combinational/rev_circuit/mod5d2.qasm,5,9,0,2,qpdg,0.5555555555555556,1.0,0
VeriQBench,mod5d2,veriqbench/combinational/rev_circuit/mod5d2.qasm,5,9,0,2,naive,0.2222222222222222,1.0,0
VeriQBench,mod5d2,veriqbench/combinational/rev_circuit/mod5d2.qasm,5,9,0,2,causal,0.7777777777777778,1.0,0
VeriQBench,mod5d2,veriqbench/combinational/rev_circuit/mod5d2.qasm,5,9,0,3,qpdg,0.3333333333333333,1.0,0
VeriQBench,mod5d2,veriqbench/combinational/rev_circuit/mod5d2.qasm,5,9,0,3,naive,0.1111111111111111,1.0,0
VeriQBench,mod5d2,veriqbench/combinational/rev_circuit/mod5d2.qasm,5,9,0,3,causal,0.4444444444444444,1.0,0
VeriQBench,mod5d2,veriqbench/combinational/rev_circuit/mod5d2.qasm,5,9,0,4,qpdg,0.6666666666666666,1.0,0
VeriQBench,mod5d2,veriqbench/combinational/rev_circuit/mod5d2.qasm,5,9,0,4,naive,0.6666666666666666,1.0,0
VeriQBench,mod5d2,veriqbench/combinational/rev_circuit/mod5d2.qasm,5,9,0,4,causal,0.8888888888888888,1.0,0
VeriQBench,bv_5,veriqbench/combinational/bv/bv_5.qasm,5,15,0,0,qpdg,0.3333333333333333,0.999999999999998,0
VeriQBench,bv_5,veriqbench/combinational/bv/bv_5.qasm,5,15,0,0,naive,0.13333333333333333,1.549171207829102e-36,1
VeriQBench,bv_5,veriqbench/combinational/bv/bv_5.qasm,5,15,0,0,causal,0.3333333333333333,0.999999999999998,0
VeriQBench,bv_5,veriqbench/combinational/bv/bv_5.qasm,5,15,0,1,qpdg,0.3333333333333333,0.999999999999998,0
VeriQBench,bv_5,veriqbench/combinational/bv/bv_5.qasm,5,15,0,1,naive,0.13333333333333333,1.2845347773872823e-33,1
VeriQBench,bv_5,veriqbench/combinational/bv/bv_5.qasm,5,15,0,1,causal,0.4666666666666667,0.9999999999999979,0
VeriQBench,bv_5,veriqbench/combinational/bv/bv_5.qasm,5,15,0,2,qpdg,0.3333333333333333,0.999999999999998,0
VeriQBench,bv_5,veriqbench/combinational/bv/bv_5.qasm,5,15,0,2,naive,0.13333333333333333,9.780019340325859e-34,1
VeriQBench,bv_5,veriqbench/combinational/bv/bv_5.qasm,5,15,0,2,causal,0.6,0.9999999999999977,0
VeriQBench,bv_5,veriqbench/combinational/bv/bv_5.qasm,5,15,0,3,qpdg,0.3333333333333333,0.999999999999998,0
VeriQBench,bv_5,veriqbench/combinational/bv/bv_5.qasm,5,15,0,3,naive,0.13333333333333333,1.1040518171935762e-35,1
VeriQBench,bv_5,veriqbench/combinational/bv/bv_5.qasm,5,15,0,3,causal,0.7333333333333333,0.999999999999998,0
VeriQBench,bv_5,veriqbench/combinational/bv/bv_5.qasm,5,15,0,4,qpdg,0.4666666666666667,0.999999999999998,0
VeriQBench,bv_5,veriqbench/combinational/bv/bv_5.qasm,5,15,0,4,naive,0.7333333333333333,0.999999999999998,0
VeriQBench,bv_5,veriqbench/combinational/bv/bv_5.qasm,5,15,0,4,causal,0.7333333333333333,0.999999999999998,0
VeriQBench,5QBT_16CYC_16GN_1.0P2_0,veriqbench/combinational/qubit_mapping/Ourense/5QBT_16CYC_16GN_1.0P2_0.qasm,5,16,0,0,qpdg,0.0,1.0,0
VeriQBench,5QBT_16CYC_16GN_1.0P2_0,veriqbench/combinational/qubit_mapping/Ourense/5QBT_16CYC_16GN_1.0P2_0.qasm,5,16,0,0,naive,0.0,1.0,0
VeriQBench,5QBT_16CYC_16GN_1.0P2_0,veriqbench/combinational/qubit_mapping/Ourense/5QBT_16CYC_16GN_1.0P2_0.qasm,5,16,0,0,causal,0.0,1.0,0
VeriQBench,5QBT_16CYC_16GN_1.0P2_0,veriqbench/combinational/qubit_mapping/Ourense/5QBT_16CYC_16GN_1.0P2_0.qasm,5,16,0,1,qpdg,0.625,1.0,0
VeriQBench,5QBT_16CYC_16GN_1.0P2_0,veriqbench/combinational/qubit_mapping/Ourense/5QBT_16CYC_16GN_1.0P2_0.qasm,5,16,0,1,naive,0.5625,1.0,0
VeriQBench,5QBT_16CYC_16GN_1.0P2_0,veriqbench/combinational/qubit_mapping/Ourense/5QBT_16CYC_16GN_1.0P2_0.qasm,5,16,0,1,causal,0.9375,1.0,0
VeriQBench,5QBT_16CYC_16GN_1.0P2_0,veriqbench/combinational/qubit_mapping/Ourense/5QBT_16CYC_16GN_1.0P2_0.qasm,5,16,0,2,qpdg,0.75,1.0,0
VeriQBench,5QBT_16CYC_16GN_1.0P2_0,veriqbench/combinational/qubit_mapping/Ourense/5QBT_16CYC_16GN_1.0P2_0.qasm,5,16,0,2,naive,0.9375,1.0,0
VeriQBench,5QBT_16CYC_16GN_1.0P2_0,veriqbench/combinational/qubit_mapping/Ourense/5QBT_16CYC_16GN_1.0P2_0.qasm,5,16,0,2,causal,1.0,1.0,0
VeriQBench,5QBT_16CYC_16GN_1.0P2_0,veriqbench/combinational/qubit_mapping/Ourense/5QBT_16CYC_16GN_1.0P2_0.qasm,5,16,0,3,qpdg,0.25,1.0,0
VeriQBench,5QBT_16CYC_16GN_1.0P2_0,veriqbench/combinational/qubit_mapping/Ourense/5QBT_16CYC_16GN_1.0P2_0.qasm,5,16,0,3,naive,0.0,1.0,0
VeriQBench,5QBT_16CYC_16GN_1.0P2_0,veriqbench/combinational/qubit_mapping/Ourense/5QBT_16CYC_16GN_1.0P2_0.qasm,5,16,0,3,causal,0.25,1.0,0
VeriQBench,5QBT_16CYC_16GN_1.0P2_0,veriqbench/combinational/qubit_mapping/Ourense/5QBT_16CYC_16GN_1.0P2_0.qasm,5,16,0,4,qpdg,0.375,1.0,0
VeriQBench,5QBT_16CYC_16GN_1.0P2_0,veriqbench/combinational/qubit_mapping/Ourense/5QBT_16CYC_16GN_1.0P2_0.qasm,5,16,0,4,naive,1.0,1.0,0
VeriQBench,5QBT_16CYC_16GN_1.0P2_0,veriqbench/combinational/qubit_mapping/Ourense/5QBT_16CYC_16GN_1.0P2_0.qasm,5,16,0,4,causal,1.0,1.0,0
VeriQBench,hwb5-24-102,veriqbench/combinational/rev_circuit/hwb5-24-102.qasm,5,24,0,0,qpdg,0.4166666666666667,0.9999999999999967,0
VeriQBench,hwb5-24-102,veriqbench/combinational/rev_circuit/hwb5-24-102.qasm,5,24,0,0,naive,0.875,0.9999999999999942,0
VeriQBench,hwb5-24-102,veriqbench/combinational/rev_circuit/hwb5-24-102.qasm,5,24,0,0,causal,0.875,0.9999999999999942,0
VeriQBench,hwb5-24-102,veriqbench/combinational/rev_circuit/hwb5-24-102.qasm,5,24,0,1,qpdg,0.5416666666666666,0.9999999999999942,0
VeriQBench,hwb5-24-102,veriqbench/combinational/rev_circuit/hwb5-24-102.qasm,5,24,0,1,naive,0.875,0.9999999999999942,0
VeriQBench,hwb5-24-102,veriqbench/combinational/rev_circuit/hwb5-24-102.qasm,5,24,0,1,causal,0.9583333333333334,0.9999999999999942,0
VeriQBench,hwb5-24-102,veriqbench/combinational/rev_circuit/hwb5-24-102.qasm,5,24,0,2,qpdg,0.4583333333333333,0.9999999999999953,0
VeriQBench,hwb5-24-102,veriqbench/combinational/rev_circuit/hwb5-24-102.qasm,5,24,0,2,naive,0.8333333333333334,0.9999999999999942,0
VeriQBench,hwb5-24-102,veriqbench/combinational/rev_circuit/hwb5-24-102.qasm,5,24,0,2,causal,0.9583333333333334,0.9999999999999942,0
VeriQBench,hwb5-24-102,veriqbench/combinational/rev_circuit/hwb5-24-102.qasm,5,24,0,3,qpdg,0.625,0.9999999999999942,0
VeriQBench,hwb5-24-102,veriqbench/combinational/rev_circuit/hwb5-24-102.qasm,5,24,0,3,naive,0.9166666666666666,0.9999999999999942,0
VeriQBench,hwb5-24-102,veriqbench/combinational/rev_circuit/hwb5-24-102.qasm,5,24,0,3,causal,0.9583333333333334,0.9999999999999942,0
VeriQBench,hwb5-24-102,veriqbench/combinational/rev_circuit/hwb5-24-102.qasm,5,24,0,4,qpdg,0.5833333333333334,0.9999999999999949,0
VeriQBench,hwb5-24-102,veriqbench/combinational/rev_circuit/hwb5-24-102.qasm,5,24,0,4,naive,0.8333333333333334,0.9999999999999942,0
VeriQBench,hwb5-24-102,veriqbench/combinational/rev_circuit/hwb5-24-102.qasm,5,24,0,4,causal,0.9583333333333334,0.9999999999999942,0
VeriQBench,nth_prime5_inc_25_103,veriqbench/combinational/rev_circuit/nth_prime5_inc_25_103.qasm,5,25,0,0,qpdg,0.56,0.999999999999996,0
VeriQBench,nth_prime5_inc_25_103,veriqbench/combinational/rev_circuit/nth_prime5_inc_25_103.qasm,5,25,0,0,naive,0.96,0.999999999999996,0
VeriQBench,nth_prime5_inc_25_103,veriqbench/combinational/rev_circuit/nth_prime5_inc_25_103.qasm,5,25,0,0,causal,0.96,0.999999999999996,0
VeriQBench,nth_prime5_inc_25_103,veriqbench/combinational/rev_circuit/nth_prime5_inc_25_103.qasm,5,25,0,1,qpdg,0.64,0.999999999999996,0
VeriQBench,nth_prime5_inc_25_103,veriqbench/combinational/rev_circuit/nth_prime5_inc_25_103.qasm,5,25,0,1,naive,0.92,0.999999999999996,0
VeriQBench,nth_prime5_inc_25_103,veriqbench/combinational/rev_circuit/nth_prime5_inc_25_103.qasm,5,25,0,1,causal,0.96,0.999999999999996,0
VeriQBench,nth_prime5_inc_25_103,veriqbench/combinational/rev_circuit/nth_prime5_inc_25_103.qasm,5,25,0,2,qpdg,0.44,0.9999999999999967,0
VeriQBench,nth_prime5_inc_25_103,veriqbench/combinational/rev_circuit/nth_prime5_inc_25_103.qasm,5,25,0,2,naive,0.8,0.999999999999996,0
VeriQBench,nth_prime5_inc_25_103,veriqbench/combinational/rev_circuit/nth_prime5_inc_25_103.qasm,5,25,0,2,causal,0.92,0.999999999999996,0
VeriQBench,nth_prime5_inc_25_103,veriqbench/combinational/rev_circuit/nth_prime5_inc_25_103.qasm,5,25,0,3,qpdg,0.6,0.9999999999999971,0
VeriQBench,nth_prime5_inc_25_103,veriqbench/combinational/rev_circuit/nth_prime5_inc_25_103.qasm,5,25,0,3,naive,0.6,0.9999999999999969,0
VeriQBench,nth_prime5_inc_25_103,veriqbench/combinational/rev_circuit/nth_prime5_inc_25_103.qasm,5,25,0,3,causal,0.92,0.999999999999996,0
VeriQBench,nth_prime5_inc_25_103,veriqbench/combinational/rev_circuit/nth_prime5_inc_25_103.qasm,5,25,0,4,qpdg,0.44,0.9999999999999967,0
VeriQBench,nth_prime5_inc_25_103,veriqbench/combinational/rev_circuit/nth_prime5_inc_25_103.qasm,5,25,0,4,naive,0.84,0.999999999999996,0
VeriQBench,nth_prime5_inc_25_103,veriqbench/combinational/rev_circuit/nth_prime5_inc_25_103.qasm,5,25,0,4,causal,0.92,0.999999999999996,0
